public_model,public_brand,internal_model,internal_supplier,original_product_id,original_source_table,original_source_url,mapping_rule,mapping_confidence
IOO-F-DLC3-00-130-8-FWNA-24V,IOO,F-DLC3-00-130-8-FWNA-24V,private_oem_supplier,1,data/tms_lite_full.db.products,https://www.tms-lite.com/dl-f-dlc3-00-130-8-fwna-24v,prefix_ioo,high
IOO-F-HPD3-00-130-8-FWNA-24V,IOO,F-HPD3-00-130-8-FWNA-24V,private_oem_supplier,2,data/tms_lite_full.db.products,https://www.tms-lite.com/dl-f-hpd3-00-130-8-fwna-24v,prefix_ioo,high
IOO-F-IDQ-00-130-8-FWNA-24V,IOO,F-IDQ-00-130-8-FWNA-24V,private_oem_supplier,3,data/tms_lite_full.db.products,https://www.tms-lite.com/dl-f-idq-00-130-8-fwna-24v,prefix_ioo,high
IOO-F-IDS5-00-130-8-FWNA-24V,IOO,F-IDS5-00-130-8-FWNA-24V,private_oem_supplier,4,data/tms_lite_full.db.products,https://www.tms-lite.com/dl-f-ids5-00-130-8-fwna-24v,prefix_ioo,high
IOO-40A,IOO,40A,private_oem_supplier,5,data/tms_lite_full.db.products,https://www.tms-lite.com/ptp-40-320x80-4.2v-40a-2069708409,prefix_ioo,high
IOO-MA-IDD-X-150D30-4-RGBW-12V-16CH,IOO,MA-IDD-X-150D30-4-RGBW-12V-16CH,private_oem_supplier,6,data/tms_lite_full.db.products,https://www.tms-lite.com/dl-ma-idd-x-150d30-4-rgbw-12v-16ch,prefix_ioo,high
IOO-MA-IDD-X-225D40-8-RGBW-24V-16CH,IOO,MA-IDD-X-225D40-8-RGBW-24V-16CH,private_oem_supplier,7,data/tms_lite_full.db.products,https://www.tms-lite.com/dl-ma-idd-x-225d40-8-rgbw-24v-16ch,prefix_ioo,high
IOO-MA-IDD-X-225D40-8-RGBW-24V-16CH-2,IOO,MA-IDD-X-225D40-8-RGBW-24V-16CH,private_oem_supplier,8,data/tms_lite_full.db.products,https://www.tms-lite.com/dl-ma-idd-x-225d40-8-rgbw-24v-16ch-rs232,prefix_ioo,high
IOO-MA-IDQ-X-150D30-4-RGBW-12V-16CH,IOO,MA-IDQ-X-150D30-4-RGBW-12V-16CH,private_oem_supplier,9,data/tms_lite_full.db.products,https://www.tms-lite.com/dl-ma-idq-x-150d30-4-rgbw-12v-16ch,prefix_ioo,high
IOO-MA-IDQ-X-225D40-8-RGBW-24V-16CH,IOO,MA-IDQ-X-225D40-8-RGBW-24V-16CH,private_oem_supplier,10,data/tms_lite_full.db.products,https://www.tms-lite.com/dl-ma-idq-x-225d40-8-rgbw-24v-16ch,prefix_ioo,high
IOO-MA-IDQ-X-225D40-8-RGBW-24V-16CH-2,IOO,MA-IDQ-X-225D40-8-RGBW-24V-16CH,private_oem_supplier,11,data/tms_lite_full.db.products,https://www.tms-lite.com/dl-ma-idq-x-225d40-8-rgbw-24v-16ch-rs232,prefix_ioo,high
IOO-F-DLC3-00-130-1-FWNB-24V,IOO,F-DLC3-00-130-1-FWNB-24V,private_oem_supplier,12,data/tms_lite_full.db.products,https://www.tms-lite.com/dl-f-dlc3-00-130-1-fwnb-24v-67359344,prefix_ioo,high
IOO-F-HPD3-00-130-1-FWNB-24V,IOO,F-HPD3-00-130-1-FWNB-24V,private_oem_supplier,13,data/tms_lite_full.db.products,https://www.tms-lite.com/dl-f-hpd3-00-130-1-fwnb-24v,prefix_ioo,high
IOO-F-IDQ-00-130-1-FWNB-24V,IOO,F-IDQ-00-130-1-FWNB-24V,private_oem_supplier,14,data/tms_lite_full.db.products,https://www.tms-lite.com/dl-f-idq-00-130-1-fwnb-24v,prefix_ioo,high
IOO-F-IDS5-00-130-1-FWNB-24V,IOO,F-IDS5-00-130-1-FWNB-24V,private_oem_supplier,15,data/tms_lite_full.db.products,https://www.tms-lite.com/dl-f-ids5-00-130-1-fwnb-24v,prefix_ioo,high
IOO-2CH-HS,IOO,2CH-HS,private_oem_supplier,16,data/tms_lite_full.db.products,https://www.tms-lite.com/drv-2ch-hs,prefix_ioo,high
IOO-2CH-HS-HBL,IOO,2CH-HS-HBL,private_oem_supplier,17,data/tms_lite_full.db.products,https://www.tms-lite.com/drv-2ch-hs-hbl,prefix_ioo,high
IOO-CP-LCD,IOO,CP-LCD,private_oem_supplier,18,data/tms_lite_full.db.products,https://www.tms-lite.com/drv-cp-lcd,prefix_ioo,high
IOO-21-4CH-A1-RS-LL,IOO,21-4CH-A1-RS-LL,private_oem_supplier,19,data/tms_lite_full.db.products,https://www.tms-lite.com/lc-21-4ch-a1-rs-ll-1479307220,prefix_ioo,high
IOO-21-8CH-HS,IOO,21-8CH-HS,private_oem_supplier,20,data/tms_lite_full.db.products,https://www.tms-lite.com/lc-21-8ch-hs,prefix_ioo,high
IOO-21-8CH-HS-TCP,IOO,21-8CH-HS-TCP,private_oem_supplier,21,data/tms_lite_full.db.products,https://www.tms-lite.com/lc-21-8ch-hs-tcp,prefix_ioo,high
IOO-F-IDQ-IDS5-HBL3-FWNA,IOO,F-IDQ-IDS5-HBL3-FWNA,private_oem_supplier,22,data/tms_lite_full.db.products,https://www.tms-lite.com/dk-f-idq-ids5-hbl3-fwna,prefix_ioo,high
IOO-DK-LIGHTING-SET-V1,IOO,DK-LIGHTING-SET-V1,private_oem_supplier,23,data/tms_lite_full.db.products,https://www.tms-lite.com/tme-dk-lighting-set-v1,prefix_ioo,high
IOO-OD-LSQ-24V-V1,IOO,OD-LSQ-24V-V1,private_oem_supplier,24,data/tms_lite_full.db.products,https://www.tms-lite.com/dk-od-lsq-24v-v1,prefix_ioo,high
IOO-OD-LSQF-24V-V1,IOO,OD-LSQF-24V-V1,private_oem_supplier,25,data/tms_lite_full.db.products,https://www.tms-lite.com/dk-od-lsqf-24v-v1,prefix_ioo,high
IOO-F-DXX-070-100-120-V1,IOO,F-DXX-070-100-120-V1,private_oem_supplier,26,data/tms_lite_full.db.products,https://www.tms-lite.com/dk-f-dxx-070-100-120-v1,prefix_ioo,high
IOO-F-DXX-D080-100-130-V1,IOO,F-DXX-D080-100-130-V1,private_oem_supplier,27,data/tms_lite_full.db.products,https://www.tms-lite.com/dk-f-dxx-d080-100-130-v1,prefix_ioo,high
IOO-LIGHTING-PM-40-V1,IOO,LIGHTING-PM-40-V1,private_oem_supplier,28,data/tms_lite_full.db.products,https://www.tms-lite.com/dk-lighting-pm-40-v1,prefix_ioo,high
IOO-RGBW-V1,IOO,RGBW-V1,private_oem_supplier,29,data/tms_lite_full.db.products,https://www.tms-lite.com/dk-rgbw-v1,prefix_ioo,high
IOO-MA-IDD-LC-20-V1,IOO,MA-IDD-LC-20-V1,private_oem_supplier,30,data/tms_lite_full.db.products,https://www.tms-lite.com/dk-ma-idd-lc-20-v1,prefix_ioo,high
IOO-MA-IDQ-LC-20-V1,IOO,MA-IDQ-LC-20-V1,private_oem_supplier,31,data/tms_lite_full.db.products,https://www.tms-lite.com/dk-ma-idq-lc-20-v1,prefix_ioo,high
IOO-3SWIR-HLBS2-F-HPD3-V1,IOO,3SWIR-HLBS2-F-HPD3-V1,private_oem_supplier,32,data/tms_lite_full.db.products,https://www.tms-lite.com/dk-3swir-hlbs2-f-hpd3-v1,prefix_ioo,high
IOO-4NIR-HLBS2-F-HPD3-V1,IOO,4NIR-HLBS2-F-HPD3-V1,private_oem_supplier,33,data/tms_lite_full.db.products,https://www.tms-lite.com/dk-4nir-hlbs2-f-hpd3-v1,prefix_ioo,high
IOO-4UV-HLBS2-F-HPD3-V1,IOO,4UV-HLBS2-F-HPD3-V1,private_oem_supplier,34,data/tms_lite_full.db.products,https://www.tms-lite.com/dk-4uv-hlbs2-f-hpd3-v1,prefix_ioo,high
IOO-DIRECT-ILLUMINATION-HLBQ2-2-ROWS,IOO,DIRECT ILLUMINATION - HLBQ2 2 ROWS,private_oem_supplier,35,data/tms_lite_full.db.products,https://www.tms-lite.com/direct-illumination-hlbq2-2-rows,prefix_ioo,high
IOO-DIRECT-ILLUMINATION-HLBS2-2-ROWS,IOO,DIRECT ILLUMINATION - HLBS2 2 ROWS,private_oem_supplier,36,data/tms_lite_full.db.products,https://www.tms-lite.com/direct-illumination-hlbs2-2rows,prefix_ioo,high
IOO-LBRX-12,IOO,LBRX-12,private_oem_supplier,37,data/tms_lite_full.db.products,https://www.tms-lite.com/direct-illumination-lbrx-12-rows,prefix_ioo,high
IOO-PM2-025,IOO,PM2-025,private_oem_supplier,38,data/tms_lite_full.db.products,https://www.tms-lite.com/modular-illumination-pm2-025,prefix_ioo,high
IOO-PM2-040,IOO,PM2-040,private_oem_supplier,39,data/tms_lite_full.db.products,https://www.tms-lite.com/modular-illumination-pm2-040,prefix_ioo,high
IOO-STARTER-V1,IOO,STARTER-V1,private_oem_supplier,40,data/tms_lite_full.db.products,https://www.tms-lite.com/pts3-starter-v1,prefix_ioo,high
IOO-STATION-OPTO-EBD-01,IOO,STATION-OPTO-EBD-01,private_oem_supplier,41,data/tms_lite_full.db.products,https://www.tms-lite.com/tme-station-opto-ebd-01,prefix_ioo,high
IOO-LENS-2D-TCEL150,IOO,Lens 2D-TCEL150,private_oem_supplier,42,data/tms_lite_full.db.products,https://www.tms-lite.com/tme-station-opto-liquid-lens-v1,prefix_ioo,high
IOO-CAS2,IOO,CAS2,private_oem_supplier,43,data/tms_lite_full.db.products,https://www.tms-lite.com/rgbw-illumination-cas2,prefix_ioo,high
IOO-DLF3,IOO,DLF3,private_oem_supplier,44,data/tms_lite_full.db.products,https://www.tms-lite.com/rgbw-illumination-dlf3,prefix_ioo,high
IOO-DLR3,IOO,DLR3,private_oem_supplier,45,data/tms_lite_full.db.products,https://www.tms-lite.com/rgbw-illumination-dlr3,prefix_ioo,high
IOO-HPD2,IOO,HPD2,private_oem_supplier,46,data/tms_lite_full.db.products,https://www.tms-lite.com/rgbw-illumination-hpd2,prefix_ioo,high
IOO-IDS5,IOO,IDS5,private_oem_supplier,47,data/tms_lite_full.db.products,https://www.tms-lite.com/rgbw-illumination-ids5,prefix_ioo,high
IOO-LSW2,IOO,LSW2,private_oem_supplier,48,data/tms_lite_full.db.products,https://www.tms-lite.com/rgbw-illumination-lsw2,prefix_ioo,high
IOO-MD-IDQ3,IOO,MD-IDQ3,private_oem_supplier,49,data/tms_lite_full.db.products,https://www.tms-lite.com/rgbw-illumination-md-idq3,prefix_ioo,high
IOO-MD-IDT3,IOO,MD-IDT3,private_oem_supplier,50,data/tms_lite_full.db.products,https://www.tms-lite.com/rgbw-illumination-md-idt3,prefix_ioo,high
IOO-LBRQ-1,IOO,LBRQ-1,private_oem_supplier,51,data/tms_lite_full.db.products,https://www.tms-lite.com/uv-illumination-lbrq-1-row,prefix_ioo,high
IOO-LBRX-1,IOO,LBRX-1,private_oem_supplier,52,data/tms_lite_full.db.products,https://www.tms-lite.com/uv-illumination-lbrx-1-row,prefix_ioo,high
IOO-DXX,IOO,DXX,private_oem_supplier,53,data/tms_lite_full.db.products,https://www.tms-lite.com/diffused-square-illumination-dla,prefix_ioo,high
IOO-IDDC,IOO,IDDC,private_oem_supplier,54,data/tms_lite_full.db.products,https://www.tms-lite.com/half-circle-illumination-iddc,prefix_ioo,high
IOO-LLAC,IOO,LLAC,private_oem_supplier,55,data/tms_lite_full.db.products,https://www.tms-lite.com/half-circle-illumination-llac,prefix_ioo,high
IOO-LSWC,IOO,LSWC,private_oem_supplier,56,data/tms_lite_full.db.products,https://www.tms-lite.com/half-circle-illumination-lswc,prefix_ioo,high
IOO-DLC2,IOO,DLC2,private_oem_supplier,57,data/tms_lite_full.db.products,https://www.tms-lite.com/rgbw-illumination-dlc,prefix_ioo,high
IOO-HPD,IOO,HPD,private_oem_supplier,58,data/tms_lite_full.db.products,https://www.tms-lite.com/rgbw-illumination-hpd,prefix_ioo,high
IOO-MD-MLBQ,IOO,MD-MLBQ,private_oem_supplier,59,data/tms_lite_full.db.products,https://www.tms-lite.com/rgbw-illumination-md-mlbq,prefix_ioo,high
IOO-MLBQ,IOO,MLBQ,private_oem_supplier,60,data/tms_lite_full.db.products,https://www.tms-lite.com/rgbw-illumination-mlbq,prefix_ioo,high
IOO-HPD-2,IOO,HPD,private_oem_supplier,61,data/tms_lite_full.db.products,https://www.tms-lite.com/uv-illumination-hpd,prefix_ioo,high
IOO-LLA,IOO,LLA,private_oem_supplier,62,data/tms_lite_full.db.products,https://www.tms-lite.com/uv-illumination-lla,prefix_ioo,high
IOO-LSW,IOO,LSW,private_oem_supplier,63,data/tms_lite_full.db.products,https://www.tms-lite.com/uv-illumination-lsw,prefix_ioo,high
IOO-CAS2-00-010-X-X,IOO,CAS2-00-010-X-X,private_oem_supplier,64,data/tms_lite_full.db.products,https://www.tms-lite.com/cas2-00-serie.html,prefix_ioo,high
IOO-CAS2-00-020-X-X,IOO,CAS2-00-020-X-X,private_oem_supplier,65,data/tms_lite_full.db.products,https://www.tms-lite.com/cas2-00-serie.html,prefix_ioo,high
IOO-CAS2-00-025-X-X,IOO,CAS2-00-025-X-X,private_oem_supplier,66,data/tms_lite_full.db.products,https://www.tms-lite.com/cas2-00-serie.html,prefix_ioo,high
IOO-CAS2-00-040-X-X,IOO,CAS2-00-040-X-X,private_oem_supplier,67,data/tms_lite_full.db.products,https://www.tms-lite.com/cas2-00-serie.html,prefix_ioo,high
IOO-CAS2-00-070-X-X,IOO,CAS2-00-070-X-X,private_oem_supplier,68,data/tms_lite_full.db.products,https://www.tms-lite.com/cas2-00-serie.html,prefix_ioo,high
IOO-CAS2-00-080-X-X,IOO,CAS2-00-080-X-X,private_oem_supplier,69,data/tms_lite_full.db.products,https://www.tms-lite.com/cas2-00-serie.html,prefix_ioo,high
IOO-CAS2-00-100-X-X,IOO,CAS2-00-100-X-X,private_oem_supplier,70,data/tms_lite_full.db.products,https://www.tms-lite.com/cas2-00-serie.html,prefix_ioo,high
IOO-CAS20-00-20X40-X-X,IOO,CAS20-00-20X40-X-X,private_oem_supplier,71,data/tms_lite_full.db.products,https://www.tms-lite.com/cas2-00-serie.html,prefix_ioo,high
IOO-CAS25-00-25X50-X-X,IOO,CAS25-00-25X50-X-X,private_oem_supplier,72,data/tms_lite_full.db.products,https://www.tms-lite.com/cas2-00-serie.html,prefix_ioo,high
IOO-CAS30-00-30X60-X-X,IOO,CAS30-00-30X60-X-X,private_oem_supplier,73,data/tms_lite_full.db.products,https://www.tms-lite.com/cas2-00-serie.html,prefix_ioo,high
IOO-CAS2-00-025-X-RGB,IOO,CAS2-00-025-X-RGB,private_oem_supplier,74,data/tms_lite_full.db.products,https://www.tms-lite.com/cas2-00-serie.html,prefix_ioo,high
IOO-CAS2-00-040-X-RGB,IOO,CAS2-00-040-X-RGB,private_oem_supplier,75,data/tms_lite_full.db.products,https://www.tms-lite.com/cas2-00-serie.html,prefix_ioo,high
IOO-CAS2-00-070-X-RGB,IOO,CAS2-00-070-X-RGB,private_oem_supplier,76,data/tms_lite_full.db.products,https://www.tms-lite.com/cas2-00-serie.html,prefix_ioo,high
IOO-CAS2-00-100-X-RGB,IOO,CAS2-00-100-X-RGB,private_oem_supplier,77,data/tms_lite_full.db.products,https://www.tms-lite.com/cas2-00-serie.html,prefix_ioo,high
IOO-CAS2-00-040-X-RGBW,IOO,CAS2-00-040-X-RGBW,private_oem_supplier,78,data/tms_lite_full.db.products,https://www.tms-lite.com/cas2-00-serie.html,prefix_ioo,high
IOO-CAS2-00-070-X-RGBW,IOO,CAS2-00-070-X-RGBW,private_oem_supplier,79,data/tms_lite_full.db.products,https://www.tms-lite.com/cas2-00-serie.html,prefix_ioo,high
IOO-CAS2-00-025-X-RGB-2,IOO,CAS2-00-025-X-RGB,private_oem_supplier,80,data/tms_lite_full.db.products,https://www.tms-lite.com/rgb-illumination-cas2.html,prefix_ioo,high
IOO-CAS2-00-040-X-RGB-2,IOO,CAS2-00-040-X-RGB,private_oem_supplier,81,data/tms_lite_full.db.products,https://www.tms-lite.com/rgb-illumination-cas2.html,prefix_ioo,high
IOO-CAS2-00-070-X-RGB-2,IOO,CAS2-00-070-X-RGB,private_oem_supplier,82,data/tms_lite_full.db.products,https://www.tms-lite.com/rgb-illumination-cas2.html,prefix_ioo,high
IOO-CAS2-00-100-X-RGB-2,IOO,CAS2-00-100-X-RGB,private_oem_supplier,83,data/tms_lite_full.db.products,https://www.tms-lite.com/rgb-illumination-cas2.html,prefix_ioo,high
IOO-CASC-00-015-X-X,IOO,CASC-00-015-X-X,private_oem_supplier,84,data/tms_lite_full.db.products,https://www.tms-lite.com/case-serie.html,prefix_ioo,high
IOO-CASC-00-025-X-X,IOO,CASC-00-025-X-X,private_oem_supplier,85,data/tms_lite_full.db.products,https://www.tms-lite.com/case-serie.html,prefix_ioo,high
IOO-CASC-00-035-X-X,IOO,CASC-00-035-X-X,private_oem_supplier,86,data/tms_lite_full.db.products,https://www.tms-lite.com/case-serie.html,prefix_ioo,high
IOO-HCAS2-00-035-X-X,IOO,HCAS2-00-035-X-X,private_oem_supplier,87,data/tms_lite_full.db.products,https://www.tms-lite.com/hcas2-serie.html,prefix_ioo,high
IOO-HCAS2-00-070-X-X,IOO,HCAS2-00-070-X-X,private_oem_supplier,88,data/tms_lite_full.db.products,https://www.tms-lite.com/hcas2-serie.html,prefix_ioo,high
IOO-CAS3-00-150-X-X-BEAM-SPLITTER-ASSEMBLY-GUIDELINE,IOO,CAS3-00-150-X-X Beam splitter assembly guideline,private_oem_supplier,89,data/tms_lite_full.db.products,https://www.tms-lite.com/cas3-serie.html,prefix_ioo,high
IOO-CAS3-00-200-X-X-BEAM-SPLITTER-ASSEMBLY-GUIDELINE-VIDEO-BEAM-SPLITTER-ASSEMBLY,IOO,CAS3-00-200-X-X Beam splitter assembly guideline Video beam splitter assembly,private_oem_supplier,90,data/tms_lite_full.db.products,https://www.tms-lite.com/cas3-serie.html,prefix_ioo,high
IOO-CAS3-00-250-X-X-BEAM-SPLITTER-ASSEMBLY-GUIDELINE-VIDEO-BEAM-SPLITTER-ASSEMBLY,IOO,CAS3-00-250-X-X Beam splitter assembly guideline Video beam splitter assembly,private_oem_supplier,91,data/tms_lite_full.db.products,https://www.tms-lite.com/cas3-serie.html,prefix_ioo,high
IOO-CAS3-00-150-X-X,IOO,CAS3-00-150-X-X,private_oem_supplier,92,data/tms_lite_full.db.products,https://www.tms-lite.com/cas3-serie.html,prefix_ioo,high
IOO-CAS3-00-200-X-X,IOO,CAS3-00-200-X-X,private_oem_supplier,93,data/tms_lite_full.db.products,https://www.tms-lite.com/cas3-serie.html,prefix_ioo,high
IOO-CAS3-00-250-X-X,IOO,CAS3-00-250-X-X,private_oem_supplier,94,data/tms_lite_full.db.products,https://www.tms-lite.com/cas3-serie.html,prefix_ioo,high
IOO-CAS2-45-010-X-X,IOO,CAS2-45-010-X-X,private_oem_supplier,95,data/tms_lite_full.db.products,https://www.tms-lite.com/cas2-45-serie.html,prefix_ioo,high
IOO-CAS2-45-020-X-X,IOO,CAS2-45-020-X-X,private_oem_supplier,96,data/tms_lite_full.db.products,https://www.tms-lite.com/cas2-45-serie.html,prefix_ioo,high
IOO-CAS2-45-040-X-X,IOO,CAS2-45-040-X-X,private_oem_supplier,97,data/tms_lite_full.db.products,https://www.tms-lite.com/cas2-45-serie.html,prefix_ioo,high
IOO-LC-18-1CH-X10,IOO,LC-18-1CH-X10,private_oem_supplier,98,data/tms_lite_full.db.products,https://www.tms-lite.com/lc-18-1ch-x10-controller.html,prefix_ioo,high
IOO-HPD-00-070-1-X-24V,IOO,HPD-00-070-1-X-24V,private_oem_supplier,99,data/tms_lite_full.db.products,https://www.tms-lite.com/uv-illumination-hpd.html,prefix_ioo,high
IOO-UV385,IOO,UV385,private_oem_supplier,100,data/tms_lite_full.db.products,https://www.tms-lite.com/uv-illumination-hpd.html,prefix_ioo,high
IOO-UV395,IOO,UV395,private_oem_supplier,101,data/tms_lite_full.db.products,https://www.tms-lite.com/uv-illumination-hpd.html,prefix_ioo,high
IOO-UV405,IOO,UV405,private_oem_supplier,102,data/tms_lite_full.db.products,https://www.tms-lite.com/uv-illumination-hpd.html,prefix_ioo,high
IOO-LSW-15-070-2-X,IOO,LSW-15-070-2-X,private_oem_supplier,103,data/tms_lite_full.db.products,https://www.tms-lite.com/lsw-uv-illumination-serie.html,prefix_ioo,high
IOO-LSW-15-090-3-X,IOO,LSW-15-090-3-X,private_oem_supplier,104,data/tms_lite_full.db.products,https://www.tms-lite.com/lsw-uv-illumination-serie.html,prefix_ioo,high
IOO-LSW-30-040-1-X,IOO,LSW-30-040-1-X,private_oem_supplier,105,data/tms_lite_full.db.products,https://www.tms-lite.com/lsw-uv-illumination-serie.html,prefix_ioo,high
IOO-LSW-15-070-1-X,IOO,LSW-15-070-1-X,private_oem_supplier,106,data/tms_lite_full.db.products,https://www.tms-lite.com/lsw-uv-illumination-serie.html,prefix_ioo,high
IOO-UV385-2,IOO,UV385,private_oem_supplier,107,data/tms_lite_full.db.products,https://www.tms-lite.com/lsw-uv-illumination-serie.html,prefix_ioo,high
IOO-UV395-2,IOO,UV395,private_oem_supplier,108,data/tms_lite_full.db.products,https://www.tms-lite.com/lsw-uv-illumination-serie.html,prefix_ioo,high
IOO-UV405-2,IOO,UV405,private_oem_supplier,109,data/tms_lite_full.db.products,https://www.tms-lite.com/lsw-uv-illumination-serie.html,prefix_ioo,high
IOO-CAS2-00-025-X-X-2,IOO,CAS2-00-025-X-X,private_oem_supplier,110,data/tms_lite_full.db.products,https://www.tms-lite.com/cas2-uv-illumination-serie.html,prefix_ioo,high
IOO-CAS2-00-040-X-X-2,IOO,CAS2-00-040-X-X,private_oem_supplier,111,data/tms_lite_full.db.products,https://www.tms-lite.com/cas2-uv-illumination-serie.html,prefix_ioo,high
IOO-CAS2-00-025-X-UV365,IOO,CAS2-00-025-X-UV365,private_oem_supplier,112,data/tms_lite_full.db.products,https://www.tms-lite.com/cas2-uv-illumination-serie.html,prefix_ioo,high
IOO-CAS2-00-040-X-UV365,IOO,CAS2-00-040-X-UV365,private_oem_supplier,113,data/tms_lite_full.db.products,https://www.tms-lite.com/cas2-uv-illumination-serie.html,prefix_ioo,high
IOO-LLA-60-090-2-X,IOO,LLA-60-090-2-X,private_oem_supplier,114,data/tms_lite_full.db.products,https://www.tms-lite.com/lla-uv-illumination-serie.html,prefix_ioo,high
IOO-LLA-60-150-2-X,IOO,LLA-60-150-2-X,private_oem_supplier,115,data/tms_lite_full.db.products,https://www.tms-lite.com/lla-uv-illumination-serie.html,prefix_ioo,high
IOO-LLA-75-170-2-X,IOO,LLA-75-170-2-X,private_oem_supplier,116,data/tms_lite_full.db.products,https://www.tms-lite.com/lla-uv-illumination-serie.html,prefix_ioo,high
IOO-LLA-60-070-1-X,IOO,LLA-60-070-1-X,private_oem_supplier,117,data/tms_lite_full.db.products,https://www.tms-lite.com/lla-uv-illumination-serie.html,prefix_ioo,high
IOO-UV385-3,IOO,UV385,private_oem_supplier,118,data/tms_lite_full.db.products,https://www.tms-lite.com/lla-uv-illumination-serie.html,prefix_ioo,high
IOO-UV395-3,IOO,UV395,private_oem_supplier,119,data/tms_lite_full.db.products,https://www.tms-lite.com/lla-uv-illumination-serie.html,prefix_ioo,high
IOO-UV405-3,IOO,UV405,private_oem_supplier,120,data/tms_lite_full.db.products,https://www.tms-lite.com/lla-uv-illumination-serie.html,prefix_ioo,high
IOO-LBRX-00-080-1-X,IOO,LBRX-00-080-1-X,private_oem_supplier,121,data/tms_lite_full.db.products,https://www.tms-lite.com/lbrx-uv-illumination-serie.html,prefix_ioo,high
IOO-UV385-4,IOO,UV385,private_oem_supplier,122,data/tms_lite_full.db.products,https://www.tms-lite.com/lbrx-uv-illumination-serie.html,prefix_ioo,high
IOO-UV395-4,IOO,UV395,private_oem_supplier,123,data/tms_lite_full.db.products,https://www.tms-lite.com/lbrx-uv-illumination-serie.html,prefix_ioo,high
IOO-UV405-4,IOO,UV405,private_oem_supplier,124,data/tms_lite_full.db.products,https://www.tms-lite.com/lbrx-uv-illumination-serie.html,prefix_ioo,high
IOO-LBRX-00-160-1-X,IOO,LBRX-00-160-1-X,private_oem_supplier,125,data/tms_lite_full.db.products,https://www.tms-lite.com/lbrx-uv-illumination-serie.html,prefix_ioo,high
IOO-LBRX-00-240-1-X,IOO,LBRX-00-240-1-X,private_oem_supplier,126,data/tms_lite_full.db.products,https://www.tms-lite.com/lbrx-uv-illumination-serie.html,prefix_ioo,high
IOO-LBRQ-00-080-1-X,IOO,LBRQ-00-080-1-X,private_oem_supplier,127,data/tms_lite_full.db.products,https://www.tms-lite.com/uv-illumination-lbrq.html,prefix_ioo,high
IOO-UV385-5,IOO,UV385,private_oem_supplier,128,data/tms_lite_full.db.products,https://www.tms-lite.com/uv-illumination-lbrq.html,prefix_ioo,high
IOO-UV395-5,IOO,UV395,private_oem_supplier,129,data/tms_lite_full.db.products,https://www.tms-lite.com/uv-illumination-lbrq.html,prefix_ioo,high
IOO-UV405-5,IOO,UV405,private_oem_supplier,130,data/tms_lite_full.db.products,https://www.tms-lite.com/uv-illumination-lbrq.html,prefix_ioo,high
IOO-LBRX-00-040-3-X,IOO,LBRX-00-040-3-X,private_oem_supplier,131,data/tms_lite_full.db.products,https://www.tms-lite.com/lbrx-ir-beleuchtungsserie.html,prefix_ioo,high
IOO-LBRX-00-080-3-X,IOO,LBRX-00-080-3-X,private_oem_supplier,132,data/tms_lite_full.db.products,https://www.tms-lite.com/lbrx-ir-beleuchtungsserie.html,prefix_ioo,high
IOO-LBRX-00-120-3-X,IOO,LBRX-00-120-3-X,private_oem_supplier,133,data/tms_lite_full.db.products,https://www.tms-lite.com/lbrx-ir-beleuchtungsserie.html,prefix_ioo,high
IOO-LBRX-00-160-3-X,IOO,LBRX-00-160-3-X,private_oem_supplier,134,data/tms_lite_full.db.products,https://www.tms-lite.com/lbrx-ir-beleuchtungsserie.html,prefix_ioo,high
IOO-LBRX-00-200-3-X,IOO,LBRX-00-200-3-X,private_oem_supplier,135,data/tms_lite_full.db.products,https://www.tms-lite.com/lbrx-ir-beleuchtungsserie.html,prefix_ioo,high
IOO-LBRX-00-040-6-X,IOO,LBRX-00-040-6-X,private_oem_supplier,136,data/tms_lite_full.db.products,https://www.tms-lite.com/lbrx-ir-beleuchtungsserie.html,prefix_ioo,high
IOO-LBRX-00-080-6-X,IOO,LBRX-00-080-6-X,private_oem_supplier,137,data/tms_lite_full.db.products,https://www.tms-lite.com/lbrx-ir-beleuchtungsserie.html,prefix_ioo,high
IOO-LBRX-00-120-6-X,IOO,LBRX-00-120-6-X,private_oem_supplier,138,data/tms_lite_full.db.products,https://www.tms-lite.com/lbrx-ir-beleuchtungsserie.html,prefix_ioo,high
IOO-LBRX-00-160-6-X,IOO,LBRX-00-160-6-X,private_oem_supplier,139,data/tms_lite_full.db.products,https://www.tms-lite.com/lbrx-ir-beleuchtungsserie.html,prefix_ioo,high
IOO-LBRX-00-200-6-X,IOO,LBRX-00-200-6-X,private_oem_supplier,140,data/tms_lite_full.db.products,https://www.tms-lite.com/lbrx-ir-beleuchtungsserie.html,prefix_ioo,high
IOO-LBRX-00-040-3-IR850,IOO,LBRX-00-040-3-IR850,private_oem_supplier,141,data/tms_lite_full.db.products,https://www.tms-lite.com/lbrx-ir-beleuchtungsserie.html,prefix_ioo,high
IOO-LBRX-00-080-3-IR850,IOO,LBRX-00-080-3-IR850,private_oem_supplier,142,data/tms_lite_full.db.products,https://www.tms-lite.com/lbrx-ir-beleuchtungsserie.html,prefix_ioo,high
IOO-LBRX-00-120-3-IR850,IOO,LBRX-00-120-3-IR850,private_oem_supplier,143,data/tms_lite_full.db.products,https://www.tms-lite.com/lbrx-ir-beleuchtungsserie.html,prefix_ioo,high
IOO-LBRX-00-160-3-IR850,IOO,LBRX-00-160-3-IR850,private_oem_supplier,144,data/tms_lite_full.db.products,https://www.tms-lite.com/lbrx-ir-beleuchtungsserie.html,prefix_ioo,high
IOO-LBRX-00-200-3-IR850,IOO,LBRX-00-200-3-IR850,private_oem_supplier,145,data/tms_lite_full.db.products,https://www.tms-lite.com/lbrx-ir-beleuchtungsserie.html,prefix_ioo,high
IOO-LBRX-00-040-6-IR850,IOO,LBRX-00-040-6-IR850,private_oem_supplier,146,data/tms_lite_full.db.products,https://www.tms-lite.com/lbrx-ir-beleuchtungsserie.html,prefix_ioo,high
IOO-LBRX-00-080-6-IR850,IOO,LBRX-00-080-6-IR850,private_oem_supplier,147,data/tms_lite_full.db.products,https://www.tms-lite.com/lbrx-ir-beleuchtungsserie.html,prefix_ioo,high
IOO-LBRX-00-120-6-IR850,IOO,LBRX-00-120-6-IR850,private_oem_supplier,148,data/tms_lite_full.db.products,https://www.tms-lite.com/lbrx-ir-beleuchtungsserie.html,prefix_ioo,high
IOO-LBRX-00-160-6-IR850,IOO,LBRX-00-160-6-IR850,private_oem_supplier,149,data/tms_lite_full.db.products,https://www.tms-lite.com/lbrx-ir-beleuchtungsserie.html,prefix_ioo,high
IOO-LBRX-00-200-6-IR850,IOO,LBRX-00-200-6-IR850,private_oem_supplier,150,data/tms_lite_full.db.products,https://www.tms-lite.com/lbrx-ir-beleuchtungsserie.html,prefix_ioo,high
IOO-BHS4-00-025-X-X,IOO,BHS4-00-025-X-X,private_oem_supplier,151,data/tms_lite_full.db.products,https://www.tms-lite.com/bhs4-ir-beleuchtungsserie.html,prefix_ioo,high
IOO-BHS4-00-050-X-X,IOO,BHS4-00-050-X-X,private_oem_supplier,152,data/tms_lite_full.db.products,https://www.tms-lite.com/bhs4-ir-beleuchtungsserie.html,prefix_ioo,high
IOO-BHS4-00-075-X-X,IOO,BHS4-00-075-X-X,private_oem_supplier,153,data/tms_lite_full.db.products,https://www.tms-lite.com/bhs4-ir-beleuchtungsserie.html,prefix_ioo,high
IOO-BHS4-00-100-X-X,IOO,BHS4-00-100-X-X,private_oem_supplier,154,data/tms_lite_full.db.products,https://www.tms-lite.com/bhs4-ir-beleuchtungsserie.html,prefix_ioo,high
IOO-BHS4-00-030-X-X,IOO,BHS4-00-030-X-X,private_oem_supplier,155,data/tms_lite_full.db.products,https://www.tms-lite.com/bhs4-ir-beleuchtungsserie.html,prefix_ioo,high
IOO-BHS4-00-060-X-X,IOO,BHS4-00-060-X-X,private_oem_supplier,156,data/tms_lite_full.db.products,https://www.tms-lite.com/bhs4-ir-beleuchtungsserie.html,prefix_ioo,high
IOO-BHS4-00-090-X-X,IOO,BHS4-00-090-X-X,private_oem_supplier,157,data/tms_lite_full.db.products,https://www.tms-lite.com/bhs4-ir-beleuchtungsserie.html,prefix_ioo,high
IOO-BHS4-00-120-X-X,IOO,BHS4-00-120-X-X,private_oem_supplier,158,data/tms_lite_full.db.products,https://www.tms-lite.com/bhs4-ir-beleuchtungsserie.html,prefix_ioo,high
IOO-BHS4-00-025-X-IR850,IOO,BHS4-00-025-X-IR850,private_oem_supplier,159,data/tms_lite_full.db.products,https://www.tms-lite.com/bhs4-ir-beleuchtungsserie.html,prefix_ioo,high
IOO-BHS4-00-050-X-IR850,IOO,BHS4-00-050-X-IR850,private_oem_supplier,160,data/tms_lite_full.db.products,https://www.tms-lite.com/bhs4-ir-beleuchtungsserie.html,prefix_ioo,high
IOO-BHS4-00-075-X-IR850,IOO,BHS4-00-075-X-IR850,private_oem_supplier,161,data/tms_lite_full.db.products,https://www.tms-lite.com/bhs4-ir-beleuchtungsserie.html,prefix_ioo,high
IOO-BHS4-00-100-X-IR850,IOO,BHS4-00-100-X-IR850,private_oem_supplier,162,data/tms_lite_full.db.products,https://www.tms-lite.com/bhs4-ir-beleuchtungsserie.html,prefix_ioo,high
IOO-BHS4-00-030-X-IR850,IOO,BHS4-00-030-X-IR850,private_oem_supplier,163,data/tms_lite_full.db.products,https://www.tms-lite.com/bhs4-ir-beleuchtungsserie.html,prefix_ioo,high
IOO-BHS4-00-060-X-IR850,IOO,BHS4-00-060-X-IR850,private_oem_supplier,164,data/tms_lite_full.db.products,https://www.tms-lite.com/bhs4-ir-beleuchtungsserie.html,prefix_ioo,high
IOO-BHS4-00-090-X-IR850,IOO,BHS4-00-090-X-IR850,private_oem_supplier,165,data/tms_lite_full.db.products,https://www.tms-lite.com/bhs4-ir-beleuchtungsserie.html,prefix_ioo,high
IOO-BHS4-00-120-X-IR850,IOO,BHS4-00-120-X-IR850,private_oem_supplier,166,data/tms_lite_full.db.products,https://www.tms-lite.com/bhs4-ir-beleuchtungsserie.html,prefix_ioo,high
IOO-CAS2-00-025-X-X-3,IOO,CAS2-00-025-X-X,private_oem_supplier,167,data/tms_lite_full.db.products,https://www.tms-lite.com/cas2-ir-beleuchtungsserie.html,prefix_ioo,high
IOO-CAS2-00-040-X-X-3,IOO,CAS2-00-040-X-X,private_oem_supplier,168,data/tms_lite_full.db.products,https://www.tms-lite.com/cas2-ir-beleuchtungsserie.html,prefix_ioo,high
IOO-LBRQ-00-040-3-X,IOO,LBRQ-00-040-3-X,private_oem_supplier,169,data/tms_lite_full.db.products,https://www.tms-lite.com/lbrq-ir-beleuchtungsserie.html,prefix_ioo,high
IOO-LBRQ-00-080-3-X,IOO,LBRQ-00-080-3-X,private_oem_supplier,170,data/tms_lite_full.db.products,https://www.tms-lite.com/lbrq-ir-beleuchtungsserie.html,prefix_ioo,high
IOO-LBRQ-00-120-3-X,IOO,LBRQ-00-120-3-X,private_oem_supplier,171,data/tms_lite_full.db.products,https://www.tms-lite.com/lbrq-ir-beleuchtungsserie.html,prefix_ioo,high
IOO-LBRQ-00-160-3-X,IOO,LBRQ-00-160-3-X,private_oem_supplier,172,data/tms_lite_full.db.products,https://www.tms-lite.com/lbrq-ir-beleuchtungsserie.html,prefix_ioo,high
IOO-LBRQ-00-200-3-X,IOO,LBRQ-00-200-3-X,private_oem_supplier,173,data/tms_lite_full.db.products,https://www.tms-lite.com/lbrq-ir-beleuchtungsserie.html,prefix_ioo,high
IOO-LBRQ-00-040-6-X,IOO,LBRQ-00-040-6-X,private_oem_supplier,174,data/tms_lite_full.db.products,https://www.tms-lite.com/lbrq-ir-beleuchtungsserie.html,prefix_ioo,high
IOO-LBRQ-00-080-6-X,IOO,LBRQ-00-080-6-X,private_oem_supplier,175,data/tms_lite_full.db.products,https://www.tms-lite.com/lbrq-ir-beleuchtungsserie.html,prefix_ioo,high
IOO-LBRQ-00-120-6-X,IOO,LBRQ-00-120-6-X,private_oem_supplier,176,data/tms_lite_full.db.products,https://www.tms-lite.com/lbrq-ir-beleuchtungsserie.html,prefix_ioo,high
IOO-LBRQ-00-160-6-X,IOO,LBRQ-00-160-6-X,private_oem_supplier,177,data/tms_lite_full.db.products,https://www.tms-lite.com/lbrq-ir-beleuchtungsserie.html,prefix_ioo,high
IOO-LBRQ-00-200-6-X,IOO,LBRQ-00-200-6-X,private_oem_supplier,178,data/tms_lite_full.db.products,https://www.tms-lite.com/lbrq-ir-beleuchtungsserie.html,prefix_ioo,high
IOO-LBRQ-00-040-3-IR850,IOO,LBRQ-00-040-3-IR850,private_oem_supplier,179,data/tms_lite_full.db.products,https://www.tms-lite.com/lbrq-ir-beleuchtungsserie.html,prefix_ioo,high
IOO-LBRQ-00-080-3-IR850,IOO,LBRQ-00-080-3-IR850,private_oem_supplier,180,data/tms_lite_full.db.products,https://www.tms-lite.com/lbrq-ir-beleuchtungsserie.html,prefix_ioo,high
IOO-LBRQ-00-120-3-IR850,IOO,LBRQ-00-120-3-IR850,private_oem_supplier,181,data/tms_lite_full.db.products,https://www.tms-lite.com/lbrq-ir-beleuchtungsserie.html,prefix_ioo,high
IOO-LBRQ-00-160-3-IR850,IOO,LBRQ-00-160-3-IR850,private_oem_supplier,182,data/tms_lite_full.db.products,https://www.tms-lite.com/lbrq-ir-beleuchtungsserie.html,prefix_ioo,high
IOO-LBRQ-00-200-3-IR850,IOO,LBRQ-00-200-3-IR850,private_oem_supplier,183,data/tms_lite_full.db.products,https://www.tms-lite.com/lbrq-ir-beleuchtungsserie.html,prefix_ioo,high
IOO-LBRQ-00-040-6-IR850,IOO,LBRQ-00-040-6-IR850,private_oem_supplier,184,data/tms_lite_full.db.products,https://www.tms-lite.com/lbrq-ir-beleuchtungsserie.html,prefix_ioo,high
IOO-LBRQ-00-080-6-IR850,IOO,LBRQ-00-080-6-IR850,private_oem_supplier,185,data/tms_lite_full.db.products,https://www.tms-lite.com/lbrq-ir-beleuchtungsserie.html,prefix_ioo,high
IOO-LBRQ-00-120-6-IR850,IOO,LBRQ-00-120-6-IR850,private_oem_supplier,186,data/tms_lite_full.db.products,https://www.tms-lite.com/lbrq-ir-beleuchtungsserie.html,prefix_ioo,high
IOO-LBRQ-00-160-6-IR850,IOO,LBRQ-00-160-6-IR850,private_oem_supplier,187,data/tms_lite_full.db.products,https://www.tms-lite.com/lbrq-ir-beleuchtungsserie.html,prefix_ioo,high
IOO-LBRQ-00-200-6-IR850,IOO,LBRQ-00-200-6-IR850,private_oem_supplier,188,data/tms_lite_full.db.products,https://www.tms-lite.com/lbrq-ir-beleuchtungsserie.html,prefix_ioo,high
IOO-LSW-15-070-3-X,IOO,LSW-15-070-3-X,private_oem_supplier,189,data/tms_lite_full.db.products,https://www.tms-lite.com/lsw-ir-beleuchtungsserie.html,prefix_ioo,high
IOO-LSW-15-070-3-IR850,IOO,LSW-15-070-3-IR850,private_oem_supplier,190,data/tms_lite_full.db.products,https://www.tms-lite.com/lsw-ir-beleuchtungsserie.html,prefix_ioo,high
IOO-LSW-15-070-3-IR940,IOO,LSW-15-070-3-IR940,private_oem_supplier,191,data/tms_lite_full.db.products,https://www.tms-lite.com/lsw-ir-beleuchtungsserie.html,prefix_ioo,high
IOO-LLA-60-090-2-X-2,IOO,LLA-60-090-2-X,private_oem_supplier,192,data/tms_lite_full.db.products,https://www.tms-lite.com/lla-ir-beleuchtungsserie.html,prefix_ioo,high
IOO-LLA-60-090-2-IR850,IOO,LLA-60-090-2-IR850,private_oem_supplier,193,data/tms_lite_full.db.products,https://www.tms-lite.com/lla-ir-beleuchtungsserie.html,prefix_ioo,high
IOO-LLA-60-090-2-IR940,IOO,LLA-60-090-2-IR940,private_oem_supplier,194,data/tms_lite_full.db.products,https://www.tms-lite.com/lla-ir-beleuchtungsserie.html,prefix_ioo,high
IOO-BHLX3-00-160X160-X-X,IOO,BHLX3-00-160X160-X-X,private_oem_supplier,195,data/tms_lite_full.db.products,https://www.tms-lite.com/ir-illumination-bhlx3.html,prefix_ioo,high
IOO-BHLX3-00-160X240-X-X,IOO,BHLX3-00-160X240-X-X,private_oem_supplier,196,data/tms_lite_full.db.products,https://www.tms-lite.com/ir-illumination-bhlx3.html,prefix_ioo,high
IOO-BHLX3-00-160X320-X-X,IOO,BHLX3-00-160X320-X-X,private_oem_supplier,197,data/tms_lite_full.db.products,https://www.tms-lite.com/ir-illumination-bhlx3.html,prefix_ioo,high
IOO-BHLX3-00-160X400-X-X,IOO,BHLX3-00-160X400-X-X,private_oem_supplier,198,data/tms_lite_full.db.products,https://www.tms-lite.com/ir-illumination-bhlx3.html,prefix_ioo,high
IOO-BHLX3-00-240X240-X-X,IOO,BHLX3-00-240X240-X-X,private_oem_supplier,199,data/tms_lite_full.db.products,https://www.tms-lite.com/ir-illumination-bhlx3.html,prefix_ioo,high
IOO-BHLX3-00-240X320-X-X,IOO,BHLX3-00-240X320-X-X,private_oem_supplier,200,data/tms_lite_full.db.products,https://www.tms-lite.com/ir-illumination-bhlx3.html,prefix_ioo,high
IOO-BHLX3-00-240X400-X-X,IOO,BHLX3-00-240X400-X-X,private_oem_supplier,201,data/tms_lite_full.db.products,https://www.tms-lite.com/ir-illumination-bhlx3.html,prefix_ioo,high
IOO-BHLX3-00-320X320-X-X,IOO,BHLX3-00-320X320-X-X,private_oem_supplier,202,data/tms_lite_full.db.products,https://www.tms-lite.com/ir-illumination-bhlx3.html,prefix_ioo,high
IOO-BHLX3-00-320X400-X-X,IOO,BHLX3-00-320X400-X-X,private_oem_supplier,203,data/tms_lite_full.db.products,https://www.tms-lite.com/ir-illumination-bhlx3.html,prefix_ioo,high
IOO-BHLX3-00-400X400-X-X,IOO,BHLX3-00-400X400-X-X,private_oem_supplier,204,data/tms_lite_full.db.products,https://www.tms-lite.com/ir-illumination-bhlx3.html,prefix_ioo,high
IOO-BHLX3-00-160X160-X-IR850,IOO,BHLX3-00-160X160-X-IR850,private_oem_supplier,205,data/tms_lite_full.db.products,https://www.tms-lite.com/ir-illumination-bhlx3.html,prefix_ioo,high
IOO-BHLX3-00-160X240-X-IR850,IOO,BHLX3-00-160X240-X-IR850,private_oem_supplier,206,data/tms_lite_full.db.products,https://www.tms-lite.com/ir-illumination-bhlx3.html,prefix_ioo,high
IOO-BHLX3-00-160X320-X-IR850,IOO,BHLX3-00-160X320-X-IR850,private_oem_supplier,207,data/tms_lite_full.db.products,https://www.tms-lite.com/ir-illumination-bhlx3.html,prefix_ioo,high
IOO-BHLX3-00-160X400-X-IR850,IOO,BHLX3-00-160X400-X-IR850,private_oem_supplier,208,data/tms_lite_full.db.products,https://www.tms-lite.com/ir-illumination-bhlx3.html,prefix_ioo,high
IOO-BHLX3-00-240X240-X-IR850,IOO,BHLX3-00-240X240-X-IR850,private_oem_supplier,209,data/tms_lite_full.db.products,https://www.tms-lite.com/ir-illumination-bhlx3.html,prefix_ioo,high
IOO-BHLX3-00-240X320-X-IR850,IOO,BHLX3-00-240X320-X-IR850,private_oem_supplier,210,data/tms_lite_full.db.products,https://www.tms-lite.com/ir-illumination-bhlx3.html,prefix_ioo,high
IOO-BHLX3-00-240X400-X-IR850,IOO,BHLX3-00-240X400-X-IR850,private_oem_supplier,211,data/tms_lite_full.db.products,https://www.tms-lite.com/ir-illumination-bhlx3.html,prefix_ioo,high
IOO-BHLX3-00-320X320-X-IR850,IOO,BHLX3-00-320X320-X-IR850,private_oem_supplier,212,data/tms_lite_full.db.products,https://www.tms-lite.com/ir-illumination-bhlx3.html,prefix_ioo,high
IOO-BHLX3-00-320X400-X-IR850,IOO,BHLX3-00-320X400-X-IR850,private_oem_supplier,213,data/tms_lite_full.db.products,https://www.tms-lite.com/ir-illumination-bhlx3.html,prefix_ioo,high
IOO-BHLX3-00-400X400-X-IR850,IOO,BHLX3-00-400X400-X-IR850,private_oem_supplier,214,data/tms_lite_full.db.products,https://www.tms-lite.com/ir-illumination-bhlx3.html,prefix_ioo,high
IOO-IDS5-00-050-1-X,IOO,IDS5-00-050-1-X,private_oem_supplier,215,data/tms_lite_full.db.products,https://www.tms-lite.com/ir-illumination-ids5.html,prefix_ioo,high
IOO-IDS5-00-070-1-X,IOO,IDS5-00-070-1-X,private_oem_supplier,216,data/tms_lite_full.db.products,https://www.tms-lite.com/ir-illumination-ids5.html,prefix_ioo,high
IOO-IDS5-00-100-1-X,IOO,IDS5-00-100-1-X,private_oem_supplier,217,data/tms_lite_full.db.products,https://www.tms-lite.com/ir-illumination-ids5.html,prefix_ioo,high
IOO-IDS5-00-150-1-X,IOO,IDS5-00-150-1-X,private_oem_supplier,218,data/tms_lite_full.db.products,https://www.tms-lite.com/ir-illumination-ids5.html,prefix_ioo,high
IOO-IDS5-00-200-1-X,IOO,IDS5-00-200-1-X,private_oem_supplier,219,data/tms_lite_full.db.products,https://www.tms-lite.com/ir-illumination-ids5.html,prefix_ioo,high
IOO-IDS5-00-250-1-X,IOO,IDS5-00-250-1-X,private_oem_supplier,220,data/tms_lite_full.db.products,https://www.tms-lite.com/ir-illumination-ids5.html,prefix_ioo,high
IOO-IDS5-00-150-1-RGBW,IOO,IDS5-00-150-1-RGBW,private_oem_supplier,221,data/tms_lite_full.db.products,https://www.tms-lite.com/ids5-rgbw-beleuchtungen.html,prefix_ioo,high
IOO-IDS5-00-200-1-RGBW,IOO,IDS5-00-200-1-RGBW,private_oem_supplier,222,data/tms_lite_full.db.products,https://www.tms-lite.com/ids5-rgbw-beleuchtungen.html,prefix_ioo,high
IOO-IDS5-00-250-1-RGBW,IOO,IDS5-00-250-1-RGBW,private_oem_supplier,223,data/tms_lite_full.db.products,https://www.tms-lite.com/ids5-rgbw-beleuchtungen.html,prefix_ioo,high
IOO-DLR3-45-100-1-RGBW-24V,IOO,DLR3-45-100-1-RGBW-24V,private_oem_supplier,224,data/tms_lite_full.db.products,https://www.tms-lite.com/rgbw-illumination-dlr3.html,prefix_ioo,high
IOO-DLR3-60-100-1-RGBW-24V,IOO,DLR3-60-100-1-RGBW-24V,private_oem_supplier,225,data/tms_lite_full.db.products,https://www.tms-lite.com/rgbw-illumination-dlr3.html,prefix_ioo,high
IOO-CAS2-00-040-X-RGBW-24V,IOO,CAS2-00-040-X-RGBW-24V,private_oem_supplier,226,data/tms_lite_full.db.products,https://www.tms-lite.com/rgbw-illumination-cas2.html,prefix_ioo,high
IOO-CAS2-00-070-X-RGBW-2,IOO,CAS2-00-070-X-RGBW,private_oem_supplier,227,data/tms_lite_full.db.products,https://www.tms-lite.com/rgbw-illumination-cas2.html,prefix_ioo,high
IOO-DLC2-00-070-1-RGBW,IOO,DLC2-00-070-1-RGBW,private_oem_supplier,228,data/tms_lite_full.db.products,https://www.tms-lite.com/dlc2-rgbw-beleuchtungen.html,prefix_ioo,high
IOO-DLC2-00-100-1-RGBW,IOO,DLC2-00-100-1-RGBW,private_oem_supplier,229,data/tms_lite_full.db.products,https://www.tms-lite.com/dlc2-rgbw-beleuchtungen.html,prefix_ioo,high
IOO-DLC2-00-120-1-RGBW,IOO,DLC2-00-120-1-RGBW,private_oem_supplier,230,data/tms_lite_full.db.products,https://www.tms-lite.com/dlc2-rgbw-beleuchtungen.html,prefix_ioo,high
IOO-HPD2-00-050-1-RGBW,IOO,HPD2-00-050-1-RGBW,private_oem_supplier,231,data/tms_lite_full.db.products,https://www.tms-lite.com/rgbw-illumination-hpd2.html,prefix_ioo,high
IOO-HPD2-00-080-1-RGBW,IOO,HPD2-00-080-1-RGBW,private_oem_supplier,232,data/tms_lite_full.db.products,https://www.tms-lite.com/rgbw-illumination-hpd2.html,prefix_ioo,high
IOO-HPD2-00-100-1-RGBW,IOO,HPD2-00-100-1-RGBW,private_oem_supplier,233,data/tms_lite_full.db.products,https://www.tms-lite.com/rgbw-illumination-hpd2.html,prefix_ioo,high
IOO-HPD2-00-130-1-RGBW,IOO,HPD2-00-130-1-RGBW,private_oem_supplier,234,data/tms_lite_full.db.products,https://www.tms-lite.com/rgbw-illumination-hpd2.html,prefix_ioo,high
IOO-HPD-00-070-1-RGBW,IOO,HPD-00-070-1-RGBW,private_oem_supplier,235,data/tms_lite_full.db.products,https://www.tms-lite.com/rgbw-illumination-hpd.html,prefix_ioo,high
IOO-HPD-00-240-1-RGBW,IOO,HPD-00-240-1-RGBW,private_oem_supplier,236,data/tms_lite_full.db.products,https://www.tms-lite.com/rgbw-illumination-hpd.html,prefix_ioo,high
IOO-MD-IDT3-00-360-1-RGBW,IOO,MD-IDT3-00-360-1-RGBW,private_oem_supplier,237,data/tms_lite_full.db.products,https://www.tms-lite.com/rgbw-illumination-md-idt3.html,prefix_ioo,high
IOO-MD-IDQ3-360-1-RGBW,IOO,MD-IDQ3-360-1-RGBW,private_oem_supplier,238,data/tms_lite_full.db.products,https://www.tms-lite.com/rgbw-illumination-md-idq3.html,prefix_ioo,high
IOO-LSW2-00-100-2-RGBW-24V,IOO,LSW2-00-100-2-RGBW-24V,private_oem_supplier,239,data/tms_lite_full.db.products,https://www.tms-lite.com/rgbw-illumination-lsw2.html,prefix_ioo,high
IOO-MD-MLBQ-00-360-2-RGBW,IOO,MD-MLBQ-00-360-2-RGBW,private_oem_supplier,240,data/tms_lite_full.db.products,https://www.tms-lite.com/rgbw-illumination-md-mlbq.html,prefix_ioo,high
IOO-MLBQ-00-090-2-RGBW,IOO,MLBQ-00-090-2-RGBW,private_oem_supplier,241,data/tms_lite_full.db.products,https://www.tms-lite.com/mlbq-rgbw-beleuchtungen.html,prefix_ioo,high
IOO-BHLQ-00-240X240-X-X,IOO,BHLQ-00-240X240-X-X,private_oem_supplier,242,data/tms_lite_full.db.products,https://www.tms-lite.com/bhlq-serie.html,prefix_ioo,high
IOO-BHLQ-00-400X400-X-X,IOO,BHLQ-00-400X400-X-X,private_oem_supplier,243,data/tms_lite_full.db.products,https://www.tms-lite.com/bhlq-serie.html,prefix_ioo,high
IOO-HPF-00-190-1-IR850,IOO,HPF-00-190-1-IR850,private_oem_supplier,244,data/tms_lite_full.db.products,https://www.tms-lite.com/hpf-series.html,prefix_ioo,high
IOO-HPF-00-190-1-UV365,IOO,HPF-00-190-1-UV365,private_oem_supplier,245,data/tms_lite_full.db.products,https://www.tms-lite.com/hpf-series.html,prefix_ioo,high
IOO-HPD2-00-050-1-X,IOO,HPD2-00-050-1-X,private_oem_supplier,246,data/tms_lite_full.db.products,https://www.tms-lite.com/hpd2-serie.html,prefix_ioo,high
IOO-HPD2-00-080-1-X,IOO,HPD2-00-080-1-X,private_oem_supplier,247,data/tms_lite_full.db.products,https://www.tms-lite.com/hpd2-serie.html,prefix_ioo,high
IOO-HPD2-00-100-1-X,IOO,HPD2-00-100-1-X,private_oem_supplier,248,data/tms_lite_full.db.products,https://www.tms-lite.com/hpd2-serie.html,prefix_ioo,high
IOO-HPD2-00-130-1-X,IOO,HPD2-00-130-1-X,private_oem_supplier,249,data/tms_lite_full.db.products,https://www.tms-lite.com/hpd2-serie.html,prefix_ioo,high
IOO-HPD2-00-050-1-RGBW-2,IOO,HPD2-00-050-1-RGBW,private_oem_supplier,250,data/tms_lite_full.db.products,https://www.tms-lite.com/hpd2-serie.html,prefix_ioo,high
IOO-HPD2-00-080-1-RGBW-2,IOO,HPD2-00-080-1-RGBW,private_oem_supplier,251,data/tms_lite_full.db.products,https://www.tms-lite.com/hpd2-serie.html,prefix_ioo,high
IOO-HPD2-00-100-1-RGBW-2,IOO,HPD2-00-100-1-RGBW,private_oem_supplier,252,data/tms_lite_full.db.products,https://www.tms-lite.com/hpd2-serie.html,prefix_ioo,high
IOO-HPD2-00-130-1-RGBW-2,IOO,HPD2-00-130-1-RGBW,private_oem_supplier,253,data/tms_lite_full.db.products,https://www.tms-lite.com/hpd2-serie.html,prefix_ioo,high
IOO-HPD-00-170-1-X,IOO,HPD-00-170-1-X,private_oem_supplier,254,data/tms_lite_full.db.products,https://www.tms-lite.com/hpd-serie.html,prefix_ioo,high
IOO-HPD-00-240-1-X,IOO,HPD-00-240-1-X,private_oem_supplier,255,data/tms_lite_full.db.products,https://www.tms-lite.com/hpd-serie.html,prefix_ioo,high
IOO-HPD-00-240-3-RGB,IOO,HPD-00-240-3-RGB,private_oem_supplier,256,data/tms_lite_full.db.products,https://www.tms-lite.com/hpd-serie.html,prefix_ioo,high
IOO-HPD-00-070-1-RGBW-2,IOO,HPD-00-070-1-RGBW,private_oem_supplier,257,data/tms_lite_full.db.products,https://www.tms-lite.com/hpd-serie.html,prefix_ioo,high
IOO-HPD-00-240-1-RGBW-2,IOO,HPD-00-240-1-RGBW,private_oem_supplier,258,data/tms_lite_full.db.products,https://www.tms-lite.com/hpd-serie.html,prefix_ioo,high
IOO-HPD-75-170-1-IR850,IOO,HPD-75-170-1-IR850,private_oem_supplier,259,data/tms_lite_full.db.products,https://www.tms-lite.com/hpd-serie.html,prefix_ioo,high
IOO-HPD-75-170-1-UV365,IOO,HPD-75-170-1-UV365,private_oem_supplier,260,data/tms_lite_full.db.products,https://www.tms-lite.com/hpd-serie.html,prefix_ioo,high
IOO-HPD-00-240-1-UV365,IOO,HPD-00-240-1-UV365,private_oem_supplier,261,data/tms_lite_full.db.products,https://www.tms-lite.com/hpd-serie.html,prefix_ioo,high
IOO-HPD-00-240-3-RGB-2,IOO,HPD-00-240-3-RGB,private_oem_supplier,262,data/tms_lite_full.db.products,https://www.tms-lite.com/rgb-illumination-hpd.html,prefix_ioo,high
IOO-IDQ3-00-120-X-RGB,IOO,IDQ3-00-120-X-RGB,private_oem_supplier,263,data/tms_lite_full.db.products,https://www.tms-lite.com/rgb-illumination-idq3.html,prefix_ioo,high
IOO-IDQ3-00-190-X-RGB,IOO,IDQ3-00-190-X-RGB,private_oem_supplier,264,data/tms_lite_full.db.products,https://www.tms-lite.com/rgb-illumination-idq3.html,prefix_ioo,high
IOO-IDQ3-00-300-X-RGB,IOO,IDQ3-00-300-X-RGB,private_oem_supplier,265,data/tms_lite_full.db.products,https://www.tms-lite.com/rgb-illumination-idq3.html,prefix_ioo,high
IOO-IDQ3-00-120-1-RGB,IOO,IDQ3-00-120-1-RGB,private_oem_supplier,266,data/tms_lite_full.db.products,https://www.tms-lite.com/rgb-illumination-idq3.html,prefix_ioo,high
IOO-IDQ3-00-190-1-RGB,IOO,IDQ3-00-190-1-RGB,private_oem_supplier,267,data/tms_lite_full.db.products,https://www.tms-lite.com/rgb-illumination-idq3.html,prefix_ioo,high
IOO-IDQ3-00-300-1-RGB,IOO,IDQ3-00-300-1-RGB,private_oem_supplier,268,data/tms_lite_full.db.products,https://www.tms-lite.com/rgb-illumination-idq3.html,prefix_ioo,high
IOO-IDQ3-00-120-X-X,IOO,IDQ3-00-120-X-X,private_oem_supplier,269,data/tms_lite_full.db.products,https://www.tms-lite.com/idq-serie.html,prefix_ioo,high
IOO-IDQ3-00-190-X-X,IOO,IDQ3-00-190-X-X,private_oem_supplier,270,data/tms_lite_full.db.products,https://www.tms-lite.com/idq-serie.html,prefix_ioo,high
IOO-IDQ3-00-300-X-X,IOO,IDQ3-00-300-X-X,private_oem_supplier,271,data/tms_lite_full.db.products,https://www.tms-lite.com/idq-serie.html,prefix_ioo,high
IOO-IDQ3-00-120-X-RGB-2,IOO,IDQ3-00-120-X-RGB,private_oem_supplier,272,data/tms_lite_full.db.products,https://www.tms-lite.com/idq-serie.html,prefix_ioo,high
IOO-IDQ3-00-190-X-RGB-2,IOO,IDQ3-00-190-X-RGB,private_oem_supplier,273,data/tms_lite_full.db.products,https://www.tms-lite.com/idq-serie.html,prefix_ioo,high
IOO-IDQ3-00-300-X-RGB-2,IOO,IDQ3-00-300-X-RGB,private_oem_supplier,274,data/tms_lite_full.db.products,https://www.tms-lite.com/idq-serie.html,prefix_ioo,high
IOO-IDQ3-00-120-1-X,IOO,IDQ3-00-120-1-X,private_oem_supplier,275,data/tms_lite_full.db.products,https://www.tms-lite.com/idq-serie.html,prefix_ioo,high
IOO-IDQ3-00-190-1-X,IOO,IDQ3-00-190-1-X,private_oem_supplier,276,data/tms_lite_full.db.products,https://www.tms-lite.com/idq-serie.html,prefix_ioo,high
IOO-IDQ3-00-300-1-X,IOO,IDQ3-00-300-1-X,private_oem_supplier,277,data/tms_lite_full.db.products,https://www.tms-lite.com/idq-serie.html,prefix_ioo,high
IOO-IDQ3-00-120-1-RGB-2,IOO,IDQ3-00-120-1-RGB,private_oem_supplier,278,data/tms_lite_full.db.products,https://www.tms-lite.com/idq-serie.html,prefix_ioo,high
IOO-IDQ3-00-190-1-RGB-2,IOO,IDQ3-00-190-1-RGB,private_oem_supplier,279,data/tms_lite_full.db.products,https://www.tms-lite.com/idq-serie.html,prefix_ioo,high
IOO-IDQ3-00-300-1-RGB-2,IOO,IDQ3-00-300-1-RGB,private_oem_supplier,280,data/tms_lite_full.db.products,https://www.tms-lite.com/idq-serie.html,prefix_ioo,high
IOO-IDT3-00-120-1-X,IOO,IDT3-00-120-1-X,private_oem_supplier,281,data/tms_lite_full.db.products,https://www.tms-lite.com/idt3-serie.html,prefix_ioo,high
IOO-IDT3-00-150-1-X,IOO,IDT3-00-150-1-X,private_oem_supplier,282,data/tms_lite_full.db.products,https://www.tms-lite.com/idt3-serie.html,prefix_ioo,high
IOO-IDT3-00-200-1-X,IOO,IDT3-00-200-1-X,private_oem_supplier,283,data/tms_lite_full.db.products,https://www.tms-lite.com/idt3-serie.html,prefix_ioo,high
IOO-IDT3-00-120-1-RGB,IOO,IDT3-00-120-1-RGB,private_oem_supplier,284,data/tms_lite_full.db.products,https://www.tms-lite.com/idt3-serie.html,prefix_ioo,high
IOO-IDT3-00-150-1-RGB,IOO,IDT3-00-150-1-RGB,private_oem_supplier,285,data/tms_lite_full.db.products,https://www.tms-lite.com/idt3-serie.html,prefix_ioo,high
IOO-IDT3-00-200-1-RGB,IOO,IDT3-00-200-1-RGB,private_oem_supplier,286,data/tms_lite_full.db.products,https://www.tms-lite.com/idt3-serie.html,prefix_ioo,high
IOO-IDT3-00-120-1-RGB-2,IOO,IDT3-00-120-1-RGB,private_oem_supplier,287,data/tms_lite_full.db.products,https://www.tms-lite.com/rgb-illumination-idt3.html,prefix_ioo,high
IOO-IDT3-00-150-1-RGB-2,IOO,IDT3-00-150-1-RGB,private_oem_supplier,288,data/tms_lite_full.db.products,https://www.tms-lite.com/rgb-illumination-idt3.html,prefix_ioo,high
IOO-IDT3-00-200-1-RGB-2,IOO,IDT3-00-200-1-RGB,private_oem_supplier,289,data/tms_lite_full.db.products,https://www.tms-lite.com/rgb-illumination-idt3.html,prefix_ioo,high
IOO-IDS5-00-050-1-X-2,IOO,IDS5-00-050-1-X,private_oem_supplier,290,data/tms_lite_full.db.products,https://www.tms-lite.com/ids5-serie.html,prefix_ioo,high
IOO-IDS5-00-070-1-X-2,IOO,IDS5-00-070-1-X,private_oem_supplier,291,data/tms_lite_full.db.products,https://www.tms-lite.com/ids5-serie.html,prefix_ioo,high
IOO-IDS5-00-100-1-X-2,IOO,IDS5-00-100-1-X,private_oem_supplier,292,data/tms_lite_full.db.products,https://www.tms-lite.com/ids5-serie.html,prefix_ioo,high
IOO-IDS5-00-150-1-X-2,IOO,IDS5-00-150-1-X,private_oem_supplier,293,data/tms_lite_full.db.products,https://www.tms-lite.com/ids5-serie.html,prefix_ioo,high
IOO-IDS5-00-200-1-X-2,IOO,IDS5-00-200-1-X,private_oem_supplier,294,data/tms_lite_full.db.products,https://www.tms-lite.com/ids5-serie.html,prefix_ioo,high
IOO-IDS5-00-250-1-X-2,IOO,IDS5-00-250-1-X,private_oem_supplier,295,data/tms_lite_full.db.products,https://www.tms-lite.com/ids5-serie.html,prefix_ioo,high
IOO-IDS4-00-360-1-X,IOO,IDS4-00-360-1-X,private_oem_supplier,296,data/tms_lite_full.db.products,https://www.tms-lite.com/ids5-serie.html,prefix_ioo,high
IOO-IDS4-00-150-1-RGB,IOO,IDS4-00-150-1-RGB,private_oem_supplier,297,data/tms_lite_full.db.products,https://www.tms-lite.com/ids5-serie.html,prefix_ioo,high
IOO-IDS4-00-200-1-RGB,IOO,IDS4-00-200-1-RGB,private_oem_supplier,298,data/tms_lite_full.db.products,https://www.tms-lite.com/ids5-serie.html,prefix_ioo,high
IOO-IDS5-00-150-1-RGBW-2,IOO,IDS5-00-150-1-RGBW,private_oem_supplier,299,data/tms_lite_full.db.products,https://www.tms-lite.com/ids5-serie.html,prefix_ioo,high
IOO-IDS5-00-200-1-RGBW-2,IOO,IDS5-00-200-1-RGBW,private_oem_supplier,300,data/tms_lite_full.db.products,https://www.tms-lite.com/ids5-serie.html,prefix_ioo,high
IOO-IDS5-00-250-1-RGBW-2,IOO,IDS5-00-250-1-RGBW,private_oem_supplier,301,data/tms_lite_full.db.products,https://www.tms-lite.com/ids5-serie.html,prefix_ioo,high
IOO-IDS4-00-150-1-RGB-2,IOO,IDS4-00-150-1-RGB,private_oem_supplier,302,data/tms_lite_full.db.products,https://www.tms-lite.com/rgb-illumination-ids4.html,prefix_ioo,high
IOO-IDS4-00-200-1-RGB-2,IOO,IDS4-00-200-1-RGB,private_oem_supplier,303,data/tms_lite_full.db.products,https://www.tms-lite.com/rgb-illumination-ids4.html,prefix_ioo,high
IOO-LLA-90-050-1-X,IOO,LLA-90-050-1-X,private_oem_supplier,304,data/tms_lite_full.db.products,https://www.tms-lite.com/lla-90-serie.html,prefix_ioo,high
IOO-LLA-90-080-1-X,IOO,LLA-90-080-1-X,private_oem_supplier,305,data/tms_lite_full.db.products,https://www.tms-lite.com/lla-90-serie.html,prefix_ioo,high
IOO-LLA-90-100-1-X,IOO,LLA-90-100-1-X,private_oem_supplier,306,data/tms_lite_full.db.products,https://www.tms-lite.com/lla-90-serie.html,prefix_ioo,high
IOO-LLA-90-118-1-X,IOO,LLA-90-118-1-X,private_oem_supplier,307,data/tms_lite_full.db.products,https://www.tms-lite.com/lla-90-serie.html,prefix_ioo,high
IOO-LLA-90-120-1-X,IOO,LLA-90-120-1-X,private_oem_supplier,308,data/tms_lite_full.db.products,https://www.tms-lite.com/lla-90-serie.html,prefix_ioo,high
IOO-LLA-90-150-1-X,IOO,LLA-90-150-1-X,private_oem_supplier,309,data/tms_lite_full.db.products,https://www.tms-lite.com/lla-90-serie.html,prefix_ioo,high
IOO-LLA-90-180-1-X,IOO,LLA-90-180-1-X,private_oem_supplier,310,data/tms_lite_full.db.products,https://www.tms-lite.com/lla-90-serie.html,prefix_ioo,high
IOO-LLA-90-210-1-X,IOO,LLA-90-210-1-X,private_oem_supplier,311,data/tms_lite_full.db.products,https://www.tms-lite.com/lla-90-serie.html,prefix_ioo,high
IOO-LLA-90-230-1-X,IOO,LLA-90-230-1-X,private_oem_supplier,312,data/tms_lite_full.db.products,https://www.tms-lite.com/lla-90-serie.html,prefix_ioo,high
IOO-LBRX-00-040-6-X-2,IOO,LBRX-00-040-6-X,private_oem_supplier,313,data/tms_lite_full.db.products,https://www.tms-lite.com/lbrx-6-rows.html,prefix_ioo,high
IOO-LBRX-00-080-6-X-2,IOO,LBRX-00-080-6-X,private_oem_supplier,314,data/tms_lite_full.db.products,https://www.tms-lite.com/lbrx-6-rows.html,prefix_ioo,high
IOO-LBRX-00-120-6-X-2,IOO,LBRX-00-120-6-X,private_oem_supplier,315,data/tms_lite_full.db.products,https://www.tms-lite.com/lbrx-6-rows.html,prefix_ioo,high
IOO-LBRX-00-160-6-X-2,IOO,LBRX-00-160-6-X,private_oem_supplier,316,data/tms_lite_full.db.products,https://www.tms-lite.com/lbrx-6-rows.html,prefix_ioo,high
IOO-LBRX-00-200-6-X-2,IOO,LBRX-00-200-6-X,private_oem_supplier,317,data/tms_lite_full.db.products,https://www.tms-lite.com/lbrx-6-rows.html,prefix_ioo,high
IOO-LBRQ-00-040-3-X-2,IOO,LBRQ-00-040-3-X,private_oem_supplier,318,data/tms_lite_full.db.products,https://www.tms-lite.com/lbrq-3-rows.html,prefix_ioo,high
IOO-LBRQ-00-080-3-X-2,IOO,LBRQ-00-080-3-X,private_oem_supplier,319,data/tms_lite_full.db.products,https://www.tms-lite.com/lbrq-3-rows.html,prefix_ioo,high
IOO-LBRQ-00-120-3-X-2,IOO,LBRQ-00-120-3-X,private_oem_supplier,320,data/tms_lite_full.db.products,https://www.tms-lite.com/lbrq-3-rows.html,prefix_ioo,high
IOO-LBRQ-00-160-3-X-2,IOO,LBRQ-00-160-3-X,private_oem_supplier,321,data/tms_lite_full.db.products,https://www.tms-lite.com/lbrq-3-rows.html,prefix_ioo,high
IOO-LBRQ-00-200-3-X-2,IOO,LBRQ-00-200-3-X,private_oem_supplier,322,data/tms_lite_full.db.products,https://www.tms-lite.com/lbrq-3-rows.html,prefix_ioo,high
IOO-LBRX-00-040-3-X-2,IOO,LBRX-00-040-3-X,private_oem_supplier,323,data/tms_lite_full.db.products,https://www.tms-lite.com/lbrx-3-rows.html,prefix_ioo,high
IOO-LBRX-00-080-3-X-2,IOO,LBRX-00-080-3-X,private_oem_supplier,324,data/tms_lite_full.db.products,https://www.tms-lite.com/lbrx-3-rows.html,prefix_ioo,high
IOO-LBRX-00-120-3-X-2,IOO,LBRX-00-120-3-X,private_oem_supplier,325,data/tms_lite_full.db.products,https://www.tms-lite.com/lbrx-3-rows.html,prefix_ioo,high
IOO-LBRX-00-160-3-X-2,IOO,LBRX-00-160-3-X,private_oem_supplier,326,data/tms_lite_full.db.products,https://www.tms-lite.com/lbrx-3-rows.html,prefix_ioo,high
IOO-LBRX-00-200-3-X-2,IOO,LBRX-00-200-3-X,private_oem_supplier,327,data/tms_lite_full.db.products,https://www.tms-lite.com/lbrx-3-rows.html,prefix_ioo,high
IOO-LLA-75-120-3-X,IOO,LLA-75-120-3-X,private_oem_supplier,328,data/tms_lite_full.db.products,https://www.tms-lite.com/lla-75-serie.html,prefix_ioo,high
IOO-LLA-75-130-3-X,IOO,LLA-75-130-3-X,private_oem_supplier,329,data/tms_lite_full.db.products,https://www.tms-lite.com/lla-75-serie.html,prefix_ioo,high
IOO-LLA-75-170-3-X,IOO,LLA-75-170-3-X,private_oem_supplier,330,data/tms_lite_full.db.products,https://www.tms-lite.com/lla-75-serie.html,prefix_ioo,high
IOO-LLA-75-180-3-X,IOO,LLA-75-180-3-X,private_oem_supplier,331,data/tms_lite_full.db.products,https://www.tms-lite.com/lla-75-serie.html,prefix_ioo,high
IOO-LLA-75-230-3-X,IOO,LLA-75-230-3-X,private_oem_supplier,332,data/tms_lite_full.db.products,https://www.tms-lite.com/lla-75-serie.html,prefix_ioo,high
IOO-LLA-60-060-2-X,IOO,LLA-60-060-2-X,private_oem_supplier,333,data/tms_lite_full.db.products,https://www.tms-lite.com/lla-60-serie.html,prefix_ioo,high
IOO-LLA-60-070-1-X-2,IOO,LLA-60-070-1-X,private_oem_supplier,334,data/tms_lite_full.db.products,https://www.tms-lite.com/lla-60-serie.html,prefix_ioo,high
IOO-LLA-60-070-2-X,IOO,LLA-60-070-2-X,private_oem_supplier,335,data/tms_lite_full.db.products,https://www.tms-lite.com/lla-60-serie.html,prefix_ioo,high
IOO-LLA-60-090-2-X-3,IOO,LLA-60-090-2-X,private_oem_supplier,336,data/tms_lite_full.db.products,https://www.tms-lite.com/lla-60-serie.html,prefix_ioo,high
IOO-LLA-60-100-2-X,IOO,LLA-60-100-2-X,private_oem_supplier,337,data/tms_lite_full.db.products,https://www.tms-lite.com/lla-60-serie.html,prefix_ioo,high
IOO-LLA-60-150-3-X,IOO,LLA-60-150-3-X,private_oem_supplier,338,data/tms_lite_full.db.products,https://www.tms-lite.com/lla-60-serie.html,prefix_ioo,high
IOO-LLA-60-200-2-X,IOO,LLA-60-200-2-X,private_oem_supplier,339,data/tms_lite_full.db.products,https://www.tms-lite.com/lla-60-serie.html,prefix_ioo,high
IOO-LLA-60-235-2-X,IOO,LLA-60-235-2-X,private_oem_supplier,340,data/tms_lite_full.db.products,https://www.tms-lite.com/lla-60-serie.html,prefix_ioo,high
IOO-LLA-60-263-2-X,IOO,LLA-60-263-2-X,private_oem_supplier,341,data/tms_lite_full.db.products,https://www.tms-lite.com/lla-60-serie.html,prefix_ioo,high
IOO-LLA-60-430-3-X,IOO,LLA-60-430-3-X,private_oem_supplier,342,data/tms_lite_full.db.products,https://www.tms-lite.com/lla-60-serie.html,prefix_ioo,high
IOO-IR850,IOO,IR850,private_oem_supplier,343,data/tms_lite_full.db.products,https://www.tms-lite.com/lla-60-serie.html,prefix_ioo,high
IOO-IDD-00-045-4-X,IOO,IDD-00-045-4-X,private_oem_supplier,344,data/tms_lite_full.db.products,https://www.tms-lite.com/idd-series.html,prefix_ioo,high
IOO-IDD-00-075-7-X,IOO,IDD-00-075-7-X,private_oem_supplier,345,data/tms_lite_full.db.products,https://www.tms-lite.com/idd-series.html,prefix_ioo,high
IOO-LSW-00-040-2-X,IOO,LSW-00-040-2-X,private_oem_supplier,346,data/tms_lite_full.db.products,https://www.tms-lite.com/lsw-series.html,prefix_ioo,high
IOO-LSW-00-050-1-X,IOO,LSW-00-050-1-X,private_oem_supplier,347,data/tms_lite_full.db.products,https://www.tms-lite.com/lsw-series.html,prefix_ioo,high
IOO-LSW-00-050-2-X,IOO,LSW-00-050-2-X,private_oem_supplier,348,data/tms_lite_full.db.products,https://www.tms-lite.com/lsw-series.html,prefix_ioo,high
IOO-LSW-00-070-3-X,IOO,LSW-00-070-3-X,private_oem_supplier,349,data/tms_lite_full.db.products,https://www.tms-lite.com/lsw-series.html,prefix_ioo,high
IOO-LSW-00-090-4-X,IOO,LSW-00-090-4-X,private_oem_supplier,350,data/tms_lite_full.db.products,https://www.tms-lite.com/lsw-series.html,prefix_ioo,high
IOO-LSW-00-157-7-X-24V,IOO,LSW-00-157-7-X-24V,private_oem_supplier,351,data/tms_lite_full.db.products,https://www.tms-lite.com/lsw-series.html,prefix_ioo,high
IOO-LSW-15-038-2-X,IOO,LSW-15-038-2-X,private_oem_supplier,352,data/tms_lite_full.db.products,https://www.tms-lite.com/lsw-series.html,prefix_ioo,high
IOO-LSW-15-050-2-X,IOO,LSW-15-050-2-X,private_oem_supplier,353,data/tms_lite_full.db.products,https://www.tms-lite.com/lsw-series.html,prefix_ioo,high
IOO-LSW-15-070-2-X-2,IOO,LSW-15-070-2-X,private_oem_supplier,354,data/tms_lite_full.db.products,https://www.tms-lite.com/lsw-series.html,prefix_ioo,high
IOO-LSW-15-070-3-X-2,IOO,LSW-15-070-3-X,private_oem_supplier,355,data/tms_lite_full.db.products,https://www.tms-lite.com/lsw-series.html,prefix_ioo,high
IOO-LSW-15-090-4-X,IOO,LSW-15-090-4-X,private_oem_supplier,356,data/tms_lite_full.db.products,https://www.tms-lite.com/lsw-series.html,prefix_ioo,high
IOO-LSW-15-100-5-X,IOO,LSW-15-100-5-X,private_oem_supplier,357,data/tms_lite_full.db.products,https://www.tms-lite.com/lsw-series.html,prefix_ioo,high
IOO-LSW-30-040-2-X,IOO,LSW-30-040-2-X,private_oem_supplier,358,data/tms_lite_full.db.products,https://www.tms-lite.com/lsw-series.html,prefix_ioo,high
IOO-LSW-30-050-2-X,IOO,LSW-30-050-2-X,private_oem_supplier,359,data/tms_lite_full.db.products,https://www.tms-lite.com/lsw-series.html,prefix_ioo,high
IOO-LSW-30-070-3-X,IOO,LSW-30-070-3-X,private_oem_supplier,360,data/tms_lite_full.db.products,https://www.tms-lite.com/lsw-series.html,prefix_ioo,high
IOO-LSW-30-090-4-X,IOO,LSW-30-090-4-X,private_oem_supplier,361,data/tms_lite_full.db.products,https://www.tms-lite.com/lsw-series.html,prefix_ioo,high
IOO-LSW-30-130-5-X,IOO,LSW-30-130-5-X,private_oem_supplier,362,data/tms_lite_full.db.products,https://www.tms-lite.com/lsw-series.html,prefix_ioo,high
IOO-LSW-45-050-2-X,IOO,LSW-45-050-2-X,private_oem_supplier,363,data/tms_lite_full.db.products,https://www.tms-lite.com/lsw-series.html,prefix_ioo,high
IOO-LSW-45-070-3-X,IOO,LSW-45-070-3-X,private_oem_supplier,364,data/tms_lite_full.db.products,https://www.tms-lite.com/lsw-series.html,prefix_ioo,high
IOO-LSW-45-090-4-X,IOO,LSW-45-090-4-X,private_oem_supplier,365,data/tms_lite_full.db.products,https://www.tms-lite.com/lsw-series.html,prefix_ioo,high
IOO-LSW-45-100-5-X,IOO,LSW-45-100-5-X,private_oem_supplier,366,data/tms_lite_full.db.products,https://www.tms-lite.com/lsw-series.html,prefix_ioo,high
IOO-LSW-45-120-3-X-24V,IOO,LSW-45-120-3-X-24V,private_oem_supplier,367,data/tms_lite_full.db.products,https://www.tms-lite.com/lsw-series.html,prefix_ioo,high
IOO-LSW-45-170-5-X-24V,IOO,LSW-45-170-5-X-24V,private_oem_supplier,368,data/tms_lite_full.db.products,https://www.tms-lite.com/lsw-series.html,prefix_ioo,high
IOO-LSW-00-157-7-X,IOO,LSW-00-157-7-X,private_oem_supplier,369,data/tms_lite_full.db.products,https://www.tms-lite.com/lsw-series.html,prefix_ioo,high
IOO-LSW-45-120-3-X,IOO,LSW-45-120-3-X,private_oem_supplier,370,data/tms_lite_full.db.products,https://www.tms-lite.com/lsw-series.html,prefix_ioo,high
IOO-LSW-45-170-5-X,IOO,LSW-45-170-5-X,private_oem_supplier,371,data/tms_lite_full.db.products,https://www.tms-lite.com/lsw-series.html,prefix_ioo,high
IOO-LSQF-00-033-1-X,IOO,LSQF-00-033-1-X,private_oem_supplier,372,data/tms_lite_full.db.products,https://www.tms-lite.com/lsqf-series-stackable.html,prefix_ioo,high
IOO-LSQF-00-045-1-X,IOO,LSQF-00-045-1-X,private_oem_supplier,373,data/tms_lite_full.db.products,https://www.tms-lite.com/lsqf-series-stackable.html,prefix_ioo,high
IOO-LSQF-00-051-1-X,IOO,LSQF-00-051-1-X,private_oem_supplier,374,data/tms_lite_full.db.products,https://www.tms-lite.com/lsqf-series-stackable.html,prefix_ioo,high
IOO-LSQF-15-033-1-X,IOO,LSQF-15-033-1-X,private_oem_supplier,375,data/tms_lite_full.db.products,https://www.tms-lite.com/lsqf-series-stackable.html,prefix_ioo,high
IOO-LSQF-15-045-1-X,IOO,LSQF-15-045-1-X,private_oem_supplier,376,data/tms_lite_full.db.products,https://www.tms-lite.com/lsqf-series-stackable.html,prefix_ioo,high
IOO-LSQF-15-051-1-X,IOO,LSQF-15-051-1-X,private_oem_supplier,377,data/tms_lite_full.db.products,https://www.tms-lite.com/lsqf-series-stackable.html,prefix_ioo,high
IOO-LSQF-30-033-1-X,IOO,LSQF-30-033-1-X,private_oem_supplier,378,data/tms_lite_full.db.products,https://www.tms-lite.com/lsqf-series-stackable.html,prefix_ioo,high
IOO-LSQF-30-045-1-X,IOO,LSQF-30-045-1-X,private_oem_supplier,379,data/tms_lite_full.db.products,https://www.tms-lite.com/lsqf-series-stackable.html,prefix_ioo,high
IOO-LSQF-30-051-1-X,IOO,LSQF-30-051-1-X,private_oem_supplier,380,data/tms_lite_full.db.products,https://www.tms-lite.com/lsqf-series-stackable.html,prefix_ioo,high
IOO-LSQF-45-033-1-X,IOO,LSQF-45-033-1-X,private_oem_supplier,381,data/tms_lite_full.db.products,https://www.tms-lite.com/lsqf-series-stackable.html,prefix_ioo,high
IOO-LSQF-45-045-1-X,IOO,LSQF-45-045-1-X,private_oem_supplier,382,data/tms_lite_full.db.products,https://www.tms-lite.com/lsqf-series-stackable.html,prefix_ioo,high
IOO-LSQF-45-051-1-X,IOO,LSQF-45-051-1-X,private_oem_supplier,383,data/tms_lite_full.db.products,https://www.tms-lite.com/lsqf-series-stackable.html,prefix_ioo,high
IOO-LSQ-00-033-1-X,IOO,LSQ-00-033-1-X,private_oem_supplier,384,data/tms_lite_full.db.products,https://www.tms-lite.com/lsq-series-stackable.html,prefix_ioo,high
IOO-LSQ-00-045-1-X,IOO,LSQ-00-045-1-X,private_oem_supplier,385,data/tms_lite_full.db.products,https://www.tms-lite.com/lsq-series-stackable.html,prefix_ioo,high
IOO-LSQ-00-051-1-X,IOO,LSQ-00-051-1-X,private_oem_supplier,386,data/tms_lite_full.db.products,https://www.tms-lite.com/lsq-series-stackable.html,prefix_ioo,high
IOO-LSQ-15-033-1-X,IOO,LSQ-15-033-1-X,private_oem_supplier,387,data/tms_lite_full.db.products,https://www.tms-lite.com/lsq-series-stackable.html,prefix_ioo,high
IOO-LSQ-15-045-1-X,IOO,LSQ-15-045-1-X,private_oem_supplier,388,data/tms_lite_full.db.products,https://www.tms-lite.com/lsq-series-stackable.html,prefix_ioo,high
IOO-LSQ-15-051-1-X,IOO,LSQ-15-051-1-X,private_oem_supplier,389,data/tms_lite_full.db.products,https://www.tms-lite.com/lsq-series-stackable.html,prefix_ioo,high
IOO-LSQ-30-033-1-X,IOO,LSQ-30-033-1-X,private_oem_supplier,390,data/tms_lite_full.db.products,https://www.tms-lite.com/lsq-series-stackable.html,prefix_ioo,high
IOO-LSQ-30-045-1-X,IOO,LSQ-30-045-1-X,private_oem_supplier,391,data/tms_lite_full.db.products,https://www.tms-lite.com/lsq-series-stackable.html,prefix_ioo,high
IOO-LSQ-30-051-1-X,IOO,LSQ-30-051-1-X,private_oem_supplier,392,data/tms_lite_full.db.products,https://www.tms-lite.com/lsq-series-stackable.html,prefix_ioo,high
IOO-LSQ-45-033-1-X,IOO,LSQ-45-033-1-X,private_oem_supplier,393,data/tms_lite_full.db.products,https://www.tms-lite.com/lsq-series-stackable.html,prefix_ioo,high
IOO-LSQ-45-045-1-X,IOO,LSQ-45-045-1-X,private_oem_supplier,394,data/tms_lite_full.db.products,https://www.tms-lite.com/lsq-series-stackable.html,prefix_ioo,high
IOO-LSQ-45-051-1-X,IOO,LSQ-45-051-1-X,private_oem_supplier,395,data/tms_lite_full.db.products,https://www.tms-lite.com/lsq-series-stackable.html,prefix_ioo,high
IOO-R,IOO,R,private_oem_supplier,396,data/tms_lite_full.db.products,https://www.tms-lite.com/lsq-series-stackable.html,prefix_ioo,high
IOO-LSQ-45-030-1-X,IOO,LSQ-45-030-1-X,private_oem_supplier,397,data/tms_lite_full.db.products,https://www.tms-lite.com/lsq-45-series.html,prefix_ioo,high
IOO-LSQ-45-040-1-X,IOO,LSQ-45-040-1-X,private_oem_supplier,398,data/tms_lite_full.db.products,https://www.tms-lite.com/lsq-45-series.html,prefix_ioo,high
IOO-LSQ-45-050-1-X,IOO,LSQ-45-050-1-X,private_oem_supplier,399,data/tms_lite_full.db.products,https://www.tms-lite.com/lsq-45-series.html,prefix_ioo,high
IOO-LSQ-00-050-2-X,IOO,LSQ-00-050-2-X,private_oem_supplier,400,data/tms_lite_full.db.products,https://www.tms-lite.com/lsq-00-series.html,prefix_ioo,high
IOO-LSQ-00-060-3-X,IOO,LSQ-00-060-3-X,private_oem_supplier,401,data/tms_lite_full.db.products,https://www.tms-lite.com/lsq-00-series.html,prefix_ioo,high
IOO-HLBQ3-00-065-1-X,IOO,HLBQ3-00-065-1-X,private_oem_supplier,402,data/tms_lite_full.db.products,https://www.tms-lite.com/hlbq3-series.html,prefix_ioo,high
IOO-HLBQ3-00-130-1-X,IOO,HLBQ3-00-130-1-X,private_oem_supplier,403,data/tms_lite_full.db.products,https://www.tms-lite.com/hlbq3-series.html,prefix_ioo,high
IOO-MLBX2-00-060-2-X,IOO,MLBX2-00-060-2-X,private_oem_supplier,404,data/tms_lite_full.db.products,https://www.tms-lite.com/mlbx-serie.html,prefix_ioo,high
IOO-MLBX2-00-090-2-X,IOO,MLBX2-00-090-2-X,private_oem_supplier,405,data/tms_lite_full.db.products,https://www.tms-lite.com/mlbx-serie.html,prefix_ioo,high
IOO-MLBX2-00-120-2-X,IOO,MLBX2-00-120-2-X,private_oem_supplier,406,data/tms_lite_full.db.products,https://www.tms-lite.com/mlbx-serie.html,prefix_ioo,high
IOO-MLBX2-00-150-2-X,IOO,MLBX2-00-150-2-X,private_oem_supplier,407,data/tms_lite_full.db.products,https://www.tms-lite.com/mlbx-serie.html,prefix_ioo,high
IOO-MLBX2-00-060-2-RGB,IOO,MLBX2-00-060-2-RGB,private_oem_supplier,408,data/tms_lite_full.db.products,https://www.tms-lite.com/mlbx-serie.html,prefix_ioo,high
IOO-MLBX2-00-090-2-RGB,IOO,MLBX2-00-090-2-RGB,private_oem_supplier,409,data/tms_lite_full.db.products,https://www.tms-lite.com/mlbx-serie.html,prefix_ioo,high
IOO-MLBX2-00-120-2-RGB,IOO,MLBX2-00-120-2-RGB,private_oem_supplier,410,data/tms_lite_full.db.products,https://www.tms-lite.com/mlbx-serie.html,prefix_ioo,high
IOO-MLBX2-00-150-2-RGB,IOO,MLBX2-00-150-2-RGB,private_oem_supplier,411,data/tms_lite_full.db.products,https://www.tms-lite.com/mlbx-serie.html,prefix_ioo,high
IOO-HLBRX-00-040-3-X,IOO,HLBRX-00-040-3-X,private_oem_supplier,412,data/tms_lite_full.db.products,https://www.tms-lite.com/hlbrx-serie.html,prefix_ioo,high
IOO-HLBRX-00-080-3-X,IOO,HLBRX-00-080-3-X,private_oem_supplier,413,data/tms_lite_full.db.products,https://www.tms-lite.com/hlbrx-serie.html,prefix_ioo,high
IOO-MLBQ-00-090-2-RGBW-2,IOO,MLBQ-00-090-2-RGBW,private_oem_supplier,414,data/tms_lite_full.db.products,https://www.tms-lite.com/mlbq-serie.html,prefix_ioo,high
IOO-LBQ25-00-050-3-X,IOO,LBQ25-00-050-3-X,private_oem_supplier,415,data/tms_lite_full.db.products,https://www.tms-lite.com/lbq-serie.html,prefix_ioo,high
IOO-LBQ30-00-060-3-X,IOO,LBQ30-00-060-3-X,private_oem_supplier,416,data/tms_lite_full.db.products,https://www.tms-lite.com/lbq-serie.html,prefix_ioo,high
IOO-LBQ40-00-080-3-X,IOO,LBQ40-00-080-3-X,private_oem_supplier,417,data/tms_lite_full.db.products,https://www.tms-lite.com/lbq-serie.html,prefix_ioo,high
IOO-LBQ45-00-090-3-X,IOO,LBQ45-00-090-3-X,private_oem_supplier,418,data/tms_lite_full.db.products,https://www.tms-lite.com/lbq-serie.html,prefix_ioo,high
IOO-LBS25-00-050-3-X,IOO,LBS25-00-050-3-X,private_oem_supplier,419,data/tms_lite_full.db.products,https://www.tms-lite.com/lbs-serie.html,prefix_ioo,high
IOO-LBS30-00-060-3-X,IOO,LBS30-00-060-3-X,private_oem_supplier,420,data/tms_lite_full.db.products,https://www.tms-lite.com/lbs-serie.html,prefix_ioo,high
IOO-LBS40-00-080-3-X,IOO,LBS40-00-080-3-X,private_oem_supplier,421,data/tms_lite_full.db.products,https://www.tms-lite.com/lbs-serie.html,prefix_ioo,high
IOO-LBS45-00-135-3-X,IOO,LBS45-00-135-3-X,private_oem_supplier,422,data/tms_lite_full.db.products,https://www.tms-lite.com/lbs-serie.html,prefix_ioo,high
IOO-LBMQ-00-040-1-X,IOO,LBMQ-00-040-1-X,private_oem_supplier,423,data/tms_lite_full.db.products,https://www.tms-lite.com/lbmq-serie.html,prefix_ioo,high
IOO-LBMQ-00-040-2-X,IOO,LBMQ-00-040-2-X,private_oem_supplier,424,data/tms_lite_full.db.products,https://www.tms-lite.com/lbmq-serie.html,prefix_ioo,high
IOO-LBMQ-00-040-3-X,IOO,LBMQ-00-040-3-X,private_oem_supplier,425,data/tms_lite_full.db.products,https://www.tms-lite.com/lbmq-serie.html,prefix_ioo,high
IOO-LBMQ-00-040-1-X-24V,IOO,LBMQ-00-040-1-X-24V,private_oem_supplier,426,data/tms_lite_full.db.products,https://www.tms-lite.com/lbmq-serie.html,prefix_ioo,high
IOO-LBMQ-00-040-2-X-24V,IOO,LBMQ-00-040-2-X-24V,private_oem_supplier,427,data/tms_lite_full.db.products,https://www.tms-lite.com/lbmq-serie.html,prefix_ioo,high
IOO-LBMQ-00-040-3-X-24V,IOO,LBMQ-00-040-3-X-24V,private_oem_supplier,428,data/tms_lite_full.db.products,https://www.tms-lite.com/lbmq-serie.html,prefix_ioo,high
IOO-LBM-00-040-1-X,IOO,LBM-00-040-1-X,private_oem_supplier,429,data/tms_lite_full.db.products,https://www.tms-lite.com/lbm-serie.html,prefix_ioo,high
IOO-LBM-00-080-1-X,IOO,LBM-00-080-1-X,private_oem_supplier,430,data/tms_lite_full.db.products,https://www.tms-lite.com/lbm-serie.html,prefix_ioo,high
IOO-LBM-00-040-2-X,IOO,LBM-00-040-2-X,private_oem_supplier,431,data/tms_lite_full.db.products,https://www.tms-lite.com/lbm-serie.html,prefix_ioo,high
IOO-LBM-00-080-2-X,IOO,LBM-00-080-2-X,private_oem_supplier,432,data/tms_lite_full.db.products,https://www.tms-lite.com/lbm-serie.html,prefix_ioo,high
IOO-LBM-00-040-3-X,IOO,LBM-00-040-3-X,private_oem_supplier,433,data/tms_lite_full.db.products,https://www.tms-lite.com/lbm-serie.html,prefix_ioo,high
IOO-LBM-00-080-3-X,IOO,LBM-00-080-3-X,private_oem_supplier,434,data/tms_lite_full.db.products,https://www.tms-lite.com/lbm-serie.html,prefix_ioo,high
IOO-LBM-00-040-1-X-24V,IOO,LBM-00-040-1-X-24V,private_oem_supplier,435,data/tms_lite_full.db.products,https://www.tms-lite.com/lbm-serie.html,prefix_ioo,high
IOO-LBM-00-080-1-X-24V,IOO,LBM-00-080-1-X-24V,private_oem_supplier,436,data/tms_lite_full.db.products,https://www.tms-lite.com/lbm-serie.html,prefix_ioo,high
IOO-LBM-00-040-2-X-24V,IOO,LBM-00-040-2-X-24V,private_oem_supplier,437,data/tms_lite_full.db.products,https://www.tms-lite.com/lbm-serie.html,prefix_ioo,high
IOO-LBM-00-080-2-X-24V,IOO,LBM-00-080-2-X-24V,private_oem_supplier,438,data/tms_lite_full.db.products,https://www.tms-lite.com/lbm-serie.html,prefix_ioo,high
IOO-LBM-00-040-3-X-24V,IOO,LBM-00-040-3-X-24V,private_oem_supplier,439,data/tms_lite_full.db.products,https://www.tms-lite.com/lbm-serie.html,prefix_ioo,high
IOO-LBM-00-080-3-X-24V,IOO,LBM-00-080-3-X-24V,private_oem_supplier,440,data/tms_lite_full.db.products,https://www.tms-lite.com/lbm-serie.html,prefix_ioo,high
IOO-LBRQ-00-040-6-X-2,IOO,LBRQ-00-040-6-X,private_oem_supplier,441,data/tms_lite_full.db.products,https://www.tms-lite.com/lbrq-6-rows.html,prefix_ioo,high
IOO-LBRQ-00-080-6-X-2,IOO,LBRQ-00-080-6-X,private_oem_supplier,442,data/tms_lite_full.db.products,https://www.tms-lite.com/lbrq-6-rows.html,prefix_ioo,high
IOO-LBRQ-00-120-6-X-2,IOO,LBRQ-00-120-6-X,private_oem_supplier,443,data/tms_lite_full.db.products,https://www.tms-lite.com/lbrq-6-rows.html,prefix_ioo,high
IOO-LBRQ-00-160-6-X-2,IOO,LBRQ-00-160-6-X,private_oem_supplier,444,data/tms_lite_full.db.products,https://www.tms-lite.com/lbrq-6-rows.html,prefix_ioo,high
IOO-LBRQ-00-200-6-X-2,IOO,LBRQ-00-200-6-X,private_oem_supplier,445,data/tms_lite_full.db.products,https://www.tms-lite.com/lbrq-6-rows.html,prefix_ioo,high
IOO-R-2,IOO,R,private_oem_supplier,446,data/tms_lite_full.db.products,https://www.tms-lite.com/hlbq2-serie.html,prefix_ioo,high
IOO-HLBQ2-00-065-1-X,IOO,HLBQ2-00-065-1-X,private_oem_supplier,447,data/tms_lite_full.db.products,https://www.tms-lite.com/hlbq2-serie.html,prefix_ioo,high
IOO-HLBQ2-00-130-1-X,IOO,HLBQ2-00-130-1-X,private_oem_supplier,448,data/tms_lite_full.db.products,https://www.tms-lite.com/hlbq2-serie.html,prefix_ioo,high
IOO-HDLBQ-00-065-1-X,IOO,HDLBQ-00-065-1-X,private_oem_supplier,449,data/tms_lite_full.db.products,https://www.tms-lite.com/hdlbq-serie.html,prefix_ioo,high
IOO-HDLBQ-00-130-1-X,IOO,HDLBQ-00-130-1-X,private_oem_supplier,450,data/tms_lite_full.db.products,https://www.tms-lite.com/hdlbq-serie.html,prefix_ioo,high
IOO-HDLB-00-065-1-X,IOO,HDLB-00-065-1-X,private_oem_supplier,451,data/tms_lite_full.db.products,https://www.tms-lite.com/hdlb-serie.html,prefix_ioo,high
IOO-HDLB-00-130-1-X,IOO,HDLB-00-130-1-X,private_oem_supplier,452,data/tms_lite_full.db.products,https://www.tms-lite.com/hdlb-serie.html,prefix_ioo,high
IOO-LBRX-00-080-12-X,IOO,LBRX-00-080-12-X,private_oem_supplier,453,data/tms_lite_full.db.products,https://www.tms-lite.com/lbrx-12-rows-series.html,prefix_ioo,high
IOO-LBRX-00-160-12-X,IOO,LBRX-00-160-12-X,private_oem_supplier,454,data/tms_lite_full.db.products,https://www.tms-lite.com/lbrx-12-rows-series.html,prefix_ioo,high
IOO-HLBS3-00-065-2-X,IOO,HLBS3-00-065-2-X,private_oem_supplier,455,data/tms_lite_full.db.products,https://www.tms-lite.com/hlbs3-2-rows-series.html,prefix_ioo,high
IOO-HLBS3-00-130-2-X,IOO,HLBS3-00-130-2-X,private_oem_supplier,456,data/tms_lite_full.db.products,https://www.tms-lite.com/hlbs3-2-rows-series.html,prefix_ioo,high
IOO-HLBS2-00-065-2-X,IOO,HLBS2-00-065-2-X,private_oem_supplier,457,data/tms_lite_full.db.products,https://www.tms-lite.com/hlbs2-2-rows-series.html,prefix_ioo,high
IOO-HLBS2-00-130-2-X,IOO,HLBS2-00-130-2-X,private_oem_supplier,458,data/tms_lite_full.db.products,https://www.tms-lite.com/hlbs2-2-rows-series.html,prefix_ioo,high
IOO-HLBS3-00-065-1-X,IOO,HLBS3-00-065-1-X,private_oem_supplier,459,data/tms_lite_full.db.products,https://www.tms-lite.com/hlbs3-series.html,prefix_ioo,high
IOO-HLBS3-00-130-1-X,IOO,HLBS3-00-130-1-X,private_oem_supplier,460,data/tms_lite_full.db.products,https://www.tms-lite.com/hlbs3-series.html,prefix_ioo,high
IOO-HLBS2-00-065-1-X,IOO,HLBS2-00-065-1-X,private_oem_supplier,461,data/tms_lite_full.db.products,https://www.tms-lite.com/hlbs2-1row-series.html,prefix_ioo,high
IOO-HLBS2-00-130-1-X,IOO,HLBS2-00-130-1-X,private_oem_supplier,462,data/tms_lite_full.db.products,https://www.tms-lite.com/hlbs2-1row-series.html,prefix_ioo,high
IOO-LBRX2-00-080-6-X,IOO,LBRX2-00-080-6-X,private_oem_supplier,463,data/tms_lite_full.db.products,https://www.tms-lite.com/lbrx2-6-rows-series.html,prefix_ioo,high
IOO-CAS2-00-020-X-X-2,IOO,CAS2-00-020-X-X,private_oem_supplier,464,data/tms_lite_full.db.products,https://www.tms-lite.com/cas2-12v-beleuchtungen.html,prefix_ioo,high
IOO-CAS2-00-040-X-X-4,IOO,CAS2-00-040-X-X,private_oem_supplier,465,data/tms_lite_full.db.products,https://www.tms-lite.com/cas2-12v-beleuchtungen.html,prefix_ioo,high
IOO-LSW-00-050-2-X-2,IOO,LSW-00-050-2-X,private_oem_supplier,466,data/tms_lite_full.db.products,https://www.tms-lite.com/lsw-12v-illumination-series.html,prefix_ioo,high
IOO-LSW-15-050-2-X-2,IOO,LSW-15-050-2-X,private_oem_supplier,467,data/tms_lite_full.db.products,https://www.tms-lite.com/lsw-12v-illumination-series.html,prefix_ioo,high
IOO-LSW-15-070-3-X-3,IOO,LSW-15-070-3-X,private_oem_supplier,468,data/tms_lite_full.db.products,https://www.tms-lite.com/lsw-12v-illumination-series.html,prefix_ioo,high
IOO-LSW-15-090-4-X-2,IOO,LSW-15-090-4-X,private_oem_supplier,469,data/tms_lite_full.db.products,https://www.tms-lite.com/lsw-12v-illumination-series.html,prefix_ioo,high
IOO-LSW-30-050-2-X-2,IOO,LSW-30-050-2-X,private_oem_supplier,470,data/tms_lite_full.db.products,https://www.tms-lite.com/lsw-12v-illumination-series.html,prefix_ioo,high
IOO-LSW-30-070-3-X-2,IOO,LSW-30-070-3-X,private_oem_supplier,471,data/tms_lite_full.db.products,https://www.tms-lite.com/lsw-12v-illumination-series.html,prefix_ioo,high
IOO-LSW-30-090-4-X-2,IOO,LSW-30-090-4-X,private_oem_supplier,472,data/tms_lite_full.db.products,https://www.tms-lite.com/lsw-12v-illumination-series.html,prefix_ioo,high
IOO-LSW-45-050-2-X-2,IOO,LSW-45-050-2-X,private_oem_supplier,473,data/tms_lite_full.db.products,https://www.tms-lite.com/lsw-12v-illumination-series.html,prefix_ioo,high
IOO-LSW-45-070-3-X-2,IOO,LSW-45-070-3-X,private_oem_supplier,474,data/tms_lite_full.db.products,https://www.tms-lite.com/lsw-12v-illumination-series.html,prefix_ioo,high
IOO-LSNY-00-075-1-X,IOO,LSNY-00-075-1-X,private_oem_supplier,475,data/tms_lite_full.db.products,https://www.tms-lite.com/lsny-series.html,prefix_ioo,high
IOO-LSNY-00-150-1-X,IOO,LSNY-00-150-1-X,private_oem_supplier,476,data/tms_lite_full.db.products,https://www.tms-lite.com/lsny-series.html,prefix_ioo,high
IOO-LSNY-00-225-1-X,IOO,LSNY-00-225-1-X,private_oem_supplier,477,data/tms_lite_full.db.products,https://www.tms-lite.com/lsny-series.html,prefix_ioo,high
IOO-LSNY-00-300-1-X,IOO,LSNY-00-300-1-X,private_oem_supplier,478,data/tms_lite_full.db.products,https://www.tms-lite.com/lsny-series.html,prefix_ioo,high
IOO-LSN6-00-075-1-X,IOO,LSN6-00-075-1-X,private_oem_supplier,479,data/tms_lite_full.db.products,https://www.tms-lite.com/lsn6-series.html,prefix_ioo,high
IOO-LSN6-00-150-1-X,IOO,LSN6-00-150-1-X,private_oem_supplier,480,data/tms_lite_full.db.products,https://www.tms-lite.com/lsn6-series.html,prefix_ioo,high
IOO-LSN6-00-225-1-X,IOO,LSN6-00-225-1-X,private_oem_supplier,481,data/tms_lite_full.db.products,https://www.tms-lite.com/lsn6-series.html,prefix_ioo,high
IOO-LSN6-00-300-1-X,IOO,LSN6-00-300-1-X,private_oem_supplier,482,data/tms_lite_full.db.products,https://www.tms-lite.com/lsn6-series.html,prefix_ioo,high
IOO-LBRP-00-040-3-X,IOO,LBRP-00-040-3-X,private_oem_supplier,483,data/tms_lite_full.db.products,https://www.tms-lite.com/lbrp-serie.html,prefix_ioo,high
IOO-LBRP-00-080-3-X,IOO,LBRP-00-080-3-X,private_oem_supplier,484,data/tms_lite_full.db.products,https://www.tms-lite.com/lbrp-serie.html,prefix_ioo,high
IOO-BHP1010-X-X,IOO,BHP1010-X-X,private_oem_supplier,485,data/tms_lite_full.db.products,https://www.tms-lite.com/bhp-serie.html,prefix_ioo,high
IOO-BHP1515-X-X,IOO,BHP1515-X-X,private_oem_supplier,486,data/tms_lite_full.db.products,https://www.tms-lite.com/bhp-serie.html,prefix_ioo,high
IOO-BHP1520-X-X,IOO,BHP1520-X-X,private_oem_supplier,487,data/tms_lite_full.db.products,https://www.tms-lite.com/bhp-serie.html,prefix_ioo,high
IOO-HPDP-00-070-1-X,IOO,HPDP-00-070-1-X,private_oem_supplier,488,data/tms_lite_full.db.products,https://www.tms-lite.com/hpdp-serie.html,prefix_ioo,high
IOO-HPDP-00-110-2-X,IOO,HPDP-00-110-2-X,private_oem_supplier,489,data/tms_lite_full.db.products,https://www.tms-lite.com/hpdp-serie.html,prefix_ioo,high
IOO-HBFS2-00-08-1-X,IOO,HBFS2-00-08-1-X,private_oem_supplier,490,data/tms_lite_full.db.products,https://www.tms-lite.com/hbfs2-series.html,prefix_ioo,high
IOO-HBFS2-00-08-1-W,IOO,HBFS2-00-08-1-W,private_oem_supplier,491,data/tms_lite_full.db.products,https://www.tms-lite.com/hbfs2-series.html,prefix_ioo,high
IOO-HBFS2-00-08-1-X-5V,IOO,HBFS2-00-08-1-X-5V,private_oem_supplier,492,data/tms_lite_full.db.products,https://www.tms-lite.com/hbfs2-series.html,prefix_ioo,high
IOO-HBFS2-00-08-1-W-24V,IOO,HBFS2-00-08-1-W-24V,private_oem_supplier,493,data/tms_lite_full.db.products,https://www.tms-lite.com/hbfs2-series.html,prefix_ioo,high
IOO-HBF2-00-08-1-X-5V,IOO,HBF2-00-08-1-X-5V,private_oem_supplier,494,data/tms_lite_full.db.products,https://www.tms-lite.com/hbf2-series.html,prefix_ioo,high
IOO-HBF2-00-08-1-W-24V,IOO,HBF2-00-08-1-W-24V,private_oem_supplier,495,data/tms_lite_full.db.products,https://www.tms-lite.com/hbf2-series.html,prefix_ioo,high
IOO-HBF2-00-16-1-X,IOO,HBF2-00-16-1-X,private_oem_supplier,496,data/tms_lite_full.db.products,https://www.tms-lite.com/hbf2-16-series.html,prefix_ioo,high
IOO-HBF2-00-16-1-W,IOO,HBF2-00-16-1-W,private_oem_supplier,497,data/tms_lite_full.db.products,https://www.tms-lite.com/hbf2-16-series.html,prefix_ioo,high
IOO-HBF2-00-16-1-X-5V,IOO,HBF2-00-16-1-X-5V,private_oem_supplier,498,data/tms_lite_full.db.products,https://www.tms-lite.com/hbf2-16-series.html,prefix_ioo,high
IOO-HBF2-00-16-1-W-24V,IOO,HBF2-00-16-1-W-24V,private_oem_supplier,499,data/tms_lite_full.db.products,https://www.tms-lite.com/hbf2-16-series.html,prefix_ioo,high
IOO-HBFS-00-08-1-X,IOO,HBFS-00-08-1-X,private_oem_supplier,500,data/tms_lite_full.db.products,https://www.tms-lite.com/hbf-serie-hbfs.html,prefix_ioo,high
IOO-HBFS-00-08-1-W,IOO,HBFS-00-08-1-W,private_oem_supplier,501,data/tms_lite_full.db.products,https://www.tms-lite.com/hbf-serie-hbfs.html,prefix_ioo,high
IOO-HBFS-00-08-1-X-5V,IOO,HBFS-00-08-1-X-5V,private_oem_supplier,502,data/tms_lite_full.db.products,https://www.tms-lite.com/hbf-serie-hbfs.html,prefix_ioo,high
IOO-HBFS-00-08-1-W-24V,IOO,HBFS-00-08-1-W-24V,private_oem_supplier,503,data/tms_lite_full.db.products,https://www.tms-lite.com/hbf-serie-hbfs.html,prefix_ioo,high
IOO-HBF-00-16-1-X,IOO,HBF-00-16-1-X,private_oem_supplier,504,data/tms_lite_full.db.products,https://www.tms-lite.com/hbf-serie-hbf-16.html,prefix_ioo,high
IOO-HBF-00-16-1-W,IOO,HBF-00-16-1-W,private_oem_supplier,505,data/tms_lite_full.db.products,https://www.tms-lite.com/hbf-serie-hbf-16.html,prefix_ioo,high
IOO-HBF-00-16-1-X-5V,IOO,HBF-00-16-1-X-5V,private_oem_supplier,506,data/tms_lite_full.db.products,https://www.tms-lite.com/hbf-serie-hbf-16.html,prefix_ioo,high
IOO-HBF-00-16-1-W-24V,IOO,HBF-00-16-1-W-24V,private_oem_supplier,507,data/tms_lite_full.db.products,https://www.tms-lite.com/hbf-serie-hbf-16.html,prefix_ioo,high
IOO-HBF-00-08-1-X-5V,IOO,HBF-00-08-1-X-5V,private_oem_supplier,508,data/tms_lite_full.db.products,https://www.tms-lite.com/hbf-serie-hbf-08.html,prefix_ioo,high
IOO-HBF-00-08-1-W-24V,IOO,HBF-00-08-1-W-24V,private_oem_supplier,509,data/tms_lite_full.db.products,https://www.tms-lite.com/hbf-serie-hbf-08.html,prefix_ioo,high
IOO-PM2-025-X-CUBE-MODULE,IOO,PM2-025-X-CUBE-MODULE,private_oem_supplier,510,data/tms_lite_full.db.products,https://www.tms-lite.com/pm2-series.html,prefix_ioo,high
IOO-PM2-025-X-HPD2-00-050-1-X-24V,IOO,PM2-025-X-HPD2-00-050-1-X-24V,private_oem_supplier,511,data/tms_lite_full.db.products,https://www.tms-lite.com/pm2-series.html,prefix_ioo,high
IOO-PM2-025-X-IDD-00-045-4-X-24V,IOO,PM2-025-X-IDD-00-045-4-X-24V,private_oem_supplier,512,data/tms_lite_full.db.products,https://www.tms-lite.com/pm2-series.html,prefix_ioo,high
IOO-PM2-025-X-LBMQ-00-040-3-X-24V,IOO,PM2-025-X-LBMQ-00-040-3-X-24V,private_oem_supplier,513,data/tms_lite_full.db.products,https://www.tms-lite.com/pm2-series.html,prefix_ioo,high
IOO-PM2-025-X-LSQ-15.30.45-051-3-X-24V,IOO,PM2-025-X-LSQ-15.30.45-051-3-X-24V,private_oem_supplier,514,data/tms_lite_full.db.products,https://www.tms-lite.com/pm2-series.html,prefix_ioo,high
IOO-PM2-025-X-LSQF-15.30.45-051-3-X-24V,IOO,PM2-025-X-LSQF-15.30.45-051-3-X-24V,private_oem_supplier,515,data/tms_lite_full.db.products,https://www.tms-lite.com/pm2-series.html,prefix_ioo,high
IOO-PM2-040-X-CUBE-MODULE,IOO,PM2-040-X-CUBE-MODULE,private_oem_supplier,516,data/tms_lite_full.db.products,https://www.tms-lite.com/pm2-series.html,prefix_ioo,high
IOO-PM2-040-X-IDD-00-080-3-X-24V,IOO,PM2-040-X-IDD-00-080-3-X-24V,private_oem_supplier,517,data/tms_lite_full.db.products,https://www.tms-lite.com/pm2-series.html,prefix_ioo,high
IOO-PM2-040-X-IDDQ-00-070-3-X-24V,IOO,PM2-040-X-IDDQ-00-070-3-X-24V,private_oem_supplier,518,data/tms_lite_full.db.products,https://www.tms-lite.com/pm2-series.html,prefix_ioo,high
IOO-PM2-040-X-HLBQ2-00-065-1-X-24V,IOO,PM2-040-X-HLBQ2-00-065-1-X-24V,private_oem_supplier,519,data/tms_lite_full.db.products,https://www.tms-lite.com/pm2-series.html,prefix_ioo,high
IOO-PM2-040-X-DLC-00-070-1-X-24V,IOO,PM2-040-X-DLC-00-070-1-X-24V,private_oem_supplier,520,data/tms_lite_full.db.products,https://www.tms-lite.com/pm2-series.html,prefix_ioo,high
IOO-PM2-040-X-HPD2-00-080-1-X-24V,IOO,PM2-040-X-HPD2-00-080-1-X-24V,private_oem_supplier,521,data/tms_lite_full.db.products,https://www.tms-lite.com/pm2-series.html,prefix_ioo,high
IOO-MD-MLBQ-00-360-2-X,IOO,MD-MLBQ-00-360-2-X,private_oem_supplier,522,data/tms_lite_full.db.products,https://www.tms-lite.com/md-mlbq-serie.html,prefix_ioo,high
IOO-MD-IDQ3-360-X-X,IOO,MD-IDQ3-360-X-X,private_oem_supplier,523,data/tms_lite_full.db.products,https://www.tms-lite.com/md-idq-3-serie.html,prefix_ioo,high
IOO-MD-IDT3-00-360-1-X,IOO,MD-IDT3-00-360-1-X,private_oem_supplier,524,data/tms_lite_full.db.products,https://www.tms-lite.com/md-idt-3-serie.html,prefix_ioo,high
IOO-HPD-4CH,IOO,HPD-4CH,private_oem_supplier,525,data/tms_lite_full.db.products,https://www.tms-lite.com/4-section-led-illumination-series-1091998366.html,prefix_ioo,high
IOO-HPD-00-240-1-X-24V-4CH,IOO,HPD-00-240-1-X-24V-4CH,private_oem_supplier,526,data/tms_lite_full.db.products,https://www.tms-lite.com/4-section-led-illumination-series-1091998366.html,prefix_ioo,high
IOO-HPD-00-070-1-RGBW-24V-4CH,IOO,HPD-00-070-1-RGBW-24V-4CH,private_oem_supplier,527,data/tms_lite_full.db.products,https://www.tms-lite.com/4-section-led-illumination-series-1091998366.html,prefix_ioo,high
IOO-IDS5-4CH,IOO,IDS5-4CH,private_oem_supplier,528,data/tms_lite_full.db.products,https://www.tms-lite.com/4-section-led-illumination-series-1091998366.html,prefix_ioo,high
IOO-IDS5-00-070-1-X-24V-4CH,IOO,IDS5-00-070-1-X-24V-4CH,private_oem_supplier,529,data/tms_lite_full.db.products,https://www.tms-lite.com/4-section-led-illumination-series-1091998366.html,prefix_ioo,high
IOO-IDS5-00-100-1-X-24V-4CH,IOO,IDS5-00-100-1-X-24V-4CH,private_oem_supplier,530,data/tms_lite_full.db.products,https://www.tms-lite.com/4-section-led-illumination-series-1091998366.html,prefix_ioo,high
IOO-IDS5-00-150-1-X-24V-4CH,IOO,IDS5-00-150-1-X-24V-4CH,private_oem_supplier,531,data/tms_lite_full.db.products,https://www.tms-lite.com/4-section-led-illumination-series-1091998366.html,prefix_ioo,high
IOO-IDS5-00-200-1-X-24V-4CH,IOO,IDS5-00-200-1-X-24V-4CH,private_oem_supplier,532,data/tms_lite_full.db.products,https://www.tms-lite.com/4-section-led-illumination-series-1091998366.html,prefix_ioo,high
IOO-IDS5-00-250-1-X-24V-4CH,IOO,IDS5-00-250-1-X-24V-4CH,private_oem_supplier,533,data/tms_lite_full.db.products,https://www.tms-lite.com/4-section-led-illumination-series-1091998366.html,prefix_ioo,high
IOO-IDS4-00-360-1-X-24V-4CH,IOO,IDS4-00-360-1-X-24V-4CH,private_oem_supplier,534,data/tms_lite_full.db.products,https://www.tms-lite.com/4-section-led-illumination-series-1091998366.html,prefix_ioo,high
IOO-IDSL-00-150-1-X-24V-4CH,IOO,IDSL-00-150-1-X-24V-4CH,private_oem_supplier,535,data/tms_lite_full.db.products,https://www.tms-lite.com/4-section-led-illumination-series-1091998366.html,prefix_ioo,high
IOO-LBRQ-4CH,IOO,LBRQ-4CH,private_oem_supplier,536,data/tms_lite_full.db.products,https://www.tms-lite.com/4-section-led-illumination-series-1091998366.html,prefix_ioo,high
IOO-LLA-4CH,IOO,LLA-4CH,private_oem_supplier,537,data/tms_lite_full.db.products,https://www.tms-lite.com/4-section-led-illumination-series-1091998366.html,prefix_ioo,high
IOO-MLLA-4CH,IOO,MLLA-4CH,private_oem_supplier,538,data/tms_lite_full.db.products,https://www.tms-lite.com/4-section-led-illumination-series-1091998366.html,prefix_ioo,high
IOO-BHDS-00-25X36-1-X,IOO,BHDS-00-25X36-1-X,private_oem_supplier,539,data/tms_lite_full.db.products,https://www.tms-lite.com/bids-serie.html,prefix_ioo,high
IOO-BHDS-00-31X58-1-X,IOO,BHDS-00-31X58-1-X,private_oem_supplier,540,data/tms_lite_full.db.products,https://www.tms-lite.com/bids-serie.html,prefix_ioo,high
IOO-BHDS-00-070-1-X,IOO,BHDS-00-070-1-X,private_oem_supplier,541,data/tms_lite_full.db.products,https://www.tms-lite.com/bids-serie.html,prefix_ioo,high
IOO-BHDS-00-30X150-1-X,IOO,BHDS-00-30X150-1-X,private_oem_supplier,542,data/tms_lite_full.db.products,https://www.tms-lite.com/bids-serie.html,prefix_ioo,high
IOO-BHLX4-00-160X160-X-X,IOO,BHLX4-00-160X160-X-X,private_oem_supplier,543,data/tms_lite_full.db.products,https://www.tms-lite.com/bhlx4-series.html,prefix_ioo,high
IOO-BHH2-00-035-X-X,IOO,BHH2-00-035-X-X,private_oem_supplier,544,data/tms_lite_full.db.products,https://www.tms-lite.com/bhh2-series.html,prefix_ioo,high
IOO-BHH2-00-070-X-X,IOO,BHH2-00-070-X-X,private_oem_supplier,545,data/tms_lite_full.db.products,https://www.tms-lite.com/bhh2-series.html,prefix_ioo,high
IOO-BHS5-00-050-X-X,IOO,BHS5-00-050-X-X,private_oem_supplier,546,data/tms_lite_full.db.products,https://www.tms-lite.com/bhs5-series.html,prefix_ioo,high
IOO-BHS5-00-075-X-X,IOO,BHS5-00-075-X-X,private_oem_supplier,547,data/tms_lite_full.db.products,https://www.tms-lite.com/bhs5-series.html,prefix_ioo,high
IOO-BHS5-00-100-X-X,IOO,BHS5-00-100-X-X,private_oem_supplier,548,data/tms_lite_full.db.products,https://www.tms-lite.com/bhs5-series.html,prefix_ioo,high
IOO-BHS5-00-125-X-X,IOO,BHS5-00-125-X-X,private_oem_supplier,549,data/tms_lite_full.db.products,https://www.tms-lite.com/bhs5-series.html,prefix_ioo,high
IOO-BHLC2-00-200X200-X-W-24V,IOO,BHLC2-00-200X200-X-W-24V,private_oem_supplier,550,data/tms_lite_full.db.products,https://www.tms-lite.com/bhlc2-series.html,prefix_ioo,high
IOO-BHLC2-00-240X240-X-W-24V,IOO,BHLC2-00-240X240-X-W-24V,private_oem_supplier,551,data/tms_lite_full.db.products,https://www.tms-lite.com/bhlc2-series.html,prefix_ioo,high
IOO-R-3,IOO,R,private_oem_supplier,552,data/tms_lite_full.db.products,https://www.tms-lite.com/bhh-serie.html,prefix_ioo,high
IOO-BHH-00-035-X-X,IOO,BHH-00-035-X-X,private_oem_supplier,553,data/tms_lite_full.db.products,https://www.tms-lite.com/bhh-serie.html,prefix_ioo,high
IOO-BHH-00-070-X-X,IOO,BHH-00-070-X-X,private_oem_supplier,554,data/tms_lite_full.db.products,https://www.tms-lite.com/bhh-serie.html,prefix_ioo,high
IOO-BHC2-00-025-X-X,IOO,BHC2-00-025-X-X,private_oem_supplier,555,data/tms_lite_full.db.products,https://www.tms-lite.com/bhc2-serie.html,prefix_ioo,high
IOO-BHC2-00-050-X-X,IOO,BHC2-00-050-X-X,private_oem_supplier,556,data/tms_lite_full.db.products,https://www.tms-lite.com/bhc2-serie.html,prefix_ioo,high
IOO-BHC2-00-075-X-X,IOO,BHC2-00-075-X-X,private_oem_supplier,557,data/tms_lite_full.db.products,https://www.tms-lite.com/bhc2-serie.html,prefix_ioo,high
IOO-BHC2-00-100-X-X,IOO,BHC2-00-100-X-X,private_oem_supplier,558,data/tms_lite_full.db.products,https://www.tms-lite.com/bhc2-serie.html,prefix_ioo,high
IOO-BHLX3-00-160X160-X-X-2,IOO,BHLX3-00-160X160-X-X,private_oem_supplier,559,data/tms_lite_full.db.products,https://www.tms-lite.com/bhlx3-serie.html,prefix_ioo,high
IOO-BHLX3-00-160X240-X-X-2,IOO,BHLX3-00-160X240-X-X,private_oem_supplier,560,data/tms_lite_full.db.products,https://www.tms-lite.com/bhlx3-serie.html,prefix_ioo,high
IOO-BHLX3-00-160X320-X-X-2,IOO,BHLX3-00-160X320-X-X,private_oem_supplier,561,data/tms_lite_full.db.products,https://www.tms-lite.com/bhlx3-serie.html,prefix_ioo,high
IOO-BHLX3-00-160X400-X-X-2,IOO,BHLX3-00-160X400-X-X,private_oem_supplier,562,data/tms_lite_full.db.products,https://www.tms-lite.com/bhlx3-serie.html,prefix_ioo,high
IOO-BHLX3-00-240X240-X-X-2,IOO,BHLX3-00-240X240-X-X,private_oem_supplier,563,data/tms_lite_full.db.products,https://www.tms-lite.com/bhlx3-serie.html,prefix_ioo,high
IOO-BHLX3-00-240X320-X-X-2,IOO,BHLX3-00-240X320-X-X,private_oem_supplier,564,data/tms_lite_full.db.products,https://www.tms-lite.com/bhlx3-serie.html,prefix_ioo,high
IOO-BHLX3-00-240X400-X-X-2,IOO,BHLX3-00-240X400-X-X,private_oem_supplier,565,data/tms_lite_full.db.products,https://www.tms-lite.com/bhlx3-serie.html,prefix_ioo,high
IOO-BHLX3-00-320X320-X-X-2,IOO,BHLX3-00-320X320-X-X,private_oem_supplier,566,data/tms_lite_full.db.products,https://www.tms-lite.com/bhlx3-serie.html,prefix_ioo,high
IOO-BHLX3-00-320X400-X-X-2,IOO,BHLX3-00-320X400-X-X,private_oem_supplier,567,data/tms_lite_full.db.products,https://www.tms-lite.com/bhlx3-serie.html,prefix_ioo,high
IOO-BHLX3-00-400X400-X-X-2,IOO,BHLX3-00-400X400-X-X,private_oem_supplier,568,data/tms_lite_full.db.products,https://www.tms-lite.com/bhlx3-serie.html,prefix_ioo,high
IOO-BHS4-00-025-X-X-2,IOO,BHS4-00-025-X-X,private_oem_supplier,569,data/tms_lite_full.db.products,https://www.tms-lite.com/bhs4-serie.html,prefix_ioo,high
IOO-BHS4-00-050-X-X-2,IOO,BHS4-00-050-X-X,private_oem_supplier,570,data/tms_lite_full.db.products,https://www.tms-lite.com/bhs4-serie.html,prefix_ioo,high
IOO-BHS4-00-075-X-X-2,IOO,BHS4-00-075-X-X,private_oem_supplier,571,data/tms_lite_full.db.products,https://www.tms-lite.com/bhs4-serie.html,prefix_ioo,high
IOO-BHS4-00-100-X-X-2,IOO,BHS4-00-100-X-X,private_oem_supplier,572,data/tms_lite_full.db.products,https://www.tms-lite.com/bhs4-serie.html,prefix_ioo,high
IOO-BHS4-00-030-X-X-2,IOO,BHS4-00-030-X-X,private_oem_supplier,573,data/tms_lite_full.db.products,https://www.tms-lite.com/bhs4-serie.html,prefix_ioo,high
IOO-BHS4-00-060-X-X-2,IOO,BHS4-00-060-X-X,private_oem_supplier,574,data/tms_lite_full.db.products,https://www.tms-lite.com/bhs4-serie.html,prefix_ioo,high
IOO-BHS4-00-090-X-X-2,IOO,BHS4-00-090-X-X,private_oem_supplier,575,data/tms_lite_full.db.products,https://www.tms-lite.com/bhs4-serie.html,prefix_ioo,high
IOO-BHS4-00-120-X-X-2,IOO,BHS4-00-120-X-X,private_oem_supplier,576,data/tms_lite_full.db.products,https://www.tms-lite.com/bhs4-serie.html,prefix_ioo,high
IOO-BHDQ-00-200-1-X,IOO,BHDQ-00-200-1-X,private_oem_supplier,577,data/tms_lite_full.db.products,https://www.tms-lite.com/bhdq-serie.html,prefix_ioo,high
IOO-BHD-00-070-1-X,IOO,BHD-00-070-1-X,private_oem_supplier,578,data/tms_lite_full.db.products,https://www.tms-lite.com/bhd-serie.html,prefix_ioo,high
IOO-BHD-00-100-1-X,IOO,BHD-00-100-1-X,private_oem_supplier,579,data/tms_lite_full.db.products,https://www.tms-lite.com/bhd-serie.html,prefix_ioo,high
IOO-BHD-00-100X80-1-X,IOO,BHD-00-100X80-1-X,private_oem_supplier,580,data/tms_lite_full.db.products,https://www.tms-lite.com/bhd-serie.html,prefix_ioo,high
IOO-LBL3-00-100-X-X,IOO,LBL3-00-100-X-X,private_oem_supplier,581,data/tms_lite_full.db.products,https://www.tms-lite.com/lbl3-serie.html,prefix_ioo,high
IOO-LBL3-00-200-X-X,IOO,LBL3-00-200-X-X,private_oem_supplier,582,data/tms_lite_full.db.products,https://www.tms-lite.com/lbl3-serie.html,prefix_ioo,high
IOO-LBL3-00-300-X-X,IOO,LBL3-00-300-X-X,private_oem_supplier,583,data/tms_lite_full.db.products,https://www.tms-lite.com/lbl3-serie.html,prefix_ioo,high
IOO-LBL3-00-400-X-X,IOO,LBL3-00-400-X-X,private_oem_supplier,584,data/tms_lite_full.db.products,https://www.tms-lite.com/lbl3-serie.html,prefix_ioo,high
IOO-LBL3-00-500-X-X,IOO,LBL3-00-500-X-X,private_oem_supplier,585,data/tms_lite_full.db.products,https://www.tms-lite.com/lbl3-serie.html,prefix_ioo,high
IOO-LBL3-00-600-X-X,IOO,LBL3-00-600-X-X,private_oem_supplier,586,data/tms_lite_full.db.products,https://www.tms-lite.com/lbl3-serie.html,prefix_ioo,high
IOO-LBL3-00-700-X-X,IOO,LBL3-00-700-X-X,private_oem_supplier,587,data/tms_lite_full.db.products,https://www.tms-lite.com/lbl3-serie.html,prefix_ioo,high
IOO-LBL3-00-800-X-X,IOO,LBL3-00-800-X-X,private_oem_supplier,588,data/tms_lite_full.db.products,https://www.tms-lite.com/lbl3-serie.html,prefix_ioo,high
IOO-LBL3-00-900-X-X,IOO,LBL3-00-900-X-X,private_oem_supplier,589,data/tms_lite_full.db.products,https://www.tms-lite.com/lbl3-serie.html,prefix_ioo,high
IOO-LBL3-00-1000-X-X,IOO,LBL3-00-1000-X-X,private_oem_supplier,590,data/tms_lite_full.db.products,https://www.tms-lite.com/lbl3-serie.html,prefix_ioo,high
IOO-F-DXX-070-1-RGBW,IOO,F-DXX-070-1-RGBW,private_oem_supplier,591,data/tms_lite_full.db.products,https://www.tms-lite.com/dlc-dlf-dls-45-60-dla-dlp-dlg-series.html,prefix_ioo,high
IOO-F-DLC3-00-070-DIFFUSER,IOO,(F-DLC3-00-070-DIFFUSER),private_oem_supplier,592,data/tms_lite_full.db.products,https://www.tms-lite.com/dlc-dlf-dls-45-60-dla-dlp-dlg-series.html,prefix_ioo,high
IOO-F-DLS4-45-070-DIFFUSER,IOO,(F-DLS4-45-070-DIFFUSER),private_oem_supplier,593,data/tms_lite_full.db.products,https://www.tms-lite.com/dlc-dlf-dls-45-60-dla-dlp-dlg-series.html,prefix_ioo,high
IOO-F-DLS4-60-070-DIFFUSER,IOO,(F-DLS4-60-070-DIFFUSER),private_oem_supplier,594,data/tms_lite_full.db.products,https://www.tms-lite.com/dlc-dlf-dls-45-60-dla-dlp-dlg-series.html,prefix_ioo,high
IOO-F-DLF5-90-070-DIFFUSER,IOO,(F-DLF5-90-070-DIFFUSER),private_oem_supplier,595,data/tms_lite_full.db.products,https://www.tms-lite.com/dlc-dlf-dls-45-60-dla-dlp-dlg-series.html,prefix_ioo,high
IOO-F-DXX-100-1-RGBW,IOO,F-DXX-100-1-RGBW,private_oem_supplier,596,data/tms_lite_full.db.products,https://www.tms-lite.com/dlc-dlf-dls-45-60-dla-dlp-dlg-series.html,prefix_ioo,high
IOO-F-DLC3-00-100-DIFFUSER,IOO,(F-DLC3-00-100-DIFFUSER),private_oem_supplier,597,data/tms_lite_full.db.products,https://www.tms-lite.com/dlc-dlf-dls-45-60-dla-dlp-dlg-series.html,prefix_ioo,high
IOO-F-DLS4-45-100-DIFFUSER,IOO,(F-DLS4-45-100-DIFFUSER),private_oem_supplier,598,data/tms_lite_full.db.products,https://www.tms-lite.com/dlc-dlf-dls-45-60-dla-dlp-dlg-series.html,prefix_ioo,high
IOO-F-DLS4-60-100-DIFFUSER,IOO,(F-DLS4-60-100-DIFFUSER),private_oem_supplier,599,data/tms_lite_full.db.products,https://www.tms-lite.com/dlc-dlf-dls-45-60-dla-dlp-dlg-series.html,prefix_ioo,high
IOO-F-DLF5-90-100-DIFFUSER,IOO,(F-DLF5-90-100-DIFFUSER),private_oem_supplier,600,data/tms_lite_full.db.products,https://www.tms-lite.com/dlc-dlf-dls-45-60-dla-dlp-dlg-series.html,prefix_ioo,high
IOO-F-DXX-120-1-RGBW,IOO,F-DXX-120-1-RGBW,private_oem_supplier,601,data/tms_lite_full.db.products,https://www.tms-lite.com/dlc-dlf-dls-45-60-dla-dlp-dlg-series.html,prefix_ioo,high
IOO-F-DLC3-00-120-DIFFUSER,IOO,(F-DLC3-00-120-DIFFUSER),private_oem_supplier,602,data/tms_lite_full.db.products,https://www.tms-lite.com/dlc-dlf-dls-45-60-dla-dlp-dlg-series.html,prefix_ioo,high
IOO-F-DLS4-45-120-DIFFUSER,IOO,(F-DLS4-45-120-DIFFUSER),private_oem_supplier,603,data/tms_lite_full.db.products,https://www.tms-lite.com/dlc-dlf-dls-45-60-dla-dlp-dlg-series.html,prefix_ioo,high
IOO-F-DLS4-60-120-DIFFUSER,IOO,(F-DLS4-60-120-DIFFUSER),private_oem_supplier,604,data/tms_lite_full.db.products,https://www.tms-lite.com/dlc-dlf-dls-45-60-dla-dlp-dlg-series.html,prefix_ioo,high
IOO-F-DLF5-90-120-DIFFUSER,IOO,(F-DLF5-90-120-DIFFUSER),private_oem_supplier,605,data/tms_lite_full.db.products,https://www.tms-lite.com/dlc-dlf-dls-45-60-dla-dlp-dlg-series.html,prefix_ioo,high
IOO-F-DLP-90-100-1-RGBW,IOO,F-DLP-90-100-1-RGBW,private_oem_supplier,606,data/tms_lite_full.db.products,https://www.tms-lite.com/dlc-dlf-dls-45-60-dla-dlp-dlg-series.html,prefix_ioo,high
IOO-F-DLG-00-100-1-RGBW,IOO,F-DLG-00-100-1-RGBW,private_oem_supplier,607,data/tms_lite_full.db.products,https://www.tms-lite.com/dlc-dlf-dls-45-60-dla-dlp-dlg-series.html,prefix_ioo,high
IOO-F-DLA2-00-070-DIFFUSER,IOO,(F-DLA2-00-070-DIFFUSER),private_oem_supplier,608,data/tms_lite_full.db.products,https://www.tms-lite.com/dlc-dlf-dls-45-60-dla-dlp-dlg-series.html,prefix_ioo,high
IOO-F-DLA2-00-100-DIFFUSER,IOO,(F-DLA2-00-100-DIFFUSER),private_oem_supplier,609,data/tms_lite_full.db.products,https://www.tms-lite.com/dlc-dlf-dls-45-60-dla-dlp-dlg-series.html,prefix_ioo,high
IOO-DFR4-00-050-1-X,IOO,DFR4-00-050-1-X,private_oem_supplier,610,data/tms_lite_full.db.products,https://www.tms-lite.com/dfr4-serie.html,prefix_ioo,high
IOO-DFR4-00-080-1-X,IOO,DFR4-00-080-1-X,private_oem_supplier,611,data/tms_lite_full.db.products,https://www.tms-lite.com/dfr4-serie.html,prefix_ioo,high
IOO-DFR4-00-100-1-X,IOO,DFR4-00-100-1-X,private_oem_supplier,612,data/tms_lite_full.db.products,https://www.tms-lite.com/dfr4-serie.html,prefix_ioo,high
IOO-DFR4-00-130-1-X,IOO,DFR4-00-130-1-X,private_oem_supplier,613,data/tms_lite_full.db.products,https://www.tms-lite.com/dfr4-serie.html,prefix_ioo,high
IOO-DFR4-15-080-1-X,IOO,DFR4-15-080-1-X,private_oem_supplier,614,data/tms_lite_full.db.products,https://www.tms-lite.com/dfr4-serie.html,prefix_ioo,high
IOO-DFR4-15-100-1-X,IOO,DFR4-15-100-1-X,private_oem_supplier,615,data/tms_lite_full.db.products,https://www.tms-lite.com/dfr4-serie.html,prefix_ioo,high
IOO-DFR4-15-130-1-X,IOO,DFR4-15-130-1-X,private_oem_supplier,616,data/tms_lite_full.db.products,https://www.tms-lite.com/dfr4-serie.html,prefix_ioo,high
IOO-DFR4-30-050-1-X,IOO,DFR4-30-050-1-X,private_oem_supplier,617,data/tms_lite_full.db.products,https://www.tms-lite.com/dfr4-serie.html,prefix_ioo,high
IOO-DFR4-30-080-1-X,IOO,DFR4-30-080-1-X,private_oem_supplier,618,data/tms_lite_full.db.products,https://www.tms-lite.com/dfr4-serie.html,prefix_ioo,high
IOO-DFR4-30-100-1-X,IOO,DFR4-30-100-1-X,private_oem_supplier,619,data/tms_lite_full.db.products,https://www.tms-lite.com/dfr4-serie.html,prefix_ioo,high
IOO-DFR4-30-130-1-X,IOO,DFR4-30-130-1-X,private_oem_supplier,620,data/tms_lite_full.db.products,https://www.tms-lite.com/dfr4-serie.html,prefix_ioo,high
IOO-DLC3-00-070-1-X,IOO,DLC3-00-070-1-X,private_oem_supplier,621,data/tms_lite_full.db.products,https://www.tms-lite.com/dlc3-series.html,prefix_ioo,high
IOO-DLC3-00-100-1-X,IOO,DLC3-00-100-1-X,private_oem_supplier,622,data/tms_lite_full.db.products,https://www.tms-lite.com/dlc3-series.html,prefix_ioo,high
IOO-DLC3-00-120-1-X,IOO,DLC3-00-120-1-X,private_oem_supplier,623,data/tms_lite_full.db.products,https://www.tms-lite.com/dlc3-series.html,prefix_ioo,high
IOO-DLC3-00-070-1-RGBW,IOO,DLC3-00-070-1-RGBW,private_oem_supplier,624,data/tms_lite_full.db.products,https://www.tms-lite.com/dlc3-series.html,prefix_ioo,high
IOO-DLC3-00-100-1-RGBW,IOO,DLC3-00-100-1-RGBW,private_oem_supplier,625,data/tms_lite_full.db.products,https://www.tms-lite.com/dlc3-series.html,prefix_ioo,high
IOO-DLC3-00-120-1-RGBW,IOO,DLC3-00-120-1-RGBW,private_oem_supplier,626,data/tms_lite_full.db.products,https://www.tms-lite.com/dlc3-series.html,prefix_ioo,high
IOO-DLF2-90-050-1-X,IOO,DLF2-90-050-1-X,private_oem_supplier,627,data/tms_lite_full.db.products,https://www.tms-lite.com/dlf2-serie.html,prefix_ioo,high
IOO-DLF2-90-070-1-X,IOO,DLF2-90-070-1-X,private_oem_supplier,628,data/tms_lite_full.db.products,https://www.tms-lite.com/dlf2-serie.html,prefix_ioo,high
IOO-DLF2-90-100-1-X,IOO,DLF2-90-100-1-X,private_oem_supplier,629,data/tms_lite_full.db.products,https://www.tms-lite.com/dlf2-serie.html,prefix_ioo,high
IOO-DLQ2-90-030-1-X,IOO,DLQ2-90-030-1-X,private_oem_supplier,630,data/tms_lite_full.db.products,https://www.tms-lite.com/dlq2-serie.html,prefix_ioo,high
IOO-DLQ2-90-050-1-X,IOO,DLQ2-90-050-1-X,private_oem_supplier,631,data/tms_lite_full.db.products,https://www.tms-lite.com/dlq2-serie.html,prefix_ioo,high
IOO-DLQ2-90-070-1-X,IOO,DLQ2-90-070-1-X,private_oem_supplier,632,data/tms_lite_full.db.products,https://www.tms-lite.com/dlq2-serie.html,prefix_ioo,high
IOO-DLQ2-90-100-1-X,IOO,DLQ2-90-100-1-X,private_oem_supplier,633,data/tms_lite_full.db.products,https://www.tms-lite.com/dlq2-serie.html,prefix_ioo,high
IOO-DLW2-60-070-1-X,IOO,DLW2-60-070-1-X,private_oem_supplier,634,data/tms_lite_full.db.products,https://www.tms-lite.com/dlw2-serie.html,prefix_ioo,high
IOO-DLW2-60-100-1-X,IOO,DLW2-60-100-1-X,private_oem_supplier,635,data/tms_lite_full.db.products,https://www.tms-lite.com/dlw2-serie.html,prefix_ioo,high
IOO-DLS2-60-050-1-X,IOO,DLS2-60-050-1-X,private_oem_supplier,636,data/tms_lite_full.db.products,https://www.tms-lite.com/dls2-serie.html,prefix_ioo,high
IOO-DLS2-60-070-1-X,IOO,DLS2-60-070-1-X,private_oem_supplier,637,data/tms_lite_full.db.products,https://www.tms-lite.com/dls2-serie.html,prefix_ioo,high
IOO-DLS2-60-100-1-X,IOO,DLS2-60-100-1-X,private_oem_supplier,638,data/tms_lite_full.db.products,https://www.tms-lite.com/dls2-serie.html,prefix_ioo,high
IOO-DLR3-45-050-1-X,IOO,DLR3-45-050-1-X,private_oem_supplier,639,data/tms_lite_full.db.products,https://www.tms-lite.com/dlr3-serie.html,prefix_ioo,high
IOO-DLR3-45-080-1-X,IOO,DLR3-45-080-1-X,private_oem_supplier,640,data/tms_lite_full.db.products,https://www.tms-lite.com/dlr3-serie.html,prefix_ioo,high
IOO-DLR3-45-100-1-X,IOO,DLR3-45-100-1-X,private_oem_supplier,641,data/tms_lite_full.db.products,https://www.tms-lite.com/dlr3-serie.html,prefix_ioo,high
IOO-DLR3-45-130-1-X,IOO,DLR3-45-130-1-X,private_oem_supplier,642,data/tms_lite_full.db.products,https://www.tms-lite.com/dlr3-serie.html,prefix_ioo,high
IOO-DLR3-60-050-1-X,IOO,DLR3-60-050-1-X,private_oem_supplier,643,data/tms_lite_full.db.products,https://www.tms-lite.com/dlr3-serie.html,prefix_ioo,high
IOO-DLR3-60-080-1-X,IOO,DLR3-60-080-1-X,private_oem_supplier,644,data/tms_lite_full.db.products,https://www.tms-lite.com/dlr3-serie.html,prefix_ioo,high
IOO-DLR3-60-100-1-X,IOO,DLR3-60-100-1-X,private_oem_supplier,645,data/tms_lite_full.db.products,https://www.tms-lite.com/dlr3-serie.html,prefix_ioo,high
IOO-DLR3-60-130-1-X,IOO,DLR3-60-130-1-X,private_oem_supplier,646,data/tms_lite_full.db.products,https://www.tms-lite.com/dlr3-serie.html,prefix_ioo,high
IOO-DLR3-45-100-1-RGBW,IOO,DLR3-45-100-1-RGBW,private_oem_supplier,647,data/tms_lite_full.db.products,https://www.tms-lite.com/dlr3-serie.html,prefix_ioo,high
IOO-DLR3-60-100-1-RGBW,IOO,DLR3-60-100-1-RGBW,private_oem_supplier,648,data/tms_lite_full.db.products,https://www.tms-lite.com/dlr3-serie.html,prefix_ioo,high
IOO-LLAC-90-100-1-X,IOO,LLAC-90-100-1-X,private_oem_supplier,649,data/tms_lite_full.db.products,https://www.tms-lite.com/iddc-llac-lswc-series.html,prefix_ioo,high
IOO-LLAC-90-070-1-X,IOO,LLAC-90-070-1-X,private_oem_supplier,650,data/tms_lite_full.db.products,https://www.tms-lite.com/iddc-llac-lswc-series.html,prefix_ioo,high
IOO-LLAC-60-070-2-X,IOO,LLAC-60-070-2-X,private_oem_supplier,651,data/tms_lite_full.db.products,https://www.tms-lite.com/iddc-llac-lswc-series.html,prefix_ioo,high
IOO-LSWC-15-050-2-X,IOO,LSWC-15-050-2-X,private_oem_supplier,652,data/tms_lite_full.db.products,https://www.tms-lite.com/iddc-llac-lswc-series.html,prefix_ioo,high
IOO-IDDC-00-080-9-RGB,IOO,IDDC-00-080-9-RGB,private_oem_supplier,653,data/tms_lite_full.db.products,https://www.tms-lite.com/iddc-llac-lswc-series.html,prefix_ioo,high
IOO-DLRC-60-130-1-X-24V,IOO,DLRC-60-130-1-X-24V,private_oem_supplier,654,data/tms_lite_full.db.products,https://www.tms-lite.com/iddc-llac-lswc-series.html,prefix_ioo,high
