public_brand,public_model,product_category,light_type,color,wavelength_nm,voltage_v,power_w,current_a,dimensions,key_specs,public_description,recommendation_tags,internal_model,internal_supplier,internal_product_id
IOO,IOO-DF-0001,illumination,dark_field,not available,not available,not available,not available,not available,not available,not available,IOO dark field candidate for surface defect and scratch inspection experiments.,dark_field|reflective_surface|scratch_detection,F-DLC3-00-130-8-FWNA-24V,private_supplier,1
IOO,IOO-DF-0002,illumination,dark_field,not available,not available,not available,not available,not available,not available,not available,IOO dark field candidate for surface defect and scratch inspection experiments.,dark_field|reflective_surface|scratch_detection,F-HPD3-00-130-8-FWNA-24V,private_supplier,2
IOO,IOO-CL-0001,illumination,coaxial_light,not available,not available,not available,not available,not available,not available,not available,IOO coaxial light candidate for electronics and flat-part inspection trials.,coaxial_light|pcb_inspection|reflective_surface,F-IDQ-00-130-8-FWNA-24V,private_supplier,3
IOO,IOO-DF-0003,illumination,dark_field,not available,not available,not available,not available,not available,not available,not available,IOO dark field candidate for surface defect and scratch inspection experiments.,dark_field|reflective_surface|scratch_detection,F-IDS5-00-130-8-FWNA-24V,private_supplier,4
IOO,IOO-LT-0001,illumination,illumination,not available,not available,not available,not available,not available,not available,not available,IOO illumination candidate for machine vision lighting evaluation.,illumination,40A,private_supplier,5
IOO,IOO-LT-0002,illumination,illumination,not available,not available,not available,not available,not available,not available,not available,IOO illumination candidate for machine vision lighting evaluation.,illumination,MA-IDD-X-150D30-4-RGBW-12V-16CH,private_supplier,6
IOO,IOO-LT-0003,illumination,illumination,not available,not available,not available,not available,not available,not available,not available,IOO illumination candidate for machine vision lighting evaluation.,illumination,MA-IDD-X-225D40-8-RGBW-24V-16CH,private_supplier,7
IOO,IOO-LT-0004,illumination,illumination,not available,not available,not available,not available,not available,not available,not available,IOO illumination candidate for machine vision lighting evaluation.,illumination,MA-IDD-X-225D40-8-RGBW-24V-16CH,private_supplier,8
IOO,IOO-CL-0002,illumination,coaxial_light,not available,not available,not available,not available,not available,not available,not available,IOO coaxial light candidate for electronics and flat-part inspection trials.,coaxial_light|pcb_inspection|reflective_surface,MA-IDQ-X-150D30-4-RGBW-12V-16CH,private_supplier,9
IOO,IOO-CL-0003,illumination,coaxial_light,not available,not available,not available,not available,not available,not available,not available,IOO coaxial light candidate for electronics and flat-part inspection trials.,coaxial_light|pcb_inspection|reflective_surface,MA-IDQ-X-225D40-8-RGBW-24V-16CH,private_supplier,10
IOO,IOO-CL-0004,illumination,coaxial_light,not available,not available,not available,not available,not available,not available,not available,IOO coaxial light candidate for electronics and flat-part inspection trials.,coaxial_light|pcb_inspection|reflective_surface,MA-IDQ-X-225D40-8-RGBW-24V-16CH,private_supplier,11
IOO,IOO-DF-0004,illumination,dark_field,not available,not available,not available,not available,not available,not available,not available,IOO dark field candidate for surface defect and scratch inspection experiments.,dark_field|reflective_surface|scratch_detection,F-DLC3-00-130-1-FWNB-24V,private_supplier,12
IOO,IOO-DF-0005,illumination,dark_field,not available,not available,not available,not available,not available,not available,not available,IOO dark field candidate for surface defect and scratch inspection experiments.,dark_field|reflective_surface|scratch_detection,F-HPD3-00-130-1-FWNB-24V,private_supplier,13
IOO,IOO-CL-0005,illumination,coaxial_light,not available,not available,not available,not available,not available,not available,not available,IOO coaxial light candidate for electronics and flat-part inspection trials.,coaxial_light|pcb_inspection|reflective_surface,F-IDQ-00-130-1-FWNB-24V,private_supplier,14
IOO,IOO-DF-0006,illumination,dark_field,not available,not available,not available,not available,not available,not available,not available,IOO dark field candidate for surface defect and scratch inspection experiments.,dark_field|reflective_surface|scratch_detection,F-IDS5-00-130-1-FWNB-24V,private_supplier,15
IOO,IOO-BAR-0001,illumination,bar_light,not available,not available,not available,not available,not available,not available,not available,IOO bar light candidate for surface defect and scratch inspection experiments.,bar_light|line_scan|scratch_detection,DIRECT ILLUMINATION - HLBQ2 2 ROWS,private_supplier,35
IOO,IOO-BAR-0002,illumination,bar_light,not available,not available,not available,not available,not available,not available,not available,IOO bar light candidate for surface defect and scratch inspection experiments.,bar_light|line_scan|scratch_detection,DIRECT ILLUMINATION - HLBS2 2 ROWS,private_supplier,36
IOO,IOO-LT-0005,illumination,illumination,not available,not available,not available,not available,not available,not available,not available,IOO illumination candidate for machine vision lighting evaluation.,illumination,LBRX-12,private_supplier,37
IOO,IOO-LT-0006,illumination,illumination,not available,not available,not available,not available,not available,not available,not available,IOO illumination candidate for machine vision lighting evaluation.,illumination,PM2-025,private_supplier,38
IOO,IOO-LT-0007,illumination,illumination,not available,not available,not available,not available,not available,not available,not available,IOO illumination candidate for machine vision lighting evaluation.,illumination,PM2-040,private_supplier,39
IOO,IOO-LT-0008,illumination,illumination,not available,not available,not available,not available,not available,not available,not available,IOO illumination candidate for machine vision lighting evaluation.,illumination,CAS2,private_supplier,43
IOO,IOO-LT-0009,illumination,illumination,not available,not available,not available,not available,not available,not available,not available,IOO illumination candidate for machine vision lighting evaluation.,illumination,DLF3,private_supplier,44
IOO,IOO-LT-0010,illumination,illumination,not available,not available,not available,not available,not available,not available,not available,IOO illumination candidate for machine vision lighting evaluation.,illumination,DLR3,private_supplier,45
IOO,IOO-LT-0011,illumination,illumination,not available,not available,not available,not available,not available,not available,not available,IOO illumination candidate for machine vision lighting evaluation.,illumination,HPD2,private_supplier,46
IOO,IOO-LT-0012,illumination,illumination,not available,not available,not available,not available,not available,not available,not available,IOO illumination candidate for machine vision lighting evaluation.,illumination,IDS5,private_supplier,47
IOO,IOO-LS-0001,illumination,line_scan_light,not available,not available,not available,not available,not available,not available,not available,IOO line scan light candidate for machine vision lighting evaluation.,line_scan_light,LSW2,private_supplier,48
IOO,IOO-CL-0006,illumination,coaxial_light,not available,not available,not available,not available,not available,not available,not available,IOO coaxial light candidate for electronics and flat-part inspection trials.,coaxial_light|pcb_inspection|reflective_surface,MD-IDQ3,private_supplier,49
IOO,IOO-LT-0013,illumination,illumination,not available,not available,not available,not available,not available,not available,not available,IOO illumination candidate for machine vision lighting evaluation.,illumination,MD-IDT3,private_supplier,50
IOO,IOO-LT-0014,illumination,illumination,not available,UV ILLUMINATION - LBRQ 1 ROW,not available,not available,not available,not available,not available,IOO illumination candidate for machine vision lighting evaluation.,illumination,LBRQ-1,private_supplier,51
IOO,IOO-LT-0015,illumination,illumination,not available,UV ILLUMINATION - LBRX 1 ROW,not available,not available,not available,not available,not available,IOO illumination candidate for machine vision lighting evaluation.,illumination,LBRX-1,private_supplier,52
IOO,IOO-LT-0016,illumination,illumination,not available,not available,not available,not available,not available,not available,not available,IOO illumination candidate for machine vision lighting evaluation.,illumination,DXX,private_supplier,53
IOO,IOO-LT-0017,illumination,illumination,not available,not available,not available,not available,not available,not available,not available,IOO illumination candidate for machine vision lighting evaluation.,illumination,IDDC,private_supplier,54
IOO,IOO-LT-0018,illumination,illumination,not available,not available,not available,not available,not available,not available,not available,IOO illumination candidate for machine vision lighting evaluation.,illumination,LLAC,private_supplier,55
IOO,IOO-CL-0007,illumination,coaxial_light,not available,not available,not available,not available,not available,not available,not available,IOO coaxial light candidate for electronics and flat-part inspection trials.,coaxial_light|pcb_inspection|reflective_surface,LSWC,private_supplier,56
IOO,IOO-DF-0007,illumination,dark_field,not available,not available,not available,not available,not available,not available,not available,IOO dark field candidate for surface defect and scratch inspection experiments.,dark_field|reflective_surface|scratch_detection,DLC2,private_supplier,57
IOO,IOO-LT-0019,illumination,illumination,not available,not available,not available,not available,not available,not available,not available,IOO illumination candidate for machine vision lighting evaluation.,illumination,HPD,private_supplier,58
IOO,IOO-LT-0020,illumination,illumination,not available,not available,not available,not available,not available,not available,not available,IOO illumination candidate for machine vision lighting evaluation.,illumination,MD-MLBQ,private_supplier,59
IOO,IOO-LT-0021,illumination,illumination,not available,not available,not available,not available,not available,not available,not available,IOO illumination candidate for machine vision lighting evaluation.,illumination,MLBQ,private_supplier,60
IOO,IOO-LT-0022,illumination,illumination,not available,UV ILLUMINATION - HPD,not available,not available,not available,not available,not available,IOO illumination candidate for machine vision lighting evaluation.,illumination,HPD,private_supplier,61
IOO,IOO-LT-0023,illumination,illumination,not available,UV ILLUMINATION - LLA,not available,not available,not available,not available,not available,IOO illumination candidate for machine vision lighting evaluation.,illumination,LLA,private_supplier,62
IOO,IOO-LS-0002,illumination,line_scan_light,not available,UV ILLUMINATION - LSW,not available,not available,not available,not available,not available,IOO line scan light candidate for machine vision lighting evaluation.,line_scan_light,LSW,private_supplier,63
IOO,IOO-CL-0008,illumination,coaxial_light,not available,not available,24V,1.80W / 3.12W / 3.60W,75mA 130mA 150mA,not available,Voltage: 24V; Power: 1.80W / 3.12W / 3.60W; Current: 75mA 130mA 150mA,IOO coaxial light candidate for electronics and flat-part inspection trials.,coaxial_light|measurement|pcb_inspection|reflective_surface,CAS2-00-010-X-X,private_supplier,64
IOO,IOO-CL-0009,illumination,coaxial_light,not available,not available,24V,1.92W / 3.60W / 4.80W,80mA 150mA 200mA,not available,Voltage: 24V; Power: 1.92W / 3.60W / 4.80W; Current: 80mA 150mA 200mA,IOO coaxial light candidate for electronics and flat-part inspection trials.,coaxial_light|measurement|pcb_inspection|reflective_surface,CAS2-00-020-X-X,private_supplier,65
IOO,IOO-CL-0010,illumination,coaxial_light,IR850,not available,24V,3.60W / 3.84W / 4.32W,150mA 160mA 160mA 180mA,not available,Voltage: 24V; Power: 3.60W / 3.84W / 4.32W; Current: 150mA 160mA 160mA 180mA,IOO coaxial light candidate for electronics and flat-part inspection trials.,coaxial_light|measurement|pcb_inspection|reflective_surface,CAS2-00-025-X-X,private_supplier,66
IOO,IOO-CL-0011,illumination,coaxial_light,IR850,not available,24V,4.2W / 8.40W / 10.08W / 8.64W,175mA 350mA 420mA 360mA,not available,Voltage: 24V; Power: 4.2W / 8.40W / 10.08W / 8.64W; Current: 175mA 350mA 420mA 360mA,IOO coaxial light candidate for electronics and flat-part inspection trials.,coaxial_light|measurement|pcb_inspection|reflective_surface,CAS2-00-040-X-X,private_supplier,67
IOO,IOO-CL-0012,illumination,coaxial_light,not available,not available,24V,12.60W / 13.44W / 14.4W,525mA 560mA 600mA,not available,Voltage: 24V; Power: 12.60W / 13.44W / 14.4W; Current: 525mA 560mA 600mA,IOO coaxial light candidate for electronics and flat-part inspection trials.,coaxial_light|measurement|pcb_inspection|reflective_surface,CAS2-00-070-X-X,private_supplier,68
IOO,IOO-CL-0013,illumination,coaxial_light,not available,not available,24V,10.80W / 10.94W / 12.48W,450mA 456mA 520mA,not available,Voltage: 24V; Power: 10.80W / 10.94W / 12.48W; Current: 450mA 456mA 520mA,IOO coaxial light candidate for electronics and flat-part inspection trials.,coaxial_light|measurement|pcb_inspection|reflective_surface,CAS2-00-080-X-X,private_supplier,69
IOO,IOO-CL-0014,illumination,coaxial_light,not available,not available,24V,10.80W / 18.74W / 22.8W,450mA 781mA 950mA,not available,Voltage: 24V; Power: 10.80W / 18.74W / 22.8W; Current: 450mA 781mA 950mA,IOO coaxial light candidate for electronics and flat-part inspection trials.,coaxial_light|measurement|pcb_inspection|reflective_surface,CAS2-00-100-X-X,private_supplier,70
IOO,IOO-CL-0015,illumination,coaxial_light,not available,not available,24V,1.44W,60mA 60mA,not available,Voltage: 24V; Power: 1.44W; Current: 60mA 60mA,IOO coaxial light candidate for electronics and flat-part inspection trials.,coaxial_light|measurement|pcb_inspection|reflective_surface,CAS20-00-20X40-X-X,private_supplier,71
IOO,IOO-CL-0016,illumination,coaxial_light,not available,not available,24V,2.88W,120mA 120mA,not available,Voltage: 24V; Power: 2.88W; Current: 120mA 120mA,IOO coaxial light candidate for electronics and flat-part inspection trials.,coaxial_light|measurement|pcb_inspection|reflective_surface,CAS25-00-25X50-X-X,private_supplier,72
IOO,IOO-CL-0017,illumination,coaxial_light,not available,not available,24V,3.6W / 4.32W,150mA 180mA,not available,Voltage: 24V; Power: 3.6W / 4.32W; Current: 150mA 180mA,IOO coaxial light candidate for electronics and flat-part inspection trials.,coaxial_light|measurement|pcb_inspection|reflective_surface,CAS30-00-30X60-X-X,private_supplier,73
IOO,IOO-CL-0018,illumination,coaxial_light,not available,not available,24V,1.30W,54mA 54mA 54mA,not available,Voltage: 24V; Power: 1.30W; Current: 54mA 54mA 54mA,IOO coaxial light candidate for electronics and flat-part inspection trials.,coaxial_light|measurement|pcb_inspection|reflective_surface,CAS2-00-025-X-RGB,private_supplier,74
IOO,IOO-CL-0019,illumination,coaxial_light,not available,not available,24V,3.00W / 2.40W,125mA 100mA 100mA,not available,Voltage: 24V; Power: 3.00W / 2.40W; Current: 125mA 100mA 100mA,IOO coaxial light candidate for electronics and flat-part inspection trials.,coaxial_light|measurement|pcb_inspection|reflective_surface,CAS2-00-040-X-RGB,private_supplier,75
IOO,IOO-CL-0020,illumination,coaxial_light,not available,not available,24V,6.24W / 4.37W,260mA 182mA 182mA,not available,Voltage: 24V; Power: 6.24W / 4.37W; Current: 260mA 182mA 182mA,IOO coaxial light candidate for electronics and flat-part inspection trials.,coaxial_light|measurement|pcb_inspection|reflective_surface,CAS2-00-070-X-RGB,private_supplier,76
IOO,IOO-CL-0021,illumination,coaxial_light,not available,not available,24V,8.64W / 7.68W,360mA 320mA 320mA,not available,Voltage: 24V; Power: 8.64W / 7.68W; Current: 360mA 320mA 320mA,IOO coaxial light candidate for electronics and flat-part inspection trials.,coaxial_light|measurement|pcb_inspection|reflective_surface,CAS2-00-100-X-RGB,private_supplier,77
IOO,IOO-CL-0022,illumination,coaxial_light,not available,not available,24V,3.84W / 5.28W,160mA 220mA,not available,Voltage: 24V; Power: 3.84W / 5.28W; Current: 160mA 220mA,IOO coaxial light candidate for electronics and flat-part inspection trials.,coaxial_light|measurement|pcb_inspection|reflective_surface,CAS2-00-040-X-RGBW,private_supplier,78
IOO,IOO-CL-0023,illumination,coaxial_light,not available,not available,24V,7.68W / 6.72W / 5.76W,320mA 280mA 240mA,not available,Voltage: 24V; Power: 7.68W / 6.72W / 5.76W; Current: 320mA 280mA 240mA,IOO coaxial light candidate for electronics and flat-part inspection trials.,coaxial_light|measurement|pcb_inspection|reflective_surface,CAS2-00-070-X-RGBW,private_supplier,79
IOO,IOO-LT-0024,illumination,illumination,not available,not available,24V,1.30W,54mA 54mA 54mA,not available,Voltage: 24V; Power: 1.30W; Current: 54mA 54mA 54mA,IOO illumination candidate for machine vision lighting evaluation.,illumination,CAS2-00-025-X-RGB,private_supplier,80
IOO,IOO-LT-0025,illumination,illumination,not available,not available,24V,3.00W / 2.40W,125mA 100mA 100mA,not available,Voltage: 24V; Power: 3.00W / 2.40W; Current: 125mA 100mA 100mA,IOO illumination candidate for machine vision lighting evaluation.,illumination,CAS2-00-040-X-RGB,private_supplier,81
IOO,IOO-LT-0026,illumination,illumination,not available,not available,24V,6.24W / 4.37W,260mA 182mA 182mA,not available,Voltage: 24V; Power: 6.24W / 4.37W; Current: 260mA 182mA 182mA,IOO illumination candidate for machine vision lighting evaluation.,illumination,CAS2-00-070-X-RGB,private_supplier,82
IOO,IOO-LT-0027,illumination,illumination,not available,not available,24V,8.64W / 7.68W,360mA 320mA 320mA,not available,Voltage: 24V; Power: 8.64W / 7.68W; Current: 360mA 320mA 320mA,IOO illumination candidate for machine vision lighting evaluation.,illumination,CAS2-00-100-X-RGB,private_supplier,83
IOO,IOO-CL-0024,illumination,coaxial_light,not available,not available,24V,1.68W / 2.16W,70mA 90mA,not available,Voltage: 24V; Power: 1.68W / 2.16W; Current: 70mA 90mA,IOO coaxial light candidate for electronics and flat-part inspection trials.,coaxial_light|pcb_inspection|reflective_surface,CASC-00-015-X-X,private_supplier,84
IOO,IOO-CL-0025,illumination,coaxial_light,not available,not available,24V,1.296W,54mA,not available,Voltage: 24V; Power: 1.296W; Current: 54mA,IOO coaxial light candidate for electronics and flat-part inspection trials.,coaxial_light|pcb_inspection|reflective_surface,CASC-00-025-X-X,private_supplier,85
IOO,IOO-CL-0026,illumination,coaxial_light,not available,not available,24V,6.62W / 6.91W,276mA 288mA,not available,Voltage: 24V; Power: 6.62W / 6.91W; Current: 276mA 288mA,IOO coaxial light candidate for electronics and flat-part inspection trials.,coaxial_light|pcb_inspection|reflective_surface,CASC-00-035-X-X,private_supplier,86
IOO,IOO-CL-0027,illumination,coaxial_light,not available,not available,24V,7.68W / 9.12W,320mA 380mA,not available,Voltage: 24V; Power: 7.68W / 9.12W; Current: 320mA 380mA,IOO coaxial light candidate for electronics and flat-part inspection trials.,coaxial_light|pcb_inspection|reflective_surface,HCAS2-00-035-X-X,private_supplier,87
IOO,IOO-CL-0028,illumination,coaxial_light,not available,not available,24V,16.80W / 18.0W,700mA 750mA,not available,Voltage: 24V; Power: 16.80W / 18.0W; Current: 700mA 750mA,IOO coaxial light candidate for electronics and flat-part inspection trials.,coaxial_light|pcb_inspection|reflective_surface,HCAS2-00-070-X-X,private_supplier,88
IOO,IOO-CL-0029,illumination,coaxial_light,not available,not available,24V,25.34W / 21.38W,1056mA 891mA,not available,Voltage: 24V; Power: 25.34W / 21.38W; Current: 1056mA 891mA,IOO coaxial light candidate for electronics and flat-part inspection trials.,coaxial_light|pcb_inspection|reflective_surface,CAS3-00-150-X-X Beam splitter assembly guideline,private_supplier,89
IOO,IOO-CL-0030,illumination,coaxial_light,not available,not available,24V,32.40W / 38.02W,1350mA 1584mA,not available,Voltage: 24V; Power: 32.40W / 38.02W; Current: 1350mA 1584mA,IOO coaxial light candidate for electronics and flat-part inspection trials.,coaxial_light|pcb_inspection|reflective_surface,CAS3-00-200-X-X Beam splitter assembly guideline Video beam splitter assembly,private_supplier,90
IOO,IOO-CL-0031,illumination,coaxial_light,not available,not available,24V,46.66W / 54.00W,1944mA 2250mA,not available,Voltage: 24V; Power: 46.66W / 54.00W; Current: 1944mA 2250mA,IOO coaxial light candidate for electronics and flat-part inspection trials.,coaxial_light|pcb_inspection|reflective_surface,CAS3-00-250-X-X Beam splitter assembly guideline Video beam splitter assembly,private_supplier,91
IOO,IOO-CL-0032,illumination,coaxial_light,not available,not available,not available,not available,not available,not available,not available,IOO coaxial light candidate for electronics and flat-part inspection trials.,coaxial_light|pcb_inspection|reflective_surface,CAS3-00-150-X-X,private_supplier,92
IOO,IOO-CL-0033,illumination,coaxial_light,not available,not available,not available,not available,not available,not available,not available,IOO coaxial light candidate for electronics and flat-part inspection trials.,coaxial_light|pcb_inspection|reflective_surface,CAS3-00-200-X-X,private_supplier,93
IOO,IOO-CL-0034,illumination,coaxial_light,not available,not available,not available,not available,not available,not available,not available,IOO coaxial light candidate for electronics and flat-part inspection trials.,coaxial_light|pcb_inspection|reflective_surface,CAS3-00-250-X-X,private_supplier,94
IOO,IOO-CL-0035,illumination,coaxial_light,not available,not available,24V,1.80W / 3.12W / 3.60W,75mA 130mA 150mA,not available,Voltage: 24V; Power: 1.80W / 3.12W / 3.60W; Current: 75mA 130mA 150mA,IOO coaxial light candidate for electronics and flat-part inspection trials.,coaxial_light|pcb_inspection|reflective_surface,CAS2-45-010-X-X,private_supplier,95
IOO,IOO-CL-0036,illumination,coaxial_light,not available,not available,24V,1.92W / 3.60W / 4.80W,80mA 150mA 200mA,not available,Voltage: 24V; Power: 1.92W / 3.60W / 4.80W; Current: 80mA 150mA 200mA,IOO coaxial light candidate for electronics and flat-part inspection trials.,coaxial_light|pcb_inspection|reflective_surface,CAS2-45-020-X-X,private_supplier,96
IOO,IOO-CL-0037,illumination,coaxial_light,not available,not available,24V,4.20W / 8.40W / 10.08W,175mA 350mA 420mA,not available,Voltage: 24V; Power: 4.20W / 8.40W / 10.08W; Current: 175mA 350mA 420mA,IOO coaxial light candidate for electronics and flat-part inspection trials.,coaxial_light|pcb_inspection|reflective_surface,CAS2-45-040-X-X,private_supplier,97
IOO,IOO-LT-0028,illumination,illumination,not available,not available,24V,5.76W,240mA,not available,Voltage: 24V; Power: 5.76W; Current: 240mA,IOO illumination candidate for machine vision lighting evaluation.,illumination,HPD-00-070-1-X-24V,private_supplier,99
IOO,IOO-LT-0029,illumination,illumination,not available,not available,not available,not available,not available,not available,not available,IOO illumination candidate for machine vision lighting evaluation.,illumination,UV385,private_supplier,100
IOO,IOO-LT-0030,illumination,illumination,not available,not available,not available,not available,not available,not available,not available,IOO illumination candidate for machine vision lighting evaluation.,illumination,UV395,private_supplier,101
IOO,IOO-LT-0031,illumination,illumination,not available,not available,not available,not available,not available,not available,not available,IOO illumination candidate for machine vision lighting evaluation.,illumination,UV405,private_supplier,102
IOO,IOO-LS-0003,illumination,line_scan_light,not available,not available,24V,4.32W,180mA,not available,Voltage: 24V; Power: 4.32W; Current: 180mA,IOO line scan light candidate for machine vision lighting evaluation.,line_scan_light,LSW-15-070-2-X,private_supplier,103
IOO,IOO-LS-0004,illumination,line_scan_light,not available,not available,24V,7.20W,300mA,not available,Voltage: 24V; Power: 7.20W; Current: 300mA,IOO line scan light candidate for machine vision lighting evaluation.,line_scan_light,LSW-15-090-3-X,private_supplier,104
IOO,IOO-LS-0005,illumination,line_scan_light,not available,not available,24V,1.08W,45mA,not available,Voltage: 24V; Power: 1.08W; Current: 45mA,IOO line scan light candidate for machine vision lighting evaluation.,line_scan_light,LSW-30-040-1-X,private_supplier,105
IOO,IOO-LS-0006,illumination,line_scan_light,not available,not available,24V,2.88W,120mA,not available,Voltage: 24V; Power: 2.88W; Current: 120mA,IOO line scan light candidate for machine vision lighting evaluation.,line_scan_light,LSW-15-070-1-X,private_supplier,106
IOO,IOO-LS-0007,illumination,line_scan_light,not available,not available,not available,not available,not available,not available,not available,IOO line scan light candidate for machine vision lighting evaluation.,line_scan_light,UV385,private_supplier,107
IOO,IOO-LS-0008,illumination,line_scan_light,not available,not available,not available,not available,not available,not available,not available,IOO line scan light candidate for machine vision lighting evaluation.,line_scan_light,UV395,private_supplier,108
IOO,IOO-LS-0009,illumination,line_scan_light,not available,not available,not available,not available,not available,not available,not available,IOO line scan light candidate for machine vision lighting evaluation.,line_scan_light,UV405,private_supplier,109
IOO,IOO-LT-0032,illumination,illumination,not available,not available,24V,0.72W,30mA,not available,Voltage: 24V; Power: 0.72W; Current: 30mA,IOO illumination candidate for machine vision lighting evaluation.,illumination|measurement,CAS2-00-025-X-X,private_supplier,110
IOO,IOO-LT-0033,illumination,illumination,not available,not available,24V,1.44W,60mA,not available,Voltage: 24V; Power: 1.44W; Current: 60mA,IOO illumination candidate for machine vision lighting evaluation.,illumination|measurement,CAS2-00-040-X-X,private_supplier,111
IOO,IOO-LT-0034,illumination,illumination,not available,not available,not available,not available,not available,not available,not available,IOO illumination candidate for machine vision lighting evaluation.,illumination,CAS2-00-025-X-UV365,private_supplier,112
IOO,IOO-LT-0035,illumination,illumination,not available,not available,not available,not available,not available,not available,not available,IOO illumination candidate for machine vision lighting evaluation.,illumination,CAS2-00-040-X-UV365,private_supplier,113
IOO,IOO-LT-0036,illumination,illumination,not available,not available,24V,7.68W,320mA,not available,Voltage: 24V; Power: 7.68W; Current: 320mA,IOO illumination candidate for machine vision lighting evaluation.,illumination,LLA-60-090-2-X,private_supplier,114
IOO,IOO-LT-0037,illumination,illumination,not available,not available,24V,11.52W,480mA,not available,Voltage: 24V; Power: 11.52W; Current: 480mA,IOO illumination candidate for machine vision lighting evaluation.,illumination,LLA-60-150-2-X,private_supplier,115
IOO,IOO-LT-0038,illumination,illumination,not available,not available,24V,8.40W,350mA,not available,Voltage: 24V; Power: 8.40W; Current: 350mA,IOO illumination candidate for machine vision lighting evaluation.,illumination,LLA-75-170-2-X,private_supplier,116
IOO,IOO-LT-0039,illumination,illumination,not available,not available,24V,2.88W,120mA,not available,Voltage: 24V; Power: 2.88W; Current: 120mA,IOO illumination candidate for machine vision lighting evaluation.,illumination,LLA-60-070-1-X,private_supplier,117
IOO,IOO-LT-0040,illumination,illumination,not available,not available,not available,not available,not available,not available,not available,IOO illumination candidate for machine vision lighting evaluation.,illumination,UV385,private_supplier,118
IOO,IOO-LT-0041,illumination,illumination,not available,not available,not available,not available,not available,not available,not available,IOO illumination candidate for machine vision lighting evaluation.,illumination,UV395,private_supplier,119
IOO,IOO-LT-0042,illumination,illumination,not available,not available,not available,not available,not available,not available,not available,IOO illumination candidate for machine vision lighting evaluation.,illumination,UV405,private_supplier,120
IOO,IOO-LT-0043,illumination,illumination,UV365,not available,24V,2.4W,100mA,not available,Voltage: 24V; Power: 2.4W; Current: 100mA,IOO illumination candidate for machine vision lighting evaluation.,illumination,LBRX-00-080-1-X,private_supplier,121
IOO,IOO-LT-0044,illumination,illumination,not available,not available,not available,not available,not available,not available,not available,IOO illumination candidate for machine vision lighting evaluation.,illumination,UV385,private_supplier,122
IOO,IOO-LT-0045,illumination,illumination,not available,not available,not available,not available,not available,not available,not available,IOO illumination candidate for machine vision lighting evaluation.,illumination,UV395,private_supplier,123
IOO,IOO-LT-0046,illumination,illumination,not available,not available,not available,not available,not available,not available,not available,IOO illumination candidate for machine vision lighting evaluation.,illumination,UV405,private_supplier,124
IOO,IOO-LT-0047,illumination,illumination,UV365,not available,24V,4.8W,200mA,not available,Voltage: 24V; Power: 4.8W; Current: 200mA,IOO illumination candidate for machine vision lighting evaluation.,illumination,LBRX-00-160-1-X,private_supplier,125
IOO,IOO-LT-0048,illumination,illumination,UV365,not available,24V,7.2W,300mA,not available,Voltage: 24V; Power: 7.2W; Current: 300mA,IOO illumination candidate for machine vision lighting evaluation.,illumination,LBRX-00-240-1-X,private_supplier,126
IOO,IOO-LT-0049,illumination,illumination,UV365,not available,24V,9.6W,400mA,not available,Voltage: 24V; Power: 9.6W; Current: 400mA,IOO illumination candidate for machine vision lighting evaluation.,illumination,LBRQ-00-080-1-X,private_supplier,127
IOO,IOO-LT-0050,illumination,illumination,not available,not available,not available,not available,not available,not available,not available,IOO illumination candidate for machine vision lighting evaluation.,illumination,UV385,private_supplier,128
IOO,IOO-LT-0051,illumination,illumination,not available,not available,not available,not available,not available,not available,not available,IOO illumination candidate for machine vision lighting evaluation.,illumination,UV395,private_supplier,129
IOO,IOO-LT-0052,illumination,illumination,not available,not available,not available,not available,not available,not available,not available,IOO illumination candidate for machine vision lighting evaluation.,illumination,UV405,private_supplier,130
IOO,IOO-LT-0053,illumination,illumination,not available,not available,24V,1.08W,45mA,not available,Voltage: 24V; Power: 1.08W; Current: 45mA,IOO illumination candidate for machine vision lighting evaluation.,illumination,LBRX-00-040-3-X,private_supplier,131
IOO,IOO-LT-0054,illumination,illumination,not available,not available,24V,2.16W,90mA,not available,Voltage: 24V; Power: 2.16W; Current: 90mA,IOO illumination candidate for machine vision lighting evaluation.,illumination,LBRX-00-080-3-X,private_supplier,132
IOO,IOO-LT-0055,illumination,illumination,not available,not available,24V,3.24W,135mA,not available,Voltage: 24V; Power: 3.24W; Current: 135mA,IOO illumination candidate for machine vision lighting evaluation.,illumination,LBRX-00-120-3-X,private_supplier,133
IOO,IOO-LT-0056,illumination,illumination,not available,not available,24V,4.32W,180mA,not available,Voltage: 24V; Power: 4.32W; Current: 180mA,IOO illumination candidate for machine vision lighting evaluation.,illumination,LBRX-00-160-3-X,private_supplier,134
IOO,IOO-LT-0057,illumination,illumination,not available,not available,24V,5.40W,255mA,not available,Voltage: 24V; Power: 5.40W; Current: 255mA,IOO illumination candidate for machine vision lighting evaluation.,illumination,LBRX-00-200-3-X,private_supplier,135
IOO,IOO-LT-0058,illumination,illumination,not available,not available,24V,1.72W,72mA,not available,Voltage: 24V; Power: 1.72W; Current: 72mA,IOO illumination candidate for machine vision lighting evaluation.,illumination,LBRX-00-040-6-X,private_supplier,136
IOO,IOO-LT-0059,illumination,illumination,not available,not available,24V,3.46W,144mA,not available,Voltage: 24V; Power: 3.46W; Current: 144mA,IOO illumination candidate for machine vision lighting evaluation.,illumination,LBRX-00-080-6-X,private_supplier,137
IOO,IOO-LT-0060,illumination,illumination,not available,not available,24V,5.18W,216mA,not available,Voltage: 24V; Power: 5.18W; Current: 216mA,IOO illumination candidate for machine vision lighting evaluation.,illumination,LBRX-00-120-6-X,private_supplier,138
IOO,IOO-LT-0061,illumination,illumination,not available,not available,24V,6.91W,288mA,not available,Voltage: 24V; Power: 6.91W; Current: 288mA,IOO illumination candidate for machine vision lighting evaluation.,illumination,LBRX-00-160-6-X,private_supplier,139
IOO,IOO-LT-0062,illumination,illumination,not available,not available,24V,8.64W,360mA,not available,Voltage: 24V; Power: 8.64W; Current: 360mA,IOO illumination candidate for machine vision lighting evaluation.,illumination,LBRX-00-200-6-X,private_supplier,140
IOO,IOO-LT-0063,illumination,illumination,not available,not available,not available,not available,not available,not available,not available,IOO illumination candidate for machine vision lighting evaluation.,illumination,LBRX-00-040-3-IR850,private_supplier,141
IOO,IOO-LT-0064,illumination,illumination,not available,not available,not available,not available,not available,not available,not available,IOO illumination candidate for machine vision lighting evaluation.,illumination,LBRX-00-080-3-IR850,private_supplier,142
IOO,IOO-LT-0065,illumination,illumination,not available,not available,not available,not available,not available,not available,not available,IOO illumination candidate for machine vision lighting evaluation.,illumination,LBRX-00-120-3-IR850,private_supplier,143
IOO,IOO-LT-0066,illumination,illumination,not available,not available,not available,not available,not available,not available,not available,IOO illumination candidate for machine vision lighting evaluation.,illumination,LBRX-00-160-3-IR850,private_supplier,144
IOO,IOO-LT-0067,illumination,illumination,not available,not available,not available,not available,not available,not available,not available,IOO illumination candidate for machine vision lighting evaluation.,illumination,LBRX-00-200-3-IR850,private_supplier,145
IOO,IOO-LT-0068,illumination,illumination,not available,not available,not available,not available,not available,not available,not available,IOO illumination candidate for machine vision lighting evaluation.,illumination,LBRX-00-040-6-IR850,private_supplier,146
IOO,IOO-LT-0069,illumination,illumination,not available,not available,not available,not available,not available,not available,not available,IOO illumination candidate for machine vision lighting evaluation.,illumination,LBRX-00-080-6-IR850,private_supplier,147
IOO,IOO-LT-0070,illumination,illumination,not available,not available,not available,not available,not available,not available,not available,IOO illumination candidate for machine vision lighting evaluation.,illumination,LBRX-00-120-6-IR850,private_supplier,148
IOO,IOO-LT-0071,illumination,illumination,not available,not available,not available,not available,not available,not available,not available,IOO illumination candidate for machine vision lighting evaluation.,illumination,LBRX-00-160-6-IR850,private_supplier,149
IOO,IOO-LT-0072,illumination,illumination,not available,not available,not available,not available,not available,not available,not available,IOO illumination candidate for machine vision lighting evaluation.,illumination,LBRX-00-200-6-IR850,private_supplier,150
IOO,IOO-LT-0073,illumination,illumination,not available,not available,24V,3.12W,130mA,not available,Voltage: 24V; Power: 3.12W; Current: 130mA,IOO illumination candidate for machine vision lighting evaluation.,illumination,BHS4-00-025-X-X,private_supplier,151
IOO,IOO-LT-0074,illumination,illumination,not available,not available,24V,2.304W,96mA,not available,Voltage: 24V; Power: 2.304W; Current: 96mA,IOO illumination candidate for machine vision lighting evaluation.,illumination,BHS4-00-050-X-X,private_supplier,152
IOO,IOO-LT-0075,illumination,illumination,not available,not available,24V,5.184W,216mA,not available,Voltage: 24V; Power: 5.184W; Current: 216mA,IOO illumination candidate for machine vision lighting evaluation.,illumination,BHS4-00-075-X-X,private_supplier,153
IOO,IOO-LT-0076,illumination,illumination,not available,not available,24V,9.216W,384mA,not available,Voltage: 24V; Power: 9.216W; Current: 384mA,IOO illumination candidate for machine vision lighting evaluation.,illumination,BHS4-00-100-X-X,private_supplier,154
IOO,IOO-LT-0077,illumination,illumination,not available,not available,24V,3.12W,130mA,not available,Voltage: 24V; Power: 3.12W; Current: 130mA,IOO illumination candidate for machine vision lighting evaluation.,illumination,BHS4-00-030-X-X,private_supplier,155
IOO,IOO-LT-0078,illumination,illumination,not available,not available,24V,2.30W,96mA,not available,Voltage: 24V; Power: 2.30W; Current: 96mA,IOO illumination candidate for machine vision lighting evaluation.,illumination,BHS4-00-060-X-X,private_supplier,156
IOO,IOO-LT-0079,illumination,illumination,not available,not available,24V,5.184W,216mA,not available,Voltage: 24V; Power: 5.184W; Current: 216mA,IOO illumination candidate for machine vision lighting evaluation.,illumination,BHS4-00-090-X-X,private_supplier,157
IOO,IOO-LT-0080,illumination,illumination,not available,not available,24V,9.216W,384mA,not available,Voltage: 24V; Power: 9.216W; Current: 384mA,IOO illumination candidate for machine vision lighting evaluation.,illumination,BHS4-00-120-X-X,private_supplier,158
IOO,IOO-LT-0081,illumination,illumination,not available,not available,not available,not available,not available,not available,not available,IOO illumination candidate for machine vision lighting evaluation.,illumination,BHS4-00-025-X-IR850,private_supplier,159
IOO,IOO-LT-0082,illumination,illumination,not available,not available,not available,not available,not available,not available,not available,IOO illumination candidate for machine vision lighting evaluation.,illumination,BHS4-00-050-X-IR850,private_supplier,160
IOO,IOO-LT-0083,illumination,illumination,not available,not available,not available,not available,not available,not available,not available,IOO illumination candidate for machine vision lighting evaluation.,illumination,BHS4-00-075-X-IR850,private_supplier,161
IOO,IOO-LT-0084,illumination,illumination,not available,not available,not available,not available,not available,not available,not available,IOO illumination candidate for machine vision lighting evaluation.,illumination,BHS4-00-100-X-IR850,private_supplier,162
IOO,IOO-LT-0085,illumination,illumination,not available,not available,not available,not available,not available,not available,not available,IOO illumination candidate for machine vision lighting evaluation.,illumination,BHS4-00-030-X-IR850,private_supplier,163
IOO,IOO-LT-0086,illumination,illumination,not available,not available,not available,not available,not available,not available,not available,IOO illumination candidate for machine vision lighting evaluation.,illumination,BHS4-00-060-X-IR850,private_supplier,164
IOO,IOO-LT-0087,illumination,illumination,not available,not available,not available,not available,not available,not available,not available,IOO illumination candidate for machine vision lighting evaluation.,illumination,BHS4-00-090-X-IR850,private_supplier,165
IOO,IOO-LT-0088,illumination,illumination,not available,not available,not available,not available,not available,not available,not available,IOO illumination candidate for machine vision lighting evaluation.,illumination,BHS4-00-120-X-IR850,private_supplier,166
IOO,IOO-LT-0089,illumination,illumination,not available,not available,24V,3.84W,160mA,not available,Voltage: 24V; Power: 3.84W; Current: 160mA,IOO illumination candidate for machine vision lighting evaluation.,illumination,CAS2-00-025-X-X,private_supplier,167
IOO,IOO-LT-0090,illumination,illumination,not available,not available,24V,8.40W,350mA,not available,Voltage: 24V; Power: 8.40W; Current: 350mA,IOO illumination candidate for machine vision lighting evaluation.,illumination,CAS2-00-040-X-X,private_supplier,168
IOO,IOO-LT-0091,illumination,illumination,not available,not available,24V,4.32W,180mA,not available,Voltage: 24V; Power: 4.32W; Current: 180mA,IOO illumination candidate for machine vision lighting evaluation.,illumination,LBRQ-00-040-3-X,private_supplier,169
IOO,IOO-LT-0092,illumination,illumination,not available,not available,24V,8.64W,360mA,not available,Voltage: 24V; Power: 8.64W; Current: 360mA,IOO illumination candidate for machine vision lighting evaluation.,illumination,LBRQ-00-080-3-X,private_supplier,170
IOO,IOO-LT-0093,illumination,illumination,not available,not available,24V,12.96W,540mA,not available,Voltage: 24V; Power: 12.96W; Current: 540mA,IOO illumination candidate for machine vision lighting evaluation.,illumination,LBRQ-00-120-3-X,private_supplier,171
IOO,IOO-LT-0094,illumination,illumination,not available,not available,24V,17.28W,720mA,not available,Voltage: 24V; Power: 17.28W; Current: 720mA,IOO illumination candidate for machine vision lighting evaluation.,illumination,LBRQ-00-160-3-X,private_supplier,172
IOO,IOO-LT-0095,illumination,illumination,not available,not available,24V,21.60W,900mA,not available,Voltage: 24V; Power: 21.60W; Current: 900mA,IOO illumination candidate for machine vision lighting evaluation.,illumination,LBRQ-00-200-3-X,private_supplier,173
IOO,IOO-LT-0096,illumination,illumination,not available,not available,24V,6.91W,288mA,not available,Voltage: 24V; Power: 6.91W; Current: 288mA,IOO illumination candidate for machine vision lighting evaluation.,illumination,LBRQ-00-040-6-X,private_supplier,174
IOO,IOO-LT-0097,illumination,illumination,not available,not available,24V,13.82W,576mA,not available,Voltage: 24V; Power: 13.82W; Current: 576mA,IOO illumination candidate for machine vision lighting evaluation.,illumination,LBRQ-00-080-6-X,private_supplier,175
IOO,IOO-LT-0098,illumination,illumination,not available,not available,24V,20.74W,864mA,not available,Voltage: 24V; Power: 20.74W; Current: 864mA,IOO illumination candidate for machine vision lighting evaluation.,illumination,LBRQ-00-120-6-X,private_supplier,176
IOO,IOO-LT-0099,illumination,illumination,not available,not available,24V,27.65W,1152mA,not available,Voltage: 24V; Power: 27.65W; Current: 1152mA,IOO illumination candidate for machine vision lighting evaluation.,illumination,LBRQ-00-160-6-X,private_supplier,177
IOO,IOO-LT-0100,illumination,illumination,not available,not available,24V,34.56W,1440mA,not available,Voltage: 24V; Power: 34.56W; Current: 1440mA,IOO illumination candidate for machine vision lighting evaluation.,illumination,LBRQ-00-200-6-X,private_supplier,178
IOO,IOO-LT-0101,illumination,illumination,not available,not available,not available,not available,not available,not available,not available,IOO illumination candidate for machine vision lighting evaluation.,illumination,LBRQ-00-040-3-IR850,private_supplier,179
IOO,IOO-LT-0102,illumination,illumination,not available,not available,not available,not available,not available,not available,not available,IOO illumination candidate for machine vision lighting evaluation.,illumination,LBRQ-00-080-3-IR850,private_supplier,180
IOO,IOO-LT-0103,illumination,illumination,not available,not available,not available,not available,not available,not available,not available,IOO illumination candidate for machine vision lighting evaluation.,illumination,LBRQ-00-120-3-IR850,private_supplier,181
IOO,IOO-LT-0104,illumination,illumination,not available,not available,not available,not available,not available,not available,not available,IOO illumination candidate for machine vision lighting evaluation.,illumination,LBRQ-00-160-3-IR850,private_supplier,182
IOO,IOO-LT-0105,illumination,illumination,not available,not available,not available,not available,not available,not available,not available,IOO illumination candidate for machine vision lighting evaluation.,illumination,LBRQ-00-200-3-IR850,private_supplier,183
IOO,IOO-LT-0106,illumination,illumination,not available,not available,not available,not available,not available,not available,not available,IOO illumination candidate for machine vision lighting evaluation.,illumination,LBRQ-00-040-6-IR850,private_supplier,184
IOO,IOO-LT-0107,illumination,illumination,not available,not available,not available,not available,not available,not available,not available,IOO illumination candidate for machine vision lighting evaluation.,illumination,LBRQ-00-080-6-IR850,private_supplier,185
IOO,IOO-LT-0108,illumination,illumination,not available,not available,not available,not available,not available,not available,not available,IOO illumination candidate for machine vision lighting evaluation.,illumination,LBRQ-00-120-6-IR850,private_supplier,186
IOO,IOO-LT-0109,illumination,illumination,not available,not available,not available,not available,not available,not available,not available,IOO illumination candidate for machine vision lighting evaluation.,illumination,LBRQ-00-160-6-IR850,private_supplier,187
IOO,IOO-LT-0110,illumination,illumination,not available,not available,not available,not available,not available,not available,not available,IOO illumination candidate for machine vision lighting evaluation.,illumination,LBRQ-00-200-6-IR850,private_supplier,188
IOO,IOO-LS-0010,illumination,line_scan_light,not available,not available,24V,2.88W,120mA,not available,Voltage: 24V; Power: 2.88W; Current: 120mA,IOO line scan light candidate for machine vision lighting evaluation.,line_scan_light,LSW-15-070-3-X,private_supplier,189
IOO,IOO-LS-0011,illumination,line_scan_light,not available,not available,not available,not available,not available,not available,not available,IOO line scan light candidate for machine vision lighting evaluation.,line_scan_light,LSW-15-070-3-IR850,private_supplier,190
IOO,IOO-LS-0012,illumination,line_scan_light,not available,not available,not available,not available,not available,not available,not available,IOO line scan light candidate for machine vision lighting evaluation.,line_scan_light,LSW-15-070-3-IR940,private_supplier,191
IOO,IOO-LT-0111,illumination,illumination,not available,not available,24V,2.88W,120mA,not available,Voltage: 24V; Power: 2.88W; Current: 120mA,IOO illumination candidate for machine vision lighting evaluation.,illumination,LLA-60-090-2-X,private_supplier,192
IOO,IOO-LT-0112,illumination,illumination,not available,not available,not available,not available,not available,not available,not available,IOO illumination candidate for machine vision lighting evaluation.,illumination,LLA-60-090-2-IR850,private_supplier,193
IOO,IOO-LT-0113,illumination,illumination,not available,not available,not available,not available,not available,not available,not available,IOO illumination candidate for machine vision lighting evaluation.,illumination,LLA-60-090-2-IR940,private_supplier,194
IOO,IOO-BL-0001,illumination,backlight,not available,not available,24V,12.48W,520mA,not available,Voltage: 24V; Power: 12.48W; Current: 520mA,"IOO backlight candidate for silhouette, edge, and transparent-object inspection trials.",backlight|measurement|transparent_edge,BHLX3-00-160X160-X-X,private_supplier,195
IOO,IOO-BL-0002,illumination,backlight,not available,not available,24V,18.72W,780mA,not available,Voltage: 24V; Power: 18.72W; Current: 780mA,"IOO backlight candidate for silhouette, edge, and transparent-object inspection trials.",backlight|measurement|transparent_edge,BHLX3-00-160X240-X-X,private_supplier,196
IOO,IOO-BL-0003,illumination,backlight,not available,not available,24V,24.96W,1040mA,not available,Voltage: 24V; Power: 24.96W; Current: 1040mA,"IOO backlight candidate for silhouette, edge, and transparent-object inspection trials.",backlight|measurement|transparent_edge,BHLX3-00-160X320-X-X,private_supplier,197
IOO,IOO-BL-0004,illumination,backlight,not available,not available,24V,31.2W,1300mA,not available,Voltage: 24V; Power: 31.2W; Current: 1300mA,"IOO backlight candidate for silhouette, edge, and transparent-object inspection trials.",backlight|measurement|transparent_edge,BHLX3-00-160X400-X-X,private_supplier,198
IOO,IOO-BL-0005,illumination,backlight,not available,not available,24V,28.08W,1170mA,not available,Voltage: 24V; Power: 28.08W; Current: 1170mA,"IOO backlight candidate for silhouette, edge, and transparent-object inspection trials.",backlight|measurement|transparent_edge,BHLX3-00-240X240-X-X,private_supplier,199
IOO,IOO-BL-0006,illumination,backlight,not available,not available,24V,37.44W,1560mA,not available,Voltage: 24V; Power: 37.44W; Current: 1560mA,"IOO backlight candidate for silhouette, edge, and transparent-object inspection trials.",backlight|measurement|transparent_edge,BHLX3-00-240X320-X-X,private_supplier,200
IOO,IOO-BL-0007,illumination,backlight,not available,not available,24V,46.8W,1950mA,not available,Voltage: 24V; Power: 46.8W; Current: 1950mA,"IOO backlight candidate for silhouette, edge, and transparent-object inspection trials.",backlight|measurement|transparent_edge,BHLX3-00-240X400-X-X,private_supplier,201
IOO,IOO-BL-0008,illumination,backlight,not available,not available,24V,49.92W,2080mA,not available,Voltage: 24V; Power: 49.92W; Current: 2080mA,"IOO backlight candidate for silhouette, edge, and transparent-object inspection trials.",backlight|measurement|transparent_edge,BHLX3-00-320X320-X-X,private_supplier,202
IOO,IOO-BL-0009,illumination,backlight,not available,not available,24V,62.4W,2600mA,not available,Voltage: 24V; Power: 62.4W; Current: 2600mA,"IOO backlight candidate for silhouette, edge, and transparent-object inspection trials.",backlight|measurement|transparent_edge,BHLX3-00-320X400-X-X,private_supplier,203
IOO,IOO-BL-0010,illumination,backlight,not available,not available,24V,78W,3250mA,not available,Voltage: 24V; Power: 78W; Current: 3250mA,"IOO backlight candidate for silhouette, edge, and transparent-object inspection trials.",backlight|measurement|transparent_edge,BHLX3-00-400X400-X-X,private_supplier,204
IOO,IOO-BL-0011,illumination,backlight,not available,not available,not available,not available,not available,not available,not available,"IOO backlight candidate for silhouette, edge, and transparent-object inspection trials.",backlight|measurement|transparent_edge,BHLX3-00-160X160-X-IR850,private_supplier,205
IOO,IOO-BL-0012,illumination,backlight,not available,not available,not available,not available,not available,not available,not available,"IOO backlight candidate for silhouette, edge, and transparent-object inspection trials.",backlight|measurement|transparent_edge,BHLX3-00-160X240-X-IR850,private_supplier,206
IOO,IOO-BL-0013,illumination,backlight,not available,not available,not available,not available,not available,not available,not available,"IOO backlight candidate for silhouette, edge, and transparent-object inspection trials.",backlight|measurement|transparent_edge,BHLX3-00-160X320-X-IR850,private_supplier,207
IOO,IOO-BL-0014,illumination,backlight,not available,not available,not available,not available,not available,not available,not available,"IOO backlight candidate for silhouette, edge, and transparent-object inspection trials.",backlight|measurement|transparent_edge,BHLX3-00-160X400-X-IR850,private_supplier,208
IOO,IOO-BL-0015,illumination,backlight,not available,not available,not available,not available,not available,not available,not available,"IOO backlight candidate for silhouette, edge, and transparent-object inspection trials.",backlight|measurement|transparent_edge,BHLX3-00-240X240-X-IR850,private_supplier,209
IOO,IOO-BL-0016,illumination,backlight,not available,not available,not available,not available,not available,not available,not available,"IOO backlight candidate for silhouette, edge, and transparent-object inspection trials.",backlight|measurement|transparent_edge,BHLX3-00-240X320-X-IR850,private_supplier,210
IOO,IOO-BL-0017,illumination,backlight,not available,not available,not available,not available,not available,not available,not available,"IOO backlight candidate for silhouette, edge, and transparent-object inspection trials.",backlight|measurement|transparent_edge,BHLX3-00-240X400-X-IR850,private_supplier,211
IOO,IOO-BL-0018,illumination,backlight,not available,not available,not available,not available,not available,not available,not available,"IOO backlight candidate for silhouette, edge, and transparent-object inspection trials.",backlight|measurement|transparent_edge,BHLX3-00-320X320-X-IR850,private_supplier,212
IOO,IOO-BL-0019,illumination,backlight,not available,not available,not available,not available,not available,not available,not available,"IOO backlight candidate for silhouette, edge, and transparent-object inspection trials.",backlight|measurement|transparent_edge,BHLX3-00-320X400-X-IR850,private_supplier,213
IOO,IOO-BL-0020,illumination,backlight,not available,not available,not available,not available,not available,not available,not available,"IOO backlight candidate for silhouette, edge, and transparent-object inspection trials.",backlight|measurement|transparent_edge,BHLX3-00-400X400-X-IR850,private_supplier,214
IOO,IOO-LT-0114,illumination,illumination,not available,not available,24V,5.76W,240mA,not available,Voltage: 24V; Power: 5.76W; Current: 240mA,IOO illumination candidate for machine vision lighting evaluation.,illumination,IDS5-00-050-1-X,private_supplier,215
IOO,IOO-LT-0115,illumination,illumination,not available,not available,24V,8.64W,360mA,not available,Voltage: 24V; Power: 8.64W; Current: 360mA,IOO illumination candidate for machine vision lighting evaluation.,illumination,IDS5-00-070-1-X,private_supplier,216
IOO,IOO-LT-0116,illumination,illumination,not available,not available,24V,11.52W,480mA,not available,Voltage: 24V; Power: 11.52W; Current: 480mA,IOO illumination candidate for machine vision lighting evaluation.,illumination,IDS5-00-100-1-X,private_supplier,217
IOO,IOO-LT-0117,illumination,illumination,not available,not available,24V,20.16W,840mA,not available,Voltage: 24V; Power: 20.16W; Current: 840mA,IOO illumination candidate for machine vision lighting evaluation.,illumination,IDS5-00-150-1-X,private_supplier,218
IOO,IOO-LT-0118,illumination,illumination,not available,not available,24V,25.92W,1080mA,not available,Voltage: 24V; Power: 25.92W; Current: 1080mA,IOO illumination candidate for machine vision lighting evaluation.,illumination,IDS5-00-200-1-X,private_supplier,219
IOO,IOO-LT-0119,illumination,illumination,not available,not available,24V,34.56W,1440mA,not available,Voltage: 24V; Power: 34.56W; Current: 1440mA,IOO illumination candidate for machine vision lighting evaluation.,illumination,IDS5-00-250-1-X,private_supplier,220
IOO,IOO-LT-0120,illumination,illumination,RGBW,not available,24V,6.48W,270mA,not available,Voltage: 24V; Power: 6.48W; Current: 270mA,IOO illumination candidate for machine vision lighting evaluation.,illumination,IDS5-00-150-1-RGBW,private_supplier,221
IOO,IOO-LT-0121,illumination,illumination,RGBW,not available,24V,6.48W,270mA,not available,Voltage: 24V; Power: 6.48W; Current: 270mA,IOO illumination candidate for machine vision lighting evaluation.,illumination,IDS5-00-200-1-RGBW,private_supplier,222
IOO,IOO-LT-0122,illumination,illumination,RGBW,not available,24V,7.92W,330mA,not available,Voltage: 24V; Power: 7.92W; Current: 330mA,IOO illumination candidate for machine vision lighting evaluation.,illumination,IDS5-00-250-1-RGBW,private_supplier,223
IOO,IOO-LT-0123,illumination,illumination,RGBW,not available,24V,2.88W,120mA,not available,Voltage: 24V; Power: 2.88W; Current: 120mA,IOO illumination candidate for machine vision lighting evaluation.,illumination,DLR3-45-100-1-RGBW-24V,private_supplier,224
IOO,IOO-LT-0124,illumination,illumination,RGBW,not available,24V,2.88W,120mA,not available,Voltage: 24V; Power: 2.88W; Current: 120mA,IOO illumination candidate for machine vision lighting evaluation.,illumination,DLR3-60-100-1-RGBW-24V,private_supplier,225
IOO,IOO-LT-0125,illumination,illumination,not available,not available,24V,3.84W / 5.28W,160mA 220mA,not available,Voltage: 24V; Power: 3.84W / 5.28W; Current: 160mA 220mA,IOO illumination candidate for machine vision lighting evaluation.,illumination,CAS2-00-040-X-RGBW-24V,private_supplier,226
IOO,IOO-LT-0126,illumination,illumination,not available,not available,24V,7.68W / 6.72W / 5.76W,320mA 280mA 240mA,not available,Voltage: 24V; Power: 7.68W / 6.72W / 5.76W; Current: 320mA 280mA 240mA,IOO illumination candidate for machine vision lighting evaluation.,illumination,CAS2-00-070-X-RGBW,private_supplier,227
IOO,IOO-DF-0008,illumination,dark_field,RGBW,not available,24V,2.88W,120mA,not available,Voltage: 24V; Power: 2.88W; Current: 120mA,IOO dark field candidate for surface defect and scratch inspection experiments.,dark_field|reflective_surface|scratch_detection,DLC2-00-070-1-RGBW,private_supplier,228
IOO,IOO-DF-0009,illumination,dark_field,RGBW,not available,24V,5.76W,240mA,not available,Voltage: 24V; Power: 5.76W; Current: 240mA,IOO dark field candidate for surface defect and scratch inspection experiments.,dark_field|reflective_surface|scratch_detection,DLC2-00-100-1-RGBW,private_supplier,229
IOO,IOO-DF-0010,illumination,dark_field,RGBW,not available,24V,5.76W,240mA,not available,Voltage: 24V; Power: 5.76W; Current: 240mA,IOO dark field candidate for surface defect and scratch inspection experiments.,dark_field|reflective_surface|scratch_detection,DLC2-00-120-1-RGBW,private_supplier,230
IOO,IOO-LT-0127,illumination,illumination,not available,not available,24V,1.44W,60mA,not available,Voltage: 24V; Power: 1.44W; Current: 60mA,IOO illumination candidate for machine vision lighting evaluation.,illumination,HPD2-00-050-1-RGBW,private_supplier,231
IOO,IOO-LT-0128,illumination,illumination,not available,not available,24V,2.16W,90mA,not available,Voltage: 24V; Power: 2.16W; Current: 90mA,IOO illumination candidate for machine vision lighting evaluation.,illumination,HPD2-00-080-1-RGBW,private_supplier,232
IOO,IOO-LT-0129,illumination,illumination,not available,not available,24V,2.88W,120mA,not available,Voltage: 24V; Power: 2.88W; Current: 120mA,IOO illumination candidate for machine vision lighting evaluation.,illumination,HPD2-00-100-1-RGBW,private_supplier,233
IOO,IOO-LT-0130,illumination,illumination,not available,not available,24V,4.32W,180mA,not available,Voltage: 24V; Power: 4.32W; Current: 180mA,IOO illumination candidate for machine vision lighting evaluation.,illumination,HPD2-00-130-1-RGBW,private_supplier,234
IOO,IOO-LT-0131,illumination,illumination,RGBW,not available,4V,1.44W,60mA,not available,Voltage: 4V; Power: 1.44W; Current: 60mA,IOO illumination candidate for machine vision lighting evaluation.,illumination,HPD-00-070-1-RGBW,private_supplier,235
IOO,IOO-LT-0132,illumination,illumination,RGBW,not available,24V,11.52W,480mA,not available,Voltage: 24V; Power: 11.52W; Current: 480mA,IOO illumination candidate for machine vision lighting evaluation.,illumination,HPD-00-240-1-RGBW,private_supplier,236
IOO,IOO-LT-0133,illumination,illumination,not available,not available,24V,13.44W / 19.2W,560mA 800mA,not available,Voltage: 24V; Power: 13.44W / 19.2W; Current: 560mA 800mA,IOO illumination candidate for machine vision lighting evaluation.,illumination,MD-IDT3-00-360-1-RGBW,private_supplier,237
IOO,IOO-CL-0038,illumination,coaxial_light,not available,not available,24V,26.88W / 38.4W,1120mA 1600mA,not available,Voltage: 24V; Power: 26.88W / 38.4W; Current: 1120mA 1600mA,IOO coaxial light candidate for electronics and flat-part inspection trials.,coaxial_light|pcb_inspection|reflective_surface,MD-IDQ3-360-1-RGBW,private_supplier,238
IOO,IOO-LS-0013,illumination,line_scan_light,not available,not available,24V,7.68W / 6.96W / 6.48W / 6.00W,320mA 290mA 270mA 250mA,not available,Voltage: 24V; Power: 7.68W / 6.96W / 6.48W / 6.00W; Current: 320mA 290mA 270mA 250mA,IOO line scan light candidate for machine vision lighting evaluation.,line_scan_light,LSW2-00-100-2-RGBW-24V,private_supplier,239
IOO,IOO-LT-0134,illumination,illumination,not available,not available,24V,26.88W / 38.4W,1120mA 1600mA,not available,Voltage: 24V; Power: 26.88W / 38.4W; Current: 1120mA 1600mA,IOO illumination candidate for machine vision lighting evaluation.,illumination,MD-MLBQ-00-360-2-RGBW,private_supplier,240
IOO,IOO-LT-0135,illumination,illumination,not available,not available,24V,6.72W / 9.6W,280mA 400mA,not available,Voltage: 24V; Power: 6.72W / 9.6W; Current: 280mA 400mA,IOO illumination candidate for machine vision lighting evaluation.,illumination,MLBQ-00-090-2-RGBW,private_supplier,241
IOO,IOO-BL-0021,illumination,backlight,not available,not available,24V,28.80W / 38.52W,1200mA 1605mA,not available,Voltage: 24V; Power: 28.80W / 38.52W; Current: 1200mA 1605mA,"IOO backlight candidate for silhouette, edge, and transparent-object inspection trials.",backlight|measurement|transparent_edge,BHLQ-00-240X240-X-X,private_supplier,242
IOO,IOO-BL-0022,illumination,backlight,not available,not available,24V,80.64W / 107.64W,3360mA 4485mA,not available,Voltage: 24V; Power: 80.64W / 107.64W; Current: 3360mA 4485mA,"IOO backlight candidate for silhouette, edge, and transparent-object inspection trials.",backlight|measurement|transparent_edge,BHLQ-00-400X400-X-X,private_supplier,243
IOO,IOO-RL-0001,illumination,ring_light,IR850,not available,24V,14.4W,600mA,not available,Voltage: 24V; Power: 14.4W; Current: 600mA,IOO ring light candidate for electronics and flat-part inspection trials.,pcb_inspection|ring_light,HPF-00-190-1-IR850,private_supplier,244
IOO,IOO-RL-0002,illumination,ring_light,UV365,not available,24V,11.52W,480mA,not available,Voltage: 24V; Power: 11.52W; Current: 480mA,IOO ring light candidate for electronics and flat-part inspection trials.,pcb_inspection|ring_light,HPF-00-190-1-UV365,private_supplier,245
IOO,IOO-RL-0003,illumination,ring_light,not available,not available,24V,2.88W,120mA 120mA,not available,Voltage: 24V; Power: 2.88W; Current: 120mA 120mA,IOO ring light candidate for electronics and flat-part inspection trials.,pcb_inspection|ring_light,HPD2-00-050-1-X,private_supplier,246
IOO,IOO-RL-0004,illumination,ring_light,not available,not available,24V,4.32W,180mA 180mA,not available,Voltage: 24V; Power: 4.32W; Current: 180mA 180mA,IOO ring light candidate for electronics and flat-part inspection trials.,pcb_inspection|ring_light,HPD2-00-080-1-X,private_supplier,247
IOO,IOO-RL-0005,illumination,ring_light,not available,not available,24V,6.48W,270mA 270mA,not available,Voltage: 24V; Power: 6.48W; Current: 270mA 270mA,IOO ring light candidate for electronics and flat-part inspection trials.,pcb_inspection|ring_light,HPD2-00-100-1-X,private_supplier,248
IOO,IOO-RL-0006,illumination,ring_light,not available,not available,24V,8.64W,360mA 360mA,not available,Voltage: 24V; Power: 8.64W; Current: 360mA 360mA,IOO ring light candidate for electronics and flat-part inspection trials.,pcb_inspection|ring_light,HPD2-00-130-1-X,private_supplier,249
IOO,IOO-RL-0007,illumination,ring_light,not available,not available,24V,1.44W,60mA,not available,Voltage: 24V; Power: 1.44W; Current: 60mA,IOO ring light candidate for electronics and flat-part inspection trials.,pcb_inspection|ring_light,HPD2-00-050-1-RGBW,private_supplier,250
IOO,IOO-RL-0008,illumination,ring_light,not available,not available,24V,2.16W,90mA,not available,Voltage: 24V; Power: 2.16W; Current: 90mA,IOO ring light candidate for electronics and flat-part inspection trials.,pcb_inspection|ring_light,HPD2-00-080-1-RGBW,private_supplier,251
IOO,IOO-RL-0009,illumination,ring_light,not available,not available,24V,2.88W,120mA,not available,Voltage: 24V; Power: 2.88W; Current: 120mA,IOO ring light candidate for electronics and flat-part inspection trials.,pcb_inspection|ring_light,HPD2-00-100-1-RGBW,private_supplier,252
IOO,IOO-RL-0010,illumination,ring_light,not available,not available,24V,4.32W,180mA,not available,Voltage: 24V; Power: 4.32W; Current: 180mA,IOO ring light candidate for electronics and flat-part inspection trials.,pcb_inspection|ring_light,HPD2-00-130-1-RGBW,private_supplier,253
IOO,IOO-RL-0011,illumination,ring_light,not available,not available,24V,18.00W,750mA 750mA,not available,Voltage: 24V; Power: 18.00W; Current: 750mA 750mA,IOO ring light candidate for electronics and flat-part inspection trials.,pcb_inspection|ring_light,HPD-00-170-1-X,private_supplier,254
IOO,IOO-RL-0012,illumination,ring_light,not available,not available,24V,25.20W / 26.88W,1050mA 1120mA,not available,Voltage: 24V; Power: 25.20W / 26.88W; Current: 1050mA 1120mA,IOO ring light candidate for electronics and flat-part inspection trials.,pcb_inspection|ring_light,HPD-00-240-1-X,private_supplier,255
IOO,IOO-RL-0013,illumination,ring_light,not available,not available,24V,21.84W / 15.12W / 16.80W,910mA 630mA 700mA,not available,Voltage: 24V; Power: 21.84W / 15.12W / 16.80W; Current: 910mA 630mA 700mA,IOO ring light candidate for electronics and flat-part inspection trials.,pcb_inspection|ring_light,HPD-00-240-3-RGB,private_supplier,256
IOO,IOO-RL-0014,illumination,ring_light,not available,not available,24V,1.44W,60mA,not available,Voltage: 24V; Power: 1.44W; Current: 60mA,IOO ring light candidate for electronics and flat-part inspection trials.,pcb_inspection|ring_light,HPD-00-070-1-RGBW,private_supplier,257
IOO,IOO-RL-0015,illumination,ring_light,not available,not available,24V,11.52W,1180mA,not available,Voltage: 24V; Power: 11.52W; Current: 1180mA,IOO ring light candidate for electronics and flat-part inspection trials.,pcb_inspection|ring_light,HPD-00-240-1-RGBW,private_supplier,258
IOO,IOO-RL-0016,illumination,ring_light,IR850,not available,24V,24V / W,mA,not available,Voltage: 24V; Power: 24V / W; Current: mA,IOO ring light candidate for electronics and flat-part inspection trials.,pcb_inspection|ring_light,HPD-75-170-1-IR850,private_supplier,259
IOO,IOO-RL-0017,illumination,ring_light,UV365,not available,24V,24V / W,mA,not available,Voltage: 24V; Power: 24V / W; Current: mA,IOO ring light candidate for electronics and flat-part inspection trials.,pcb_inspection|ring_light,HPD-75-170-1-UV365,private_supplier,260
IOO,IOO-RL-0018,illumination,ring_light,UV365,not available,24V,24V / W,mA,not available,Voltage: 24V; Power: 24V / W; Current: mA,IOO ring light candidate for electronics and flat-part inspection trials.,pcb_inspection|ring_light,HPD-00-240-1-UV365,private_supplier,261
IOO,IOO-LT-0136,illumination,illumination,not available,not available,24V,21.84W / 15.12W / 16.80W,910mA 630mA 700mA,not available,Voltage: 24V; Power: 21.84W / 15.12W / 16.80W; Current: 910mA 630mA 700mA,IOO illumination candidate for machine vision lighting evaluation.,illumination,HPD-00-240-3-RGB,private_supplier,262
IOO,IOO-CL-0039,illumination,coaxial_light,not available,not available,24V,9.60W / 7.68W,400mA 320mA 320mA,not available,Voltage: 24V; Power: 9.60W / 7.68W; Current: 400mA 320mA 320mA,IOO coaxial light candidate for electronics and flat-part inspection trials.,coaxial_light|pcb_inspection|reflective_surface,IDQ3-00-120-X-RGB,private_supplier,263
IOO,IOO-CL-0040,illumination,coaxial_light,not available,not available,24V,14.40W / 11.52W,600mA 480mA 480mA,not available,Voltage: 24V; Power: 14.40W / 11.52W; Current: 600mA 480mA 480mA,IOO coaxial light candidate for electronics and flat-part inspection trials.,coaxial_light|pcb_inspection|reflective_surface,IDQ3-00-190-X-RGB,private_supplier,264
IOO,IOO-CL-0041,illumination,coaxial_light,not available,not available,24V,24.00W / 19.20W,1000mA 800mA 800mA,not available,Voltage: 24V; Power: 24.00W / 19.20W; Current: 1000mA 800mA 800mA,IOO coaxial light candidate for electronics and flat-part inspection trials.,coaxial_light|pcb_inspection|reflective_surface,IDQ3-00-300-X-RGB,private_supplier,265
IOO,IOO-CL-0042,illumination,coaxial_light,not available,not available,not available,not available,not available,not available,not available,IOO coaxial light candidate for electronics and flat-part inspection trials.,coaxial_light|pcb_inspection|reflective_surface,IDQ3-00-120-1-RGB,private_supplier,266
IOO,IOO-CL-0043,illumination,coaxial_light,not available,not available,not available,not available,not available,not available,not available,IOO coaxial light candidate for electronics and flat-part inspection trials.,coaxial_light|pcb_inspection|reflective_surface,IDQ3-00-190-1-RGB,private_supplier,267
IOO,IOO-CL-0044,illumination,coaxial_light,not available,not available,not available,not available,not available,not available,not available,IOO coaxial light candidate for electronics and flat-part inspection trials.,coaxial_light|pcb_inspection|reflective_surface,IDQ3-00-300-1-RGB,private_supplier,268
IOO,IOO-CL-0045,illumination,coaxial_light,not available,not available,24V,17.28W / 15.36W,720mA 640mA,not available,Voltage: 24V; Power: 17.28W / 15.36W; Current: 720mA 640mA,IOO coaxial light candidate for electronics and flat-part inspection trials.,coaxial_light|pcb_inspection|reflective_surface,IDQ3-00-120-X-X,private_supplier,269
IOO,IOO-CL-0046,illumination,coaxial_light,not available,not available,24V,25.92W / 23.04W,1080mA 960mA,not available,Voltage: 24V; Power: 25.92W / 23.04W; Current: 1080mA 960mA,IOO coaxial light candidate for electronics and flat-part inspection trials.,coaxial_light|pcb_inspection|reflective_surface,IDQ3-00-190-X-X,private_supplier,270
IOO,IOO-CL-0047,illumination,coaxial_light,not available,not available,24V,43.20W / 38.40W,1800mA 1600mA,not available,Voltage: 24V; Power: 43.20W / 38.40W; Current: 1800mA 1600mA,IOO coaxial light candidate for electronics and flat-part inspection trials.,coaxial_light|pcb_inspection|reflective_surface,IDQ3-00-300-X-X,private_supplier,271
IOO,IOO-CL-0048,illumination,coaxial_light,not available,not available,24V,9.60W / 7.68W,400mA 320mA 320mA,not available,Voltage: 24V; Power: 9.60W / 7.68W; Current: 400mA 320mA 320mA,IOO coaxial light candidate for electronics and flat-part inspection trials.,coaxial_light|pcb_inspection|reflective_surface,IDQ3-00-120-X-RGB,private_supplier,272
IOO,IOO-CL-0049,illumination,coaxial_light,not available,not available,24V,14.40W / 11.52W,600mA 480mA 480mA,not available,Voltage: 24V; Power: 14.40W / 11.52W; Current: 600mA 480mA 480mA,IOO coaxial light candidate for electronics and flat-part inspection trials.,coaxial_light|pcb_inspection|reflective_surface,IDQ3-00-190-X-RGB,private_supplier,273
IOO,IOO-CL-0050,illumination,coaxial_light,not available,not available,24V,24.00W / 19.20W,1000mA 800mA 800mA,not available,Voltage: 24V; Power: 24.00W / 19.20W; Current: 1000mA 800mA 800mA,IOO coaxial light candidate for electronics and flat-part inspection trials.,coaxial_light|pcb_inspection|reflective_surface,IDQ3-00-300-X-RGB,private_supplier,274
IOO,IOO-CL-0051,illumination,coaxial_light,not available,not available,not available,not available,not available,not available,not available,IOO coaxial light candidate for electronics and flat-part inspection trials.,coaxial_light|pcb_inspection|reflective_surface,IDQ3-00-120-1-X,private_supplier,275
IOO,IOO-CL-0052,illumination,coaxial_light,not available,not available,not available,not available,not available,not available,not available,IOO coaxial light candidate for electronics and flat-part inspection trials.,coaxial_light|pcb_inspection|reflective_surface,IDQ3-00-190-1-X,private_supplier,276
IOO,IOO-CL-0053,illumination,coaxial_light,not available,not available,not available,not available,not available,not available,not available,IOO coaxial light candidate for electronics and flat-part inspection trials.,coaxial_light|pcb_inspection|reflective_surface,IDQ3-00-300-1-X,private_supplier,277
IOO,IOO-CL-0054,illumination,coaxial_light,not available,not available,not available,not available,not available,not available,not available,IOO coaxial light candidate for electronics and flat-part inspection trials.,coaxial_light|pcb_inspection|reflective_surface,IDQ3-00-120-1-RGB,private_supplier,278
IOO,IOO-CL-0055,illumination,coaxial_light,not available,not available,not available,not available,not available,not available,not available,IOO coaxial light candidate for electronics and flat-part inspection trials.,coaxial_light|pcb_inspection|reflective_surface,IDQ3-00-190-1-RGB,private_supplier,279
IOO,IOO-CL-0056,illumination,coaxial_light,not available,not available,not available,not available,not available,not available,not available,IOO coaxial light candidate for electronics and flat-part inspection trials.,coaxial_light|pcb_inspection|reflective_surface,IDQ3-00-300-1-RGB,private_supplier,280
IOO,IOO-LT-0137,illumination,illumination,not available,not available,24V,8.64W / 7.68W,360mA 320mA,not available,Voltage: 24V; Power: 8.64W / 7.68W; Current: 360mA 320mA,IOO illumination candidate for machine vision lighting evaluation.,illumination,IDT3-00-120-1-X,private_supplier,281
IOO,IOO-LT-0138,illumination,illumination,not available,not available,24V,10.80W / 9.60W,450mA 400mA,not available,Voltage: 24V; Power: 10.80W / 9.60W; Current: 450mA 400mA,IOO illumination candidate for machine vision lighting evaluation.,illumination,IDT3-00-150-1-X,private_supplier,282
IOO,IOO-LT-0139,illumination,illumination,not available,not available,24V,10.80W / 9.60W,450mA 400mA,not available,Voltage: 24V; Power: 10.80W / 9.60W; Current: 450mA 400mA,IOO illumination candidate for machine vision lighting evaluation.,illumination,IDT3-00-200-1-X,private_supplier,283
IOO,IOO-LT-0140,illumination,illumination,not available,not available,24V,4.80W / 3.84W,200mA 160mA 160mA,not available,Voltage: 24V; Power: 4.80W / 3.84W; Current: 200mA 160mA 160mA,IOO illumination candidate for machine vision lighting evaluation.,illumination,IDT3-00-120-1-RGB,private_supplier,284
IOO,IOO-LT-0141,illumination,illumination,not available,not available,24V,6.00W / 4.80W,250mA 200mA 200mA,not available,Voltage: 24V; Power: 6.00W / 4.80W; Current: 250mA 200mA 200mA,IOO illumination candidate for machine vision lighting evaluation.,illumination,IDT3-00-150-1-RGB,private_supplier,285
IOO,IOO-LT-0142,illumination,illumination,not available,not available,24V,6.00W / 4.80W,250mA 200mA 200mA,not available,Voltage: 24V; Power: 6.00W / 4.80W; Current: 250mA 200mA 200mA,IOO illumination candidate for machine vision lighting evaluation.,illumination,IDT3-00-200-1-RGB,private_supplier,286
IOO,IOO-LT-0143,illumination,illumination,not available,not available,24V,4.80W / 3.84W,200mA 160mA 160mA,not available,Voltage: 24V; Power: 4.80W / 3.84W; Current: 200mA 160mA 160mA,IOO illumination candidate for machine vision lighting evaluation.,illumination,IDT3-00-120-1-RGB,private_supplier,287
IOO,IOO-LT-0144,illumination,illumination,not available,not available,24V,6.00W / 4.80W,250mA 200mA 200mA,not available,Voltage: 24V; Power: 6.00W / 4.80W; Current: 250mA 200mA 200mA,IOO illumination candidate for machine vision lighting evaluation.,illumination,IDT3-00-150-1-RGB,private_supplier,288
IOO,IOO-LT-0145,illumination,illumination,not available,not available,24V,6.00W / 4.80W,250mA 200mA 200mA,not available,Voltage: 24V; Power: 6.00W / 4.80W; Current: 250mA 200mA 200mA,IOO illumination candidate for machine vision lighting evaluation.,illumination,IDT3-00-200-1-RGB,private_supplier,289
IOO,IOO-DM-0001,illumination,dome_light,IR850,not available,24V,5.83W / 7.56W / 5.76W,243mA 315mA 240mA,not available,Voltage: 24V; Power: 5.83W / 7.56W / 5.76W; Current: 243mA 315mA 240mA,IOO dome light candidate for electronics and flat-part inspection trials.,dome_light|pcb_inspection,IDS5-00-050-1-X,private_supplier,290
IOO,IOO-DM-0002,illumination,dome_light,IR850,not available,24V,9.07W / 11.76W / 8.64W,378mA 490mA 360mA,not available,Voltage: 24V; Power: 9.07W / 11.76W / 8.64W; Current: 378mA 490mA 360mA,IOO dome light candidate for electronics and flat-part inspection trials.,dome_light|pcb_inspection,IDS5-00-070-1-X,private_supplier,291
IOO,IOO-DM-0003,illumination,dome_light,IR850,not available,24V,12.96W / 16.80W / 11.52W,540mA 700mA 480mA,not available,Voltage: 24V; Power: 12.96W / 16.80W / 11.52W; Current: 540mA 700mA 480mA,IOO dome light candidate for electronics and flat-part inspection trials.,dome_light|pcb_inspection,IDS5-00-100-1-X,private_supplier,292
IOO,IOO-DM-0004,illumination,dome_light,IR850,not available,24V,21.60W / 22.32W / 20.16W,900mA 930mA 840mA,not available,Voltage: 24V; Power: 21.60W / 22.32W / 20.16W; Current: 900mA 930mA 840mA,IOO dome light candidate for electronics and flat-part inspection trials.,dome_light|pcb_inspection,IDS5-00-150-1-X,private_supplier,293
IOO,IOO-DM-0005,illumination,dome_light,IR850,not available,24V,31.92W / 33.12W / 25.92W,1330mA 1380mA 1080mA,not available,Voltage: 24V; Power: 31.92W / 33.12W / 25.92W; Current: 1330mA 1380mA 1080mA,IOO dome light candidate for electronics and flat-part inspection trials.,dome_light|pcb_inspection,IDS5-00-200-1-X,private_supplier,294
IOO,IOO-DM-0006,illumination,dome_light,IR850,not available,24V,36.0W / 38.4W / 34.56W,1500mA 1600mA 1440mA,not available,Voltage: 24V; Power: 36.0W / 38.4W / 34.56W; Current: 1500mA 1600mA 1440mA,IOO dome light candidate for electronics and flat-part inspection trials.,dome_light|pcb_inspection,IDS5-00-250-1-X,private_supplier,295
IOO,IOO-DM-0007,illumination,dome_light,not available,not available,24V,37.2W,1550mA 1550mA,not available,Voltage: 24V; Power: 37.2W; Current: 1550mA 1550mA,IOO dome light candidate for electronics and flat-part inspection trials.,dome_light|pcb_inspection,IDS4-00-360-1-X,private_supplier,296
IOO,IOO-DM-0008,illumination,dome_light,not available,not available,24V,7.20W / 6.72W,300mA 280mA 280mA,not available,Voltage: 24V; Power: 7.20W / 6.72W; Current: 300mA 280mA 280mA,IOO dome light candidate for electronics and flat-part inspection trials.,dome_light|pcb_inspection,IDS4-00-150-1-RGB,private_supplier,297
IOO,IOO-DM-0009,illumination,dome_light,not available,not available,24V,6.72W,280mA 280mA 280mA,not available,Voltage: 24V; Power: 6.72W; Current: 280mA 280mA 280mA,IOO dome light candidate for electronics and flat-part inspection trials.,dome_light|pcb_inspection,IDS4-00-200-1-RGB,private_supplier,298
IOO,IOO-DM-0010,illumination,dome_light,not available,not available,24V,6.48W,270mA,not available,Voltage: 24V; Power: 6.48W; Current: 270mA,IOO dome light candidate for electronics and flat-part inspection trials.,dome_light|pcb_inspection,IDS5-00-150-1-RGBW,private_supplier,299
IOO,IOO-DM-0011,illumination,dome_light,not available,not available,24V,6.48W,270mA,not available,Voltage: 24V; Power: 6.48W; Current: 270mA,IOO dome light candidate for electronics and flat-part inspection trials.,dome_light|pcb_inspection,IDS5-00-200-1-RGBW,private_supplier,300
IOO,IOO-DM-0012,illumination,dome_light,not available,not available,24V,7.92W,330mA,not available,Voltage: 24V; Power: 7.92W; Current: 330mA,IOO dome light candidate for electronics and flat-part inspection trials.,dome_light|pcb_inspection,IDS5-00-250-1-RGBW,private_supplier,301
IOO,IOO-LT-0146,illumination,illumination,not available,not available,24V,7.20W / 6.72W,300mA 280mA 280mA,not available,Voltage: 24V; Power: 7.20W / 6.72W; Current: 300mA 280mA 280mA,IOO illumination candidate for machine vision lighting evaluation.,illumination,IDS4-00-150-1-RGB,private_supplier,302
IOO,IOO-LT-0147,illumination,illumination,not available,not available,24V,6.72W,280mA 280mA 280mA,not available,Voltage: 24V; Power: 6.72W; Current: 280mA 280mA 280mA,IOO illumination candidate for machine vision lighting evaluation.,illumination,IDS4-00-200-1-RGB,private_supplier,303
IOO,IOO-DF-0011,illumination,dark_field,not available,not available,24V,1.08W / 1.44W,45mA 60mA,not available,Voltage: 24V; Power: 1.08W / 1.44W; Current: 45mA 60mA,IOO dark field candidate for surface defect and scratch inspection experiments.,dark_field|reflective_surface|scratch_detection,LLA-90-050-1-X,private_supplier,304
IOO,IOO-DF-0012,illumination,dark_field,not available,not available,24V,1.80W / 2.52W,75mA 105mA,not available,Voltage: 24V; Power: 1.80W / 2.52W; Current: 75mA 105mA,IOO dark field candidate for surface defect and scratch inspection experiments.,dark_field|reflective_surface|scratch_detection,LLA-90-080-1-X,private_supplier,305
IOO,IOO-DF-0013,illumination,dark_field,not available,not available,24V,2.52W / 3.24W,105mA 135mA,not available,Voltage: 24V; Power: 2.52W / 3.24W; Current: 105mA 135mA,IOO dark field candidate for surface defect and scratch inspection experiments.,dark_field|reflective_surface|scratch_detection,LLA-90-100-1-X,private_supplier,306
IOO,IOO-DF-0014,illumination,dark_field,not available,not available,not available,not available,not available,not available,not available,IOO dark field candidate for surface defect and scratch inspection experiments.,dark_field|reflective_surface|scratch_detection,LLA-90-118-1-X,private_supplier,307
IOO,IOO-DF-0015,illumination,dark_field,not available,not available,24V,3.84W / 4.32W,160mA 180mA,not available,Voltage: 24V; Power: 3.84W / 4.32W; Current: 160mA 180mA,IOO dark field candidate for surface defect and scratch inspection experiments.,dark_field|reflective_surface|scratch_detection,LLA-90-120-1-X,private_supplier,308
IOO,IOO-DF-0016,illumination,dark_field,not available,not available,24V,3.96W / 5.04W,165mA 210mA,not available,Voltage: 24V; Power: 3.96W / 5.04W; Current: 165mA 210mA,IOO dark field candidate for surface defect and scratch inspection experiments.,dark_field|reflective_surface|scratch_detection,LLA-90-150-1-X,private_supplier,309
IOO,IOO-DF-0017,illumination,dark_field,not available,not available,24V,4.68W / 6.12W,195mA 255mA,not available,Voltage: 24V; Power: 4.68W / 6.12W; Current: 195mA 255mA,IOO dark field candidate for surface defect and scratch inspection experiments.,dark_field|reflective_surface|scratch_detection,LLA-90-180-1-X,private_supplier,310
IOO,IOO-DF-0018,illumination,dark_field,not available,not available,24V,5.76W / 7.20W,240mA 300mA,not available,Voltage: 24V; Power: 5.76W / 7.20W; Current: 240mA 300mA,IOO dark field candidate for surface defect and scratch inspection experiments.,dark_field|reflective_surface|scratch_detection,LLA-90-210-1-X,private_supplier,311
IOO,IOO-DF-0019,illumination,dark_field,not available,not available,24V,6.72W / 13.44W,280mA 560mA,not available,Voltage: 24V; Power: 6.72W / 13.44W; Current: 280mA 560mA,IOO dark field candidate for surface defect and scratch inspection experiments.,dark_field|reflective_surface|scratch_detection,LLA-90-230-1-X,private_supplier,312
IOO,IOO-BAR-0003,illumination,bar_light,IR850,not available,24V,2.40W / 1.92W / 2.16W,100mA 80mA 90mA,not available,Voltage: 24V; Power: 2.40W / 1.92W / 2.16W; Current: 100mA 80mA 90mA,IOO bar light candidate for surface defect and scratch inspection experiments.,bar_light|line_scan|scratch_detection,LBRX-00-040-6-X,private_supplier,313
IOO,IOO-BAR-0004,illumination,bar_light,IR850,not available,24V,4.80W / 3.84W / 4.32W,200mA 160mA 180mA,not available,Voltage: 24V; Power: 4.80W / 3.84W / 4.32W; Current: 200mA 160mA 180mA,IOO bar light candidate for surface defect and scratch inspection experiments.,bar_light|line_scan|scratch_detection,LBRX-00-080-6-X,private_supplier,314
IOO,IOO-BAR-0005,illumination,bar_light,IR850,not available,24V,7.20W / 5.76W / 6.48W,300mA 240mA 270mA,not available,Voltage: 24V; Power: 7.20W / 5.76W / 6.48W; Current: 300mA 240mA 270mA,IOO bar light candidate for surface defect and scratch inspection experiments.,bar_light|line_scan|scratch_detection,LBRX-00-120-6-X,private_supplier,315
IOO,IOO-BAR-0006,illumination,bar_light,IR850,not available,24V,9.60W / 7.68W / 8.64W,400mA 320mA 360mA,not available,Voltage: 24V; Power: 9.60W / 7.68W / 8.64W; Current: 400mA 320mA 360mA,IOO bar light candidate for surface defect and scratch inspection experiments.,bar_light|line_scan|scratch_detection,LBRX-00-160-6-X,private_supplier,316
IOO,IOO-BAR-0007,illumination,bar_light,IR850,not available,24V,12.0W / 9.60W / 10.8W,500mA 400mA 450mA,not available,Voltage: 24V; Power: 12.0W / 9.60W / 10.8W; Current: 500mA 400mA 450mA,IOO bar light candidate for surface defect and scratch inspection experiments.,bar_light|line_scan|scratch_detection,LBRX-00-200-6-X,private_supplier,317
IOO,IOO-LT-0148,industrial_vision_product,illumination,IR850,not available,24V,7.20W,300mA 300mA 300mA,not available,Voltage: 24V; Power: 7.20W; Current: 300mA 300mA 300mA,IOO illumination candidate for machine vision lighting evaluation.,illumination,LBRQ-00-040-3-X,private_supplier,318
IOO,IOO-LT-0149,industrial_vision_product,illumination,IR850,not available,24V,14.40W,600mA 600mA 600mA,not available,Voltage: 24V; Power: 14.40W; Current: 600mA 600mA 600mA,IOO illumination candidate for machine vision lighting evaluation.,illumination,LBRQ-00-080-3-X,private_supplier,319
IOO,IOO-LT-0150,industrial_vision_product,illumination,IR850,not available,24V,21.60W,900mA 900mA 900mA,not available,Voltage: 24V; Power: 21.60W; Current: 900mA 900mA 900mA,IOO illumination candidate for machine vision lighting evaluation.,illumination,LBRQ-00-120-3-X,private_supplier,320
IOO,IOO-LT-0151,industrial_vision_product,illumination,IR850,not available,24V,28.80W,1200mA 1200mA 1200mA,not available,Voltage: 24V; Power: 28.80W; Current: 1200mA 1200mA 1200mA,IOO illumination candidate for machine vision lighting evaluation.,illumination,LBRQ-00-160-3-X,private_supplier,321
IOO,IOO-LT-0152,industrial_vision_product,illumination,IR850,not available,24V,36.00W,1500mA 1500mA 1500mA,not available,Voltage: 24V; Power: 36.00W; Current: 1500mA 1500mA 1500mA,IOO illumination candidate for machine vision lighting evaluation.,illumination,LBRQ-00-200-3-X,private_supplier,322
IOO,IOO-BAR-0008,illumination,bar_light,IR850,not available,24V,1.80W,75mA 75mA 75mA,not available,Voltage: 24V; Power: 1.80W; Current: 75mA 75mA 75mA,IOO bar light candidate for surface defect and scratch inspection experiments.,bar_light|line_scan|scratch_detection,LBRX-00-040-3-X,private_supplier,323
IOO,IOO-BAR-0009,illumination,bar_light,IR850,not available,24V,3.60W,150mA 150mA 150mA,not available,Voltage: 24V; Power: 3.60W; Current: 150mA 150mA 150mA,IOO bar light candidate for surface defect and scratch inspection experiments.,bar_light|line_scan|scratch_detection,LBRX-00-080-3-X,private_supplier,324
IOO,IOO-BAR-0010,illumination,bar_light,IR850,not available,24V,5.40W,225mA 225mA 225mA,not available,Voltage: 24V; Power: 5.40W; Current: 225mA 225mA 225mA,IOO bar light candidate for surface defect and scratch inspection experiments.,bar_light|line_scan|scratch_detection,LBRX-00-120-3-X,private_supplier,325
IOO,IOO-BAR-0011,illumination,bar_light,IR850,not available,24V,7.20W,300mA 300mA 300mA,not available,Voltage: 24V; Power: 7.20W; Current: 300mA 300mA 300mA,IOO bar light candidate for surface defect and scratch inspection experiments.,bar_light|line_scan|scratch_detection,LBRX-00-160-3-X,private_supplier,326
IOO,IOO-BAR-0012,illumination,bar_light,IR850,not available,24V,9.00W,375mA 375mA 375mA,not available,Voltage: 24V; Power: 9.00W; Current: 375mA 375mA 375mA,IOO bar light candidate for surface defect and scratch inspection experiments.,bar_light|line_scan|scratch_detection,LBRX-00-200-3-X,private_supplier,327
IOO,IOO-DF-0020,illumination,dark_field,not available,not available,Please contact our sales team,Please contact our sales team,Please contact our sales team,not available,Voltage: Please contact our sales team; Power: Please contact our sales team; Current: Please contact our sales team,IOO dark field candidate for surface defect and scratch inspection experiments.,dark_field|reflective_surface|scratch_detection,LLA-75-120-3-X,private_supplier,328
IOO,IOO-DF-0021,illumination,dark_field,not available,not available,24V,10.08W / 12.96W,420mA 540mA,not available,Voltage: 24V; Power: 10.08W / 12.96W; Current: 420mA 540mA,IOO dark field candidate for surface defect and scratch inspection experiments.,dark_field|reflective_surface|scratch_detection,LLA-75-130-3-X,private_supplier,329
IOO,IOO-DF-0022,illumination,dark_field,not available,not available,24V,13.68W / 17.64W,570mA 735mA,not available,Voltage: 24V; Power: 13.68W / 17.64W; Current: 570mA 735mA,IOO dark field candidate for surface defect and scratch inspection experiments.,dark_field|reflective_surface|scratch_detection,LLA-75-170-3-X,private_supplier,330
IOO,IOO-DF-0023,illumination,dark_field,not available,not available,Please contact our sales team,Please contact our sales team,Please contact our sales team,not available,Voltage: Please contact our sales team; Power: Please contact our sales team; Current: Please contact our sales team,IOO dark field candidate for surface defect and scratch inspection experiments.,dark_field|reflective_surface|scratch_detection,LLA-75-180-3-X,private_supplier,331
IOO,IOO-DF-0024,illumination,dark_field,not available,not available,24V,16.85W,702mA,not available,Voltage: 24V; Power: 16.85W; Current: 702mA,IOO dark field candidate for surface defect and scratch inspection experiments.,dark_field|reflective_surface|scratch_detection,LLA-75-230-3-X,private_supplier,332
IOO,IOO-DF-0025,illumination,dark_field,not available,not available,24V,3.6W,150mA,not available,Voltage: 24V; Power: 3.6W; Current: 150mA,IOO dark field candidate for surface defect and scratch inspection experiments.,dark_field|reflective_surface|scratch_detection,LLA-60-060-2-X,private_supplier,333
IOO,IOO-DF-0026,illumination,dark_field,not available,not available,24V,1.44W,60mA,not available,Voltage: 24V; Power: 1.44W; Current: 60mA,IOO dark field candidate for surface defect and scratch inspection experiments.,dark_field|reflective_surface|scratch_detection,LLA-60-070-1-X,private_supplier,334
IOO,IOO-DF-0027,illumination,dark_field,not available,not available,24V,3.60W / 4.68W,150mA 195mA,not available,Voltage: 24V; Power: 3.60W / 4.68W; Current: 150mA 195mA,IOO dark field candidate for surface defect and scratch inspection experiments.,dark_field|reflective_surface|scratch_detection,LLA-60-070-2-X,private_supplier,335
IOO,IOO-DF-0028,illumination,dark_field,IR850 IR940,not available,24V,4.32W / 5.76W / 2.88W,180mA 240mA 120mA 120mA,not available,Voltage: 24V; Power: 4.32W / 5.76W / 2.88W; Current: 180mA 240mA 120mA 120mA,IOO dark field candidate for surface defect and scratch inspection experiments.,dark_field|reflective_surface|scratch_detection,LLA-60-090-2-X,private_supplier,336
IOO,IOO-DF-0029,illumination,dark_field,not available,not available,24V,5.04W / 6.48W,210mA 270mA,not available,Voltage: 24V; Power: 5.04W / 6.48W; Current: 210mA 270mA,IOO dark field candidate for surface defect and scratch inspection experiments.,dark_field|reflective_surface|scratch_detection,LLA-60-100-2-X,private_supplier,337
IOO,IOO-DF-0030,illumination,dark_field,not available,not available,24V,11.88W / 15.12W,495mA 630mA,not available,Voltage: 24V; Power: 11.88W / 15.12W; Current: 495mA 630mA,IOO dark field candidate for surface defect and scratch inspection experiments.,dark_field|reflective_surface|scratch_detection,LLA-60-150-3-X,private_supplier,338
IOO,IOO-DF-0031,illumination,dark_field,not available,not available,24V,10.80W / 14.04W,450mA 585mA,not available,Voltage: 24V; Power: 10.80W / 14.04W; Current: 450mA 585mA,IOO dark field candidate for surface defect and scratch inspection experiments.,dark_field|reflective_surface|scratch_detection,LLA-60-200-2-X,private_supplier,339
IOO,IOO-DF-0032,illumination,dark_field,not available,not available,24V,16.56W,690mA,not available,Voltage: 24V; Power: 16.56W; Current: 690mA,IOO dark field candidate for surface defect and scratch inspection experiments.,dark_field|reflective_surface|scratch_detection,LLA-60-235-2-X,private_supplier,340
IOO,IOO-DF-0033,illumination,dark_field,not available,not available,24V,20.16W,840mA,not available,Voltage: 24V; Power: 20.16W; Current: 840mA,IOO dark field candidate for surface defect and scratch inspection experiments.,dark_field|reflective_surface|scratch_detection,LLA-60-263-2-X,private_supplier,341
IOO,IOO-DF-0034,illumination,dark_field,not available,not available,24V,54W,2250mA,not available,Voltage: 24V; Power: 54W; Current: 2250mA,IOO dark field candidate for surface defect and scratch inspection experiments.,dark_field|reflective_surface|scratch_detection,LLA-60-430-3-X,private_supplier,342
IOO,IOO-DF-0035,illumination,dark_field,24V / 6.48W,not available,270mA,270mA,not available,not available,Voltage: 270mA; Power: 270mA,IOO dark field candidate for surface defect and scratch inspection experiments.,dark_field|reflective_surface|scratch_detection,IR850,private_supplier,343
IOO,IOO-LT-0153,illumination,illumination,not available,not available,24V,2.88W / 3.60W,120mA 150mA,not available,Voltage: 24V; Power: 2.88W / 3.60W; Current: 120mA 150mA,IOO illumination candidate for machine vision lighting evaluation.,illumination,IDD-00-045-4-X,private_supplier,344
IOO,IOO-LT-0154,illumination,illumination,not available,not available,24V,7.92W / 10.08W,330mA 420mA,not available,Voltage: 24V; Power: 7.92W / 10.08W; Current: 330mA 420mA,IOO illumination candidate for machine vision lighting evaluation.,illumination,IDD-00-075-7-X,private_supplier,345
IOO,IOO-LS-0014,industrial_vision_product,line_scan_light,not available,not available,24V,1.44W / 1.80W,60mA 75mA,not available,Voltage: 24V; Power: 1.44W / 1.80W; Current: 60mA 75mA,IOO line scan light candidate for machine vision lighting evaluation.,line_scan_light,LSW-00-040-2-X,private_supplier,346
IOO,IOO-LS-0015,industrial_vision_product,line_scan_light,not available,not available,Please contact our sales team,Please contact our sales team,Please contact our sales team,not available,Voltage: Please contact our sales team; Power: Please contact our sales team; Current: Please contact our sales team,IOO line scan light candidate for machine vision lighting evaluation.,line_scan_light,LSW-00-050-1-X,private_supplier,347
IOO,IOO-LS-0016,industrial_vision_product,line_scan_light,not available,not available,24V,2.16W / 2.88W,90mA 120mA,not available,Voltage: 24V; Power: 2.16W / 2.88W; Current: 90mA 120mA,IOO line scan light candidate for machine vision lighting evaluation.,line_scan_light,LSW-00-050-2-X,private_supplier,348
IOO,IOO-LS-0017,industrial_vision_product,line_scan_light,not available,not available,24V,4.32W / 5.40W,180mA 225mA,not available,Voltage: 24V; Power: 4.32W / 5.40W; Current: 180mA 225mA,IOO line scan light candidate for machine vision lighting evaluation.,line_scan_light,LSW-00-070-3-X,private_supplier,349
IOO,IOO-LS-0018,industrial_vision_product,line_scan_light,not available,not available,24V,6.48W / 8.28W,270mA 345mA,not available,Voltage: 24V; Power: 6.48W / 8.28W; Current: 270mA 345mA,IOO line scan light candidate for machine vision lighting evaluation.,line_scan_light,LSW-00-090-4-X,private_supplier,350
IOO,IOO-LS-0019,industrial_vision_product,line_scan_light,not available,not available,not available,not available,not available,not available,not available,IOO line scan light candidate for machine vision lighting evaluation.,line_scan_light,LSW-00-157-7-X-24V,private_supplier,351
IOO,IOO-LS-0020,industrial_vision_product,line_scan_light,not available,not available,24V,1.44W / 2.16W,60mA 90mA,not available,Voltage: 24V; Power: 1.44W / 2.16W; Current: 60mA 90mA,IOO line scan light candidate for machine vision lighting evaluation.,line_scan_light,LSW-15-038-2-X,private_supplier,352
IOO,IOO-LS-0021,industrial_vision_product,line_scan_light,not available,not available,24V,2.16W / 2.52W,90mA 105mA,not available,Voltage: 24V; Power: 2.16W / 2.52W; Current: 90mA 105mA,IOO line scan light candidate for machine vision lighting evaluation.,line_scan_light,LSW-15-050-2-X,private_supplier,353
IOO,IOO-LS-0022,industrial_vision_product,line_scan_light,UV375,not available,24V,4.32W,180mA,not available,Voltage: 24V; Power: 4.32W; Current: 180mA,IOO line scan light candidate for machine vision lighting evaluation.,line_scan_light,LSW-15-070-2-X,private_supplier,354
IOO,IOO-LS-0023,industrial_vision_product,line_scan_light,IR850 IR940,not available,24V,4.32W / 5.76W / 2.88W,180mA 240mA 120mA 120mA,not available,Voltage: 24V; Power: 4.32W / 5.76W / 2.88W; Current: 180mA 240mA 120mA 120mA,IOO line scan light candidate for machine vision lighting evaluation.,line_scan_light,LSW-15-070-3-X,private_supplier,355
IOO,IOO-LS-0024,industrial_vision_product,line_scan_light,not available,not available,24V,7.92W / 10.08W,330mA 420mA,not available,Voltage: 24V; Power: 7.92W / 10.08W; Current: 330mA 420mA,IOO line scan light candidate for machine vision lighting evaluation.,line_scan_light,LSW-15-090-4-X,private_supplier,356
IOO,IOO-LS-0025,industrial_vision_product,line_scan_light,not available,not available,24V,10.80W / 13.68W,450mA 570mA,not available,Voltage: 24V; Power: 10.80W / 13.68W; Current: 450mA 570mA,IOO line scan light candidate for machine vision lighting evaluation.,line_scan_light,LSW-15-100-5-X,private_supplier,357
IOO,IOO-LS-0026,industrial_vision_product,line_scan_light,not available,not available,24V,1.80W / 2.52W,75mA 105mA,not available,Voltage: 24V; Power: 1.80W / 2.52W; Current: 75mA 105mA,IOO line scan light candidate for machine vision lighting evaluation.,line_scan_light,LSW-30-040-2-X,private_supplier,358
IOO,IOO-LS-0027,industrial_vision_product,line_scan_light,not available,not available,24V,2.16W / 2.88W,90mA 120mA,not available,Voltage: 24V; Power: 2.16W / 2.88W; Current: 90mA 120mA,IOO line scan light candidate for machine vision lighting evaluation.,line_scan_light,LSW-30-050-2-X,private_supplier,359
IOO,IOO-LS-0028,industrial_vision_product,line_scan_light,not available,not available,24V,3.46W / 2.88W / 2.59W,144mA 120mA 108mA,not available,Voltage: 24V; Power: 3.46W / 2.88W / 2.59W; Current: 144mA 120mA 108mA,IOO line scan light candidate for machine vision lighting evaluation.,line_scan_light,LSW-30-070-3-X,private_supplier,360
IOO,IOO-LS-0029,industrial_vision_product,line_scan_light,not available,not available,24V,8.28W / 10.44W,345mA 435mA,not available,Voltage: 24V; Power: 8.28W / 10.44W; Current: 345mA 435mA,IOO line scan light candidate for machine vision lighting evaluation.,line_scan_light,LSW-30-090-4-X,private_supplier,361
IOO,IOO-LS-0030,industrial_vision_product,line_scan_light,not available,not available,Please contact our sales team,Please contact our sales team,Please contact our sales team,not available,Voltage: Please contact our sales team; Power: Please contact our sales team; Current: Please contact our sales team,IOO line scan light candidate for machine vision lighting evaluation.,line_scan_light,LSW-30-130-5-X,private_supplier,362
IOO,IOO-LS-0031,industrial_vision_product,line_scan_light,not available,not available,24V,2.16W / 2.88W,90mA 120mA,not available,Voltage: 24V; Power: 2.16W / 2.88W; Current: 90mA 120mA,IOO line scan light candidate for machine vision lighting evaluation.,line_scan_light,LSW-45-050-2-X,private_supplier,363
IOO,IOO-LS-0032,industrial_vision_product,line_scan_light,not available,not available,24V,4.68W / 5.76W,195mA 240mA,not available,Voltage: 24V; Power: 4.68W / 5.76W; Current: 195mA 240mA,IOO line scan light candidate for machine vision lighting evaluation.,line_scan_light,LSW-45-070-3-X,private_supplier,364
IOO,IOO-LS-0033,industrial_vision_product,line_scan_light,not available,not available,24V,8.28W / 10.44W,345mA 435mA,not available,Voltage: 24V; Power: 8.28W / 10.44W; Current: 345mA 435mA,IOO line scan light candidate for machine vision lighting evaluation.,line_scan_light,LSW-45-090-4-X,private_supplier,365
IOO,IOO-LS-0034,industrial_vision_product,line_scan_light,not available,not available,24V,11.16W / 14.40W,465mA 600mA,not available,Voltage: 24V; Power: 11.16W / 14.40W; Current: 465mA 600mA,IOO line scan light candidate for machine vision lighting evaluation.,line_scan_light,LSW-45-100-5-X,private_supplier,366
IOO,IOO-LS-0035,industrial_vision_product,line_scan_light,not available,not available,not available,not available,not available,not available,not available,IOO line scan light candidate for machine vision lighting evaluation.,line_scan_light,LSW-45-120-3-X-24V,private_supplier,367
IOO,IOO-LS-0036,industrial_vision_product,line_scan_light,not available,not available,not available,not available,not available,not available,not available,IOO line scan light candidate for machine vision lighting evaluation.,line_scan_light,LSW-45-170-5-X-24V,private_supplier,368
IOO,IOO-LS-0037,industrial_vision_product,line_scan_light,not available,not available,24V,60.24W,1260mA,not available,Voltage: 24V; Power: 60.24W; Current: 1260mA,IOO line scan light candidate for machine vision lighting evaluation.,line_scan_light,LSW-00-157-7-X,private_supplier,369
IOO,IOO-LS-0038,industrial_vision_product,line_scan_light,not available,not available,Please contact our sales team,Please contact our sales team,Please contact our sales team,not available,Voltage: Please contact our sales team; Power: Please contact our sales team; Current: Please contact our sales team,IOO line scan light candidate for machine vision lighting evaluation.,line_scan_light,LSW-45-120-3-X,private_supplier,370
IOO,IOO-LS-0039,industrial_vision_product,line_scan_light,not available,not available,Please contact our sales team,Please contact our sales team,Please contact our sales team,not available,Voltage: Please contact our sales team; Power: Please contact our sales team; Current: Please contact our sales team,IOO line scan light candidate for machine vision lighting evaluation.,line_scan_light,LSW-45-170-5-X,private_supplier,371
IOO,IOO-LS-0040,industrial_vision_product,line_scan_light,not available,not available,24V,0.72W / 1.08W,30mA 45mA,not available,Voltage: 24V; Power: 0.72W / 1.08W; Current: 30mA 45mA,IOO line scan light candidate for machine vision lighting evaluation.,line_scan_light,LSQF-00-033-1-X,private_supplier,372
IOO,IOO-LS-0041,industrial_vision_product,line_scan_light,not available,not available,24V,1.08W / 1.8W,45mA 75mA,not available,Voltage: 24V; Power: 1.08W / 1.8W; Current: 45mA 75mA,IOO line scan light candidate for machine vision lighting evaluation.,line_scan_light,LSQF-00-045-1-X,private_supplier,373
IOO,IOO-LS-0042,industrial_vision_product,line_scan_light,not available,not available,24V,1.44W / 2.16W,60mA 90mA,not available,Voltage: 24V; Power: 1.44W / 2.16W; Current: 60mA 90mA,IOO line scan light candidate for machine vision lighting evaluation.,line_scan_light,LSQF-00-051-1-X,private_supplier,374
IOO,IOO-LS-0043,industrial_vision_product,line_scan_light,not available,not available,24V,1.44W,60mA 60mA,not available,Voltage: 24V; Power: 1.44W; Current: 60mA 60mA,IOO line scan light candidate for machine vision lighting evaluation.,line_scan_light,LSQF-15-033-1-X,private_supplier,375
IOO,IOO-LS-0044,industrial_vision_product,line_scan_light,not available,not available,24V,1.44W,60mA 60mA,not available,Voltage: 24V; Power: 1.44W; Current: 60mA 60mA,IOO line scan light candidate for machine vision lighting evaluation.,line_scan_light,LSQF-15-045-1-X,private_supplier,376
IOO,IOO-LS-0045,industrial_vision_product,line_scan_light,not available,not available,24V,1.44W / 2.88W,60mA 120mA,not available,Voltage: 24V; Power: 1.44W / 2.88W; Current: 60mA 120mA,IOO line scan light candidate for machine vision lighting evaluation.,line_scan_light,LSQF-15-051-1-X,private_supplier,377
IOO,IOO-LS-0046,industrial_vision_product,line_scan_light,not available,not available,24V,1.44W,60mA 60mA,not available,Voltage: 24V; Power: 1.44W; Current: 60mA 60mA,IOO line scan light candidate for machine vision lighting evaluation.,line_scan_light,LSQF-30-033-1-X,private_supplier,378
IOO,IOO-LS-0047,industrial_vision_product,line_scan_light,not available,not available,24V,1.44W,60mA 60mA,not available,Voltage: 24V; Power: 1.44W; Current: 60mA 60mA,IOO line scan light candidate for machine vision lighting evaluation.,line_scan_light,LSQF-30-045-1-X,private_supplier,379
IOO,IOO-LS-0048,industrial_vision_product,line_scan_light,not available,not available,24V,1.44W / 2.88W,60mA 120mA,not available,Voltage: 24V; Power: 1.44W / 2.88W; Current: 60mA 120mA,IOO line scan light candidate for machine vision lighting evaluation.,line_scan_light,LSQF-30-051-1-X,private_supplier,380
IOO,IOO-LS-0049,industrial_vision_product,line_scan_light,not available,not available,24V,1.44W,60mA 60mA,not available,Voltage: 24V; Power: 1.44W; Current: 60mA 60mA,IOO line scan light candidate for machine vision lighting evaluation.,line_scan_light,LSQF-45-033-1-X,private_supplier,381
IOO,IOO-LS-0050,industrial_vision_product,line_scan_light,not available,not available,24V,1.44W,60mA 60mA,not available,Voltage: 24V; Power: 1.44W; Current: 60mA 60mA,IOO line scan light candidate for machine vision lighting evaluation.,line_scan_light,LSQF-45-045-1-X,private_supplier,382
IOO,IOO-LS-0051,industrial_vision_product,line_scan_light,not available,not available,24V,1.44W / 2.88W,60mA 120mA,not available,Voltage: 24V; Power: 1.44W / 2.88W; Current: 60mA 120mA,IOO line scan light candidate for machine vision lighting evaluation.,line_scan_light,LSQF-45-051-1-X,private_supplier,383
IOO,IOO-LS-0052,industrial_vision_product,line_scan_light,not available,not available,24V,0.36W / 0.72W,15mA 30mA,not available,Voltage: 24V; Power: 0.36W / 0.72W; Current: 15mA 30mA,IOO line scan light candidate for machine vision lighting evaluation.,line_scan_light,LSQ-00-033-1-X,private_supplier,384
IOO,IOO-LS-0053,industrial_vision_product,line_scan_light,not available,not available,24V,0.72W / 1.44W,30mA 60mA,not available,Voltage: 24V; Power: 0.72W / 1.44W; Current: 30mA 60mA,IOO line scan light candidate for machine vision lighting evaluation.,line_scan_light,LSQ-00-045-1-X,private_supplier,385
IOO,IOO-LS-0054,industrial_vision_product,line_scan_light,not available,not available,24V,0.72W / 1.44W,30mA 60mA,not available,Voltage: 24V; Power: 0.72W / 1.44W; Current: 30mA 60mA,IOO line scan light candidate for machine vision lighting evaluation.,line_scan_light,LSQ-00-051-1-X,private_supplier,386
IOO,IOO-LS-0055,industrial_vision_product,line_scan_light,not available,not available,24V,0.36W / 0.72W,15mA 30mA,not available,Voltage: 24V; Power: 0.36W / 0.72W; Current: 15mA 30mA,IOO line scan light candidate for machine vision lighting evaluation.,line_scan_light,LSQ-15-033-1-X,private_supplier,387
IOO,IOO-LS-0056,industrial_vision_product,line_scan_light,not available,not available,24V,0.72W / 1.08W,30mA 45mA,not available,Voltage: 24V; Power: 0.72W / 1.08W; Current: 30mA 45mA,IOO line scan light candidate for machine vision lighting evaluation.,line_scan_light,LSQ-15-045-1-X,private_supplier,388
IOO,IOO-LS-0057,industrial_vision_product,line_scan_light,not available,not available,24V,0.72W / 1.44W,30mA 60mA,not available,Voltage: 24V; Power: 0.72W / 1.44W; Current: 30mA 60mA,IOO line scan light candidate for machine vision lighting evaluation.,line_scan_light,LSQ-15-051-1-X,private_supplier,389
IOO,IOO-LS-0058,industrial_vision_product,line_scan_light,not available,not available,24V,0.36W / 0.72W,15mA 30mA,not available,Voltage: 24V; Power: 0.36W / 0.72W; Current: 15mA 30mA,IOO line scan light candidate for machine vision lighting evaluation.,line_scan_light,LSQ-30-033-1-X,private_supplier,390
IOO,IOO-LS-0059,industrial_vision_product,line_scan_light,not available,not available,24V,0.72W / 1.44W,30mA 60mA,not available,Voltage: 24V; Power: 0.72W / 1.44W; Current: 30mA 60mA,IOO line scan light candidate for machine vision lighting evaluation.,line_scan_light,LSQ-30-045-1-X,private_supplier,391
IOO,IOO-LS-0060,industrial_vision_product,line_scan_light,not available,not available,24V,0.72W / 1.44W,30mA 60mA,not available,Voltage: 24V; Power: 0.72W / 1.44W; Current: 30mA 60mA,IOO line scan light candidate for machine vision lighting evaluation.,line_scan_light,LSQ-30-051-1-X,private_supplier,392
IOO,IOO-LS-0061,industrial_vision_product,line_scan_light,not available,not available,24V,0.36W / 0.72W,15mA 30mA,not available,Voltage: 24V; Power: 0.36W / 0.72W; Current: 15mA 30mA,IOO line scan light candidate for machine vision lighting evaluation.,line_scan_light,LSQ-45-033-1-X,private_supplier,393
IOO,IOO-LS-0062,industrial_vision_product,line_scan_light,not available,not available,24V,0.72W / 1.08W,30mA 45mA,not available,Voltage: 24V; Power: 0.72W / 1.08W; Current: 30mA 45mA,IOO line scan light candidate for machine vision lighting evaluation.,line_scan_light,LSQ-45-045-1-X,private_supplier,394
IOO,IOO-LS-0063,industrial_vision_product,line_scan_light,not available,not available,24V,1.08W / 1.44W,45mA 60mA,not available,Voltage: 24V; Power: 1.08W / 1.44W; Current: 45mA 60mA,IOO line scan light candidate for machine vision lighting evaluation.,line_scan_light,LSQ-45-051-1-X,private_supplier,395
IOO,IOO-LS-0064,industrial_vision_product,line_scan_light,not available,not available,not available,not available,not available,not available,not available,IOO line scan light candidate for machine vision lighting evaluation.,line_scan_light,R,private_supplier,396
IOO,IOO-LS-0065,industrial_vision_product,line_scan_light,not available,not available,24V,0.72W,30mA 30mA,not available,Voltage: 24V; Power: 0.72W; Current: 30mA 30mA,IOO line scan light candidate for machine vision lighting evaluation.,line_scan_light,LSQ-45-030-1-X,private_supplier,397
IOO,IOO-LS-0066,industrial_vision_product,line_scan_light,not available,not available,24V,0.72W / 1.08W,30mA 45mA,not available,Voltage: 24V; Power: 0.72W / 1.08W; Current: 30mA 45mA,IOO line scan light candidate for machine vision lighting evaluation.,line_scan_light,LSQ-45-040-1-X,private_supplier,398
IOO,IOO-LS-0067,industrial_vision_product,line_scan_light,not available,not available,24V,1.08W / 1.44W,45mA 60mA,not available,Voltage: 24V; Power: 1.08W / 1.44W; Current: 45mA 60mA,IOO line scan light candidate for machine vision lighting evaluation.,line_scan_light,LSQ-45-050-1-X,private_supplier,399
IOO,IOO-LS-0068,industrial_vision_product,line_scan_light,not available,not available,24V,2.52W / 2.88W,105mA 120mA,not available,Voltage: 24V; Power: 2.52W / 2.88W; Current: 105mA 120mA,IOO line scan light candidate for machine vision lighting evaluation.,line_scan_light,LSQ-00-050-2-X,private_supplier,400
IOO,IOO-LS-0069,industrial_vision_product,line_scan_light,not available,not available,24V,3.60W / 4.32W,150mA 180mA,not available,Voltage: 24V; Power: 3.60W / 4.32W; Current: 150mA 180mA,IOO line scan light candidate for machine vision lighting evaluation.,line_scan_light,LSQ-00-060-3-X,private_supplier,401
IOO,IOO-BAR-0013,industrial_vision_product,bar_light,not available,not available,24V,14.4W,600mA 600mA,not available,Voltage: 24V; Power: 14.4W; Current: 600mA 600mA,IOO bar light candidate for surface defect and scratch inspection experiments.,bar_light|line_scan|scratch_detection,HLBQ3-00-065-1-X,private_supplier,402
IOO,IOO-BAR-0014,industrial_vision_product,bar_light,not available,not available,24V,15.36W,640mA 640mA,not available,Voltage: 24V; Power: 15.36W; Current: 640mA 640mA,IOO bar light candidate for surface defect and scratch inspection experiments.,bar_light|line_scan|scratch_detection,HLBQ3-00-130-1-X,private_supplier,403
IOO,IOO-BAR-0015,illumination,bar_light,not available,not available,24V,2.304W,96mA 96mA,not available,Voltage: 24V; Power: 2.304W; Current: 96mA 96mA,IOO bar light candidate for surface defect and scratch inspection experiments.,bar_light|line_scan|scratch_detection,MLBX2-00-060-2-X,private_supplier,404
IOO,IOO-BAR-0016,illumination,bar_light,not available,not available,24V,3.46W,144mA 144mA,not available,Voltage: 24V; Power: 3.46W; Current: 144mA 144mA,IOO bar light candidate for surface defect and scratch inspection experiments.,bar_light|line_scan|scratch_detection,MLBX2-00-090-2-X,private_supplier,405
IOO,IOO-BAR-0017,illumination,bar_light,not available,not available,24V,4.61W,192mA 192mA,not available,Voltage: 24V; Power: 4.61W; Current: 192mA 192mA,IOO bar light candidate for surface defect and scratch inspection experiments.,bar_light|line_scan|scratch_detection,MLBX2-00-120-2-X,private_supplier,406
IOO,IOO-BAR-0018,illumination,bar_light,not available,not available,24V,5.76W,240mA 240mA,not available,Voltage: 24V; Power: 5.76W; Current: 240mA 240mA,IOO bar light candidate for surface defect and scratch inspection experiments.,bar_light|line_scan|scratch_detection,MLBX2-00-150-2-X,private_supplier,407
IOO,IOO-BAR-0019,illumination,bar_light,not available,not available,24V,1.20W / 0.96W,50mA 40mA 40mA,not available,Voltage: 24V; Power: 1.20W / 0.96W; Current: 50mA 40mA 40mA,IOO bar light candidate for surface defect and scratch inspection experiments.,bar_light|line_scan|scratch_detection,MLBX2-00-060-2-RGB,private_supplier,408
IOO,IOO-BAR-0020,illumination,bar_light,not available,not available,24V,1.80W / 1.44W,75mA 60mA 60mA,not available,Voltage: 24V; Power: 1.80W / 1.44W; Current: 75mA 60mA 60mA,IOO bar light candidate for surface defect and scratch inspection experiments.,bar_light|line_scan|scratch_detection,MLBX2-00-090-2-RGB,private_supplier,409
IOO,IOO-BAR-0021,illumination,bar_light,not available,not available,24V,2.40W / 1.92W,100mA 80mA 80mA,not available,Voltage: 24V; Power: 2.40W / 1.92W; Current: 100mA 80mA 80mA,IOO bar light candidate for surface defect and scratch inspection experiments.,bar_light|line_scan|scratch_detection,MLBX2-00-120-2-RGB,private_supplier,410
IOO,IOO-BAR-0022,illumination,bar_light,not available,not available,24V,3.00W / 2.40W,125mA 100mA 100mA,not available,Voltage: 24V; Power: 3.00W / 2.40W; Current: 125mA 100mA 100mA,IOO bar light candidate for surface defect and scratch inspection experiments.,bar_light|line_scan|scratch_detection,MLBX2-00-150-2-RGB,private_supplier,411
IOO,IOO-RL-0019,illumination,ring_light,not available,not available,24V,2.88W / 3.36W,120mA 140mA,not available,Voltage: 24V; Power: 2.88W / 3.36W; Current: 120mA 140mA,IOO ring light candidate for machine vision lighting evaluation.,ring_light,HLBRX-00-040-3-X,private_supplier,412
IOO,IOO-RL-0020,illumination,ring_light,not available,not available,24V,5.76W / 6.72W,240mA 280mA,not available,Voltage: 24V; Power: 5.76W / 6.72W; Current: 240mA 280mA,IOO ring light candidate for machine vision lighting evaluation.,ring_light,HLBRX-00-080-3-X,private_supplier,413
IOO,IOO-LT-0155,industrial_vision_product,illumination,not available,not available,24V,6.72W / 9.6W,280mA 400mA,not available,Voltage: 24V; Power: 6.72W / 9.6W; Current: 280mA 400mA,IOO illumination candidate for machine vision lighting evaluation.,illumination,MLBQ-00-090-2-RGBW,private_supplier,414
IOO,IOO-LT-0156,industrial_vision_product,illumination,not available,not available,24V,5.76W / 8.64W,240mA 360mA,not available,Voltage: 24V; Power: 5.76W / 8.64W; Current: 240mA 360mA,IOO illumination candidate for machine vision lighting evaluation.,illumination,LBQ25-00-050-3-X,private_supplier,415
IOO,IOO-LT-0157,industrial_vision_product,illumination,not available,not available,24V,8.64W,360mA 360mA,not available,Voltage: 24V; Power: 8.64W; Current: 360mA 360mA,IOO illumination candidate for machine vision lighting evaluation.,illumination,LBQ30-00-060-3-X,private_supplier,416
IOO,IOO-LT-0158,industrial_vision_product,illumination,not available,not available,24V,8.64W / 14.4W,360mA 600mA,not available,Voltage: 24V; Power: 8.64W / 14.4W; Current: 360mA 600mA,IOO illumination candidate for machine vision lighting evaluation.,illumination,LBQ40-00-080-3-X,private_supplier,417
IOO,IOO-LT-0159,industrial_vision_product,illumination,not available,not available,24V,17.28W / 21.6W,720mA 900mA,not available,Voltage: 24V; Power: 17.28W / 21.6W; Current: 720mA 900mA,IOO illumination candidate for machine vision lighting evaluation.,illumination,LBQ45-00-090-3-X,private_supplier,418
IOO,IOO-BAR-0023,illumination,bar_light,not available,not available,24V,1.44W / 2.16W,60mA 90mA,not available,Voltage: 24V; Power: 1.44W / 2.16W; Current: 60mA 90mA,IOO bar light candidate for surface defect and scratch inspection experiments.,bar_light|line_scan|scratch_detection,LBS25-00-050-3-X,private_supplier,419
IOO,IOO-BAR-0024,illumination,bar_light,not available,not available,24V,2.16W,90mA 90mA,not available,Voltage: 24V; Power: 2.16W; Current: 90mA 90mA,IOO bar light candidate for surface defect and scratch inspection experiments.,bar_light|line_scan|scratch_detection,LBS30-00-060-3-X,private_supplier,420
IOO,IOO-BAR-0025,illumination,bar_light,not available,not available,24V,2.16W / 3.6W,120mA 150mA,not available,Voltage: 24V; Power: 2.16W / 3.6W; Current: 120mA 150mA,IOO bar light candidate for surface defect and scratch inspection experiments.,bar_light|line_scan|scratch_detection,LBS40-00-080-3-X,private_supplier,421
IOO,IOO-BAR-0026,illumination,bar_light,not available,not available,24V,4.32W / 5.4W,180mA 225mA,not available,Voltage: 24V; Power: 4.32W / 5.4W; Current: 180mA 225mA,IOO bar light candidate for surface defect and scratch inspection experiments.,bar_light|line_scan|scratch_detection,LBS45-00-135-3-X,private_supplier,422
IOO,IOO-LS-0070,industrial_vision_product,line_scan_light,not available,not available,not available,not available,not available,not available,not available,IOO line scan light candidate for machine vision lighting evaluation.,line_scan_light,LBMQ-00-040-1-X,private_supplier,423
IOO,IOO-LS-0071,industrial_vision_product,line_scan_light,not available,not available,not available,not available,not available,not available,not available,IOO line scan light candidate for machine vision lighting evaluation.,line_scan_light,LBMQ-00-040-2-X,private_supplier,424
IOO,IOO-LS-0072,industrial_vision_product,line_scan_light,not available,not available,not available,not available,not available,not available,not available,IOO line scan light candidate for machine vision lighting evaluation.,line_scan_light,LBMQ-00-040-3-X,private_supplier,425
IOO,IOO-LT-0160,industrial_vision_product,illumination,not available,not available,24V,1.25W / 2.49W,52mA 104mA,not available,Voltage: 24V; Power: 1.25W / 2.49W; Current: 52mA 104mA,IOO illumination candidate for machine vision lighting evaluation.,illumination,LBMQ-00-040-1-X-24V,private_supplier,426
IOO,IOO-LT-0161,industrial_vision_product,illumination,not available,not available,24V,2.88W / 4.99W,120mA 208mA,not available,Voltage: 24V; Power: 2.88W / 4.99W; Current: 120mA 208mA,IOO illumination candidate for machine vision lighting evaluation.,illumination,LBMQ-00-040-2-X-24V,private_supplier,427
IOO,IOO-LT-0162,industrial_vision_product,illumination,not available,not available,24V,3.74W / 8.64W,156mA 360mA,not available,Voltage: 24V; Power: 3.74W / 8.64W; Current: 156mA 360mA,IOO illumination candidate for machine vision lighting evaluation.,illumination,LBMQ-00-040-3-X-24V,private_supplier,428
IOO,IOO-BAR-0027,illumination,bar_light,not available,not available,not available,not available,not available,not available,not available,IOO bar light candidate for surface defect and scratch inspection experiments.,bar_light|line_scan|scratch_detection,LBM-00-040-1-X,private_supplier,429
IOO,IOO-BAR-0028,illumination,bar_light,not available,not available,not available,not available,not available,not available,not available,IOO bar light candidate for surface defect and scratch inspection experiments.,bar_light|line_scan|scratch_detection,LBM-00-080-1-X,private_supplier,430
IOO,IOO-BAR-0029,illumination,bar_light,not available,not available,not available,not available,not available,not available,not available,IOO bar light candidate for surface defect and scratch inspection experiments.,bar_light|line_scan|scratch_detection,LBM-00-040-2-X,private_supplier,431
IOO,IOO-BAR-0030,illumination,bar_light,not available,not available,not available,not available,not available,not available,not available,IOO bar light candidate for surface defect and scratch inspection experiments.,bar_light|line_scan|scratch_detection,LBM-00-080-2-X,private_supplier,432
IOO,IOO-BAR-0031,illumination,bar_light,not available,not available,not available,not available,not available,not available,not available,IOO bar light candidate for surface defect and scratch inspection experiments.,bar_light|line_scan|scratch_detection,LBM-00-040-3-X,private_supplier,433
IOO,IOO-BAR-0032,illumination,bar_light,not available,not available,not available,not available,not available,not available,not available,IOO bar light candidate for surface defect and scratch inspection experiments.,bar_light|line_scan|scratch_detection,LBM-00-080-3-X,private_supplier,434
IOO,IOO-BAR-0033,illumination,bar_light,not available,not available,24V,0.31W / 0.62W,13mA 26mA,not available,Voltage: 24V; Power: 0.31W / 0.62W; Current: 13mA 26mA,IOO bar light candidate for surface defect and scratch inspection experiments.,bar_light|line_scan|scratch_detection,LBM-00-040-1-X-24V,private_supplier,435
IOO,IOO-BAR-0034,illumination,bar_light,not available,not available,24V,0.62W / 1.25W,26mA 52mA,not available,Voltage: 24V; Power: 0.62W / 1.25W; Current: 26mA 52mA,IOO bar light candidate for surface defect and scratch inspection experiments.,bar_light|line_scan|scratch_detection,LBM-00-080-1-X-24V,private_supplier,436
IOO,IOO-BAR-0035,illumination,bar_light,not available,not available,24V,0.72W / 1.44W,30mA 60mA,not available,Voltage: 24V; Power: 0.72W / 1.44W; Current: 30mA 60mA,IOO bar light candidate for surface defect and scratch inspection experiments.,bar_light|line_scan|scratch_detection,LBM-00-040-2-X-24V,private_supplier,437
IOO,IOO-BAR-0036,illumination,bar_light,not available,not available,24V,1.25W / 2.50W,52mA 104mA,not available,Voltage: 24V; Power: 1.25W / 2.50W; Current: 52mA 104mA,IOO bar light candidate for surface defect and scratch inspection experiments.,bar_light|line_scan|scratch_detection,LBM-00-080-2-X-24V,private_supplier,438
IOO,IOO-BAR-0037,illumination,bar_light,not available,not available,24V,1.08W / 2.16W,45mA 90mA,not available,Voltage: 24V; Power: 1.08W / 2.16W; Current: 45mA 90mA,IOO bar light candidate for surface defect and scratch inspection experiments.,bar_light|line_scan|scratch_detection,LBM-00-040-3-X-24V,private_supplier,439
IOO,IOO-BAR-0038,illumination,bar_light,not available,not available,24V,1.87W / 3.74W,78mA 156mA,not available,Voltage: 24V; Power: 1.87W / 3.74W; Current: 78mA 156mA,IOO bar light candidate for surface defect and scratch inspection experiments.,bar_light|line_scan|scratch_detection,LBM-00-080-3-X-24V,private_supplier,440
IOO,IOO-LT-0163,industrial_vision_product,illumination,IR850,not available,24V,9.60W / 7.68W / 8.64W,400mA 320mA 360mA,not available,Voltage: 24V; Power: 9.60W / 7.68W / 8.64W; Current: 400mA 320mA 360mA,IOO illumination candidate for machine vision lighting evaluation.,illumination,LBRQ-00-040-6-X,private_supplier,441
IOO,IOO-LT-0164,industrial_vision_product,illumination,IR850,not available,24V,19.20W / 15.36W / 17.28W,800mA 640mA 720mA,not available,Voltage: 24V; Power: 19.20W / 15.36W / 17.28W; Current: 800mA 640mA 720mA,IOO illumination candidate for machine vision lighting evaluation.,illumination,LBRQ-00-080-6-X,private_supplier,442
IOO,IOO-LT-0165,industrial_vision_product,illumination,IR850,not available,24V,28.80W / 23.04W / 25.92W,1200mA 960mA 1080mA,not available,Voltage: 24V; Power: 28.80W / 23.04W / 25.92W; Current: 1200mA 960mA 1080mA,IOO illumination candidate for machine vision lighting evaluation.,illumination,LBRQ-00-120-6-X,private_supplier,443
IOO,IOO-LT-0166,industrial_vision_product,illumination,IR850,not available,24V,38.40W / 30.72W / 34.56W,1600mA 1280mA 1440mA,not available,Voltage: 24V; Power: 38.40W / 30.72W / 34.56W; Current: 1600mA 1280mA 1440mA,IOO illumination candidate for machine vision lighting evaluation.,illumination,LBRQ-00-160-6-X,private_supplier,444
IOO,IOO-LT-0167,industrial_vision_product,illumination,IR850,not available,24V,48.00W / 38.40W / 43.20W,2000mA 1600mA 1800mA,not available,Voltage: 24V; Power: 48.00W / 38.40W / 43.20W; Current: 2000mA 1600mA 1800mA,IOO illumination candidate for machine vision lighting evaluation.,illumination,LBRQ-00-200-6-X,private_supplier,445
IOO,IOO-BAR-0039,industrial_vision_product,bar_light,not available,not available,not available,not available,not available,not available,not available,IOO bar light candidate for surface defect and scratch inspection experiments.,bar_light|line_scan|scratch_detection,R,private_supplier,446
IOO,IOO-BAR-0040,industrial_vision_product,bar_light,not available,not available,24V,14.4W,600mA 600mA,not available,Voltage: 24V; Power: 14.4W; Current: 600mA 600mA,IOO bar light candidate for surface defect and scratch inspection experiments.,bar_light|line_scan|scratch_detection,HLBQ2-00-065-1-X,private_supplier,447
IOO,IOO-BAR-0041,industrial_vision_product,bar_light,not available,not available,24V,15.36W,640mA 640mA,not available,Voltage: 24V; Power: 15.36W; Current: 640mA 640mA,IOO bar light candidate for surface defect and scratch inspection experiments.,bar_light|line_scan|scratch_detection,HLBQ2-00-130-1-X,private_supplier,448
IOO,IOO-LT-0168,industrial_vision_product,illumination,not available,not available,24V,14.4W,600mA 600mA,not available,Voltage: 24V; Power: 14.4W; Current: 600mA 600mA,IOO illumination candidate for machine vision lighting evaluation.,illumination,HDLBQ-00-065-1-X,private_supplier,449
IOO,IOO-LT-0169,industrial_vision_product,illumination,not available,not available,24V,15.36W,640mA 640mA,not available,Voltage: 24V; Power: 15.36W; Current: 640mA 640mA,IOO illumination candidate for machine vision lighting evaluation.,illumination,HDLBQ-00-130-1-X,private_supplier,450
IOO,IOO-LT-0170,industrial_vision_product,illumination,not available,not available,24V,3.6W,150mA 150mA,not available,Voltage: 24V; Power: 3.6W; Current: 150mA 150mA,IOO illumination candidate for machine vision lighting evaluation.,illumination,HDLB-00-065-1-X,private_supplier,451
IOO,IOO-LT-0171,industrial_vision_product,illumination,not available,not available,24V,3.84W,160mA 160mA,not available,Voltage: 24V; Power: 3.84W; Current: 160mA 160mA,IOO illumination candidate for machine vision lighting evaluation.,illumination,HDLB-00-130-1-X,private_supplier,452
IOO,IOO-LT-0172,industrial_vision_product,illumination,not available,not available,24V,7.2W / 6.72W,300mA 280mA,not available,Voltage: 24V; Power: 7.2W / 6.72W; Current: 300mA 280mA,IOO illumination candidate for machine vision lighting evaluation.,illumination,LBRX-00-080-12-X,private_supplier,453
IOO,IOO-LT-0173,industrial_vision_product,illumination,not available,not available,24V,14.4W / 13.44W,600mA 560mA,not available,Voltage: 24V; Power: 14.4W / 13.44W; Current: 600mA 560mA,IOO illumination candidate for machine vision lighting evaluation.,illumination,LBRX-00-160-12-X,private_supplier,454
IOO,IOO-BAR-0042,industrial_vision_product,bar_light,not available,not available,24V,3.84W,160mA 160mA,not available,Voltage: 24V; Power: 3.84W; Current: 160mA 160mA,IOO bar light candidate for surface defect and scratch inspection experiments.,bar_light|line_scan|scratch_detection,HLBS3-00-065-2-X,private_supplier,455
IOO,IOO-BAR-0043,industrial_vision_product,bar_light,not available,not available,24V,7.68W,320mA 320mA,not available,Voltage: 24V; Power: 7.68W; Current: 320mA 320mA,IOO bar light candidate for surface defect and scratch inspection experiments.,bar_light|line_scan|scratch_detection,HLBS3-00-130-2-X,private_supplier,456
IOO,IOO-BAR-0044,industrial_vision_product,bar_light,not available,not available,24V,3.84W,160mA 160mA,not available,Voltage: 24V; Power: 3.84W; Current: 160mA 160mA,IOO bar light candidate for surface defect and scratch inspection experiments.,bar_light|line_scan|scratch_detection,HLBS2-00-065-2-X,private_supplier,457
IOO,IOO-BAR-0045,industrial_vision_product,bar_light,not available,not available,24V,7.68W,320mA 320mA,not available,Voltage: 24V; Power: 7.68W; Current: 320mA 320mA,IOO bar light candidate for surface defect and scratch inspection experiments.,bar_light|line_scan|scratch_detection,HLBS2-00-130-2-X,private_supplier,458
IOO,IOO-BAR-0046,industrial_vision_product,bar_light,not available,not available,24V,3.6W,150mA 150mA,not available,Voltage: 24V; Power: 3.6W; Current: 150mA 150mA,IOO bar light candidate for surface defect and scratch inspection experiments.,bar_light|line_scan|scratch_detection,HLBS3-00-065-1-X,private_supplier,459
IOO,IOO-BAR-0047,industrial_vision_product,bar_light,not available,not available,24V,3.84W,160mA 160mA,not available,Voltage: 24V; Power: 3.84W; Current: 160mA 160mA,IOO bar light candidate for surface defect and scratch inspection experiments.,bar_light|line_scan|scratch_detection,HLBS3-00-130-1-X,private_supplier,460
IOO,IOO-BAR-0048,industrial_vision_product,bar_light,not available,not available,24V,1.92W,80mA 80mA,not available,Voltage: 24V; Power: 1.92W; Current: 80mA 80mA,IOO bar light candidate for surface defect and scratch inspection experiments.,bar_light|line_scan|scratch_detection,HLBS2-00-065-1-X,private_supplier,461
IOO,IOO-BAR-0049,industrial_vision_product,bar_light,not available,not available,24V,3.84W,160mA 160mA,not available,Voltage: 24V; Power: 3.84W; Current: 160mA 160mA,IOO bar light candidate for surface defect and scratch inspection experiments.,bar_light|line_scan|scratch_detection,HLBS2-00-130-1-X,private_supplier,462
IOO,IOO-LT-0174,industrial_vision_product,illumination,not available,not available,24V,3.46W,144mA,not available,Voltage: 24V; Power: 3.46W; Current: 144mA,IOO illumination candidate for machine vision lighting evaluation.,illumination,LBRX2-00-080-6-X,private_supplier,463
IOO,IOO-LT-0175,illumination,illumination,not available,not available,12V,3.24W / 3.36W,270mA 280mA,not available,Voltage: 12V; Power: 3.24W / 3.36W; Current: 270mA 280mA,IOO illumination candidate for machine vision lighting evaluation.,illumination,CAS2-00-020-X-X,private_supplier,464
IOO,IOO-LT-0176,illumination,illumination,not available,not available,12V,6.48W / 7.20W,540mA 600mA,not available,Voltage: 12V; Power: 6.48W / 7.20W; Current: 540mA 600mA,IOO illumination candidate for machine vision lighting evaluation.,illumination,CAS2-00-040-X-X,private_supplier,465
IOO,IOO-LS-0073,illumination,line_scan_light,not available,not available,12V,1.98W / 2.16W,165mA 180mA,not available,Voltage: 12V; Power: 1.98W / 2.16W; Current: 165mA 180mA,IOO line scan light candidate for machine vision lighting evaluation.,line_scan_light,LSW-00-050-2-X,private_supplier,466
IOO,IOO-LS-0074,illumination,line_scan_light,not available,not available,12V,1.98W / 2.16W,165mA 180mA,not available,Voltage: 12V; Power: 1.98W / 2.16W; Current: 165mA 180mA,IOO line scan light candidate for machine vision lighting evaluation.,line_scan_light,LSW-15-050-2-X,private_supplier,467
IOO,IOO-LS-0075,illumination,line_scan_light,not available,not available,12V,4.14W / 4.44W,345mA 370mA,not available,Voltage: 12V; Power: 4.14W / 4.44W; Current: 345mA 370mA,IOO line scan light candidate for machine vision lighting evaluation.,line_scan_light,LSW-15-070-3-X,private_supplier,468
IOO,IOO-LS-0076,illumination,line_scan_light,not available,not available,12V,4.80W / 5.54W,400mA 462mA,not available,Voltage: 12V; Power: 4.80W / 5.54W; Current: 400mA 462mA,IOO line scan light candidate for machine vision lighting evaluation.,line_scan_light,LSW-15-090-4-X,private_supplier,469
IOO,IOO-LS-0077,illumination,line_scan_light,not available,not available,12V,1.98W / 2.16W,165mA 180mA,not available,Voltage: 12V; Power: 1.98W / 2.16W; Current: 165mA 180mA,IOO line scan light candidate for machine vision lighting evaluation.,line_scan_light,LSW-30-050-2-X,private_supplier,470
IOO,IOO-LS-0078,illumination,line_scan_light,not available,not available,12V,3.78W / 4.20W,315mA 350mA,not available,Voltage: 12V; Power: 3.78W / 4.20W; Current: 315mA 350mA,IOO line scan light candidate for machine vision lighting evaluation.,line_scan_light,LSW-30-070-3-X,private_supplier,471
IOO,IOO-LS-0079,illumination,line_scan_light,not available,not available,12V,4.92W / 5.63W,410mA 469mA,not available,Voltage: 12V; Power: 4.92W / 5.63W; Current: 410mA 469mA,IOO line scan light candidate for machine vision lighting evaluation.,line_scan_light,LSW-30-090-4-X,private_supplier,472
IOO,IOO-LS-0080,illumination,line_scan_light,not available,not available,12V,1.98W / 2.28W,165mA 190mA,not available,Voltage: 12V; Power: 1.98W / 2.28W; Current: 165mA 190mA,IOO line scan light candidate for machine vision lighting evaluation.,line_scan_light,LSW-45-050-2-X,private_supplier,473
IOO,IOO-LS-0081,illumination,line_scan_light,not available,not available,12V,2.88W / 3.11W,240mA 259mA,not available,Voltage: 12V; Power: 2.88W / 3.11W; Current: 240mA 259mA,IOO line scan light candidate for machine vision lighting evaluation.,line_scan_light,LSW-45-070-3-X,private_supplier,474
IOO,IOO-LS-0082,industrial_vision_product,line_scan_light,R/G/B/W,not available,24V,6.48W,270mA,not available,Voltage: 24V; Power: 6.48W; Current: 270mA,IOO line scan light candidate for machine vision lighting evaluation.,line_scan_light,LSNY-00-075-1-X,private_supplier,475
IOO,IOO-LS-0083,industrial_vision_product,line_scan_light,R/G/B/W,not available,24V,12.96W,540mA,not available,Voltage: 24V; Power: 12.96W; Current: 540mA,IOO line scan light candidate for machine vision lighting evaluation.,line_scan_light,LSNY-00-150-1-X,private_supplier,476
IOO,IOO-LS-0084,industrial_vision_product,line_scan_light,R/G/B/W,not available,24V,19.44W,810mA,not available,Voltage: 24V; Power: 19.44W; Current: 810mA,IOO line scan light candidate for machine vision lighting evaluation.,line_scan_light,LSNY-00-225-1-X,private_supplier,477
IOO,IOO-LS-0085,industrial_vision_product,line_scan_light,R/G/B/W,not available,24V,25.92W,1080mA,not available,Voltage: 24V; Power: 25.92W; Current: 1080mA,IOO line scan light candidate for machine vision lighting evaluation.,line_scan_light,LSNY-00-300-1-X,private_supplier,478
IOO,IOO-LS-0086,illumination,line_scan_light,R/G/B/W,not available,24V,11.76W,490mA,not available,Voltage: 24V; Power: 11.76W; Current: 490mA,IOO line scan light candidate for machine vision lighting evaluation.,line_scan|line_scan_light,LSN6-00-075-1-X,private_supplier,479
IOO,IOO-LS-0087,illumination,line_scan_light,R/G/B/W,not available,24V,23.52W,980mA,not available,Voltage: 24V; Power: 23.52W; Current: 980mA,IOO line scan light candidate for machine vision lighting evaluation.,line_scan|line_scan_light,LSN6-00-150-1-X,private_supplier,480
IOO,IOO-LS-0088,illumination,line_scan_light,R/G/B/W,not available,24V,35.28W,1470mA,not available,Voltage: 24V; Power: 35.28W; Current: 1470mA,IOO line scan light candidate for machine vision lighting evaluation.,line_scan|line_scan_light,LSN6-00-225-1-X,private_supplier,481
IOO,IOO-LS-0089,illumination,line_scan_light,R/G/B/W,not available,24V,47.04W,1960mA,not available,Voltage: 24V; Power: 47.04W; Current: 1960mA,IOO line scan light candidate for machine vision lighting evaluation.,line_scan|line_scan_light,LSN6-00-300-1-X,private_supplier,482
IOO,IOO-LT-0177,industrial_vision_product,illumination,not available,not available,24V,1.44W / 1.92W,60mA 80mA,not available,Voltage: 24V; Power: 1.44W / 1.92W; Current: 60mA 80mA,IOO illumination candidate for machine vision lighting evaluation.,illumination,LBRP-00-040-3-X,private_supplier,483
IOO,IOO-LT-0178,industrial_vision_product,illumination,not available,not available,24V,2.88W / 3.84W,120mA 160mA,not available,Voltage: 24V; Power: 2.88W / 3.84W; Current: 120mA 160mA,IOO illumination candidate for machine vision lighting evaluation.,illumination,LBRP-00-080-3-X,private_supplier,484
IOO,IOO-LT-0179,illumination,illumination,not available,not available,24V,9.12W / 6.84W,380mA 285mA,not available,Voltage: 24V; Power: 9.12W / 6.84W; Current: 380mA 285mA,IOO illumination candidate for machine vision lighting evaluation.,illumination,BHP1010-X-X,private_supplier,485
IOO,IOO-LT-0180,illumination,illumination,not available,not available,24V,18.48W / 22.68W,770mA 945mA,not available,Voltage: 24V; Power: 18.48W / 22.68W; Current: 770mA 945mA,IOO illumination candidate for machine vision lighting evaluation.,illumination,BHP1515-X-X,private_supplier,486
IOO,IOO-LT-0181,illumination,illumination,not available,not available,24V,23.04W / 30.24W,960mA 1260mA,not available,Voltage: 24V; Power: 23.04W / 30.24W; Current: 960mA 1260mA,IOO illumination candidate for machine vision lighting evaluation.,illumination,BHP1520-X-X,private_supplier,487
IOO,IOO-LT-0182,illumination,illumination,not available,not available,24V,1.80W / 2.16W,75mA 90mA,not available,Voltage: 24V; Power: 1.80W / 2.16W; Current: 75mA 90mA,IOO illumination candidate for machine vision lighting evaluation.,illumination,HPDP-00-070-1-X,private_supplier,488
IOO,IOO-LT-0183,illumination,illumination,not available,not available,24V,3.96W / 4.37W,165mA 182mA,not available,Voltage: 24V; Power: 3.96W / 4.37W; Current: 165mA 182mA,IOO illumination candidate for machine vision lighting evaluation.,illumination,HPDP-00-110-2-X,private_supplier,489
IOO,IOO-SP-0001,illumination,spot_light,not available,not available,5V,0.55W,110mA,not available,Voltage: 5V; Power: 0.55W; Current: 110mA,IOO spot light candidate for machine vision lighting evaluation.,spot_light,HBFS2-00-08-1-X,private_supplier,490
IOO,IOO-SP-0002,illumination,spot_light,not available,not available,24V,1.2W,50mA,not available,Voltage: 24V; Power: 1.2W; Current: 50mA,IOO spot light candidate for machine vision lighting evaluation.,spot_light,HBFS2-00-08-1-W,private_supplier,491
IOO,IOO-SP-0003,illumination,spot_light,not available,not available,not available,not available,not available,not available,not available,IOO spot light candidate for machine vision lighting evaluation.,spot_light,HBFS2-00-08-1-X-5V,private_supplier,492
IOO,IOO-SP-0004,illumination,spot_light,not available,not available,not available,not available,not available,not available,not available,IOO spot light candidate for machine vision lighting evaluation.,spot_light,HBFS2-00-08-1-W-24V,private_supplier,493
IOO,IOO-SP-0005,illumination,spot_light,R/G/B/W,not available,5V,3.0W,600mA,not available,Voltage: 5V; Power: 3.0W; Current: 600mA,IOO spot light candidate for machine vision lighting evaluation.,spot_light,HBF2-00-08-1-X-5V,private_supplier,494
IOO,IOO-SP-0006,illumination,spot_light,not available,not available,24V,4.08W,170mA,not available,Voltage: 24V; Power: 4.08W; Current: 170mA,IOO spot light candidate for machine vision lighting evaluation.,spot_light,HBF2-00-08-1-W-24V,private_supplier,495
IOO,IOO-SP-0007,illumination,spot_light,R/G/B/W,not available,5V,3.0W,600mA,not available,Voltage: 5V; Power: 3.0W; Current: 600mA,IOO spot light candidate for machine vision lighting evaluation.,spot_light,HBF2-00-16-1-X,private_supplier,496
IOO,IOO-SP-0008,illumination,spot_light,not available,not available,24V,2.4W,100mA,not available,Voltage: 24V; Power: 2.4W; Current: 100mA,IOO spot light candidate for machine vision lighting evaluation.,spot_light,HBF2-00-16-1-W,private_supplier,497
IOO,IOO-SP-0009,illumination,spot_light,not available,not available,not available,not available,not available,not available,not available,IOO spot light candidate for machine vision lighting evaluation.,spot_light,HBF2-00-16-1-X-5V,private_supplier,498
IOO,IOO-SP-0010,illumination,spot_light,not available,not available,not available,not available,not available,not available,not available,IOO spot light candidate for machine vision lighting evaluation.,spot_light,HBF2-00-16-1-W-24V,private_supplier,499
IOO,IOO-SP-0011,illumination,spot_light,not available,not available,5V,0.55W,110mA,not available,Voltage: 5V; Power: 0.55W; Current: 110mA,IOO spot light candidate for machine vision lighting evaluation.,spot_light,HBFS-00-08-1-X,private_supplier,500
IOO,IOO-SP-0012,illumination,spot_light,not available,not available,24V,1.2W,50mA,not available,Voltage: 24V; Power: 1.2W; Current: 50mA,IOO spot light candidate for machine vision lighting evaluation.,spot_light,HBFS-00-08-1-W,private_supplier,501
IOO,IOO-SP-0013,illumination,spot_light,not available,not available,not available,not available,not available,not available,not available,IOO spot light candidate for machine vision lighting evaluation.,spot_light,HBFS-00-08-1-X-5V,private_supplier,502
IOO,IOO-SP-0014,illumination,spot_light,not available,not available,not available,not available,not available,not available,not available,IOO spot light candidate for machine vision lighting evaluation.,spot_light,HBFS-00-08-1-W-24V,private_supplier,503
IOO,IOO-SP-0015,illumination,spot_light,R/G/B/W,not available,5V,3.0W,600mA,not available,Voltage: 5V; Power: 3.0W; Current: 600mA,IOO spot light candidate for machine vision lighting evaluation.,spot_light,HBF-00-16-1-X,private_supplier,504
IOO,IOO-SP-0016,illumination,spot_light,not available,not available,24V,2.4W,100mA,not available,Voltage: 24V; Power: 2.4W; Current: 100mA,IOO spot light candidate for machine vision lighting evaluation.,spot_light,HBF-00-16-1-W,private_supplier,505
IOO,IOO-SP-0017,illumination,spot_light,not available,not available,not available,not available,not available,not available,not available,IOO spot light candidate for machine vision lighting evaluation.,spot_light,HBF-00-16-1-X-5V,private_supplier,506
IOO,IOO-SP-0018,illumination,spot_light,not available,not available,not available,not available,not available,not available,not available,IOO spot light candidate for machine vision lighting evaluation.,spot_light,HBF-00-16-1-W-24V,private_supplier,507
IOO,IOO-SP-0019,illumination,spot_light,R/G/B/W,not available,5V,3.0W,600mA,not available,Voltage: 5V; Power: 3.0W; Current: 600mA,IOO spot light candidate for machine vision lighting evaluation.,spot_light,HBF-00-08-1-X-5V,private_supplier,508
IOO,IOO-SP-0020,illumination,spot_light,not available,not available,24V,4.08W,170mA,not available,Voltage: 24V; Power: 4.08W; Current: 170mA,IOO spot light candidate for machine vision lighting evaluation.,spot_light,HBF-00-08-1-W-24V,private_supplier,509
IOO,IOO-LT-0184,industrial_vision_product,illumination,not available,not available,24V,4.8W / 9.6W,200mA 400mA,not available,Voltage: 24V; Power: 4.8W / 9.6W; Current: 200mA 400mA,IOO illumination candidate for machine vision lighting evaluation.,illumination,PM2-025-X-CUBE-MODULE,private_supplier,510
IOO,IOO-LT-0185,industrial_vision_product,illumination,not available,not available,24V,2.88W,120mA 120mA,not available,Voltage: 24V; Power: 2.88W; Current: 120mA 120mA,IOO illumination candidate for machine vision lighting evaluation.,illumination,PM2-025-X-HPD2-00-050-1-X-24V,private_supplier,511
IOO,IOO-LT-0186,industrial_vision_product,illumination,not available,not available,24V,2.88W / 3.6W,120mA 150mA,not available,Voltage: 24V; Power: 2.88W / 3.6W; Current: 120mA 150mA,IOO illumination candidate for machine vision lighting evaluation.,illumination,PM2-025-X-IDD-00-045-4-X-24V,private_supplier,512
IOO,IOO-LT-0187,industrial_vision_product,illumination,not available,not available,24V,4.32W / 8.64W,180mA 360mA,not available,Voltage: 24V; Power: 4.32W / 8.64W; Current: 180mA 360mA,IOO illumination candidate for machine vision lighting evaluation.,illumination,PM2-025-X-LBMQ-00-040-3-X-24V,private_supplier,513
IOO,IOO-LS-0090,industrial_vision_product,line_scan_light,not available,not available,24V,0.72W / 1.44W,30mA 60mA,not available,Voltage: 24V; Power: 0.72W / 1.44W; Current: 30mA 60mA,IOO line scan light candidate for machine vision lighting evaluation.,line_scan_light,PM2-025-X-LSQ-15.30.45-051-3-X-24V,private_supplier,514
IOO,IOO-LS-0091,industrial_vision_product,line_scan_light,not available,not available,24V,1.44W / 2.88W,60mA 120mA,not available,Voltage: 24V; Power: 1.44W / 2.88W; Current: 60mA 120mA,IOO line scan light candidate for machine vision lighting evaluation.,line_scan_light,PM2-025-X-LSQF-15.30.45-051-3-X-24V,private_supplier,515
IOO,IOO-LT-0188,industrial_vision_product,illumination,not available,not available,24V,4.8W / 9.6W,200mA 400mA,not available,Voltage: 24V; Power: 4.8W / 9.6W; Current: 200mA 400mA,IOO illumination candidate for machine vision lighting evaluation.,illumination,PM2-040-X-CUBE-MODULE,private_supplier,516
IOO,IOO-LT-0189,industrial_vision_product,illumination,not available,not available,24V,4.32W,180mA,not available,Voltage: 24V; Power: 4.32W; Current: 180mA,IOO illumination candidate for machine vision lighting evaluation.,illumination,PM2-040-X-IDD-00-080-3-X-24V,private_supplier,517
IOO,IOO-LT-0190,industrial_vision_product,illumination,not available,not available,24V,3.84W,160mA,not available,Voltage: 24V; Power: 3.84W; Current: 160mA,IOO illumination candidate for machine vision lighting evaluation.,illumination,PM2-040-X-IDDQ-00-070-3-X-24V,private_supplier,518
IOO,IOO-BAR-0050,industrial_vision_product,bar_light,not available,not available,24V,4.32W,180mA,not available,Voltage: 24V; Power: 4.32W; Current: 180mA,IOO bar light candidate for surface defect and scratch inspection experiments.,bar_light|line_scan|scratch_detection,PM2-040-X-HLBQ2-00-065-1-X-24V,private_supplier,519
IOO,IOO-DF-0036,industrial_vision_product,dark_field,not available,not available,24V,0.0W,000mA 000mA,not available,Voltage: 24V; Power: 0.0W; Current: 000mA 000mA,IOO dark field candidate for surface defect and scratch inspection experiments.,dark_field|reflective_surface|scratch_detection,PM2-040-X-DLC-00-070-1-X-24V,private_supplier,520
IOO,IOO-LT-0191,industrial_vision_product,illumination,not available,not available,24V,0.0W,000mA 000mA,not available,Voltage: 24V; Power: 0.0W; Current: 000mA 000mA,IOO illumination candidate for machine vision lighting evaluation.,illumination,PM2-040-X-HPD2-00-080-1-X-24V,private_supplier,521
IOO,IOO-LT-0192,illumination,illumination,not available,not available,24V,26.88W / 38.4W,1120mA 1600mA,not available,Voltage: 24V; Power: 26.88W / 38.4W; Current: 1120mA 1600mA,IOO illumination candidate for machine vision lighting evaluation.,illumination,MD-MLBQ-00-360-2-X,private_supplier,522
IOO,IOO-CL-0057,illumination,coaxial_light,not available,not available,24V,26.88W / 38.4W,1120mA 1600mA,not available,Voltage: 24V; Power: 26.88W / 38.4W; Current: 1120mA 1600mA,IOO coaxial light candidate for electronics and flat-part inspection trials.,coaxial_light|pcb_inspection|reflective_surface,MD-IDQ3-360-X-X,private_supplier,523
IOO,IOO-LT-0193,illumination,illumination,not available,not available,24V,13.44W / 19.2W,560mA 800mA,not available,Voltage: 24V; Power: 13.44W / 19.2W; Current: 560mA 800mA,IOO illumination candidate for machine vision lighting evaluation.,illumination,MD-IDT3-00-360-1-X,private_supplier,524
IOO,IOO-LS-0092,illumination,line_scan_light,not available,not available,not available,not available,not available,not available,not available,IOO line scan light candidate for machine vision lighting evaluation.,line_scan_light,HPD-4CH,private_supplier,525
IOO,IOO-LS-0093,illumination,line_scan_light,not available,not available,not available,not available,not available,not available,not available,IOO line scan light candidate for machine vision lighting evaluation.,line_scan_light,HPD-00-240-1-X-24V-4CH,private_supplier,526
IOO,IOO-LS-0094,illumination,line_scan_light,not available,not available,not available,not available,not available,not available,not available,IOO line scan light candidate for machine vision lighting evaluation.,line_scan_light,HPD-00-070-1-RGBW-24V-4CH,private_supplier,527
IOO,IOO-LS-0095,illumination,line_scan_light,not available,not available,not available,not available,not available,not available,not available,IOO line scan light candidate for machine vision lighting evaluation.,line_scan_light,IDS5-4CH,private_supplier,528
IOO,IOO-LS-0096,illumination,line_scan_light,not available,not available,not available,not available,not available,not available,not available,IOO line scan light candidate for machine vision lighting evaluation.,line_scan_light,IDS5-00-070-1-X-24V-4CH,private_supplier,529
IOO,IOO-LS-0097,illumination,line_scan_light,not available,not available,not available,not available,not available,not available,not available,IOO line scan light candidate for machine vision lighting evaluation.,line_scan_light,IDS5-00-100-1-X-24V-4CH,private_supplier,530
IOO,IOO-LS-0098,illumination,line_scan_light,not available,not available,not available,not available,not available,not available,not available,IOO line scan light candidate for machine vision lighting evaluation.,line_scan_light,IDS5-00-150-1-X-24V-4CH,private_supplier,531
IOO,IOO-LS-0099,illumination,line_scan_light,not available,not available,not available,not available,not available,not available,not available,IOO line scan light candidate for machine vision lighting evaluation.,line_scan_light,IDS5-00-200-1-X-24V-4CH,private_supplier,532
IOO,IOO-LS-0100,illumination,line_scan_light,not available,not available,not available,not available,not available,not available,not available,IOO line scan light candidate for machine vision lighting evaluation.,line_scan_light,IDS5-00-250-1-X-24V-4CH,private_supplier,533
IOO,IOO-LS-0101,illumination,line_scan_light,not available,not available,not available,not available,not available,not available,not available,IOO line scan light candidate for machine vision lighting evaluation.,line_scan_light,IDS4-00-360-1-X-24V-4CH,private_supplier,534
IOO,IOO-LS-0102,illumination,line_scan_light,not available,not available,not available,not available,not available,not available,not available,IOO line scan light candidate for machine vision lighting evaluation.,line_scan_light,IDSL-00-150-1-X-24V-4CH,private_supplier,535
IOO,IOO-LS-0103,illumination,line_scan_light,not available,not available,not available,not available,not available,not available,not available,IOO line scan light candidate for machine vision lighting evaluation.,line_scan_light,LBRQ-4CH,private_supplier,536
IOO,IOO-LS-0104,illumination,line_scan_light,not available,not available,not available,not available,not available,not available,not available,IOO line scan light candidate for machine vision lighting evaluation.,line_scan_light,LLA-4CH,private_supplier,537
IOO,IOO-LS-0105,illumination,line_scan_light,not available,not available,not available,not available,not available,not available,not available,IOO line scan light candidate for machine vision lighting evaluation.,line_scan_light,MLLA-4CH,private_supplier,538
IOO,IOO-BL-0023,illumination,backlight,not available,not available,24V,0.36W / 0.48W,15mA 20mA,not available,Voltage: 24V; Power: 0.36W / 0.48W; Current: 15mA 20mA,"IOO backlight candidate for silhouette, edge, and transparent-object inspection trials.",backlight|measurement|transparent_edge,BHDS-00-25X36-1-X,private_supplier,539
IOO,IOO-BL-0024,illumination,backlight,not available,not available,24V,0.72W,30mA 30mA,not available,Voltage: 24V; Power: 0.72W; Current: 30mA 30mA,"IOO backlight candidate for silhouette, edge, and transparent-object inspection trials.",backlight|measurement|transparent_edge,BHDS-00-31X58-1-X,private_supplier,540
IOO,IOO-BL-0025,illumination,backlight,not available,not available,24V,2.16W,90mA 90mA,not available,Voltage: 24V; Power: 2.16W; Current: 90mA 90mA,"IOO backlight candidate for silhouette, edge, and transparent-object inspection trials.",backlight|measurement|transparent_edge,BHDS-00-070-1-X,private_supplier,541
IOO,IOO-BL-0026,illumination,backlight,not available,not available,24V,2.4W,100mA 100mA,not available,Voltage: 24V; Power: 2.4W; Current: 100mA 100mA,"IOO backlight candidate for silhouette, edge, and transparent-object inspection trials.",backlight|measurement|transparent_edge,BHDS-00-30X150-1-X,private_supplier,542
IOO,IOO-BL-0027,illumination,backlight,not available,not available,24V,33.96W,1415mA,not available,Voltage: 24V; Power: 33.96W; Current: 1415mA,"IOO backlight candidate for silhouette, edge, and transparent-object inspection trials.",backlight|measurement|transparent_edge,BHLX4-00-160X160-X-X,private_supplier,543
IOO,IOO-BL-0028,illumination,backlight,not available,not available,24V,7.2W,300mA 300mA,not available,Voltage: 24V; Power: 7.2W; Current: 300mA 300mA,"IOO backlight candidate for silhouette, edge, and transparent-object inspection trials.",backlight|measurement|transparent_edge,BHH2-00-035-X-X,private_supplier,544
IOO,IOO-BL-0029,illumination,backlight,not available,not available,24V,28.8W,1200mA 1200mA,not available,Voltage: 24V; Power: 28.8W; Current: 1200mA 1200mA,"IOO backlight candidate for silhouette, edge, and transparent-object inspection trials.",backlight|measurement|transparent_edge,BHH2-00-070-X-X,private_supplier,545
IOO,IOO-BL-0030,illumination,backlight,not available,not available,24V,3.6W / 3.84W,150mA 160mA,not available,Voltage: 24V; Power: 3.6W / 3.84W; Current: 150mA 160mA,"IOO backlight candidate for silhouette, edge, and transparent-object inspection trials.",backlight|measurement|transparent_edge,BHS5-00-050-X-X,private_supplier,546
IOO,IOO-BL-0031,illumination,backlight,not available,not available,24V,9.12W / 8.64W,380mA 360mA,not available,Voltage: 24V; Power: 9.12W / 8.64W; Current: 380mA 360mA,"IOO backlight candidate for silhouette, edge, and transparent-object inspection trials.",backlight|measurement|transparent_edge,BHS5-00-075-X-X,private_supplier,547
IOO,IOO-BL-0032,illumination,backlight,not available,not available,24V,14.16W / 15.36W,590mA 640mA,not available,Voltage: 24V; Power: 14.16W / 15.36W; Current: 590mA 640mA,"IOO backlight candidate for silhouette, edge, and transparent-object inspection trials.",backlight|measurement|transparent_edge,BHS5-00-100-X-X,private_supplier,548
IOO,IOO-BL-0033,illumination,backlight,not available,not available,24V,17.52W,730mA,not available,Voltage: 24V; Power: 17.52W; Current: 730mA,"IOO backlight candidate for silhouette, edge, and transparent-object inspection trials.",backlight|measurement|transparent_edge,BHS5-00-125-X-X,private_supplier,549
IOO,IOO-BL-0034,illumination,backlight,(White only),not available,24V,35.52W,1480mA,not available,Voltage: 24V; Power: 35.52W; Current: 1480mA,"IOO backlight candidate for silhouette, edge, and transparent-object inspection trials.",backlight|measurement|transparent_edge,BHLC2-00-200X200-X-W-24V,private_supplier,550
IOO,IOO-BL-0035,illumination,backlight,(White only),not available,24V,52.8W,2230mA,not available,Voltage: 24V; Power: 52.8W; Current: 2230mA,"IOO backlight candidate for silhouette, edge, and transparent-object inspection trials.",backlight|measurement|transparent_edge,BHLC2-00-240X240-X-W-24V,private_supplier,551
IOO,IOO-BL-0036,illumination,backlight,not available,not available,not available,not available,not available,not available,not available,"IOO backlight candidate for silhouette, edge, and transparent-object inspection trials.",backlight|measurement|transparent_edge,R,private_supplier,552
IOO,IOO-BL-0037,illumination,backlight,not available,not available,24V,3.60W,150mA 150mA,not available,Voltage: 24V; Power: 3.60W; Current: 150mA 150mA,"IOO backlight candidate for silhouette, edge, and transparent-object inspection trials.",backlight|measurement|transparent_edge,BHH-00-035-X-X,private_supplier,553
IOO,IOO-BL-0038,illumination,backlight,not available,not available,24V,14.40W,600mA 600mA,not available,Voltage: 24V; Power: 14.40W; Current: 600mA 600mA,"IOO backlight candidate for silhouette, edge, and transparent-object inspection trials.",backlight|measurement|transparent_edge,BHH-00-070-X-X,private_supplier,554
IOO,IOO-BL-0039,illumination,backlight,not available,not available,24V,1.44W / 0.576W / 0.432W,60mA 24mA 18mA,not available,Voltage: 24V; Power: 1.44W / 0.576W / 0.432W; Current: 60mA 24mA 18mA,"IOO backlight candidate for silhouette, edge, and transparent-object inspection trials.",backlight|measurement|transparent_edge,BHC2-00-025-X-X,private_supplier,555
IOO,IOO-BL-0040,illumination,backlight,not available,not available,24V,2.304W / 1.728W,96mA 72mA,not available,Voltage: 24V; Power: 2.304W / 1.728W; Current: 96mA 72mA,"IOO backlight candidate for silhouette, edge, and transparent-object inspection trials.",backlight|measurement|transparent_edge,BHC2-00-050-X-X,private_supplier,556
IOO,IOO-BL-0041,illumination,backlight,not available,not available,24V,5.184W / 3.888W,216mA 162mA,not available,Voltage: 24V; Power: 5.184W / 3.888W; Current: 216mA 162mA,"IOO backlight candidate for silhouette, edge, and transparent-object inspection trials.",backlight|measurement|transparent_edge,BHC2-00-075-X-X,private_supplier,557
IOO,IOO-BL-0042,illumination,backlight,not available,not available,24V,9.216W / 6.912W,384mA 288mA,not available,Voltage: 24V; Power: 9.216W / 6.912W; Current: 384mA 288mA,"IOO backlight candidate for silhouette, edge, and transparent-object inspection trials.",backlight|measurement|transparent_edge,BHC2-00-100-X-X,private_supplier,558
IOO,IOO-BL-0043,illumination,backlight,IR850,not available,24V,12.96W / 17.28W / 12.48W,540mA 720mA 520mA,not available,Voltage: 24V; Power: 12.96W / 17.28W / 12.48W; Current: 540mA 720mA 520mA,"IOO backlight candidate for silhouette, edge, and transparent-object inspection trials.",backlight|measurement|transparent_edge,BHLX3-00-160X160-X-X,private_supplier,559
IOO,IOO-BL-0044,illumination,backlight,IR850,not available,24V,19.44W / 25.92W / 18.72W,810mA 1080mA 780mA,not available,Voltage: 24V; Power: 19.44W / 25.92W / 18.72W; Current: 810mA 1080mA 780mA,"IOO backlight candidate for silhouette, edge, and transparent-object inspection trials.",backlight|measurement|transparent_edge,BHLX3-00-160X240-X-X,private_supplier,560
IOO,IOO-BL-0045,illumination,backlight,IR850,not available,24V,25.92W / 34.56W / 24.96W,1080mA 1440mA 1040mA,not available,Voltage: 24V; Power: 25.92W / 34.56W / 24.96W; Current: 1080mA 1440mA 1040mA,"IOO backlight candidate for silhouette, edge, and transparent-object inspection trials.",backlight|measurement|transparent_edge,BHLX3-00-160X320-X-X,private_supplier,561
IOO,IOO-BL-0046,illumination,backlight,IR850,not available,24V,32.40W / 43.20W / 31.2W,1350mA 1800mA 1300mA,not available,Voltage: 24V; Power: 32.40W / 43.20W / 31.2W; Current: 1350mA 1800mA 1300mA,"IOO backlight candidate for silhouette, edge, and transparent-object inspection trials.",backlight|measurement|transparent_edge,BHLX3-00-160X400-X-X,private_supplier,562
IOO,IOO-BL-0047,illumination,backlight,IR850,not available,24V,29.16W / 38.88W / 28.08W,1215mA 1620mA 1170mA,not available,Voltage: 24V; Power: 29.16W / 38.88W / 28.08W; Current: 1215mA 1620mA 1170mA,"IOO backlight candidate for silhouette, edge, and transparent-object inspection trials.",backlight|measurement|transparent_edge,BHLX3-00-240X240-X-X,private_supplier,563
IOO,IOO-BL-0048,illumination,backlight,IR850,not available,24V,38.88W / 51.84W / 37.44W,1620mA 2160mA 1560mA,not available,Voltage: 24V; Power: 38.88W / 51.84W / 37.44W; Current: 1620mA 2160mA 1560mA,"IOO backlight candidate for silhouette, edge, and transparent-object inspection trials.",backlight|measurement|transparent_edge,BHLX3-00-240X320-X-X,private_supplier,564
IOO,IOO-BL-0049,illumination,backlight,IR850,not available,24V,48.60W / 64.80W / 46.8W,2025mA 2700mA 1950mA,not available,Voltage: 24V; Power: 48.60W / 64.80W / 46.8W; Current: 2025mA 2700mA 1950mA,"IOO backlight candidate for silhouette, edge, and transparent-object inspection trials.",backlight|measurement|transparent_edge,BHLX3-00-240X400-X-X,private_supplier,565
IOO,IOO-BL-0050,illumination,backlight,IR850,not available,24V,51.84W / 69.12W / 49.92W,2160mA 2880mA 2080mA,not available,Voltage: 24V; Power: 51.84W / 69.12W / 49.92W; Current: 2160mA 2880mA 2080mA,"IOO backlight candidate for silhouette, edge, and transparent-object inspection trials.",backlight|measurement|transparent_edge,BHLX3-00-320X320-X-X,private_supplier,566
IOO,IOO-BL-0051,illumination,backlight,IR850,not available,24V,64.80W / 86.40W / 62.4W,2700mA 3600mA 2600mA,not available,Voltage: 24V; Power: 64.80W / 86.40W / 62.4W; Current: 2700mA 3600mA 2600mA,"IOO backlight candidate for silhouette, edge, and transparent-object inspection trials.",backlight|measurement|transparent_edge,BHLX3-00-320X400-X-X,private_supplier,567
IOO,IOO-BL-0052,illumination,backlight,IR850,not available,24V,81.00W / 108.00W / 78.0W,3375mA 4500mA 3250mA,not available,Voltage: 24V; Power: 81.00W / 108.00W / 78.0W; Current: 3375mA 4500mA 3250mA,"IOO backlight candidate for silhouette, edge, and transparent-object inspection trials.",backlight|measurement|transparent_edge,BHLX3-00-400X400-X-X,private_supplier,568
IOO,IOO-BL-0053,illumination,backlight,IR850,not available,24V,1.44W / 0.576W / 0.432W / 3.12W,60mA 24mA 18mA 130mA,not available,Voltage: 24V; Power: 1.44W / 0.576W / 0.432W / 3.12W; Current: 60mA 24mA 18mA 130mA,"IOO backlight candidate for silhouette, edge, and transparent-object inspection trials.",backlight|measurement|transparent_edge,BHS4-00-025-X-X,private_supplier,569
IOO,IOO-BL-0054,illumination,backlight,IR850,not available,24V,2.304W / 1.728W,96mA 72mA 96mA,not available,Voltage: 24V; Power: 2.304W / 1.728W; Current: 96mA 72mA 96mA,"IOO backlight candidate for silhouette, edge, and transparent-object inspection trials.",backlight|measurement|transparent_edge,BHS4-00-050-X-X,private_supplier,570
IOO,IOO-BL-0055,illumination,backlight,IR850,not available,24V,5.184W / 3.888W,216mA 162mA 216mA,not available,Voltage: 24V; Power: 5.184W / 3.888W; Current: 216mA 162mA 216mA,"IOO backlight candidate for silhouette, edge, and transparent-object inspection trials.",backlight|measurement|transparent_edge,BHS4-00-075-X-X,private_supplier,571
IOO,IOO-BL-0056,illumination,backlight,IR850,not available,24V,9.216W / 6.912W,384mA 288mA 384mA,not available,Voltage: 24V; Power: 9.216W / 6.912W; Current: 384mA 288mA 384mA,"IOO backlight candidate for silhouette, edge, and transparent-object inspection trials.",backlight|measurement|transparent_edge,BHS4-00-100-X-X,private_supplier,572
IOO,IOO-BL-0057,illumination,backlight,IR850,not available,24V,1.44W / 0.576W / 0.432W / 3.12W,60mA 24mA 18mA 130mA,not available,Voltage: 24V; Power: 1.44W / 0.576W / 0.432W / 3.12W; Current: 60mA 24mA 18mA 130mA,"IOO backlight candidate for silhouette, edge, and transparent-object inspection trials.",backlight|measurement|transparent_edge,BHS4-00-030-X-X,private_supplier,573
IOO,IOO-BL-0058,illumination,backlight,IR850,not available,24V,2.304W / 1.728W,96mA 72mA 96mA,not available,Voltage: 24V; Power: 2.304W / 1.728W; Current: 96mA 72mA 96mA,"IOO backlight candidate for silhouette, edge, and transparent-object inspection trials.",backlight|measurement|transparent_edge,BHS4-00-060-X-X,private_supplier,574
IOO,IOO-BL-0059,illumination,backlight,IR850,not available,24V,5.184W / 3.888W,216mA 162mA 216mA,not available,Voltage: 24V; Power: 5.184W / 3.888W; Current: 216mA 162mA 216mA,"IOO backlight candidate for silhouette, edge, and transparent-object inspection trials.",backlight|measurement|transparent_edge,BHS4-00-090-X-X,private_supplier,575
IOO,IOO-BL-0060,illumination,backlight,IR850,not available,24V,9.216W / 6.912W,384mA 288mA 384mA,not available,Voltage: 24V; Power: 9.216W / 6.912W; Current: 384mA 288mA 384mA,"IOO backlight candidate for silhouette, edge, and transparent-object inspection trials.",backlight|measurement|transparent_edge,BHS4-00-120-X-X,private_supplier,576
IOO,IOO-BL-0061,illumination,backlight,not available,not available,24V,14.4W,600mA 600mA,not available,Voltage: 24V; Power: 14.4W; Current: 600mA 600mA,"IOO backlight candidate for silhouette, edge, and transparent-object inspection trials.",backlight|measurement|transparent_edge,BHDQ-00-200-1-X,private_supplier,577
IOO,IOO-BL-0062,illumination,backlight,not available,not available,24V,2.88W,120mA 120mA,not available,Voltage: 24V; Power: 2.88W; Current: 120mA 120mA,"IOO backlight candidate for silhouette, edge, and transparent-object inspection trials.",backlight|measurement|transparent_edge,BHD-00-070-1-X,private_supplier,578
IOO,IOO-BL-0063,illumination,backlight,not available,not available,24V,4.32W / 3.84W,180mA 160mA,not available,Voltage: 24V; Power: 4.32W / 3.84W; Current: 180mA 160mA,"IOO backlight candidate for silhouette, edge, and transparent-object inspection trials.",backlight|measurement|transparent_edge,BHD-00-100-1-X,private_supplier,579
IOO,IOO-BL-0064,illumination,backlight,not available,not available,24V,6.72W,280mA 280mA,not available,Voltage: 24V; Power: 6.72W; Current: 280mA 280mA,"IOO backlight candidate for silhouette, edge, and transparent-object inspection trials.",backlight|measurement|transparent_edge,BHD-00-100X80-1-X,private_supplier,580
IOO,IOO-BL-0065,illumination,backlight,not available,not available,24V,2.16W / 3.60W,90mA 150mA,not available,Voltage: 24V; Power: 2.16W / 3.60W; Current: 90mA 150mA,"IOO backlight candidate for silhouette, edge, and transparent-object inspection trials.",backlight|measurement|transparent_edge,LBL3-00-100-X-X,private_supplier,581
IOO,IOO-BL-0066,illumination,backlight,not available,not available,24V,4.32W / 7.20W,180mA 300mA,not available,Voltage: 24V; Power: 4.32W / 7.20W; Current: 180mA 300mA,"IOO backlight candidate for silhouette, edge, and transparent-object inspection trials.",backlight|measurement|transparent_edge,LBL3-00-200-X-X,private_supplier,582
IOO,IOO-BL-0067,illumination,backlight,not available,not available,24V,6.48W / 10.80W,270mA 450mA,not available,Voltage: 24V; Power: 6.48W / 10.80W; Current: 270mA 450mA,"IOO backlight candidate for silhouette, edge, and transparent-object inspection trials.",backlight|measurement|transparent_edge,LBL3-00-300-X-X,private_supplier,583
IOO,IOO-BL-0068,illumination,backlight,not available,not available,24V,8.64W / 14.40W,360mA 600mA,not available,Voltage: 24V; Power: 8.64W / 14.40W; Current: 360mA 600mA,"IOO backlight candidate for silhouette, edge, and transparent-object inspection trials.",backlight|measurement|transparent_edge,LBL3-00-400-X-X,private_supplier,584
IOO,IOO-BL-0069,illumination,backlight,not available,not available,24V,10.80W / 18.00W,450mA 750mA,not available,Voltage: 24V; Power: 10.80W / 18.00W; Current: 450mA 750mA,"IOO backlight candidate for silhouette, edge, and transparent-object inspection trials.",backlight|measurement|transparent_edge,LBL3-00-500-X-X,private_supplier,585
IOO,IOO-BL-0070,illumination,backlight,not available,not available,24V,12.96W / 21.60W,540mA 900mA,not available,Voltage: 24V; Power: 12.96W / 21.60W; Current: 540mA 900mA,"IOO backlight candidate for silhouette, edge, and transparent-object inspection trials.",backlight|measurement|transparent_edge,LBL3-00-600-X-X,private_supplier,586
IOO,IOO-BL-0071,illumination,backlight,not available,not available,24V,15.12W / 25.20W,630mA 1050mA,not available,Voltage: 24V; Power: 15.12W / 25.20W; Current: 630mA 1050mA,"IOO backlight candidate for silhouette, edge, and transparent-object inspection trials.",backlight|measurement|transparent_edge,LBL3-00-700-X-X,private_supplier,587
IOO,IOO-BL-0072,illumination,backlight,not available,not available,24V,17.28W / 28.80W,720mA 1200mA,not available,Voltage: 24V; Power: 17.28W / 28.80W; Current: 720mA 1200mA,"IOO backlight candidate for silhouette, edge, and transparent-object inspection trials.",backlight|measurement|transparent_edge,LBL3-00-800-X-X,private_supplier,588
IOO,IOO-BL-0073,illumination,backlight,not available,not available,24V,19.44W / 32.40W,810mA 1350mA,not available,Voltage: 24V; Power: 19.44W / 32.40W; Current: 810mA 1350mA,"IOO backlight candidate for silhouette, edge, and transparent-object inspection trials.",backlight|measurement|transparent_edge,LBL3-00-900-X-X,private_supplier,589
IOO,IOO-BL-0074,illumination,backlight,not available,not available,24V,21.60W / 36.00W,900mA 1500mA,not available,Voltage: 24V; Power: 21.60W / 36.00W; Current: 900mA 1500mA,"IOO backlight candidate for silhouette, edge, and transparent-object inspection trials.",backlight|measurement|transparent_edge,LBL3-00-1000-X-X,private_supplier,590
IOO,IOO-LT-0194,illumination,illumination,(F-DLA2-00-070-DIFFUSER),not available,RGBW,RGBW,24V / 2.88W,not available,Voltage: RGBW; Power: RGBW; Current: 24V / 2.88W,IOO illumination candidate for machine vision lighting evaluation.,illumination,F-DXX-070-1-RGBW,private_supplier,591
IOO,IOO-DF-0037,illumination,dark_field,not available,not available,not available,not available,not available,not available,not available,IOO dark field candidate for surface defect and scratch inspection experiments.,dark_field|reflective_surface|scratch_detection,(F-DLC3-00-070-DIFFUSER),private_supplier,592
IOO,IOO-LS-0106,illumination,line_scan_light,not available,not available,not available,not available,not available,not available,not available,IOO line scan light candidate for machine vision lighting evaluation.,line_scan_light,(F-DLS4-45-070-DIFFUSER),private_supplier,593
IOO,IOO-LS-0107,illumination,line_scan_light,not available,not available,not available,not available,not available,not available,not available,IOO line scan light candidate for machine vision lighting evaluation.,line_scan_light,(F-DLS4-60-070-DIFFUSER),private_supplier,594
IOO,IOO-LT-0195,illumination,illumination,not available,not available,not available,not available,not available,not available,not available,IOO illumination candidate for machine vision lighting evaluation.,illumination,(F-DLF5-90-070-DIFFUSER),private_supplier,595
IOO,IOO-LT-0196,illumination,illumination,(F-DLA2-00-100-DIFFUSER),not available,RGBW,RGBW,24V / 5.76W,not available,Voltage: RGBW; Power: RGBW; Current: 24V / 5.76W,IOO illumination candidate for machine vision lighting evaluation.,illumination,F-DXX-100-1-RGBW,private_supplier,596
IOO,IOO-DF-0038,illumination,dark_field,not available,not available,not available,not available,not available,not available,not available,IOO dark field candidate for surface defect and scratch inspection experiments.,dark_field|reflective_surface|scratch_detection,(F-DLC3-00-100-DIFFUSER),private_supplier,597
IOO,IOO-LS-0108,illumination,line_scan_light,not available,not available,not available,not available,not available,not available,not available,IOO line scan light candidate for machine vision lighting evaluation.,line_scan_light,(F-DLS4-45-100-DIFFUSER),private_supplier,598
IOO,IOO-LS-0109,illumination,line_scan_light,not available,not available,not available,not available,not available,not available,not available,IOO line scan light candidate for machine vision lighting evaluation.,line_scan_light,(F-DLS4-60-100-DIFFUSER),private_supplier,599
IOO,IOO-LT-0197,illumination,illumination,not available,not available,not available,not available,not available,not available,not available,IOO illumination candidate for machine vision lighting evaluation.,illumination,(F-DLF5-90-100-DIFFUSER),private_supplier,600
IOO,IOO-LT-0198,illumination,illumination,(F-DLA2-00-120-DIFFUSER),not available,RGBW,RGBW,24V / 5.76W,not available,Voltage: RGBW; Power: RGBW; Current: 24V / 5.76W,IOO illumination candidate for machine vision lighting evaluation.,illumination,F-DXX-120-1-RGBW,private_supplier,601
IOO,IOO-DF-0039,illumination,dark_field,not available,not available,not available,not available,not available,not available,not available,IOO dark field candidate for surface defect and scratch inspection experiments.,dark_field|reflective_surface|scratch_detection,(F-DLC3-00-120-DIFFUSER),private_supplier,602
IOO,IOO-LS-0110,illumination,line_scan_light,not available,not available,not available,not available,not available,not available,not available,IOO line scan light candidate for machine vision lighting evaluation.,line_scan_light,(F-DLS4-45-120-DIFFUSER),private_supplier,603
IOO,IOO-LS-0111,illumination,line_scan_light,not available,not available,not available,not available,not available,not available,not available,IOO line scan light candidate for machine vision lighting evaluation.,line_scan_light,(F-DLS4-60-120-DIFFUSER),private_supplier,604
IOO,IOO-LT-0199,illumination,illumination,not available,not available,not available,not available,not available,not available,not available,IOO illumination candidate for machine vision lighting evaluation.,illumination,(F-DLF5-90-120-DIFFUSER),private_supplier,605
IOO,IOO-LT-0200,illumination,illumination,RGBW,not available,24V,5.76W,240mA,not available,Voltage: 24V; Power: 5.76W; Current: 240mA,IOO illumination candidate for machine vision lighting evaluation.,illumination,F-DLP-90-100-1-RGBW,private_supplier,606
IOO,IOO-LT-0201,illumination,illumination,RGBW,not available,24V,5.76W,240mA,not available,Voltage: 24V; Power: 5.76W; Current: 240mA,IOO illumination candidate for machine vision lighting evaluation.,illumination,F-DLG-00-100-1-RGBW,private_supplier,607
IOO,IOO-LT-0202,illumination,illumination,not available,not available,not available,not available,not available,not available,not available,IOO illumination candidate for machine vision lighting evaluation.,illumination,(F-DLA2-00-070-DIFFUSER),private_supplier,608
IOO,IOO-LT-0203,illumination,illumination,not available,not available,not available,not available,not available,not available,not available,IOO illumination candidate for machine vision lighting evaluation.,illumination,(F-DLA2-00-100-DIFFUSER),private_supplier,609
IOO,IOO-RL-0021,illumination,ring_light,not available,not available,24V,2.6W,108mA 108mA,not available,Voltage: 24V; Power: 2.6W; Current: 108mA 108mA,IOO ring light candidate for electronics and flat-part inspection trials.,pcb_inspection|ring_light,DFR4-00-050-1-X,private_supplier,610
IOO,IOO-RL-0022,illumination,ring_light,not available,not available,24V,4.70W,196mA 196mA,not available,Voltage: 24V; Power: 4.70W; Current: 196mA 196mA,IOO ring light candidate for electronics and flat-part inspection trials.,pcb_inspection|ring_light,DFR4-00-080-1-X,private_supplier,611
IOO,IOO-RL-0023,illumination,ring_light,not available,not available,24V,5.40W,225mA 225mA,not available,Voltage: 24V; Power: 5.40W; Current: 225mA 225mA,IOO ring light candidate for electronics and flat-part inspection trials.,pcb_inspection|ring_light,DFR4-00-100-1-X,private_supplier,612
IOO,IOO-RL-0024,illumination,ring_light,not available,not available,24V,7.20W,300mA 300mA,not available,Voltage: 24V; Power: 7.20W; Current: 300mA 300mA,IOO ring light candidate for electronics and flat-part inspection trials.,pcb_inspection|ring_light,DFR4-00-130-1-X,private_supplier,613
IOO,IOO-RL-0025,illumination,ring_light,not available,not available,24V,4.70W,196mA 196mA,not available,Voltage: 24V; Power: 4.70W; Current: 196mA 196mA,IOO ring light candidate for electronics and flat-part inspection trials.,pcb_inspection|ring_light,DFR4-15-080-1-X,private_supplier,614
IOO,IOO-RL-0026,illumination,ring_light,not available,not available,24V,5.40W,225mA 225mA,not available,Voltage: 24V; Power: 5.40W; Current: 225mA 225mA,IOO ring light candidate for electronics and flat-part inspection trials.,pcb_inspection|ring_light,DFR4-15-100-1-X,private_supplier,615
IOO,IOO-RL-0027,illumination,ring_light,not available,not available,24V,7.20W,300mA 300mA,not available,Voltage: 24V; Power: 7.20W; Current: 300mA 300mA,IOO ring light candidate for electronics and flat-part inspection trials.,pcb_inspection|ring_light,DFR4-15-130-1-X,private_supplier,616
IOO,IOO-RL-0028,illumination,ring_light,not available,not available,24V,2.6W,108mA 108mA,not available,Voltage: 24V; Power: 2.6W; Current: 108mA 108mA,IOO ring light candidate for electronics and flat-part inspection trials.,pcb_inspection|ring_light,DFR4-30-050-1-X,private_supplier,617
IOO,IOO-RL-0029,illumination,ring_light,not available,not available,24V,4.70W,196mA 196mA,not available,Voltage: 24V; Power: 4.70W; Current: 196mA 196mA,IOO ring light candidate for electronics and flat-part inspection trials.,pcb_inspection|ring_light,DFR4-30-080-1-X,private_supplier,618
IOO,IOO-RL-0030,illumination,ring_light,not available,not available,24V,5.40W,225mA 225mA,not available,Voltage: 24V; Power: 5.40W; Current: 225mA 225mA,IOO ring light candidate for electronics and flat-part inspection trials.,pcb_inspection|ring_light,DFR4-30-100-1-X,private_supplier,619
IOO,IOO-RL-0031,illumination,ring_light,not available,not available,24V,7.18W,299mA 299mA,not available,Voltage: 24V; Power: 7.18W; Current: 299mA 299mA,IOO ring light candidate for electronics and flat-part inspection trials.,pcb_inspection|ring_light,DFR4-30-130-1-X,private_supplier,620
IOO,IOO-DF-0040,illumination,dark_field,not available,not available,24V,4.32W,180mA,not available,Voltage: 24V; Power: 4.32W; Current: 180mA,IOO dark field candidate for surface defect and scratch inspection experiments.,dark_field|reflective_surface|scratch_detection,DLC3-00-070-1-X,private_supplier,621
IOO,IOO-DF-0041,illumination,dark_field,not available,not available,24V,6.72W / 7.20W,280mA 300mA,not available,Voltage: 24V; Power: 6.72W / 7.20W; Current: 280mA 300mA,IOO dark field candidate for surface defect and scratch inspection experiments.,dark_field|reflective_surface|scratch_detection,DLC3-00-100-1-X,private_supplier,622
IOO,IOO-DF-0042,illumination,dark_field,not available,not available,24V,9.41W / 9.74W,392mA 406mA,not available,Voltage: 24V; Power: 9.41W / 9.74W; Current: 392mA 406mA,IOO dark field candidate for surface defect and scratch inspection experiments.,dark_field|reflective_surface|scratch_detection,DLC3-00-120-1-X,private_supplier,623
IOO,IOO-DF-0043,illumination,dark_field,not available,not available,24V,2.88W,120mA,not available,Voltage: 24V; Power: 2.88W; Current: 120mA,IOO dark field candidate for surface defect and scratch inspection experiments.,dark_field|reflective_surface|scratch_detection,DLC3-00-070-1-RGBW,private_supplier,624
IOO,IOO-DF-0044,illumination,dark_field,not available,not available,24V,5.76W,240mA,not available,Voltage: 24V; Power: 5.76W; Current: 240mA,IOO dark field candidate for surface defect and scratch inspection experiments.,dark_field|reflective_surface|scratch_detection,DLC3-00-100-1-RGBW,private_supplier,625
IOO,IOO-DF-0045,illumination,dark_field,not available,not available,24V,5.76W,240mA,not available,Voltage: 24V; Power: 5.76W; Current: 240mA,IOO dark field candidate for surface defect and scratch inspection experiments.,dark_field|reflective_surface|scratch_detection,DLC3-00-120-1-RGBW,private_supplier,626
IOO,IOO-LT-0204,illumination,illumination,not available,not available,24V,2.88W / 1.92W,120mA 80mA,not available,Voltage: 24V; Power: 2.88W / 1.92W; Current: 120mA 80mA,IOO illumination candidate for machine vision lighting evaluation.,illumination,DLF2-90-050-1-X,private_supplier,627
IOO,IOO-LT-0205,illumination,illumination,not available,not available,24V,2.88W / 4.32W,120mA 180mA,not available,Voltage: 24V; Power: 2.88W / 4.32W; Current: 120mA 180mA,IOO illumination candidate for machine vision lighting evaluation.,illumination,DLF2-90-070-1-X,private_supplier,628
IOO,IOO-LT-0206,illumination,illumination,not available,not available,24V,4.32W / 5.76W,180mA 240mA,not available,Voltage: 24V; Power: 4.32W / 5.76W; Current: 180mA 240mA,IOO illumination candidate for machine vision lighting evaluation.,illumination,DLF2-90-100-1-X,private_supplier,629
IOO,IOO-LT-0207,illumination,illumination,not available,not available,24V,1.44W,60mA 60mA,not available,Voltage: 24V; Power: 1.44W; Current: 60mA 60mA,IOO illumination candidate for machine vision lighting evaluation.,illumination,DLQ2-90-030-1-X,private_supplier,630
IOO,IOO-LT-0208,illumination,illumination,not available,not available,24V,2.88W / 1.92W,120mA 80mA,not available,Voltage: 24V; Power: 2.88W / 1.92W; Current: 120mA 80mA,IOO illumination candidate for machine vision lighting evaluation.,illumination,DLQ2-90-050-1-X,private_supplier,631
IOO,IOO-LT-0209,illumination,illumination,not available,not available,24V,2.88W / 4.32W,120mA 180mA,not available,Voltage: 24V; Power: 2.88W / 4.32W; Current: 120mA 180mA,IOO illumination candidate for machine vision lighting evaluation.,illumination,DLQ2-90-070-1-X,private_supplier,632
IOO,IOO-LT-0210,illumination,illumination,not available,not available,24V,4.32W / 5.76W,180mA 240mA,not available,Voltage: 24V; Power: 4.32W / 5.76W; Current: 180mA 240mA,IOO illumination candidate for machine vision lighting evaluation.,illumination,DLQ2-90-100-1-X,private_supplier,633
IOO,IOO-LT-0211,illumination,illumination,not available,not available,24V,2.88W / 4.32W,120mA 180mA,not available,Voltage: 24V; Power: 2.88W / 4.32W; Current: 120mA 180mA,IOO illumination candidate for machine vision lighting evaluation.,illumination,DLW2-60-070-1-X,private_supplier,634
IOO,IOO-LT-0212,illumination,illumination,not available,not available,24V,4.32W / 5.76W,180mA 240mA,not available,Voltage: 24V; Power: 4.32W / 5.76W; Current: 180mA 240mA,IOO illumination candidate for machine vision lighting evaluation.,illumination,DLW2-60-100-1-X,private_supplier,635
IOO,IOO-LS-0112,illumination,line_scan_light,not available,not available,24V,2.88W / 1.92W,120mA 80mA,not available,Voltage: 24V; Power: 2.88W / 1.92W; Current: 120mA 80mA,IOO line scan light candidate for machine vision lighting evaluation.,line_scan_light,DLS2-60-050-1-X,private_supplier,636
IOO,IOO-LS-0113,illumination,line_scan_light,not available,not available,24V,2.88W / 4.32W,120mA 180mA,not available,Voltage: 24V; Power: 2.88W / 4.32W; Current: 120mA 180mA,IOO line scan light candidate for machine vision lighting evaluation.,line_scan_light,DLS2-60-070-1-X,private_supplier,637
IOO,IOO-LS-0114,illumination,line_scan_light,not available,not available,24V,4.32W / 5.76W,180mA 240mA,not available,Voltage: 24V; Power: 4.32W / 5.76W; Current: 180mA 240mA,IOO line scan light candidate for machine vision lighting evaluation.,line_scan_light,DLS2-60-100-1-X,private_supplier,638
IOO,IOO-RL-0032,illumination,ring_light,not available,not available,24V,2.90W,120mA 120mA,not available,Voltage: 24V; Power: 2.90W; Current: 120mA 120mA,IOO ring light candidate for electronics and flat-part inspection trials.,pcb_inspection|ring_light,DLR3-45-050-1-X,private_supplier,639
IOO,IOO-RL-0033,illumination,ring_light,not available,not available,24V,4.30W,180mA 180mA,not available,Voltage: 24V; Power: 4.30W; Current: 180mA 180mA,IOO ring light candidate for electronics and flat-part inspection trials.,pcb_inspection|ring_light,DLR3-45-080-1-X,private_supplier,640
IOO,IOO-RL-0034,illumination,ring_light,not available,not available,24V,6.50W,270mA 270mA,not available,Voltage: 24V; Power: 6.50W; Current: 270mA 270mA,IOO ring light candidate for electronics and flat-part inspection trials.,pcb_inspection|ring_light,DLR3-45-100-1-X,private_supplier,641
IOO,IOO-RL-0035,illumination,ring_light,not available,not available,24V,8.60W,360mA 360mA,not available,Voltage: 24V; Power: 8.60W; Current: 360mA 360mA,IOO ring light candidate for electronics and flat-part inspection trials.,pcb_inspection|ring_light,DLR3-45-130-1-X,private_supplier,642
IOO,IOO-RL-0036,illumination,ring_light,not available,not available,24V,2.90W,120mA 120mA,not available,Voltage: 24V; Power: 2.90W; Current: 120mA 120mA,IOO ring light candidate for electronics and flat-part inspection trials.,pcb_inspection|ring_light,DLR3-60-050-1-X,private_supplier,643
IOO,IOO-RL-0037,illumination,ring_light,not available,not available,24V,4.30W,180mA 180mA,not available,Voltage: 24V; Power: 4.30W; Current: 180mA 180mA,IOO ring light candidate for electronics and flat-part inspection trials.,pcb_inspection|ring_light,DLR3-60-080-1-X,private_supplier,644
IOO,IOO-RL-0038,illumination,ring_light,not available,not available,24V,6.50W,270mA 270mA,not available,Voltage: 24V; Power: 6.50W; Current: 270mA 270mA,IOO ring light candidate for electronics and flat-part inspection trials.,pcb_inspection|ring_light,DLR3-60-100-1-X,private_supplier,645
IOO,IOO-RL-0039,illumination,ring_light,not available,not available,24V,8.60W,360mA 360mA,not available,Voltage: 24V; Power: 8.60W; Current: 360mA 360mA,IOO ring light candidate for electronics and flat-part inspection trials.,pcb_inspection|ring_light,DLR3-60-130-1-X,private_supplier,646
IOO,IOO-RL-0040,illumination,ring_light,not available,not available,24V,2.88W,120mA,not available,Voltage: 24V; Power: 2.88W; Current: 120mA,IOO ring light candidate for electronics and flat-part inspection trials.,pcb_inspection|ring_light,DLR3-45-100-1-RGBW,private_supplier,647
IOO,IOO-RL-0041,illumination,ring_light,not available,not available,24V,2.88W,120mA,not available,Voltage: 24V; Power: 2.88W; Current: 120mA,IOO ring light candidate for electronics and flat-part inspection trials.,pcb_inspection|ring_light,DLR3-60-100-1-RGBW,private_supplier,648
IOO,IOO-CL-0058,industrial_vision_product,coaxial_light,not available,not available,24V,3.60W / 5.04W,165mA 210mA,not available,Voltage: 24V; Power: 3.60W / 5.04W; Current: 165mA 210mA,IOO coaxial light candidate for electronics and flat-part inspection trials.,coaxial_light|pcb_inspection|reflective_surface,LLAC-90-100-1-X,private_supplier,649
IOO,IOO-CL-0059,industrial_vision_product,coaxial_light,not available,not available,24V,2.88W / 3.96W,120mA 165mA,not available,Voltage: 24V; Power: 2.88W / 3.96W; Current: 120mA 165mA,IOO coaxial light candidate for electronics and flat-part inspection trials.,coaxial_light|pcb_inspection|reflective_surface,LLAC-90-070-1-X,private_supplier,650
IOO,IOO-CL-0060,industrial_vision_product,coaxial_light,not available,not available,24V,2.34W,97.5mA,not available,Voltage: 24V; Power: 2.34W; Current: 97.5mA,IOO coaxial light candidate for electronics and flat-part inspection trials.,coaxial_light|pcb_inspection|reflective_surface,LLAC-60-070-2-X,private_supplier,651
IOO,IOO-CL-0061,industrial_vision_product,coaxial_light,not available,not available,24V,0.48W / 0.96W,60mA 40mA,not available,Voltage: 24V; Power: 0.48W / 0.96W; Current: 60mA 40mA,IOO coaxial light candidate for electronics and flat-part inspection trials.,coaxial_light|pcb_inspection|reflective_surface,LSWC-15-050-2-X,private_supplier,652
IOO,IOO-CL-0062,industrial_vision_product,coaxial_light,not available,not available,24V,1.44W / 3.36W / 3.86W,60mA 140mA 160mA,not available,Voltage: 24V; Power: 1.44W / 3.36W / 3.86W; Current: 60mA 140mA 160mA,IOO coaxial light candidate for electronics and flat-part inspection trials.,coaxial_light|pcb_inspection|reflective_surface,IDDC-00-080-9-RGB,private_supplier,653
IOO,IOO-CL-0063,industrial_vision_product,coaxial_light,Please contact our sales team,not available,Please contact our sales team,Please contact our sales team,Please contact our sales team,not available,Voltage: Please contact our sales team; Power: Please contact our sales team; Current: Please contact our sales team,IOO coaxial light candidate for electronics and flat-part inspection trials.,coaxial_light|pcb_inspection|reflective_surface,DLRC-60-130-1-X-24V,private_supplier,654
