brand,model,spec_group,spec_name,raw_value,normalized_value,unit,source_url
TMS LITE,(F-DLA2-00-070-DIFFUSER),table_2,A (mm),Able swap diffuser (5 in 1),Able swap diffuser (5 in 1),mm,https://www.tms-lite.com/dlc-dlf-dls-45-60-dla-dlp-dlg-series.html
TMS LITE,(F-DLA2-00-070-DIFFUSER),table_2,B (mm),-,-,mm,https://www.tms-lite.com/dlc-dlf-dls-45-60-dla-dlp-dlg-series.html
TMS LITE,(F-DLA2-00-070-DIFFUSER),table_2,C (mm),-,-,mm,https://www.tms-lite.com/dlc-dlf-dls-45-60-dla-dlp-dlg-series.html
TMS LITE,(F-DLA2-00-070-DIFFUSER),table_2,D° (mm),ARC-INNER,ARC-INNER,mm,https://www.tms-lite.com/dlc-dlf-dls-45-60-dla-dlp-dlg-series.html
TMS LITE,(F-DLA2-00-100-DIFFUSER),table_2,A (mm),Able swap diffuser (5 in 1),Able swap diffuser (5 in 1),mm,https://www.tms-lite.com/dlc-dlf-dls-45-60-dla-dlp-dlg-series.html
TMS LITE,(F-DLA2-00-100-DIFFUSER),table_2,B (mm),-,-,mm,https://www.tms-lite.com/dlc-dlf-dls-45-60-dla-dlp-dlg-series.html
TMS LITE,(F-DLA2-00-100-DIFFUSER),table_2,C (mm),-,-,mm,https://www.tms-lite.com/dlc-dlf-dls-45-60-dla-dlp-dlg-series.html
TMS LITE,(F-DLA2-00-100-DIFFUSER),table_2,D° (mm),ARC-INNER,ARC-INNER,mm,https://www.tms-lite.com/dlc-dlf-dls-45-60-dla-dlp-dlg-series.html
TMS LITE,(F-DLC3-00-070-DIFFUSER),table_2,A (mm),Able swap diffuser (5 in 1),Able swap diffuser (5 in 1),mm,https://www.tms-lite.com/dlc-dlf-dls-45-60-dla-dlp-dlg-series.html
TMS LITE,(F-DLC3-00-070-DIFFUSER),table_2,B (mm),-,-,mm,https://www.tms-lite.com/dlc-dlf-dls-45-60-dla-dlp-dlg-series.html
TMS LITE,(F-DLC3-00-070-DIFFUSER),table_2,C (mm),-,-,mm,https://www.tms-lite.com/dlc-dlf-dls-45-60-dla-dlp-dlg-series.html
TMS LITE,(F-DLC3-00-070-DIFFUSER),table_2,D° (mm),ARC-OUTER,ARC-OUTER,mm,https://www.tms-lite.com/dlc-dlf-dls-45-60-dla-dlp-dlg-series.html
TMS LITE,(F-DLC3-00-070-DIFFUSER),table_3,Datasheet,DLC3 - RGBW,DLC3 - RGBW,,https://www.tms-lite.com/dlc-dlf-dls-45-60-dla-dlp-dlg-series.html
TMS LITE,(F-DLC3-00-070-DIFFUSER),table_3,Drawing (2D),PDF,PDF,,https://www.tms-lite.com/dlc-dlf-dls-45-60-dla-dlp-dlg-series.html
TMS LITE,(F-DLC3-00-070-DIFFUSER),table_3,STEP(3D),3D View,3D View,,https://www.tms-lite.com/dlc-dlf-dls-45-60-dla-dlp-dlg-series.html
TMS LITE,(F-DLC3-00-100-DIFFUSER),table_2,A (mm),Able swap diffuser (5 in 1),Able swap diffuser (5 in 1),mm,https://www.tms-lite.com/dlc-dlf-dls-45-60-dla-dlp-dlg-series.html
TMS LITE,(F-DLC3-00-100-DIFFUSER),table_2,B (mm),-,-,mm,https://www.tms-lite.com/dlc-dlf-dls-45-60-dla-dlp-dlg-series.html
TMS LITE,(F-DLC3-00-100-DIFFUSER),table_2,C (mm),-,-,mm,https://www.tms-lite.com/dlc-dlf-dls-45-60-dla-dlp-dlg-series.html
TMS LITE,(F-DLC3-00-100-DIFFUSER),table_2,D° (mm),ARC-OUTER,ARC-OUTER,mm,https://www.tms-lite.com/dlc-dlf-dls-45-60-dla-dlp-dlg-series.html
TMS LITE,(F-DLC3-00-100-DIFFUSER),table_3,Datasheet,DLC3 - RGBW,DLC3 - RGBW,,https://www.tms-lite.com/dlc-dlf-dls-45-60-dla-dlp-dlg-series.html
TMS LITE,(F-DLC3-00-100-DIFFUSER),table_3,Drawing (2D),PDF,PDF,,https://www.tms-lite.com/dlc-dlf-dls-45-60-dla-dlp-dlg-series.html
TMS LITE,(F-DLC3-00-100-DIFFUSER),table_3,STEP(3D),3D View,3D View,,https://www.tms-lite.com/dlc-dlf-dls-45-60-dla-dlp-dlg-series.html
TMS LITE,(F-DLC3-00-120-DIFFUSER),table_2,A (mm),Able swap diffuser (5 in 1),Able swap diffuser (5 in 1),mm,https://www.tms-lite.com/dlc-dlf-dls-45-60-dla-dlp-dlg-series.html
TMS LITE,(F-DLC3-00-120-DIFFUSER),table_2,B (mm),-,-,mm,https://www.tms-lite.com/dlc-dlf-dls-45-60-dla-dlp-dlg-series.html
TMS LITE,(F-DLC3-00-120-DIFFUSER),table_2,C (mm),-,-,mm,https://www.tms-lite.com/dlc-dlf-dls-45-60-dla-dlp-dlg-series.html
TMS LITE,(F-DLC3-00-120-DIFFUSER),table_2,D° (mm),ARC-OUTER,ARC-OUTER,mm,https://www.tms-lite.com/dlc-dlf-dls-45-60-dla-dlp-dlg-series.html
TMS LITE,(F-DLC3-00-120-DIFFUSER),table_3,Datasheet,DLC3 - RGBW,DLC3 - RGBW,,https://www.tms-lite.com/dlc-dlf-dls-45-60-dla-dlp-dlg-series.html
TMS LITE,(F-DLC3-00-120-DIFFUSER),table_3,Drawing (2D),PDF,PDF,,https://www.tms-lite.com/dlc-dlf-dls-45-60-dla-dlp-dlg-series.html
TMS LITE,(F-DLC3-00-120-DIFFUSER),table_3,STEP(3D),3D View,3D View,,https://www.tms-lite.com/dlc-dlf-dls-45-60-dla-dlp-dlg-series.html
TMS LITE,(F-DLF5-90-070-DIFFUSER),table_2,A (mm),Able swap diffuser (5 in 1),Able swap diffuser (5 in 1),mm,https://www.tms-lite.com/dlc-dlf-dls-45-60-dla-dlp-dlg-series.html
TMS LITE,(F-DLF5-90-070-DIFFUSER),table_2,B (mm),-,-,mm,https://www.tms-lite.com/dlc-dlf-dls-45-60-dla-dlp-dlg-series.html
TMS LITE,(F-DLF5-90-070-DIFFUSER),table_2,C (mm),-,-,mm,https://www.tms-lite.com/dlc-dlf-dls-45-60-dla-dlp-dlg-series.html
TMS LITE,(F-DLF5-90-070-DIFFUSER),table_2,D° (mm),90,90,mm,https://www.tms-lite.com/dlc-dlf-dls-45-60-dla-dlp-dlg-series.html
TMS LITE,(F-DLF5-90-070-DIFFUSER),table_3,Datasheet,DLF5 - RGBW,DLF5 - RGBW,,https://www.tms-lite.com/dlc-dlf-dls-45-60-dla-dlp-dlg-series.html
TMS LITE,(F-DLF5-90-070-DIFFUSER),table_3,Drawing (2D),PDF,PDF,,https://www.tms-lite.com/dlc-dlf-dls-45-60-dla-dlp-dlg-series.html
TMS LITE,(F-DLF5-90-070-DIFFUSER),table_3,STEP(3D),3D View,3D View,,https://www.tms-lite.com/dlc-dlf-dls-45-60-dla-dlp-dlg-series.html
TMS LITE,(F-DLF5-90-100-DIFFUSER),table_2,A (mm),Able swap diffuser (5 in 1),Able swap diffuser (5 in 1),mm,https://www.tms-lite.com/dlc-dlf-dls-45-60-dla-dlp-dlg-series.html
TMS LITE,(F-DLF5-90-100-DIFFUSER),table_2,B (mm),-,-,mm,https://www.tms-lite.com/dlc-dlf-dls-45-60-dla-dlp-dlg-series.html
TMS LITE,(F-DLF5-90-100-DIFFUSER),table_2,C (mm),-,-,mm,https://www.tms-lite.com/dlc-dlf-dls-45-60-dla-dlp-dlg-series.html
TMS LITE,(F-DLF5-90-100-DIFFUSER),table_2,D° (mm),90,90,mm,https://www.tms-lite.com/dlc-dlf-dls-45-60-dla-dlp-dlg-series.html
TMS LITE,(F-DLF5-90-100-DIFFUSER),table_3,Datasheet,DLF5 - RGBW,DLF5 - RGBW,,https://www.tms-lite.com/dlc-dlf-dls-45-60-dla-dlp-dlg-series.html
TMS LITE,(F-DLF5-90-100-DIFFUSER),table_3,Drawing (2D),PDF,PDF,,https://www.tms-lite.com/dlc-dlf-dls-45-60-dla-dlp-dlg-series.html
TMS LITE,(F-DLF5-90-100-DIFFUSER),table_3,STEP(3D),3D View,3D View,,https://www.tms-lite.com/dlc-dlf-dls-45-60-dla-dlp-dlg-series.html
TMS LITE,(F-DLF5-90-120-DIFFUSER),table_2,A (mm),Able swap diffuser (5 in 1),Able swap diffuser (5 in 1),mm,https://www.tms-lite.com/dlc-dlf-dls-45-60-dla-dlp-dlg-series.html
TMS LITE,(F-DLF5-90-120-DIFFUSER),table_2,B (mm),-,-,mm,https://www.tms-lite.com/dlc-dlf-dls-45-60-dla-dlp-dlg-series.html
TMS LITE,(F-DLF5-90-120-DIFFUSER),table_2,C (mm),-,-,mm,https://www.tms-lite.com/dlc-dlf-dls-45-60-dla-dlp-dlg-series.html
TMS LITE,(F-DLF5-90-120-DIFFUSER),table_2,D° (mm),90,90,mm,https://www.tms-lite.com/dlc-dlf-dls-45-60-dla-dlp-dlg-series.html
TMS LITE,(F-DLF5-90-120-DIFFUSER),table_3,Datasheet,DLF5 - RGBW,DLF5 - RGBW,,https://www.tms-lite.com/dlc-dlf-dls-45-60-dla-dlp-dlg-series.html
TMS LITE,(F-DLF5-90-120-DIFFUSER),table_3,Drawing (2D),PDF,PDF,,https://www.tms-lite.com/dlc-dlf-dls-45-60-dla-dlp-dlg-series.html
TMS LITE,(F-DLF5-90-120-DIFFUSER),table_3,STEP(3D),3D View,3D View,,https://www.tms-lite.com/dlc-dlf-dls-45-60-dla-dlp-dlg-series.html
TMS LITE,(F-DLS4-45-070-DIFFUSER),table_2,A (mm),Able swap diffuser (5 in 1),Able swap diffuser (5 in 1),mm,https://www.tms-lite.com/dlc-dlf-dls-45-60-dla-dlp-dlg-series.html
TMS LITE,(F-DLS4-45-070-DIFFUSER),table_2,B (mm),-,-,mm,https://www.tms-lite.com/dlc-dlf-dls-45-60-dla-dlp-dlg-series.html
TMS LITE,(F-DLS4-45-070-DIFFUSER),table_2,C (mm),-,-,mm,https://www.tms-lite.com/dlc-dlf-dls-45-60-dla-dlp-dlg-series.html
TMS LITE,(F-DLS4-45-070-DIFFUSER),table_2,D° (mm),45,45,mm,https://www.tms-lite.com/dlc-dlf-dls-45-60-dla-dlp-dlg-series.html
TMS LITE,(F-DLS4-45-070-DIFFUSER),table_3,Datasheet,DLS4-45 - RGBW,DLS4-45 - RGBW,,https://www.tms-lite.com/dlc-dlf-dls-45-60-dla-dlp-dlg-series.html
TMS LITE,(F-DLS4-45-070-DIFFUSER),table_3,Drawing (2D),PDF,PDF,,https://www.tms-lite.com/dlc-dlf-dls-45-60-dla-dlp-dlg-series.html
TMS LITE,(F-DLS4-45-070-DIFFUSER),table_3,STEP(3D),3D View,3D View,,https://www.tms-lite.com/dlc-dlf-dls-45-60-dla-dlp-dlg-series.html
TMS LITE,(F-DLS4-45-100-DIFFUSER),table_2,A (mm),Able swap diffuser (5 in 1),Able swap diffuser (5 in 1),mm,https://www.tms-lite.com/dlc-dlf-dls-45-60-dla-dlp-dlg-series.html
TMS LITE,(F-DLS4-45-100-DIFFUSER),table_2,B (mm),-,-,mm,https://www.tms-lite.com/dlc-dlf-dls-45-60-dla-dlp-dlg-series.html
TMS LITE,(F-DLS4-45-100-DIFFUSER),table_2,C (mm),-,-,mm,https://www.tms-lite.com/dlc-dlf-dls-45-60-dla-dlp-dlg-series.html
TMS LITE,(F-DLS4-45-100-DIFFUSER),table_2,D° (mm),45,45,mm,https://www.tms-lite.com/dlc-dlf-dls-45-60-dla-dlp-dlg-series.html
TMS LITE,(F-DLS4-45-100-DIFFUSER),table_3,Datasheet,DLS4-45 - RGBW,DLS4-45 - RGBW,,https://www.tms-lite.com/dlc-dlf-dls-45-60-dla-dlp-dlg-series.html
TMS LITE,(F-DLS4-45-100-DIFFUSER),table_3,Drawing (2D),PDF,PDF,,https://www.tms-lite.com/dlc-dlf-dls-45-60-dla-dlp-dlg-series.html
TMS LITE,(F-DLS4-45-100-DIFFUSER),table_3,STEP(3D),3D View,3D View,,https://www.tms-lite.com/dlc-dlf-dls-45-60-dla-dlp-dlg-series.html
TMS LITE,(F-DLS4-45-120-DIFFUSER),table_2,A (mm),Able swap diffuser (5 in 1),Able swap diffuser (5 in 1),mm,https://www.tms-lite.com/dlc-dlf-dls-45-60-dla-dlp-dlg-series.html
TMS LITE,(F-DLS4-45-120-DIFFUSER),table_2,B (mm),-,-,mm,https://www.tms-lite.com/dlc-dlf-dls-45-60-dla-dlp-dlg-series.html
TMS LITE,(F-DLS4-45-120-DIFFUSER),table_2,C (mm),-,-,mm,https://www.tms-lite.com/dlc-dlf-dls-45-60-dla-dlp-dlg-series.html
TMS LITE,(F-DLS4-45-120-DIFFUSER),table_2,D° (mm),45,45,mm,https://www.tms-lite.com/dlc-dlf-dls-45-60-dla-dlp-dlg-series.html
TMS LITE,(F-DLS4-45-120-DIFFUSER),table_3,Datasheet,DLS4-45 - RGBW,DLS4-45 - RGBW,,https://www.tms-lite.com/dlc-dlf-dls-45-60-dla-dlp-dlg-series.html
TMS LITE,(F-DLS4-45-120-DIFFUSER),table_3,Drawing (2D),PDF,PDF,,https://www.tms-lite.com/dlc-dlf-dls-45-60-dla-dlp-dlg-series.html
TMS LITE,(F-DLS4-45-120-DIFFUSER),table_3,STEP(3D),3D View,3D View,,https://www.tms-lite.com/dlc-dlf-dls-45-60-dla-dlp-dlg-series.html
TMS LITE,(F-DLS4-60-070-DIFFUSER),table_2,A (mm),Able swap diffuser (5 in 1),Able swap diffuser (5 in 1),mm,https://www.tms-lite.com/dlc-dlf-dls-45-60-dla-dlp-dlg-series.html
TMS LITE,(F-DLS4-60-070-DIFFUSER),table_2,B (mm),-,-,mm,https://www.tms-lite.com/dlc-dlf-dls-45-60-dla-dlp-dlg-series.html
TMS LITE,(F-DLS4-60-070-DIFFUSER),table_2,C (mm),-,-,mm,https://www.tms-lite.com/dlc-dlf-dls-45-60-dla-dlp-dlg-series.html
TMS LITE,(F-DLS4-60-070-DIFFUSER),table_2,D° (mm),60,60,mm,https://www.tms-lite.com/dlc-dlf-dls-45-60-dla-dlp-dlg-series.html
TMS LITE,(F-DLS4-60-070-DIFFUSER),table_3,Datasheet,DLS4-60 - RGBW,DLS4-60 - RGBW,,https://www.tms-lite.com/dlc-dlf-dls-45-60-dla-dlp-dlg-series.html
TMS LITE,(F-DLS4-60-070-DIFFUSER),table_3,Drawing (2D),PDF,PDF,,https://www.tms-lite.com/dlc-dlf-dls-45-60-dla-dlp-dlg-series.html
TMS LITE,(F-DLS4-60-070-DIFFUSER),table_3,STEP(3D),3D View,3D View,,https://www.tms-lite.com/dlc-dlf-dls-45-60-dla-dlp-dlg-series.html
TMS LITE,(F-DLS4-60-100-DIFFUSER),table_2,A (mm),Able swap diffuser (5 in 1),Able swap diffuser (5 in 1),mm,https://www.tms-lite.com/dlc-dlf-dls-45-60-dla-dlp-dlg-series.html
TMS LITE,(F-DLS4-60-100-DIFFUSER),table_2,B (mm),-,-,mm,https://www.tms-lite.com/dlc-dlf-dls-45-60-dla-dlp-dlg-series.html
TMS LITE,(F-DLS4-60-100-DIFFUSER),table_2,C (mm),-,-,mm,https://www.tms-lite.com/dlc-dlf-dls-45-60-dla-dlp-dlg-series.html
TMS LITE,(F-DLS4-60-100-DIFFUSER),table_2,D° (mm),60,60,mm,https://www.tms-lite.com/dlc-dlf-dls-45-60-dla-dlp-dlg-series.html
TMS LITE,(F-DLS4-60-100-DIFFUSER),table_3,Datasheet,DLS4-60 - RGBW,DLS4-60 - RGBW,,https://www.tms-lite.com/dlc-dlf-dls-45-60-dla-dlp-dlg-series.html
TMS LITE,(F-DLS4-60-100-DIFFUSER),table_3,Drawing (2D),PDF,PDF,,https://www.tms-lite.com/dlc-dlf-dls-45-60-dla-dlp-dlg-series.html
TMS LITE,(F-DLS4-60-100-DIFFUSER),table_3,STEP(3D),3D View,3D View,,https://www.tms-lite.com/dlc-dlf-dls-45-60-dla-dlp-dlg-series.html
TMS LITE,(F-DLS4-60-120-DIFFUSER),table_2,A (mm),Able swap diffuser (5 in 1),Able swap diffuser (5 in 1),mm,https://www.tms-lite.com/dlc-dlf-dls-45-60-dla-dlp-dlg-series.html
TMS LITE,(F-DLS4-60-120-DIFFUSER),table_2,B (mm),-,-,mm,https://www.tms-lite.com/dlc-dlf-dls-45-60-dla-dlp-dlg-series.html
TMS LITE,(F-DLS4-60-120-DIFFUSER),table_2,C (mm),-,-,mm,https://www.tms-lite.com/dlc-dlf-dls-45-60-dla-dlp-dlg-series.html
TMS LITE,(F-DLS4-60-120-DIFFUSER),table_2,D° (mm),60,60,mm,https://www.tms-lite.com/dlc-dlf-dls-45-60-dla-dlp-dlg-series.html
TMS LITE,(F-DLS4-60-120-DIFFUSER),table_3,Datasheet,DLS4-60 - RGBW,DLS4-60 - RGBW,,https://www.tms-lite.com/dlc-dlf-dls-45-60-dla-dlp-dlg-series.html
TMS LITE,(F-DLS4-60-120-DIFFUSER),table_3,Drawing (2D),PDF,PDF,,https://www.tms-lite.com/dlc-dlf-dls-45-60-dla-dlp-dlg-series.html
TMS LITE,(F-DLS4-60-120-DIFFUSER),table_3,STEP(3D),3D View,3D View,,https://www.tms-lite.com/dlc-dlf-dls-45-60-dla-dlp-dlg-series.html
TMS LITE,21-4CH-A1-RS-LL,page,Product Page Title,LC-21-4CH-A1-RS-LL,LC-21-4CH-A1-RS-LL,,https://www.tms-lite.com/lc-21-4ch-a1-rs-ll-1479307220
TMS LITE,21-8CH-HS,page,Product Page Title,LC-21-8CH-HS,LC-21-8CH-HS,,https://www.tms-lite.com/lc-21-8ch-hs
TMS LITE,21-8CH-HS-TCP,page,Product Page Title,LC-21-8CH-HS-TCP,LC-21-8CH-HS-TCP,,https://www.tms-lite.com/lc-21-8ch-hs-tcp
TMS LITE,2CH-HS,page,Product Page Title,DRV-2CH-HS,DRV-2CH-HS,,https://www.tms-lite.com/drv-2ch-hs
TMS LITE,2CH-HS-HBL,page,Product Page Title,DRV-2CH-HS-HBL,DRV-2CH-HS-HBL,,https://www.tms-lite.com/drv-2ch-hs-hbl
TMS LITE,3SWIR-HLBS2-F-HPD3-V1,page,Product Page Title,DK-3SWIR-HLBS2-F-HPD3-V1,DK-3SWIR-HLBS2-F-HPD3-V1,,https://www.tms-lite.com/dk-3swir-hlbs2-f-hpd3-v1
TMS LITE,40A,page,Product Page Title,PTP-40-320x80-4.2V-40A,PTP-40-320x80-4.2V-40A,,https://www.tms-lite.com/ptp-40-320x80-4.2v-40a-2069708409
TMS LITE,4NIR-HLBS2-F-HPD3-V1,page,Product Page Title,DK-4NIR-HLBS2-F-HPD3-V1,DK-4NIR-HLBS2-F-HPD3-V1,,https://www.tms-lite.com/dk-4nir-hlbs2-f-hpd3-v1
TMS LITE,4UV-HLBS2-F-HPD3-V1,page,Product Page Title,DK-4UV-HLBS2-F-HPD3-V1,DK-4UV-HLBS2-F-HPD3-V1,,https://www.tms-lite.com/dk-4uv-hlbs2-f-hpd3-v1
TMS LITE,BHC2-00-025-X-X,table_1,Datasheet,3D View,3D View,,https://www.tms-lite.com/bhc2-serie.html
TMS LITE,BHC2-00-025-X-X,table_1,Drawing (2D),PDF,PDF,,https://www.tms-lite.com/bhc2-serie.html
TMS LITE,BHC2-00-025-X-X,table_1,STEP (3D),DXF,DXF,,https://www.tms-lite.com/bhc2-serie.html
TMS LITE,BHC2-00-025-X-X,table_1,extra_4,Red,Red,,https://www.tms-lite.com/bhc2-serie.html
TMS LITE,BHC2-00-025-X-X,table_1,extra_5,Green,Green,,https://www.tms-lite.com/bhc2-serie.html
TMS LITE,BHC2-00-025-X-X,table_1,extra_6,Blue,Blue,,https://www.tms-lite.com/bhc2-serie.html
TMS LITE,BHC2-00-025-X-X,table_1,extra_7,White,White,,https://www.tms-lite.com/bhc2-serie.html
TMS LITE,BHC2-00-025-X-X,table_2,Current,60mA 24mA 18mA,60mA 24mA 18mA,mA,https://www.tms-lite.com/bhc2-serie.html
TMS LITE,BHC2-00-025-X-X,table_2,Voltage (V) / Watt (W),24V / 1.44W 24V / 0.576W 24V / 0.432W,24V / 1.44W 24V / 0.576W 24V / 0.432W,V,https://www.tms-lite.com/bhc2-serie.html
TMS LITE,BHC2-00-025-X-X,table_2,Weight (g),48,48,g,https://www.tms-lite.com/bhc2-serie.html
TMS LITE,BHC2-00-025-X-X,table_3,A (mm),59,59,mm,https://www.tms-lite.com/bhc2-serie.html
TMS LITE,BHC2-00-025-X-X,table_3,B (mm),49,49,mm,https://www.tms-lite.com/bhc2-serie.html
TMS LITE,BHC2-00-025-X-X,table_3,C (mm),25,25,mm,https://www.tms-lite.com/bhc2-serie.html
TMS LITE,BHC2-00-025-X-X,table_3,D (mm),17,17,mm,https://www.tms-lite.com/bhc2-serie.html
TMS LITE,BHC2-00-025-X-X,table_3,E (mm),25,25,mm,https://www.tms-lite.com/bhc2-serie.html
TMS LITE,BHC2-00-025-X-X,table_3,F (mm),30,30,mm,https://www.tms-lite.com/bhc2-serie.html
TMS LITE,BHC2-00-050-X-X,table_1,Datasheet,3D View,3D View,,https://www.tms-lite.com/bhc2-serie.html
TMS LITE,BHC2-00-050-X-X,table_1,Drawing (2D),PDF,PDF,,https://www.tms-lite.com/bhc2-serie.html
TMS LITE,BHC2-00-050-X-X,table_1,STEP (3D),DXF,DXF,,https://www.tms-lite.com/bhc2-serie.html
TMS LITE,BHC2-00-050-X-X,table_1,extra_4,Red,Red,,https://www.tms-lite.com/bhc2-serie.html
TMS LITE,BHC2-00-050-X-X,table_1,extra_5,Green,Green,,https://www.tms-lite.com/bhc2-serie.html
TMS LITE,BHC2-00-050-X-X,table_1,extra_6,Blue,Blue,,https://www.tms-lite.com/bhc2-serie.html
TMS LITE,BHC2-00-050-X-X,table_1,extra_7,White,White,,https://www.tms-lite.com/bhc2-serie.html
TMS LITE,BHC2-00-050-X-X,table_2,Current,96mA 72mA,96mA 72mA,mA,https://www.tms-lite.com/bhc2-serie.html
TMS LITE,BHC2-00-050-X-X,table_2,Voltage (V) / Watt (W),24V / 2.304W 24V / 1.728W,24V / 2.304W 24V / 1.728W,V,https://www.tms-lite.com/bhc2-serie.html
TMS LITE,BHC2-00-050-X-X,table_2,Weight (g),96,96,g,https://www.tms-lite.com/bhc2-serie.html
TMS LITE,BHC2-00-050-X-X,table_3,A (mm),84,84,mm,https://www.tms-lite.com/bhc2-serie.html
TMS LITE,BHC2-00-050-X-X,table_3,B (mm),74,74,mm,https://www.tms-lite.com/bhc2-serie.html
TMS LITE,BHC2-00-050-X-X,table_3,C (mm),50,50,mm,https://www.tms-lite.com/bhc2-serie.html
TMS LITE,BHC2-00-050-X-X,table_3,D (mm),30,30,mm,https://www.tms-lite.com/bhc2-serie.html
TMS LITE,BHC2-00-050-X-X,table_3,E (mm),50,50,mm,https://www.tms-lite.com/bhc2-serie.html
TMS LITE,BHC2-00-050-X-X,table_3,F (mm),55,55,mm,https://www.tms-lite.com/bhc2-serie.html
TMS LITE,BHC2-00-075-X-X,table_1,Datasheet,3D View,3D View,,https://www.tms-lite.com/bhc2-serie.html
TMS LITE,BHC2-00-075-X-X,table_1,Drawing (2D),PDF,PDF,,https://www.tms-lite.com/bhc2-serie.html
TMS LITE,BHC2-00-075-X-X,table_1,STEP (3D),DXF,DXF,,https://www.tms-lite.com/bhc2-serie.html
TMS LITE,BHC2-00-075-X-X,table_1,extra_4,Red,Red,,https://www.tms-lite.com/bhc2-serie.html
TMS LITE,BHC2-00-075-X-X,table_1,extra_5,Green,Green,,https://www.tms-lite.com/bhc2-serie.html
TMS LITE,BHC2-00-075-X-X,table_1,extra_6,Blue,Blue,,https://www.tms-lite.com/bhc2-serie.html
TMS LITE,BHC2-00-075-X-X,table_1,extra_7,White,White,,https://www.tms-lite.com/bhc2-serie.html
TMS LITE,BHC2-00-075-X-X,table_2,Current,216mA 162mA,216mA 162mA,mA,https://www.tms-lite.com/bhc2-serie.html
TMS LITE,BHC2-00-075-X-X,table_2,Voltage (V) / Watt (W),24V / 5.184W 24V / 3.888W,24V / 5.184W 24V / 3.888W,V,https://www.tms-lite.com/bhc2-serie.html
TMS LITE,BHC2-00-075-X-X,table_2,Weight (g),121,121,g,https://www.tms-lite.com/bhc2-serie.html
TMS LITE,BHC2-00-075-X-X,table_3,A (mm),109,109,mm,https://www.tms-lite.com/bhc2-serie.html
TMS LITE,BHC2-00-075-X-X,table_3,B (mm),99,99,mm,https://www.tms-lite.com/bhc2-serie.html
TMS LITE,BHC2-00-075-X-X,table_3,C (mm),75,75,mm,https://www.tms-lite.com/bhc2-serie.html
TMS LITE,BHC2-00-075-X-X,table_3,D (mm),38.5,38.5,mm,https://www.tms-lite.com/bhc2-serie.html
TMS LITE,BHC2-00-075-X-X,table_3,E (mm),75,75,mm,https://www.tms-lite.com/bhc2-serie.html
TMS LITE,BHC2-00-075-X-X,table_3,F (mm),80,80,mm,https://www.tms-lite.com/bhc2-serie.html
TMS LITE,BHC2-00-100-X-X,table_1,Datasheet,3D View,3D View,,https://www.tms-lite.com/bhc2-serie.html
TMS LITE,BHC2-00-100-X-X,table_1,Drawing (2D),PDF,PDF,,https://www.tms-lite.com/bhc2-serie.html
TMS LITE,BHC2-00-100-X-X,table_1,STEP (3D),DXF,DXF,,https://www.tms-lite.com/bhc2-serie.html
TMS LITE,BHC2-00-100-X-X,table_1,extra_4,Red,Red,,https://www.tms-lite.com/bhc2-serie.html
TMS LITE,BHC2-00-100-X-X,table_1,extra_5,Green,Green,,https://www.tms-lite.com/bhc2-serie.html
TMS LITE,BHC2-00-100-X-X,table_1,extra_6,Blue,Blue,,https://www.tms-lite.com/bhc2-serie.html
TMS LITE,BHC2-00-100-X-X,table_1,extra_7,White,White,,https://www.tms-lite.com/bhc2-serie.html
TMS LITE,BHC2-00-100-X-X,table_2,Current,384mA 288mA,384mA 288mA,mA,https://www.tms-lite.com/bhc2-serie.html
TMS LITE,BHC2-00-100-X-X,table_2,Voltage (V) / Watt (W),24V / 9.216W 24V / 6.912W,24V / 9.216W 24V / 6.912W,V,https://www.tms-lite.com/bhc2-serie.html
TMS LITE,BHC2-00-100-X-X,table_2,Weight (g),264,264,g,https://www.tms-lite.com/bhc2-serie.html
TMS LITE,BHC2-00-100-X-X,table_3,A (mm),134,134,mm,https://www.tms-lite.com/bhc2-serie.html
TMS LITE,BHC2-00-100-X-X,table_3,B (mm),124,124,mm,https://www.tms-lite.com/bhc2-serie.html
TMS LITE,BHC2-00-100-X-X,table_3,C (mm),100,100,mm,https://www.tms-lite.com/bhc2-serie.html
TMS LITE,BHC2-00-100-X-X,table_3,D (mm),60,60,mm,https://www.tms-lite.com/bhc2-serie.html
TMS LITE,BHC2-00-100-X-X,table_3,E (mm),100,100,mm,https://www.tms-lite.com/bhc2-serie.html
TMS LITE,BHC2-00-100-X-X,table_3,F (mm),105,105,mm,https://www.tms-lite.com/bhc2-serie.html
TMS LITE,BHD-00-070-1-X,table_1,Datasheet,3D View,3D View,,https://www.tms-lite.com/bhd-serie.html
TMS LITE,BHD-00-070-1-X,table_1,Drawing (2D),PDF,PDF,,https://www.tms-lite.com/bhd-serie.html
TMS LITE,BHD-00-070-1-X,table_1,STEP (3D),DXF,DXF,,https://www.tms-lite.com/bhd-serie.html
TMS LITE,BHD-00-070-1-X,table_1,extra_4,Red,Red,,https://www.tms-lite.com/bhd-serie.html
TMS LITE,BHD-00-070-1-X,table_1,extra_5,Green,Green,,https://www.tms-lite.com/bhd-serie.html
TMS LITE,BHD-00-070-1-X,table_1,extra_6,Blue,Blue,,https://www.tms-lite.com/bhd-serie.html
TMS LITE,BHD-00-070-1-X,table_1,extra_7,White,White,,https://www.tms-lite.com/bhd-serie.html
TMS LITE,BHD-00-070-1-X,table_2,Current,120mA 120mA,120mA 120mA,mA,https://www.tms-lite.com/bhd-serie.html
TMS LITE,BHD-00-070-1-X,table_2,Voltage (V) / Watt (W),24V / 2.88W 24V / 2.88W,24V / 2.88W 24V / 2.88W,V,https://www.tms-lite.com/bhd-serie.html
TMS LITE,BHD-00-070-1-X,table_2,Weight (g),27,27,g,https://www.tms-lite.com/bhd-serie.html
TMS LITE,BHD-00-070-1-X,table_3,A (mm),98.5,98.5,mm,https://www.tms-lite.com/bhd-serie.html
TMS LITE,BHD-00-070-1-X,table_3,B (mm),91.5,91.5,mm,https://www.tms-lite.com/bhd-serie.html
TMS LITE,BHD-00-070-1-X,table_3,C (mm),68.5,68.5,mm,https://www.tms-lite.com/bhd-serie.html
TMS LITE,BHD-00-070-1-X,table_3,D (mm),70,70,mm,https://www.tms-lite.com/bhd-serie.html
TMS LITE,BHD-00-070-1-X,table_3,E (mm),5.3,5.3,mm,https://www.tms-lite.com/bhd-serie.html
TMS LITE,BHD-00-100-1-X,table_1,Datasheet,3D View,3D View,,https://www.tms-lite.com/bhd-serie.html
TMS LITE,BHD-00-100-1-X,table_1,Drawing (2D),PDF,PDF,,https://www.tms-lite.com/bhd-serie.html
TMS LITE,BHD-00-100-1-X,table_1,STEP (3D),DXF,DXF,,https://www.tms-lite.com/bhd-serie.html
TMS LITE,BHD-00-100-1-X,table_1,extra_4,Red,Red,,https://www.tms-lite.com/bhd-serie.html
TMS LITE,BHD-00-100-1-X,table_1,extra_5,Green,Green,,https://www.tms-lite.com/bhd-serie.html
TMS LITE,BHD-00-100-1-X,table_1,extra_6,Blue,Blue,,https://www.tms-lite.com/bhd-serie.html
TMS LITE,BHD-00-100-1-X,table_1,extra_7,White,White,,https://www.tms-lite.com/bhd-serie.html
TMS LITE,BHD-00-100-1-X,table_2,Current,180mA 160mA,180mA 160mA,mA,https://www.tms-lite.com/bhd-serie.html
TMS LITE,BHD-00-100-1-X,table_2,Voltage (V) / Watt (W),24V / 4.32W 24V / 3.84W,24V / 4.32W 24V / 3.84W,V,https://www.tms-lite.com/bhd-serie.html
TMS LITE,BHD-00-100-1-X,table_2,Weight (g),38,38,g,https://www.tms-lite.com/bhd-serie.html
TMS LITE,BHD-00-100-1-X,table_3,A (mm),128.5,128.5,mm,https://www.tms-lite.com/bhd-serie.html
TMS LITE,BHD-00-100-1-X,table_3,B (mm),121.5,121.5,mm,https://www.tms-lite.com/bhd-serie.html
TMS LITE,BHD-00-100-1-X,table_3,C (mm),100.0,100.0,mm,https://www.tms-lite.com/bhd-serie.html
TMS LITE,BHD-00-100-1-X,table_3,D (mm),100.0,100.0,mm,https://www.tms-lite.com/bhd-serie.html
TMS LITE,BHD-00-100-1-X,table_3,E (mm),5.3,5.3,mm,https://www.tms-lite.com/bhd-serie.html
TMS LITE,BHD-00-100X80-1-X,table_1,Datasheet,3D View,3D View,,https://www.tms-lite.com/bhd-serie.html
TMS LITE,BHD-00-100X80-1-X,table_1,Drawing (2D),PDF,PDF,,https://www.tms-lite.com/bhd-serie.html
TMS LITE,BHD-00-100X80-1-X,table_1,STEP (3D),DXF,DXF,,https://www.tms-lite.com/bhd-serie.html
TMS LITE,BHD-00-100X80-1-X,table_1,extra_4,Red,Red,,https://www.tms-lite.com/bhd-serie.html
TMS LITE,BHD-00-100X80-1-X,table_1,extra_5,Green,Green,,https://www.tms-lite.com/bhd-serie.html
TMS LITE,BHD-00-100X80-1-X,table_1,extra_6,Blue,Blue,,https://www.tms-lite.com/bhd-serie.html
TMS LITE,BHD-00-100X80-1-X,table_1,extra_7,White,White,,https://www.tms-lite.com/bhd-serie.html
TMS LITE,BHD-00-100X80-1-X,table_2,Current,280mA 280mA,280mA 280mA,mA,https://www.tms-lite.com/bhd-serie.html
TMS LITE,BHD-00-100X80-1-X,table_2,Voltage (V) / Watt (W),24V / 6.72W 24V / 6.72W,24V / 6.72W 24V / 6.72W,V,https://www.tms-lite.com/bhd-serie.html
TMS LITE,BHD-00-100X80-1-X,table_2,Weight (g),80,80,g,https://www.tms-lite.com/bhd-serie.html
TMS LITE,BHD-00-100X80-1-X,table_3,A (mm),113,113,mm,https://www.tms-lite.com/bhd-serie.html
TMS LITE,BHD-00-100X80-1-X,table_3,B (mm),105,105,mm,https://www.tms-lite.com/bhd-serie.html
TMS LITE,BHD-00-100X80-1-X,table_3,C (mm),80,80,mm,https://www.tms-lite.com/bhd-serie.html
TMS LITE,BHD-00-100X80-1-X,table_3,D (mm),100,100,mm,https://www.tms-lite.com/bhd-serie.html
TMS LITE,BHD-00-100X80-1-X,table_3,E (mm),9,9,mm,https://www.tms-lite.com/bhd-serie.html
TMS LITE,BHDQ-00-200-1-X,table_1,Datasheet,3D View,3D View,,https://www.tms-lite.com/bhdq-serie.html
TMS LITE,BHDQ-00-200-1-X,table_1,Drawing (2D),PDF,PDF,,https://www.tms-lite.com/bhdq-serie.html
TMS LITE,BHDQ-00-200-1-X,table_1,STEP (3D),DXF,DXF,,https://www.tms-lite.com/bhdq-serie.html
TMS LITE,BHDQ-00-200-1-X,table_1,extra_4,Red,Red,,https://www.tms-lite.com/bhdq-serie.html
TMS LITE,BHDQ-00-200-1-X,table_1,extra_5,Green,Green,,https://www.tms-lite.com/bhdq-serie.html
TMS LITE,BHDQ-00-200-1-X,table_1,extra_6,Blue,Blue,,https://www.tms-lite.com/bhdq-serie.html
TMS LITE,BHDQ-00-200-1-X,table_1,extra_7,White,White,,https://www.tms-lite.com/bhdq-serie.html
TMS LITE,BHDQ-00-200-1-X,table_2,Current,600mA 600mA,600mA 600mA,mA,https://www.tms-lite.com/bhdq-serie.html
TMS LITE,BHDQ-00-200-1-X,table_2,Voltage (V) / Watt (W),24V / 14.4W 24V / 14.4W,24V / 14.4W 24V / 14.4W,V,https://www.tms-lite.com/bhdq-serie.html
TMS LITE,BHDQ-00-200-1-X,table_2,Weight (g),409,409,g,https://www.tms-lite.com/bhdq-serie.html
TMS LITE,BHDQ-00-200-1-X,table_3,A (mm),228.5,228.5,mm,https://www.tms-lite.com/bhdq-serie.html
TMS LITE,BHDQ-00-200-1-X,table_3,B (mm),228.5,228.5,mm,https://www.tms-lite.com/bhdq-serie.html
TMS LITE,BHDQ-00-200-1-X,table_3,C (mm),200,200,mm,https://www.tms-lite.com/bhdq-serie.html
TMS LITE,BHDQ-00-200-1-X,table_3,D (mm),200,200,mm,https://www.tms-lite.com/bhdq-serie.html
TMS LITE,BHDQ-00-200-1-X,table_3,E (mm),160,160,mm,https://www.tms-lite.com/bhdq-serie.html
TMS LITE,BHDQ-00-200-1-X,table_3,F (mm),160,160,mm,https://www.tms-lite.com/bhdq-serie.html
TMS LITE,BHDQ-00-200-1-X,table_3,G (mm),113.6,113.6,g,https://www.tms-lite.com/bhdq-serie.html
TMS LITE,BHDQ-00-200-1-X,table_3,H (mm),113.6,113.6,mm,https://www.tms-lite.com/bhdq-serie.html
TMS LITE,BHDQ-00-200-1-X,table_3,I (mm),110,110,mm,https://www.tms-lite.com/bhdq-serie.html
TMS LITE,BHDQ-00-200-1-X,table_3,J (mm),110,110,mm,https://www.tms-lite.com/bhdq-serie.html
TMS LITE,BHDS-00-070-1-X,table_1,Datasheet,3D View,3D View,,https://www.tms-lite.com/bids-serie.html
TMS LITE,BHDS-00-070-1-X,table_1,Drawing (2D),PDF,PDF,,https://www.tms-lite.com/bids-serie.html
TMS LITE,BHDS-00-070-1-X,table_1,STEP (3D),DXF,DXF,,https://www.tms-lite.com/bids-serie.html
TMS LITE,BHDS-00-070-1-X,table_1,extra_4,Red,Red,,https://www.tms-lite.com/bids-serie.html
TMS LITE,BHDS-00-070-1-X,table_1,extra_5,Green,Green,,https://www.tms-lite.com/bids-serie.html
TMS LITE,BHDS-00-070-1-X,table_1,extra_6,Blue,Blue,,https://www.tms-lite.com/bids-serie.html
TMS LITE,BHDS-00-070-1-X,table_1,extra_7,White,White,,https://www.tms-lite.com/bids-serie.html
TMS LITE,BHDS-00-070-1-X,table_2,Current,90mA 90mA,90mA 90mA,mA,https://www.tms-lite.com/bids-serie.html
TMS LITE,BHDS-00-070-1-X,table_2,Voltage (V) / Watt (W),24V / 2.16W 24V / 2.16W,24V / 2.16W 24V / 2.16W,V,https://www.tms-lite.com/bids-serie.html
TMS LITE,BHDS-00-070-1-X,table_2,Weight (g),80,80,g,https://www.tms-lite.com/bids-serie.html
TMS LITE,BHDS-00-070-1-X,table_3,A (mm),98.5,98.5,mm,https://www.tms-lite.com/bids-serie.html
TMS LITE,BHDS-00-070-1-X,table_3,B (mm),84.5,84.5,mm,https://www.tms-lite.com/bids-serie.html
TMS LITE,BHDS-00-070-1-X,table_3,C (mm),68.5,68.5,mm,https://www.tms-lite.com/bids-serie.html
TMS LITE,BHDS-00-070-1-X,table_3,D (mm),70,70,mm,https://www.tms-lite.com/bids-serie.html
TMS LITE,BHDS-00-070-1-X,table_3,E (mm),81.0,81.0,mm,https://www.tms-lite.com/bids-serie.html
TMS LITE,BHDS-00-070-1-X,table_3,F (mm),60.0,60.0,mm,https://www.tms-lite.com/bids-serie.html
TMS LITE,BHDS-00-070-1-X,table_3,G (mm),5.3,5.3,g,https://www.tms-lite.com/bids-serie.html
TMS LITE,BHDS-00-25X36-1-X,table_1,Datasheet,3D View,3D View,,https://www.tms-lite.com/bids-serie.html
TMS LITE,BHDS-00-25X36-1-X,table_1,Drawing (2D),PDF,PDF,,https://www.tms-lite.com/bids-serie.html
TMS LITE,BHDS-00-25X36-1-X,table_1,STEP (3D),DXF,DXF,,https://www.tms-lite.com/bids-serie.html
TMS LITE,BHDS-00-25X36-1-X,table_1,extra_4,Red,Red,,https://www.tms-lite.com/bids-serie.html
TMS LITE,BHDS-00-25X36-1-X,table_1,extra_5,Green,Green,,https://www.tms-lite.com/bids-serie.html
TMS LITE,BHDS-00-25X36-1-X,table_1,extra_6,Blue,Blue,,https://www.tms-lite.com/bids-serie.html
TMS LITE,BHDS-00-25X36-1-X,table_1,extra_7,White,White,,https://www.tms-lite.com/bids-serie.html
TMS LITE,BHDS-00-25X36-1-X,table_2,Current,15mA 20mA,15mA 20mA,mA,https://www.tms-lite.com/bids-serie.html
TMS LITE,BHDS-00-25X36-1-X,table_2,Voltage (V) / Watt (W),24V / 0.36W 24V / 0.48W,24V / 0.36W 24V / 0.48W,V,https://www.tms-lite.com/bids-serie.html
TMS LITE,BHDS-00-25X36-1-X,table_2,Weight (g),27,27,g,https://www.tms-lite.com/bids-serie.html
TMS LITE,BHDS-00-25X36-1-X,table_3,A (mm),38.5,38.5,mm,https://www.tms-lite.com/bids-serie.html
TMS LITE,BHDS-00-25X36-1-X,table_3,B (mm),43.5,43.5,mm,https://www.tms-lite.com/bids-serie.html
TMS LITE,BHDS-00-25X36-1-X,table_3,C (mm),35,35,mm,https://www.tms-lite.com/bids-serie.html
TMS LITE,BHDS-00-25X36-1-X,table_3,D (mm),25,25,mm,https://www.tms-lite.com/bids-serie.html
TMS LITE,BHDS-00-25X36-1-X,table_3,E (mm),40.0,40.0,mm,https://www.tms-lite.com/bids-serie.html
TMS LITE,BHDS-00-25X36-1-X,table_3,F (mm),18.5,18.5,mm,https://www.tms-lite.com/bids-serie.html
TMS LITE,BHDS-00-25X36-1-X,table_3,G (mm),5.3,5.3,g,https://www.tms-lite.com/bids-serie.html
TMS LITE,BHDS-00-30X150-1-X,table_1,Datasheet,3D View,3D View,,https://www.tms-lite.com/bids-serie.html
TMS LITE,BHDS-00-30X150-1-X,table_1,Drawing (2D),PDF,PDF,,https://www.tms-lite.com/bids-serie.html
TMS LITE,BHDS-00-30X150-1-X,table_1,STEP (3D),DXF,DXF,,https://www.tms-lite.com/bids-serie.html
TMS LITE,BHDS-00-30X150-1-X,table_1,extra_4,Red,Red,,https://www.tms-lite.com/bids-serie.html
TMS LITE,BHDS-00-30X150-1-X,table_1,extra_5,Green,Green,,https://www.tms-lite.com/bids-serie.html
TMS LITE,BHDS-00-30X150-1-X,table_1,extra_6,Blue,Blue,,https://www.tms-lite.com/bids-serie.html
TMS LITE,BHDS-00-30X150-1-X,table_1,extra_7,White,White,,https://www.tms-lite.com/bids-serie.html
TMS LITE,BHDS-00-30X150-1-X,table_2,Current,100mA 100mA,100mA 100mA,mA,https://www.tms-lite.com/bids-serie.html
TMS LITE,BHDS-00-30X150-1-X,table_2,Voltage (V) / Watt (W),24V / 2.4W 24V / 2.4W,24V / 2.4W 24V / 2.4W,V,https://www.tms-lite.com/bids-serie.html
TMS LITE,BHDS-00-30X150-1-X,table_2,Weight (g),105,105,g,https://www.tms-lite.com/bids-serie.html
TMS LITE,BHDS-00-30X150-1-X,table_3,A (mm),154.2,154.2,mm,https://www.tms-lite.com/bids-serie.html
TMS LITE,BHDS-00-30X150-1-X,table_3,B (mm),49.3,49.3,mm,https://www.tms-lite.com/bids-serie.html
TMS LITE,BHDS-00-30X150-1-X,table_3,C (mm),150.2,150.2,mm,https://www.tms-lite.com/bids-serie.html
TMS LITE,BHDS-00-30X150-1-X,table_3,D (mm),30,30,mm,https://www.tms-lite.com/bids-serie.html
TMS LITE,BHDS-00-30X150-1-X,table_3,E (mm),45.8,45.8,mm,https://www.tms-lite.com/bids-serie.html
TMS LITE,BHDS-00-30X150-1-X,table_3,F (mm),40,40,mm,https://www.tms-lite.com/bids-serie.html
TMS LITE,BHDS-00-30X150-1-X,table_3,G (mm),8,8,g,https://www.tms-lite.com/bids-serie.html
TMS LITE,BHDS-00-31X58-1-X,table_1,Datasheet,3D View,3D View,,https://www.tms-lite.com/bids-serie.html
TMS LITE,BHDS-00-31X58-1-X,table_1,Drawing (2D),PDF,PDF,,https://www.tms-lite.com/bids-serie.html
TMS LITE,BHDS-00-31X58-1-X,table_1,STEP (3D),DXF,DXF,,https://www.tms-lite.com/bids-serie.html
TMS LITE,BHDS-00-31X58-1-X,table_1,extra_4,Red,Red,,https://www.tms-lite.com/bids-serie.html
TMS LITE,BHDS-00-31X58-1-X,table_1,extra_5,Green,Green,,https://www.tms-lite.com/bids-serie.html
TMS LITE,BHDS-00-31X58-1-X,table_1,extra_6,Blue,Blue,,https://www.tms-lite.com/bids-serie.html
TMS LITE,BHDS-00-31X58-1-X,table_1,extra_7,White,White,,https://www.tms-lite.com/bids-serie.html
TMS LITE,BHDS-00-31X58-1-X,table_2,Current,30mA 30mA,30mA 30mA,mA,https://www.tms-lite.com/bids-serie.html
TMS LITE,BHDS-00-31X58-1-X,table_2,Voltage (V) / Watt (W),24V / 0.72W 24V / 0.72W,24V / 0.72W 24V / 0.72W,V,https://www.tms-lite.com/bids-serie.html
TMS LITE,BHDS-00-31X58-1-X,table_2,Weight (g),38,38,g,https://www.tms-lite.com/bids-serie.html
TMS LITE,BHDS-00-31X58-1-X,table_3,A (mm),60.2,60.2,mm,https://www.tms-lite.com/bids-serie.html
TMS LITE,BHDS-00-31X58-1-X,table_3,B (mm),43.5,43.5,mm,https://www.tms-lite.com/bids-serie.html
TMS LITE,BHDS-00-31X58-1-X,table_3,C (mm),56.3,56.3,mm,https://www.tms-lite.com/bids-serie.html
TMS LITE,BHDS-00-31X58-1-X,table_3,D (mm),31,31,mm,https://www.tms-lite.com/bids-serie.html
TMS LITE,BHDS-00-31X58-1-X,table_3,E (mm),40.0,40.0,mm,https://www.tms-lite.com/bids-serie.html
TMS LITE,BHDS-00-31X58-1-X,table_3,F (mm),40.0,40.0,mm,https://www.tms-lite.com/bids-serie.html
TMS LITE,BHDS-00-31X58-1-X,table_3,G (mm),5.4,5.4,g,https://www.tms-lite.com/bids-serie.html
TMS LITE,BHH-00-035-X-X,table_1,Datasheet,3D View,3D View,,https://www.tms-lite.com/bhh-serie.html
TMS LITE,BHH-00-035-X-X,table_1,Drawing (2D),PDF,PDF,,https://www.tms-lite.com/bhh-serie.html
TMS LITE,BHH-00-035-X-X,table_1,STEP (3D),DXF,DXF,,https://www.tms-lite.com/bhh-serie.html
TMS LITE,BHH-00-035-X-X,table_1,extra_4,Red,Red,,https://www.tms-lite.com/bhh-serie.html
TMS LITE,BHH-00-035-X-X,table_1,extra_5,Green,Green,,https://www.tms-lite.com/bhh-serie.html
TMS LITE,BHH-00-035-X-X,table_1,extra_6,Blue,Blue,,https://www.tms-lite.com/bhh-serie.html
TMS LITE,BHH-00-035-X-X,table_1,extra_7,White,White,,https://www.tms-lite.com/bhh-serie.html
TMS LITE,BHH-00-035-X-X,table_2,Current,150mA 150mA,150mA 150mA,mA,https://www.tms-lite.com/bhh-serie.html
TMS LITE,BHH-00-035-X-X,table_2,Voltage (V) / Watt (W),24V / 3.60W 24V / 3.60W,24V / 3.60W 24V / 3.60W,V,https://www.tms-lite.com/bhh-serie.html
TMS LITE,BHH-00-035-X-X,table_2,Weight (g),135,135,g,https://www.tms-lite.com/bhh-serie.html
TMS LITE,BHH-00-035-X-X,table_3,A (mm),49.0,49.0,mm,https://www.tms-lite.com/bhh-serie.html
TMS LITE,BHH-00-035-X-X,table_3,B (mm),35.0,35.0,mm,https://www.tms-lite.com/bhh-serie.html
TMS LITE,BHH-00-035-X-X,table_3,C (mm),49.0,49.0,mm,https://www.tms-lite.com/bhh-serie.html
TMS LITE,BHH-00-035-X-X,table_3,D (mm),35.0,35.0,mm,https://www.tms-lite.com/bhh-serie.html
TMS LITE,BHH-00-035-X-X,table_3,E (mm),30.0,30.0,mm,https://www.tms-lite.com/bhh-serie.html
TMS LITE,BHH-00-035-X-X,table_3,F (mm),42.0,42.0,mm,https://www.tms-lite.com/bhh-serie.html
TMS LITE,BHH-00-035-X-X,table_3,G (mm),40,40,g,https://www.tms-lite.com/bhh-serie.html
TMS LITE,BHH-00-070-X-X,table_1,Datasheet,3D View,3D View,,https://www.tms-lite.com/bhh-serie.html
TMS LITE,BHH-00-070-X-X,table_1,Drawing (2D),PDF,PDF,,https://www.tms-lite.com/bhh-serie.html
TMS LITE,BHH-00-070-X-X,table_1,STEP (3D),DXF,DXF,,https://www.tms-lite.com/bhh-serie.html
TMS LITE,BHH-00-070-X-X,table_1,extra_4,Red,Red,,https://www.tms-lite.com/bhh-serie.html
TMS LITE,BHH-00-070-X-X,table_1,extra_5,Green,Green,,https://www.tms-lite.com/bhh-serie.html
TMS LITE,BHH-00-070-X-X,table_1,extra_6,Blue,Blue,,https://www.tms-lite.com/bhh-serie.html
TMS LITE,BHH-00-070-X-X,table_1,extra_7,White,White,,https://www.tms-lite.com/bhh-serie.html
TMS LITE,BHH-00-070-X-X,table_2,Current,600mA 600mA,600mA 600mA,mA,https://www.tms-lite.com/bhh-serie.html
TMS LITE,BHH-00-070-X-X,table_2,Voltage (V) / Watt (W),24V / 14.40W 24V / 14.40W,24V / 14.40W 24V / 14.40W,V,https://www.tms-lite.com/bhh-serie.html
TMS LITE,BHH-00-070-X-X,table_2,Weight (g),380,380,g,https://www.tms-lite.com/bhh-serie.html
TMS LITE,BHH-00-070-X-X,table_3,A (mm),84.0,84.0,mm,https://www.tms-lite.com/bhh-serie.html
TMS LITE,BHH-00-070-X-X,table_3,B (mm),70.0,70.0,mm,https://www.tms-lite.com/bhh-serie.html
TMS LITE,BHH-00-070-X-X,table_3,C (mm),84.0,84.0,mm,https://www.tms-lite.com/bhh-serie.html
TMS LITE,BHH-00-070-X-X,table_3,D (mm),70.0,70.0,mm,https://www.tms-lite.com/bhh-serie.html
TMS LITE,BHH-00-070-X-X,table_3,E (mm),65.0,65.0,mm,https://www.tms-lite.com/bhh-serie.html
TMS LITE,BHH-00-070-X-X,table_3,F (mm),77.0,77.0,mm,https://www.tms-lite.com/bhh-serie.html
TMS LITE,BHH-00-070-X-X,table_3,G (mm),40,40,g,https://www.tms-lite.com/bhh-serie.html
TMS LITE,BHH2-00-035-X-X,table_1,Current,300mA 300mA,300mA 300mA,mA,https://www.tms-lite.com/bhh2-series.html
TMS LITE,BHH2-00-035-X-X,table_1,Voltage (V) / Watt (W),24V / 7.2W 24V / 7.2W,24V / 7.2W 24V / 7.2W,V,https://www.tms-lite.com/bhh2-series.html
TMS LITE,BHH2-00-035-X-X,table_1,Weight (g),135,135,g,https://www.tms-lite.com/bhh2-series.html
TMS LITE,BHH2-00-035-X-X,table_2,A (mm),49.0,49.0,mm,https://www.tms-lite.com/bhh2-series.html
TMS LITE,BHH2-00-035-X-X,table_2,B (mm),35.0,35.0,mm,https://www.tms-lite.com/bhh2-series.html
TMS LITE,BHH2-00-035-X-X,table_2,C (mm),49.0,49.0,mm,https://www.tms-lite.com/bhh2-series.html
TMS LITE,BHH2-00-035-X-X,table_2,D (mm),35.0,35.0,mm,https://www.tms-lite.com/bhh2-series.html
TMS LITE,BHH2-00-035-X-X,table_2,E (mm),30.0,30.0,mm,https://www.tms-lite.com/bhh2-series.html
TMS LITE,BHH2-00-035-X-X,table_2,F (mm),42.0,42.0,mm,https://www.tms-lite.com/bhh2-series.html
TMS LITE,BHH2-00-035-X-X,table_2,G (mm),40,40,g,https://www.tms-lite.com/bhh2-series.html
TMS LITE,BHH2-00-035-X-X,table_3,Datasheet,Red,Red,,https://www.tms-lite.com/bhh2-series.html
TMS LITE,BHH2-00-035-X-X,table_3,Drawing (2D),PDF,PDF,,https://www.tms-lite.com/bhh2-series.html
TMS LITE,BHH2-00-035-X-X,table_3,STEP (3D),3D View,3D View,,https://www.tms-lite.com/bhh2-series.html
TMS LITE,BHH2-00-035-X-X,table_3,extra_4,Green,Green,,https://www.tms-lite.com/bhh2-series.html
TMS LITE,BHH2-00-035-X-X,table_3,extra_5,Blue,Blue,,https://www.tms-lite.com/bhh2-series.html
TMS LITE,BHH2-00-035-X-X,table_3,extra_6,White,White,,https://www.tms-lite.com/bhh2-series.html
TMS LITE,BHH2-00-070-X-X,table_1,Current,1200mA 1200mA,1200mA 1200mA,mA,https://www.tms-lite.com/bhh2-series.html
TMS LITE,BHH2-00-070-X-X,table_1,Voltage (V) / Watt (W),24V / 28.8W 24V / 28.8W,24V / 28.8W 24V / 28.8W,V,https://www.tms-lite.com/bhh2-series.html
TMS LITE,BHH2-00-070-X-X,table_1,Weight (g),380,380,g,https://www.tms-lite.com/bhh2-series.html
TMS LITE,BHH2-00-070-X-X,table_2,A (mm),84.0,84.0,mm,https://www.tms-lite.com/bhh2-series.html
TMS LITE,BHH2-00-070-X-X,table_2,B (mm),70.0,70.0,mm,https://www.tms-lite.com/bhh2-series.html
TMS LITE,BHH2-00-070-X-X,table_2,C (mm),84.0,84.0,mm,https://www.tms-lite.com/bhh2-series.html
TMS LITE,BHH2-00-070-X-X,table_2,D (mm),70.0,70.0,mm,https://www.tms-lite.com/bhh2-series.html
TMS LITE,BHH2-00-070-X-X,table_2,E (mm),65.0,65.0,mm,https://www.tms-lite.com/bhh2-series.html
TMS LITE,BHH2-00-070-X-X,table_2,F (mm),77.0,77.0,mm,https://www.tms-lite.com/bhh2-series.html
TMS LITE,BHH2-00-070-X-X,table_2,G (mm),40,40,g,https://www.tms-lite.com/bhh2-series.html
TMS LITE,BHH2-00-070-X-X,table_3,Datasheet,Red,Red,,https://www.tms-lite.com/bhh2-series.html
TMS LITE,BHH2-00-070-X-X,table_3,Drawing (2D),PDF,PDF,,https://www.tms-lite.com/bhh2-series.html
TMS LITE,BHH2-00-070-X-X,table_3,STEP (3D),3D View,3D View,,https://www.tms-lite.com/bhh2-series.html
TMS LITE,BHH2-00-070-X-X,table_3,extra_4,Green,Green,,https://www.tms-lite.com/bhh2-series.html
TMS LITE,BHH2-00-070-X-X,table_3,extra_5,Blue,Blue,,https://www.tms-lite.com/bhh2-series.html
TMS LITE,BHH2-00-070-X-X,table_3,extra_6,White,White,,https://www.tms-lite.com/bhh2-series.html
TMS LITE,BHLC2-00-200X200-X-W-24V,table_1,Colour,(White only),(White only),,https://www.tms-lite.com/bhlc2-series.html
TMS LITE,BHLC2-00-200X200-X-W-24V,table_1,Current,1480mA,1480mA,mA,https://www.tms-lite.com/bhlc2-series.html
TMS LITE,BHLC2-00-200X200-X-W-24V,table_1,Voltage (V) / Watt (W),24V / 35.52W,24V / 35.52W,V,https://www.tms-lite.com/bhlc2-series.html
TMS LITE,BHLC2-00-200X200-X-W-24V,table_1,Weight (g),465,465,g,https://www.tms-lite.com/bhlc2-series.html
TMS LITE,BHLC2-00-200X200-X-W-24V,table_2,Datasheet,Red,Red,,https://www.tms-lite.com/bhlc2-series.html
TMS LITE,BHLC2-00-200X200-X-W-24V,table_2,Drawing (2D),PDF,PDF,,https://www.tms-lite.com/bhlc2-series.html
TMS LITE,BHLC2-00-200X200-X-W-24V,table_2,STEP (3D),3D View,3D View,,https://www.tms-lite.com/bhlc2-series.html
TMS LITE,BHLC2-00-200X200-X-W-24V,table_2,extra_4,Green,Green,,https://www.tms-lite.com/bhlc2-series.html
TMS LITE,BHLC2-00-200X200-X-W-24V,table_2,extra_5,Blue,Blue,,https://www.tms-lite.com/bhlc2-series.html
TMS LITE,BHLC2-00-200X200-X-W-24V,table_2,extra_6,White,White,,https://www.tms-lite.com/bhlc2-series.html
TMS LITE,BHLC2-00-240X240-X-W-24V,table_1,Colour,(White only),(White only),,https://www.tms-lite.com/bhlc2-series.html
TMS LITE,BHLC2-00-240X240-X-W-24V,table_1,Current,2230mA,2230mA,mA,https://www.tms-lite.com/bhlc2-series.html
TMS LITE,BHLC2-00-240X240-X-W-24V,table_1,Voltage (V) / Watt (W),24V / 52.8W,24V / 52.8W,V,https://www.tms-lite.com/bhlc2-series.html
TMS LITE,BHLC2-00-240X240-X-W-24V,table_1,Weight (g),465,465,g,https://www.tms-lite.com/bhlc2-series.html
TMS LITE,BHLC2-00-240X240-X-W-24V,table_2,Datasheet,Red,Red,,https://www.tms-lite.com/bhlc2-series.html
TMS LITE,BHLC2-00-240X240-X-W-24V,table_2,Drawing (2D),PDF,PDF,,https://www.tms-lite.com/bhlc2-series.html
TMS LITE,BHLC2-00-240X240-X-W-24V,table_2,STEP (3D),3D View,3D View,,https://www.tms-lite.com/bhlc2-series.html
TMS LITE,BHLC2-00-240X240-X-W-24V,table_2,extra_4,Green,Green,,https://www.tms-lite.com/bhlc2-series.html
TMS LITE,BHLC2-00-240X240-X-W-24V,table_2,extra_5,Blue,Blue,,https://www.tms-lite.com/bhlc2-series.html
TMS LITE,BHLC2-00-240X240-X-W-24V,table_2,extra_6,White,White,,https://www.tms-lite.com/bhlc2-series.html
TMS LITE,BHLQ-00-240X240-X-X,table_1,Datasheet,3D View,3D View,,https://www.tms-lite.com/bhlq-serie.html
TMS LITE,BHLQ-00-240X240-X-X,table_1,Drawing (2D),PDF,PDF,,https://www.tms-lite.com/bhlq-serie.html
TMS LITE,BHLQ-00-240X240-X-X,table_1,STEP (3D),DXF,DXF,,https://www.tms-lite.com/bhlq-serie.html
TMS LITE,BHLQ-00-240X240-X-X,table_1,extra_4,Red,Red,,https://www.tms-lite.com/bhlq-serie.html
TMS LITE,BHLQ-00-240X240-X-X,table_1,extra_5,Green,Green,,https://www.tms-lite.com/bhlq-serie.html
TMS LITE,BHLQ-00-240X240-X-X,table_1,extra_6,Blue,Blue,,https://www.tms-lite.com/bhlq-serie.html
TMS LITE,BHLQ-00-240X240-X-X,table_1,extra_7,White,White,,https://www.tms-lite.com/bhlq-serie.html
TMS LITE,BHLQ-00-240X240-X-X,table_2,Current,1200mA 1605mA,1200mA 1605mA,mA,https://www.tms-lite.com/bhlq-serie.html
TMS LITE,BHLQ-00-240X240-X-X,table_2,Voltage (V) / Watt (W),24V / 28.80W 24V / 38.52W,24V / 28.80W 24V / 38.52W,V,https://www.tms-lite.com/bhlq-serie.html
TMS LITE,BHLQ-00-240X240-X-X,table_2,Weight (g),1500,1500,g,https://www.tms-lite.com/bhlq-serie.html
TMS LITE,BHLQ-00-240X240-X-X,table_3,A (mm),276.0,276.0,mm,https://www.tms-lite.com/bhlq-serie.html
TMS LITE,BHLQ-00-240X240-X-X,table_3,B (mm),268.0,268.0,mm,https://www.tms-lite.com/bhlq-serie.html
TMS LITE,BHLQ-00-240X240-X-X,table_3,C (mm),240.0,240.0,mm,https://www.tms-lite.com/bhlq-serie.html
TMS LITE,BHLQ-00-240X240-X-X,table_3,D (mm),258.0,258.0,mm,https://www.tms-lite.com/bhlq-serie.html
TMS LITE,BHLQ-00-240X240-X-X,table_3,E (mm),240.0,240.0,mm,https://www.tms-lite.com/bhlq-serie.html
TMS LITE,BHLQ-00-240X240-X-X,table_3,F (mm),140.0,140.0,mm,https://www.tms-lite.com/bhlq-serie.html
TMS LITE,BHLQ-00-240X240-X-X,table_3,G (mm),59.0,59.0,g,https://www.tms-lite.com/bhlq-serie.html
TMS LITE,BHLQ-00-400X400-X-X,table_1,Datasheet,3D View,3D View,,https://www.tms-lite.com/bhlq-serie.html
TMS LITE,BHLQ-00-400X400-X-X,table_1,Drawing (2D),PDF,PDF,,https://www.tms-lite.com/bhlq-serie.html
TMS LITE,BHLQ-00-400X400-X-X,table_1,STEP (3D),DXF,DXF,,https://www.tms-lite.com/bhlq-serie.html
TMS LITE,BHLQ-00-400X400-X-X,table_1,extra_4,Red,Red,,https://www.tms-lite.com/bhlq-serie.html
TMS LITE,BHLQ-00-400X400-X-X,table_1,extra_5,Green,Green,,https://www.tms-lite.com/bhlq-serie.html
TMS LITE,BHLQ-00-400X400-X-X,table_1,extra_6,Blue,Blue,,https://www.tms-lite.com/bhlq-serie.html
TMS LITE,BHLQ-00-400X400-X-X,table_1,extra_7,White,White,,https://www.tms-lite.com/bhlq-serie.html
TMS LITE,BHLQ-00-400X400-X-X,table_2,Current,3360mA 4485mA,3360mA 4485mA,mA,https://www.tms-lite.com/bhlq-serie.html
TMS LITE,BHLQ-00-400X400-X-X,table_2,Voltage (V) / Watt (W),24V / 80.64W 24V / 107.64W,24V / 80.64W 24V / 107.64W,V,https://www.tms-lite.com/bhlq-serie.html
TMS LITE,BHLQ-00-400X400-X-X,table_2,Weight (g),2650,2650,g,https://www.tms-lite.com/bhlq-serie.html
TMS LITE,BHLQ-00-400X400-X-X,table_3,A (mm),436.0,436.0,mm,https://www.tms-lite.com/bhlq-serie.html
TMS LITE,BHLQ-00-400X400-X-X,table_3,B (mm),428.0,428.0,mm,https://www.tms-lite.com/bhlq-serie.html
TMS LITE,BHLQ-00-400X400-X-X,table_3,C (mm),400.0,400.0,mm,https://www.tms-lite.com/bhlq-serie.html
TMS LITE,BHLQ-00-400X400-X-X,table_3,D (mm),418.0,418.0,mm,https://www.tms-lite.com/bhlq-serie.html
TMS LITE,BHLQ-00-400X400-X-X,table_3,E (mm),400.0,400.0,mm,https://www.tms-lite.com/bhlq-serie.html
TMS LITE,BHLQ-00-400X400-X-X,table_3,F (mm),360.0,360.0,mm,https://www.tms-lite.com/bhlq-serie.html
TMS LITE,BHLQ-00-400X400-X-X,table_3,G (mm),29.0,29.0,g,https://www.tms-lite.com/bhlq-serie.html
TMS LITE,BHLX3-00-160X160-X-IR850,table_3,Datasheet,3D-view,3D-view,,https://www.tms-lite.com/ir-illumination-bhlx3.html
TMS LITE,BHLX3-00-160X160-X-IR850,table_3,Drawing (2D),PDF,PDF,,https://www.tms-lite.com/ir-illumination-bhlx3.html
TMS LITE,BHLX3-00-160X160-X-IR850,table_3,STEP (3D),DXF,DXF,,https://www.tms-lite.com/ir-illumination-bhlx3.html
TMS LITE,BHLX3-00-160X160-X-IR850,table_3,extra_4,IR850,IR850,,https://www.tms-lite.com/ir-illumination-bhlx3.html
TMS LITE,BHLX3-00-160X160-X-X,table_1,Current,520mA,520mA,mA,https://www.tms-lite.com/ir-illumination-bhlx3.html
TMS LITE,BHLX3-00-160X160-X-X,table_1,Datasheet,3D View,3D View,,https://www.tms-lite.com/bhlx3-serie.html
TMS LITE,BHLX3-00-160X160-X-X,table_1,Drawing (2D),R/G/B/W: PDF,R/G/B/W: PDF,W,https://www.tms-lite.com/bhlx3-serie.html
TMS LITE,BHLX3-00-160X160-X-X,table_1,IR,IR850,IR850,,https://www.tms-lite.com/ir-illumination-bhlx3.html
TMS LITE,BHLX3-00-160X160-X-X,table_1,STEP (3D),R/G/B/W: DXF,R/G/B/W: DXF,W,https://www.tms-lite.com/bhlx3-serie.html
TMS LITE,BHLX3-00-160X160-X-X,table_1,Voltage (V) / Watt (W),24V / 12.48W,24V / 12.48W,V,https://www.tms-lite.com/ir-illumination-bhlx3.html
TMS LITE,BHLX3-00-160X160-X-X,table_1,Weight (g),665,665,g,https://www.tms-lite.com/ir-illumination-bhlx3.html
TMS LITE,BHLX3-00-160X160-X-X,table_1,extra_4,Red,Red,,https://www.tms-lite.com/bhlx3-serie.html
TMS LITE,BHLX3-00-160X160-X-X,table_1,extra_5,Green,Green,,https://www.tms-lite.com/bhlx3-serie.html
TMS LITE,BHLX3-00-160X160-X-X,table_1,extra_6,Blue,Blue,,https://www.tms-lite.com/bhlx3-serie.html
TMS LITE,BHLX3-00-160X160-X-X,table_1,extra_7,White,White,,https://www.tms-lite.com/bhlx3-serie.html
TMS LITE,BHLX3-00-160X160-X-X,table_2,A (mm),196,196,mm,https://www.tms-lite.com/ir-illumination-bhlx3.html
TMS LITE,BHLX3-00-160X160-X-X,table_2,B (mm),188,188,mm,https://www.tms-lite.com/ir-illumination-bhlx3.html
TMS LITE,BHLX3-00-160X160-X-X,table_2,C (mm),160,160,mm,https://www.tms-lite.com/ir-illumination-bhlx3.html
TMS LITE,BHLX3-00-160X160-X-X,table_2,Colour,IR850,IR850,,https://www.tms-lite.com/bhlx3-serie.html
TMS LITE,BHLX3-00-160X160-X-X,table_2,Current,540mA 720mA 520mA,540mA 720mA 520mA,mA,https://www.tms-lite.com/bhlx3-serie.html
TMS LITE,BHLX3-00-160X160-X-X,table_2,D (mm),178,178,mm,https://www.tms-lite.com/ir-illumination-bhlx3.html
TMS LITE,BHLX3-00-160X160-X-X,table_2,E (mm),160,160,mm,https://www.tms-lite.com/ir-illumination-bhlx3.html
TMS LITE,BHLX3-00-160X160-X-X,table_2,F (mm),140,140,mm,https://www.tms-lite.com/ir-illumination-bhlx3.html
TMS LITE,BHLX3-00-160X160-X-X,table_2,G (mm),19,19,g,https://www.tms-lite.com/ir-illumination-bhlx3.html
TMS LITE,BHLX3-00-160X160-X-X,table_2,Voltage (V) / Watt (W),24V / 12.96W 24V / 17.28W 24V / 12.48W,24V / 12.96W 24V / 17.28W 24V / 12.48W,V,https://www.tms-lite.com/bhlx3-serie.html
TMS LITE,BHLX3-00-160X160-X-X,table_2,Weight (g),665,665,g,https://www.tms-lite.com/bhlx3-serie.html
TMS LITE,BHLX3-00-160X160-X-X,table_3,A (mm),196,196,mm,https://www.tms-lite.com/bhlx3-serie.html
TMS LITE,BHLX3-00-160X160-X-X,table_3,B (mm),188,188,mm,https://www.tms-lite.com/bhlx3-serie.html
TMS LITE,BHLX3-00-160X160-X-X,table_3,C (mm),160,160,mm,https://www.tms-lite.com/bhlx3-serie.html
TMS LITE,BHLX3-00-160X160-X-X,table_3,D (mm),178,178,mm,https://www.tms-lite.com/bhlx3-serie.html
TMS LITE,BHLX3-00-160X160-X-X,table_3,E (mm),160,160,mm,https://www.tms-lite.com/bhlx3-serie.html
TMS LITE,BHLX3-00-160X160-X-X,table_3,F (mm),140,140,mm,https://www.tms-lite.com/bhlx3-serie.html
TMS LITE,BHLX3-00-160X160-X-X,table_3,G (mm),19,19,g,https://www.tms-lite.com/bhlx3-serie.html
TMS LITE,BHLX3-00-160X240-X-IR850,table_3,Datasheet,3D-view,3D-view,,https://www.tms-lite.com/ir-illumination-bhlx3.html
TMS LITE,BHLX3-00-160X240-X-IR850,table_3,Drawing (2D),PDF,PDF,,https://www.tms-lite.com/ir-illumination-bhlx3.html
TMS LITE,BHLX3-00-160X240-X-IR850,table_3,STEP (3D),DXF,DXF,,https://www.tms-lite.com/ir-illumination-bhlx3.html
TMS LITE,BHLX3-00-160X240-X-IR850,table_3,extra_4,IR850,IR850,,https://www.tms-lite.com/ir-illumination-bhlx3.html
TMS LITE,BHLX3-00-160X240-X-X,table_1,Current,780mA,780mA,mA,https://www.tms-lite.com/ir-illumination-bhlx3.html
TMS LITE,BHLX3-00-160X240-X-X,table_1,Datasheet,3D View,3D View,,https://www.tms-lite.com/bhlx3-serie.html
TMS LITE,BHLX3-00-160X240-X-X,table_1,Drawing (2D),R/G/B/W: PDF,R/G/B/W: PDF,W,https://www.tms-lite.com/bhlx3-serie.html
TMS LITE,BHLX3-00-160X240-X-X,table_1,IR,IR850,IR850,,https://www.tms-lite.com/ir-illumination-bhlx3.html
TMS LITE,BHLX3-00-160X240-X-X,table_1,STEP (3D),R/G/B/W: DXF,R/G/B/W: DXF,W,https://www.tms-lite.com/bhlx3-serie.html
TMS LITE,BHLX3-00-160X240-X-X,table_1,Voltage (V) / Watt (W),24V / 18.72W,24V / 18.72W,V,https://www.tms-lite.com/ir-illumination-bhlx3.html
TMS LITE,BHLX3-00-160X240-X-X,table_1,Weight (g),860,860,g,https://www.tms-lite.com/ir-illumination-bhlx3.html
TMS LITE,BHLX3-00-160X240-X-X,table_1,extra_4,Red,Red,,https://www.tms-lite.com/bhlx3-serie.html
TMS LITE,BHLX3-00-160X240-X-X,table_1,extra_5,Green,Green,,https://www.tms-lite.com/bhlx3-serie.html
TMS LITE,BHLX3-00-160X240-X-X,table_1,extra_6,Blue,Blue,,https://www.tms-lite.com/bhlx3-serie.html
TMS LITE,BHLX3-00-160X240-X-X,table_1,extra_7,White,White,,https://www.tms-lite.com/bhlx3-serie.html
TMS LITE,BHLX3-00-160X240-X-X,table_2,A (mm),276,276,mm,https://www.tms-lite.com/ir-illumination-bhlx3.html
TMS LITE,BHLX3-00-160X240-X-X,table_2,B (mm),268,268,mm,https://www.tms-lite.com/ir-illumination-bhlx3.html
TMS LITE,BHLX3-00-160X240-X-X,table_2,C (mm),240,240,mm,https://www.tms-lite.com/ir-illumination-bhlx3.html
TMS LITE,BHLX3-00-160X240-X-X,table_2,Colour,IR850,IR850,,https://www.tms-lite.com/bhlx3-serie.html
TMS LITE,BHLX3-00-160X240-X-X,table_2,Current,810mA 1080mA 780mA,810mA 1080mA 780mA,mA,https://www.tms-lite.com/bhlx3-serie.html
TMS LITE,BHLX3-00-160X240-X-X,table_2,D (mm),178,178,mm,https://www.tms-lite.com/ir-illumination-bhlx3.html
TMS LITE,BHLX3-00-160X240-X-X,table_2,E (mm),160,160,mm,https://www.tms-lite.com/ir-illumination-bhlx3.html
TMS LITE,BHLX3-00-160X240-X-X,table_2,F (mm),140,140,mm,https://www.tms-lite.com/ir-illumination-bhlx3.html
TMS LITE,BHLX3-00-160X240-X-X,table_2,G (mm),19,19,g,https://www.tms-lite.com/ir-illumination-bhlx3.html
TMS LITE,BHLX3-00-160X240-X-X,table_2,Voltage (V) / Watt (W),24V / 19.44W 24V / 25.92W 24V / 18.72W,24V / 19.44W 24V / 25.92W 24V / 18.72W,V,https://www.tms-lite.com/bhlx3-serie.html
TMS LITE,BHLX3-00-160X240-X-X,table_2,Weight (g),860,860,g,https://www.tms-lite.com/bhlx3-serie.html
TMS LITE,BHLX3-00-160X240-X-X,table_3,A (mm),276,276,mm,https://www.tms-lite.com/bhlx3-serie.html
TMS LITE,BHLX3-00-160X240-X-X,table_3,B (mm),268,268,mm,https://www.tms-lite.com/bhlx3-serie.html
TMS LITE,BHLX3-00-160X240-X-X,table_3,C (mm),240,240,mm,https://www.tms-lite.com/bhlx3-serie.html
TMS LITE,BHLX3-00-160X240-X-X,table_3,D (mm),178,178,mm,https://www.tms-lite.com/bhlx3-serie.html
TMS LITE,BHLX3-00-160X240-X-X,table_3,E (mm),160,160,mm,https://www.tms-lite.com/bhlx3-serie.html
TMS LITE,BHLX3-00-160X240-X-X,table_3,F (mm),140,140,mm,https://www.tms-lite.com/bhlx3-serie.html
TMS LITE,BHLX3-00-160X240-X-X,table_3,G (mm),19,19,g,https://www.tms-lite.com/bhlx3-serie.html
TMS LITE,BHLX3-00-160X320-X-IR850,table_3,Datasheet,3D-view,3D-view,,https://www.tms-lite.com/ir-illumination-bhlx3.html
TMS LITE,BHLX3-00-160X320-X-IR850,table_3,Drawing (2D),PDF,PDF,,https://www.tms-lite.com/ir-illumination-bhlx3.html
TMS LITE,BHLX3-00-160X320-X-IR850,table_3,STEP (3D),DXF,DXF,,https://www.tms-lite.com/ir-illumination-bhlx3.html
TMS LITE,BHLX3-00-160X320-X-IR850,table_3,extra_4,IR850,IR850,,https://www.tms-lite.com/ir-illumination-bhlx3.html
TMS LITE,BHLX3-00-160X320-X-X,table_1,Current,1040mA,1040mA,mA,https://www.tms-lite.com/ir-illumination-bhlx3.html
TMS LITE,BHLX3-00-160X320-X-X,table_1,Datasheet,3D View,3D View,,https://www.tms-lite.com/bhlx3-serie.html
TMS LITE,BHLX3-00-160X320-X-X,table_1,Drawing (2D),R/G/B/W: PDF,R/G/B/W: PDF,W,https://www.tms-lite.com/bhlx3-serie.html
TMS LITE,BHLX3-00-160X320-X-X,table_1,IR,IR850,IR850,,https://www.tms-lite.com/ir-illumination-bhlx3.html
TMS LITE,BHLX3-00-160X320-X-X,table_1,STEP (3D),R/G/B/W: DXF,R/G/B/W: DXF,W,https://www.tms-lite.com/bhlx3-serie.html
TMS LITE,BHLX3-00-160X320-X-X,table_1,Voltage (V) / Watt (W),24V / 24.96W,24V / 24.96W,V,https://www.tms-lite.com/ir-illumination-bhlx3.html
TMS LITE,BHLX3-00-160X320-X-X,table_1,Weight (g),1060,1060,g,https://www.tms-lite.com/ir-illumination-bhlx3.html
TMS LITE,BHLX3-00-160X320-X-X,table_1,extra_4,Red,Red,,https://www.tms-lite.com/bhlx3-serie.html
TMS LITE,BHLX3-00-160X320-X-X,table_1,extra_5,Green,Green,,https://www.tms-lite.com/bhlx3-serie.html
TMS LITE,BHLX3-00-160X320-X-X,table_1,extra_6,Blue,Blue,,https://www.tms-lite.com/bhlx3-serie.html
TMS LITE,BHLX3-00-160X320-X-X,table_1,extra_7,White,White,,https://www.tms-lite.com/bhlx3-serie.html
TMS LITE,BHLX3-00-160X320-X-X,table_2,A (mm),356,356,mm,https://www.tms-lite.com/ir-illumination-bhlx3.html
TMS LITE,BHLX3-00-160X320-X-X,table_2,B (mm),348,348,mm,https://www.tms-lite.com/ir-illumination-bhlx3.html
TMS LITE,BHLX3-00-160X320-X-X,table_2,C (mm),320,320,mm,https://www.tms-lite.com/ir-illumination-bhlx3.html
TMS LITE,BHLX3-00-160X320-X-X,table_2,Colour,IR850,IR850,,https://www.tms-lite.com/bhlx3-serie.html
TMS LITE,BHLX3-00-160X320-X-X,table_2,Current,1080mA 1440mA 1040mA,1080mA 1440mA 1040mA,mA,https://www.tms-lite.com/bhlx3-serie.html
TMS LITE,BHLX3-00-160X320-X-X,table_2,D (mm),178,178,mm,https://www.tms-lite.com/ir-illumination-bhlx3.html
TMS LITE,BHLX3-00-160X320-X-X,table_2,E (mm),160,160,mm,https://www.tms-lite.com/ir-illumination-bhlx3.html
TMS LITE,BHLX3-00-160X320-X-X,table_2,F (mm),140,140,mm,https://www.tms-lite.com/ir-illumination-bhlx3.html
TMS LITE,BHLX3-00-160X320-X-X,table_2,G (mm),19,19,g,https://www.tms-lite.com/ir-illumination-bhlx3.html
TMS LITE,BHLX3-00-160X320-X-X,table_2,Voltage (V) / Watt (W),24V / 25.92W 24V / 34.56W 24V / 24.96W,24V / 25.92W 24V / 34.56W 24V / 24.96W,V,https://www.tms-lite.com/bhlx3-serie.html
TMS LITE,BHLX3-00-160X320-X-X,table_2,Weight (g),1060,1060,g,https://www.tms-lite.com/bhlx3-serie.html
TMS LITE,BHLX3-00-160X320-X-X,table_3,A (mm),356,356,mm,https://www.tms-lite.com/bhlx3-serie.html
TMS LITE,BHLX3-00-160X320-X-X,table_3,B (mm),348,348,mm,https://www.tms-lite.com/bhlx3-serie.html
TMS LITE,BHLX3-00-160X320-X-X,table_3,C (mm),320,320,mm,https://www.tms-lite.com/bhlx3-serie.html
TMS LITE,BHLX3-00-160X320-X-X,table_3,D (mm),178,178,mm,https://www.tms-lite.com/bhlx3-serie.html
TMS LITE,BHLX3-00-160X320-X-X,table_3,E (mm),160,160,mm,https://www.tms-lite.com/bhlx3-serie.html
TMS LITE,BHLX3-00-160X320-X-X,table_3,F (mm),140,140,mm,https://www.tms-lite.com/bhlx3-serie.html
TMS LITE,BHLX3-00-160X320-X-X,table_3,G (mm),19,19,g,https://www.tms-lite.com/bhlx3-serie.html
TMS LITE,BHLX3-00-160X400-X-IR850,table_3,Datasheet,3D-view,3D-view,,https://www.tms-lite.com/ir-illumination-bhlx3.html
TMS LITE,BHLX3-00-160X400-X-IR850,table_3,Drawing (2D),PDF,PDF,,https://www.tms-lite.com/ir-illumination-bhlx3.html
TMS LITE,BHLX3-00-160X400-X-IR850,table_3,STEP (3D),DXF,DXF,,https://www.tms-lite.com/ir-illumination-bhlx3.html
TMS LITE,BHLX3-00-160X400-X-IR850,table_3,extra_4,IR850,IR850,,https://www.tms-lite.com/ir-illumination-bhlx3.html
TMS LITE,BHLX3-00-160X400-X-X,table_1,Current,1300mA,1300mA,mA,https://www.tms-lite.com/ir-illumination-bhlx3.html
TMS LITE,BHLX3-00-160X400-X-X,table_1,Datasheet,3D View,3D View,,https://www.tms-lite.com/bhlx3-serie.html
TMS LITE,BHLX3-00-160X400-X-X,table_1,Drawing (2D),R/G/B/W: PDF,R/G/B/W: PDF,W,https://www.tms-lite.com/bhlx3-serie.html
TMS LITE,BHLX3-00-160X400-X-X,table_1,IR,IR850,IR850,,https://www.tms-lite.com/ir-illumination-bhlx3.html
TMS LITE,BHLX3-00-160X400-X-X,table_1,STEP (3D),R/G/B/W: DXF,R/G/B/W: DXF,W,https://www.tms-lite.com/bhlx3-serie.html
TMS LITE,BHLX3-00-160X400-X-X,table_1,Voltage (V) / Watt (W),24V / 31.2W,24V / 31.2W,V,https://www.tms-lite.com/ir-illumination-bhlx3.html
TMS LITE,BHLX3-00-160X400-X-X,table_1,Weight (g),1265,1265,g,https://www.tms-lite.com/ir-illumination-bhlx3.html
TMS LITE,BHLX3-00-160X400-X-X,table_1,extra_4,Red,Red,,https://www.tms-lite.com/bhlx3-serie.html
TMS LITE,BHLX3-00-160X400-X-X,table_1,extra_5,Green,Green,,https://www.tms-lite.com/bhlx3-serie.html
TMS LITE,BHLX3-00-160X400-X-X,table_1,extra_6,Blue,Blue,,https://www.tms-lite.com/bhlx3-serie.html
TMS LITE,BHLX3-00-160X400-X-X,table_1,extra_7,White,White,,https://www.tms-lite.com/bhlx3-serie.html
TMS LITE,BHLX3-00-160X400-X-X,table_2,A (mm),436,436,mm,https://www.tms-lite.com/ir-illumination-bhlx3.html
TMS LITE,BHLX3-00-160X400-X-X,table_2,B (mm),428,428,mm,https://www.tms-lite.com/ir-illumination-bhlx3.html
TMS LITE,BHLX3-00-160X400-X-X,table_2,C (mm),400,400,mm,https://www.tms-lite.com/ir-illumination-bhlx3.html
TMS LITE,BHLX3-00-160X400-X-X,table_2,Colour,IR850,IR850,,https://www.tms-lite.com/bhlx3-serie.html
TMS LITE,BHLX3-00-160X400-X-X,table_2,Current,1350mA 1800mA 1300mA,1350mA 1800mA 1300mA,mA,https://www.tms-lite.com/bhlx3-serie.html
TMS LITE,BHLX3-00-160X400-X-X,table_2,D (mm),178,178,mm,https://www.tms-lite.com/ir-illumination-bhlx3.html
TMS LITE,BHLX3-00-160X400-X-X,table_2,E (mm),160,160,mm,https://www.tms-lite.com/ir-illumination-bhlx3.html
TMS LITE,BHLX3-00-160X400-X-X,table_2,F (mm),140,140,mm,https://www.tms-lite.com/ir-illumination-bhlx3.html
TMS LITE,BHLX3-00-160X400-X-X,table_2,G (mm),19,19,g,https://www.tms-lite.com/ir-illumination-bhlx3.html
TMS LITE,BHLX3-00-160X400-X-X,table_2,Voltage (V) / Watt (W),24V / 32.40W 24V / 43.20W 24V / 31.2W,24V / 32.40W 24V / 43.20W 24V / 31.2W,V,https://www.tms-lite.com/bhlx3-serie.html
TMS LITE,BHLX3-00-160X400-X-X,table_2,Weight (g),1265,1265,g,https://www.tms-lite.com/bhlx3-serie.html
TMS LITE,BHLX3-00-160X400-X-X,table_3,A (mm),436,436,mm,https://www.tms-lite.com/bhlx3-serie.html
TMS LITE,BHLX3-00-160X400-X-X,table_3,B (mm),428,428,mm,https://www.tms-lite.com/bhlx3-serie.html
TMS LITE,BHLX3-00-160X400-X-X,table_3,C (mm),400,400,mm,https://www.tms-lite.com/bhlx3-serie.html
TMS LITE,BHLX3-00-160X400-X-X,table_3,D (mm),178,178,mm,https://www.tms-lite.com/bhlx3-serie.html
TMS LITE,BHLX3-00-160X400-X-X,table_3,E (mm),160,160,mm,https://www.tms-lite.com/bhlx3-serie.html
TMS LITE,BHLX3-00-160X400-X-X,table_3,F (mm),140,140,mm,https://www.tms-lite.com/bhlx3-serie.html
TMS LITE,BHLX3-00-160X400-X-X,table_3,G (mm),19,19,g,https://www.tms-lite.com/bhlx3-serie.html
TMS LITE,BHLX3-00-240X240-X-IR850,table_3,Datasheet,3D-view,3D-view,,https://www.tms-lite.com/ir-illumination-bhlx3.html
TMS LITE,BHLX3-00-240X240-X-IR850,table_3,Drawing (2D),PDF,PDF,,https://www.tms-lite.com/ir-illumination-bhlx3.html
TMS LITE,BHLX3-00-240X240-X-IR850,table_3,STEP (3D),DXF,DXF,,https://www.tms-lite.com/ir-illumination-bhlx3.html
TMS LITE,BHLX3-00-240X240-X-IR850,table_3,extra_4,IR850,IR850,,https://www.tms-lite.com/ir-illumination-bhlx3.html
TMS LITE,BHLX3-00-240X240-X-X,table_1,Current,1170mA,1170mA,mA,https://www.tms-lite.com/ir-illumination-bhlx3.html
TMS LITE,BHLX3-00-240X240-X-X,table_1,Datasheet,3D View,3D View,,https://www.tms-lite.com/bhlx3-serie.html
TMS LITE,BHLX3-00-240X240-X-X,table_1,Drawing (2D),R/G/B/W: PDF,R/G/B/W: PDF,W,https://www.tms-lite.com/bhlx3-serie.html
TMS LITE,BHLX3-00-240X240-X-X,table_1,IR,IR850,IR850,,https://www.tms-lite.com/ir-illumination-bhlx3.html
TMS LITE,BHLX3-00-240X240-X-X,table_1,STEP (3D),R/G/B/W: DXF,R/G/B/W: DXF,W,https://www.tms-lite.com/bhlx3-serie.html
TMS LITE,BHLX3-00-240X240-X-X,table_1,Voltage (V) / Watt (W),24V / 28.08W,24V / 28.08W,V,https://www.tms-lite.com/ir-illumination-bhlx3.html
TMS LITE,BHLX3-00-240X240-X-X,table_1,Weight (g),1170,1170,g,https://www.tms-lite.com/ir-illumination-bhlx3.html
TMS LITE,BHLX3-00-240X240-X-X,table_1,extra_4,Red,Red,,https://www.tms-lite.com/bhlx3-serie.html
TMS LITE,BHLX3-00-240X240-X-X,table_1,extra_5,Green,Green,,https://www.tms-lite.com/bhlx3-serie.html
TMS LITE,BHLX3-00-240X240-X-X,table_1,extra_6,Blue,Blue,,https://www.tms-lite.com/bhlx3-serie.html
TMS LITE,BHLX3-00-240X240-X-X,table_1,extra_7,White,White,,https://www.tms-lite.com/bhlx3-serie.html
TMS LITE,BHLX3-00-240X240-X-X,table_2,A (mm),276,276,mm,https://www.tms-lite.com/ir-illumination-bhlx3.html
TMS LITE,BHLX3-00-240X240-X-X,table_2,B (mm),268,268,mm,https://www.tms-lite.com/ir-illumination-bhlx3.html
TMS LITE,BHLX3-00-240X240-X-X,table_2,C (mm),240,240,mm,https://www.tms-lite.com/ir-illumination-bhlx3.html
TMS LITE,BHLX3-00-240X240-X-X,table_2,Colour,IR850,IR850,,https://www.tms-lite.com/bhlx3-serie.html
TMS LITE,BHLX3-00-240X240-X-X,table_2,Current,1215mA 1620mA 1170mA,1215mA 1620mA 1170mA,mA,https://www.tms-lite.com/bhlx3-serie.html
TMS LITE,BHLX3-00-240X240-X-X,table_2,D (mm),258,258,mm,https://www.tms-lite.com/ir-illumination-bhlx3.html
TMS LITE,BHLX3-00-240X240-X-X,table_2,E (mm),240,240,mm,https://www.tms-lite.com/ir-illumination-bhlx3.html
TMS LITE,BHLX3-00-240X240-X-X,table_2,F (mm),140,140,mm,https://www.tms-lite.com/ir-illumination-bhlx3.html
TMS LITE,BHLX3-00-240X240-X-X,table_2,G (mm),59,59,g,https://www.tms-lite.com/ir-illumination-bhlx3.html
TMS LITE,BHLX3-00-240X240-X-X,table_2,Voltage (V) / Watt (W),24V / 29.16W 24V / 38.88W 24V / 28.08W,24V / 29.16W 24V / 38.88W 24V / 28.08W,V,https://www.tms-lite.com/bhlx3-serie.html
TMS LITE,BHLX3-00-240X240-X-X,table_2,Weight (g),1170,1170,g,https://www.tms-lite.com/bhlx3-serie.html
TMS LITE,BHLX3-00-240X240-X-X,table_3,A (mm),276,276,mm,https://www.tms-lite.com/bhlx3-serie.html
TMS LITE,BHLX3-00-240X240-X-X,table_3,B (mm),268,268,mm,https://www.tms-lite.com/bhlx3-serie.html
TMS LITE,BHLX3-00-240X240-X-X,table_3,C (mm),240,240,mm,https://www.tms-lite.com/bhlx3-serie.html
TMS LITE,BHLX3-00-240X240-X-X,table_3,D (mm),258,258,mm,https://www.tms-lite.com/bhlx3-serie.html
TMS LITE,BHLX3-00-240X240-X-X,table_3,E (mm),240,240,mm,https://www.tms-lite.com/bhlx3-serie.html
TMS LITE,BHLX3-00-240X240-X-X,table_3,F (mm),140,140,mm,https://www.tms-lite.com/bhlx3-serie.html
TMS LITE,BHLX3-00-240X240-X-X,table_3,G (mm),59,59,g,https://www.tms-lite.com/bhlx3-serie.html
TMS LITE,BHLX3-00-240X320-X-IR850,table_3,Datasheet,3D-view,3D-view,,https://www.tms-lite.com/ir-illumination-bhlx3.html
TMS LITE,BHLX3-00-240X320-X-IR850,table_3,Drawing (2D),PDF,PDF,,https://www.tms-lite.com/ir-illumination-bhlx3.html
TMS LITE,BHLX3-00-240X320-X-IR850,table_3,STEP (3D),DXF,DXF,,https://www.tms-lite.com/ir-illumination-bhlx3.html
TMS LITE,BHLX3-00-240X320-X-IR850,table_3,extra_4,IR850,IR850,,https://www.tms-lite.com/ir-illumination-bhlx3.html
TMS LITE,BHLX3-00-240X320-X-X,table_1,Current,1560mA,1560mA,mA,https://www.tms-lite.com/ir-illumination-bhlx3.html
TMS LITE,BHLX3-00-240X320-X-X,table_1,Datasheet,3D View,3D View,,https://www.tms-lite.com/bhlx3-serie.html
TMS LITE,BHLX3-00-240X320-X-X,table_1,Drawing (2D),R/G/B/W: PDF,R/G/B/W: PDF,W,https://www.tms-lite.com/bhlx3-serie.html
TMS LITE,BHLX3-00-240X320-X-X,table_1,IR,IR850,IR850,,https://www.tms-lite.com/ir-illumination-bhlx3.html
TMS LITE,BHLX3-00-240X320-X-X,table_1,STEP (3D),R/G/B/W: DXF,R/G/B/W: DXF,W,https://www.tms-lite.com/bhlx3-serie.html
TMS LITE,BHLX3-00-240X320-X-X,table_1,Voltage (V) / Watt (W),24V / 37.44W,24V / 37.44W,V,https://www.tms-lite.com/ir-illumination-bhlx3.html
TMS LITE,BHLX3-00-240X320-X-X,table_1,Weight (g),1410,1410,g,https://www.tms-lite.com/ir-illumination-bhlx3.html
TMS LITE,BHLX3-00-240X320-X-X,table_1,extra_4,Red,Red,,https://www.tms-lite.com/bhlx3-serie.html
TMS LITE,BHLX3-00-240X320-X-X,table_1,extra_5,Green,Green,,https://www.tms-lite.com/bhlx3-serie.html
TMS LITE,BHLX3-00-240X320-X-X,table_1,extra_6,Blue,Blue,,https://www.tms-lite.com/bhlx3-serie.html
TMS LITE,BHLX3-00-240X320-X-X,table_1,extra_7,White,White,,https://www.tms-lite.com/bhlx3-serie.html
TMS LITE,BHLX3-00-240X320-X-X,table_2,A (mm),356,356,mm,https://www.tms-lite.com/ir-illumination-bhlx3.html
TMS LITE,BHLX3-00-240X320-X-X,table_2,B (mm),348,348,mm,https://www.tms-lite.com/ir-illumination-bhlx3.html
TMS LITE,BHLX3-00-240X320-X-X,table_2,C (mm),320,320,mm,https://www.tms-lite.com/ir-illumination-bhlx3.html
TMS LITE,BHLX3-00-240X320-X-X,table_2,Colour,IR850,IR850,,https://www.tms-lite.com/bhlx3-serie.html
TMS LITE,BHLX3-00-240X320-X-X,table_2,Current,1620mA 2160mA 1560mA,1620mA 2160mA 1560mA,mA,https://www.tms-lite.com/bhlx3-serie.html
TMS LITE,BHLX3-00-240X320-X-X,table_2,D (mm),258,258,mm,https://www.tms-lite.com/ir-illumination-bhlx3.html
TMS LITE,BHLX3-00-240X320-X-X,table_2,E (mm),240,240,mm,https://www.tms-lite.com/ir-illumination-bhlx3.html
TMS LITE,BHLX3-00-240X320-X-X,table_2,F (mm),140,140,mm,https://www.tms-lite.com/ir-illumination-bhlx3.html
TMS LITE,BHLX3-00-240X320-X-X,table_2,G (mm),59,59,g,https://www.tms-lite.com/ir-illumination-bhlx3.html
TMS LITE,BHLX3-00-240X320-X-X,table_2,Voltage (V) / Watt (W),24V / 38.88W 24V / 51.84W 24V / 37.44W,24V / 38.88W 24V / 51.84W 24V / 37.44W,V,https://www.tms-lite.com/bhlx3-serie.html
TMS LITE,BHLX3-00-240X320-X-X,table_2,Weight (g),1410,1410,g,https://www.tms-lite.com/bhlx3-serie.html
TMS LITE,BHLX3-00-240X320-X-X,table_3,A (mm),356,356,mm,https://www.tms-lite.com/bhlx3-serie.html
TMS LITE,BHLX3-00-240X320-X-X,table_3,B (mm),348,348,mm,https://www.tms-lite.com/bhlx3-serie.html
TMS LITE,BHLX3-00-240X320-X-X,table_3,C (mm),320,320,mm,https://www.tms-lite.com/bhlx3-serie.html
TMS LITE,BHLX3-00-240X320-X-X,table_3,D (mm),258,258,mm,https://www.tms-lite.com/bhlx3-serie.html
TMS LITE,BHLX3-00-240X320-X-X,table_3,E (mm),240,240,mm,https://www.tms-lite.com/bhlx3-serie.html
TMS LITE,BHLX3-00-240X320-X-X,table_3,F (mm),140,140,mm,https://www.tms-lite.com/bhlx3-serie.html
TMS LITE,BHLX3-00-240X320-X-X,table_3,G (mm),59,59,g,https://www.tms-lite.com/bhlx3-serie.html
TMS LITE,BHLX3-00-240X400-X-IR850,table_3,Datasheet,3D-view,3D-view,,https://www.tms-lite.com/ir-illumination-bhlx3.html
TMS LITE,BHLX3-00-240X400-X-IR850,table_3,Drawing (2D),PDF,PDF,,https://www.tms-lite.com/ir-illumination-bhlx3.html
TMS LITE,BHLX3-00-240X400-X-IR850,table_3,STEP (3D),DXF,DXF,,https://www.tms-lite.com/ir-illumination-bhlx3.html
TMS LITE,BHLX3-00-240X400-X-IR850,table_3,extra_4,IR850,IR850,,https://www.tms-lite.com/ir-illumination-bhlx3.html
TMS LITE,BHLX3-00-240X400-X-X,table_1,Current,1950mA,1950mA,mA,https://www.tms-lite.com/ir-illumination-bhlx3.html
TMS LITE,BHLX3-00-240X400-X-X,table_1,Datasheet,3D View,3D View,,https://www.tms-lite.com/bhlx3-serie.html
TMS LITE,BHLX3-00-240X400-X-X,table_1,Drawing (2D),R/G/B/W: PDF,R/G/B/W: PDF,W,https://www.tms-lite.com/bhlx3-serie.html
TMS LITE,BHLX3-00-240X400-X-X,table_1,IR,IR850,IR850,,https://www.tms-lite.com/ir-illumination-bhlx3.html
TMS LITE,BHLX3-00-240X400-X-X,table_1,STEP (3D),R/G/B/W: DXF,R/G/B/W: DXF,W,https://www.tms-lite.com/bhlx3-serie.html
TMS LITE,BHLX3-00-240X400-X-X,table_1,Voltage (V) / Watt (W),24V / 46.8W,24V / 46.8W,V,https://www.tms-lite.com/ir-illumination-bhlx3.html
TMS LITE,BHLX3-00-240X400-X-X,table_1,Weight (g),1665,1665,g,https://www.tms-lite.com/ir-illumination-bhlx3.html
TMS LITE,BHLX3-00-240X400-X-X,table_1,extra_4,Red,Red,,https://www.tms-lite.com/bhlx3-serie.html
TMS LITE,BHLX3-00-240X400-X-X,table_1,extra_5,Green,Green,,https://www.tms-lite.com/bhlx3-serie.html
TMS LITE,BHLX3-00-240X400-X-X,table_1,extra_6,Blue,Blue,,https://www.tms-lite.com/bhlx3-serie.html
TMS LITE,BHLX3-00-240X400-X-X,table_1,extra_7,White,White,,https://www.tms-lite.com/bhlx3-serie.html
TMS LITE,BHLX3-00-240X400-X-X,table_2,A (mm),436,436,mm,https://www.tms-lite.com/ir-illumination-bhlx3.html
TMS LITE,BHLX3-00-240X400-X-X,table_2,B (mm),428,428,mm,https://www.tms-lite.com/ir-illumination-bhlx3.html
TMS LITE,BHLX3-00-240X400-X-X,table_2,C (mm),400,400,mm,https://www.tms-lite.com/ir-illumination-bhlx3.html
TMS LITE,BHLX3-00-240X400-X-X,table_2,Colour,IR850,IR850,,https://www.tms-lite.com/bhlx3-serie.html
TMS LITE,BHLX3-00-240X400-X-X,table_2,Current,2025mA 2700mA 1950mA,2025mA 2700mA 1950mA,mA,https://www.tms-lite.com/bhlx3-serie.html
TMS LITE,BHLX3-00-240X400-X-X,table_2,D (mm),258,258,mm,https://www.tms-lite.com/ir-illumination-bhlx3.html
TMS LITE,BHLX3-00-240X400-X-X,table_2,E (mm),240,240,mm,https://www.tms-lite.com/ir-illumination-bhlx3.html
TMS LITE,BHLX3-00-240X400-X-X,table_2,F (mm),140,140,mm,https://www.tms-lite.com/ir-illumination-bhlx3.html
TMS LITE,BHLX3-00-240X400-X-X,table_2,G (mm),59,59,g,https://www.tms-lite.com/ir-illumination-bhlx3.html
TMS LITE,BHLX3-00-240X400-X-X,table_2,Voltage (V) / Watt (W),24V / 48.60W 24V / 64.80W 24V / 46.8W,24V / 48.60W 24V / 64.80W 24V / 46.8W,V,https://www.tms-lite.com/bhlx3-serie.html
TMS LITE,BHLX3-00-240X400-X-X,table_2,Weight (g),1665,1665,g,https://www.tms-lite.com/bhlx3-serie.html
TMS LITE,BHLX3-00-240X400-X-X,table_3,A (mm),436,436,mm,https://www.tms-lite.com/bhlx3-serie.html
TMS LITE,BHLX3-00-240X400-X-X,table_3,B (mm),428,428,mm,https://www.tms-lite.com/bhlx3-serie.html
TMS LITE,BHLX3-00-240X400-X-X,table_3,C (mm),400,400,mm,https://www.tms-lite.com/bhlx3-serie.html
TMS LITE,BHLX3-00-240X400-X-X,table_3,D (mm),258,258,mm,https://www.tms-lite.com/bhlx3-serie.html
TMS LITE,BHLX3-00-240X400-X-X,table_3,E (mm),240,240,mm,https://www.tms-lite.com/bhlx3-serie.html
TMS LITE,BHLX3-00-240X400-X-X,table_3,F (mm),140,140,mm,https://www.tms-lite.com/bhlx3-serie.html
TMS LITE,BHLX3-00-240X400-X-X,table_3,G (mm),59,59,g,https://www.tms-lite.com/bhlx3-serie.html
TMS LITE,BHLX3-00-320X320-X-IR850,table_3,Datasheet,3D-view,3D-view,,https://www.tms-lite.com/ir-illumination-bhlx3.html
TMS LITE,BHLX3-00-320X320-X-IR850,table_3,Drawing (2D),PDF,PDF,,https://www.tms-lite.com/ir-illumination-bhlx3.html
TMS LITE,BHLX3-00-320X320-X-IR850,table_3,STEP (3D),DXF,DXF,,https://www.tms-lite.com/ir-illumination-bhlx3.html
TMS LITE,BHLX3-00-320X320-X-IR850,table_3,extra_4,IR850,IR850,,https://www.tms-lite.com/ir-illumination-bhlx3.html
TMS LITE,BHLX3-00-320X320-X-X,table_1,Current,2080mA,2080mA,mA,https://www.tms-lite.com/ir-illumination-bhlx3.html
TMS LITE,BHLX3-00-320X320-X-X,table_1,Datasheet,3D View,3D View,,https://www.tms-lite.com/bhlx3-serie.html
TMS LITE,BHLX3-00-320X320-X-X,table_1,Drawing (2D),R/G/B/W: PDF,R/G/B/W: PDF,W,https://www.tms-lite.com/bhlx3-serie.html
TMS LITE,BHLX3-00-320X320-X-X,table_1,IR,IR850,IR850,,https://www.tms-lite.com/ir-illumination-bhlx3.html
TMS LITE,BHLX3-00-320X320-X-X,table_1,STEP (3D),R/G/B/W: DXF,R/G/B/W: DXF,W,https://www.tms-lite.com/bhlx3-serie.html
TMS LITE,BHLX3-00-320X320-X-X,table_1,Voltage (V) / Watt (W),24V / 49.92W,24V / 49.92W,V,https://www.tms-lite.com/ir-illumination-bhlx3.html
TMS LITE,BHLX3-00-320X320-X-X,table_1,Weight (g),1900,1900,g,https://www.tms-lite.com/ir-illumination-bhlx3.html
TMS LITE,BHLX3-00-320X320-X-X,table_1,extra_4,Red,Red,,https://www.tms-lite.com/bhlx3-serie.html
TMS LITE,BHLX3-00-320X320-X-X,table_1,extra_5,Green,Green,,https://www.tms-lite.com/bhlx3-serie.html
TMS LITE,BHLX3-00-320X320-X-X,table_1,extra_6,Blue,Blue,,https://www.tms-lite.com/bhlx3-serie.html
TMS LITE,BHLX3-00-320X320-X-X,table_1,extra_7,White,White,,https://www.tms-lite.com/bhlx3-serie.html
TMS LITE,BHLX3-00-320X320-X-X,table_2,A (mm),356,356,mm,https://www.tms-lite.com/ir-illumination-bhlx3.html
TMS LITE,BHLX3-00-320X320-X-X,table_2,B (mm),348,348,mm,https://www.tms-lite.com/ir-illumination-bhlx3.html
TMS LITE,BHLX3-00-320X320-X-X,table_2,C (mm),320,320,mm,https://www.tms-lite.com/ir-illumination-bhlx3.html
TMS LITE,BHLX3-00-320X320-X-X,table_2,Colour,IR850,IR850,,https://www.tms-lite.com/bhlx3-serie.html
TMS LITE,BHLX3-00-320X320-X-X,table_2,Current,2160mA 2880mA 2080mA,2160mA 2880mA 2080mA,mA,https://www.tms-lite.com/bhlx3-serie.html
TMS LITE,BHLX3-00-320X320-X-X,table_2,D (mm),338,338,mm,https://www.tms-lite.com/ir-illumination-bhlx3.html
TMS LITE,BHLX3-00-320X320-X-X,table_2,E (mm),320,320,mm,https://www.tms-lite.com/ir-illumination-bhlx3.html
TMS LITE,BHLX3-00-320X320-X-X,table_2,F (mm),300,300,mm,https://www.tms-lite.com/ir-illumination-bhlx3.html
TMS LITE,BHLX3-00-320X320-X-X,table_2,G (mm),19,19,g,https://www.tms-lite.com/ir-illumination-bhlx3.html
TMS LITE,BHLX3-00-320X320-X-X,table_2,Voltage (V) / Watt (W),24V / 51.84W 24V / 69.12W 24V / 49.92W,24V / 51.84W 24V / 69.12W 24V / 49.92W,V,https://www.tms-lite.com/bhlx3-serie.html
TMS LITE,BHLX3-00-320X320-X-X,table_2,Weight (g),1900,1900,g,https://www.tms-lite.com/bhlx3-serie.html
TMS LITE,BHLX3-00-320X320-X-X,table_3,A (mm),356,356,mm,https://www.tms-lite.com/bhlx3-serie.html
TMS LITE,BHLX3-00-320X320-X-X,table_3,B (mm),348,348,mm,https://www.tms-lite.com/bhlx3-serie.html
TMS LITE,BHLX3-00-320X320-X-X,table_3,C (mm),320,320,mm,https://www.tms-lite.com/bhlx3-serie.html
TMS LITE,BHLX3-00-320X320-X-X,table_3,D (mm),338,338,mm,https://www.tms-lite.com/bhlx3-serie.html
TMS LITE,BHLX3-00-320X320-X-X,table_3,E (mm),320,320,mm,https://www.tms-lite.com/bhlx3-serie.html
TMS LITE,BHLX3-00-320X320-X-X,table_3,F (mm),300,300,mm,https://www.tms-lite.com/bhlx3-serie.html
TMS LITE,BHLX3-00-320X320-X-X,table_3,G (mm),19,19,g,https://www.tms-lite.com/bhlx3-serie.html
TMS LITE,BHLX3-00-320X400-X-IR850,table_3,Datasheet,3D-view,3D-view,,https://www.tms-lite.com/ir-illumination-bhlx3.html
TMS LITE,BHLX3-00-320X400-X-IR850,table_3,Drawing (2D),PDF,PDF,,https://www.tms-lite.com/ir-illumination-bhlx3.html
TMS LITE,BHLX3-00-320X400-X-IR850,table_3,STEP (3D),DXF,DXF,,https://www.tms-lite.com/ir-illumination-bhlx3.html
TMS LITE,BHLX3-00-320X400-X-IR850,table_3,extra_4,IR850,IR850,,https://www.tms-lite.com/ir-illumination-bhlx3.html
TMS LITE,BHLX3-00-320X400-X-X,table_1,Current,2600mA,2600mA,mA,https://www.tms-lite.com/ir-illumination-bhlx3.html
TMS LITE,BHLX3-00-320X400-X-X,table_1,Datasheet,3D View,3D View,,https://www.tms-lite.com/bhlx3-serie.html
TMS LITE,BHLX3-00-320X400-X-X,table_1,Drawing (2D),R/G/B/W: PDF,R/G/B/W: PDF,W,https://www.tms-lite.com/bhlx3-serie.html
TMS LITE,BHLX3-00-320X400-X-X,table_1,IR,IR850,IR850,,https://www.tms-lite.com/ir-illumination-bhlx3.html
TMS LITE,BHLX3-00-320X400-X-X,table_1,STEP (3D),R/G/B/W: DXF,R/G/B/W: DXF,W,https://www.tms-lite.com/bhlx3-serie.html
TMS LITE,BHLX3-00-320X400-X-X,table_1,Voltage (V) / Watt (W),24V / 62.4W,24V / 62.4W,V,https://www.tms-lite.com/ir-illumination-bhlx3.html
TMS LITE,BHLX3-00-320X400-X-X,table_1,Weight (g),2120,2120,g,https://www.tms-lite.com/ir-illumination-bhlx3.html
TMS LITE,BHLX3-00-320X400-X-X,table_1,extra_4,Red,Red,,https://www.tms-lite.com/bhlx3-serie.html
TMS LITE,BHLX3-00-320X400-X-X,table_1,extra_5,Green,Green,,https://www.tms-lite.com/bhlx3-serie.html
TMS LITE,BHLX3-00-320X400-X-X,table_1,extra_6,Blue,Blue,,https://www.tms-lite.com/bhlx3-serie.html
TMS LITE,BHLX3-00-320X400-X-X,table_1,extra_7,White,White,,https://www.tms-lite.com/bhlx3-serie.html
TMS LITE,BHLX3-00-320X400-X-X,table_2,A (mm),436,436,mm,https://www.tms-lite.com/ir-illumination-bhlx3.html
TMS LITE,BHLX3-00-320X400-X-X,table_2,B (mm),428,428,mm,https://www.tms-lite.com/ir-illumination-bhlx3.html
TMS LITE,BHLX3-00-320X400-X-X,table_2,C (mm),400,400,mm,https://www.tms-lite.com/ir-illumination-bhlx3.html
TMS LITE,BHLX3-00-320X400-X-X,table_2,Colour,IR850,IR850,,https://www.tms-lite.com/bhlx3-serie.html
TMS LITE,BHLX3-00-320X400-X-X,table_2,Current,2700mA 3600mA 2600mA,2700mA 3600mA 2600mA,mA,https://www.tms-lite.com/bhlx3-serie.html
TMS LITE,BHLX3-00-320X400-X-X,table_2,D (mm),338,338,mm,https://www.tms-lite.com/ir-illumination-bhlx3.html
TMS LITE,BHLX3-00-320X400-X-X,table_2,E (mm),320,320,mm,https://www.tms-lite.com/ir-illumination-bhlx3.html
TMS LITE,BHLX3-00-320X400-X-X,table_2,F (mm),300,300,mm,https://www.tms-lite.com/ir-illumination-bhlx3.html
TMS LITE,BHLX3-00-320X400-X-X,table_2,G (mm),19,19,g,https://www.tms-lite.com/ir-illumination-bhlx3.html
TMS LITE,BHLX3-00-320X400-X-X,table_2,Voltage (V) / Watt (W),24V / 64.80W 24V / 86.40W 24V / 62.4W,24V / 64.80W 24V / 86.40W 24V / 62.4W,V,https://www.tms-lite.com/bhlx3-serie.html
TMS LITE,BHLX3-00-320X400-X-X,table_2,Weight (g),2120,2120,g,https://www.tms-lite.com/bhlx3-serie.html
TMS LITE,BHLX3-00-320X400-X-X,table_3,A (mm),436,436,mm,https://www.tms-lite.com/bhlx3-serie.html
TMS LITE,BHLX3-00-320X400-X-X,table_3,B (mm),428,428,mm,https://www.tms-lite.com/bhlx3-serie.html
TMS LITE,BHLX3-00-320X400-X-X,table_3,C (mm),400,400,mm,https://www.tms-lite.com/bhlx3-serie.html
TMS LITE,BHLX3-00-320X400-X-X,table_3,D (mm),338,338,mm,https://www.tms-lite.com/bhlx3-serie.html
TMS LITE,BHLX3-00-320X400-X-X,table_3,E (mm),320,320,mm,https://www.tms-lite.com/bhlx3-serie.html
TMS LITE,BHLX3-00-320X400-X-X,table_3,F (mm),300,300,mm,https://www.tms-lite.com/bhlx3-serie.html
TMS LITE,BHLX3-00-320X400-X-X,table_3,G (mm),19,19,g,https://www.tms-lite.com/bhlx3-serie.html
TMS LITE,BHLX3-00-400X400-X-IR850,table_3,Datasheet,3D-view,3D-view,,https://www.tms-lite.com/ir-illumination-bhlx3.html
TMS LITE,BHLX3-00-400X400-X-IR850,table_3,Drawing (2D),PDF,PDF,,https://www.tms-lite.com/ir-illumination-bhlx3.html
TMS LITE,BHLX3-00-400X400-X-IR850,table_3,STEP (3D),DXF,DXF,,https://www.tms-lite.com/ir-illumination-bhlx3.html
TMS LITE,BHLX3-00-400X400-X-IR850,table_3,extra_4,IR850,IR850,,https://www.tms-lite.com/ir-illumination-bhlx3.html
TMS LITE,BHLX3-00-400X400-X-X,table_1,Current,3250mA,3250mA,mA,https://www.tms-lite.com/ir-illumination-bhlx3.html
TMS LITE,BHLX3-00-400X400-X-X,table_1,Datasheet,3D View,3D View,,https://www.tms-lite.com/bhlx3-serie.html
TMS LITE,BHLX3-00-400X400-X-X,table_1,Drawing (2D),R/G/B/W: PDF,R/G/B/W: PDF,W,https://www.tms-lite.com/bhlx3-serie.html
TMS LITE,BHLX3-00-400X400-X-X,table_1,IR,IR850,IR850,,https://www.tms-lite.com/ir-illumination-bhlx3.html
TMS LITE,BHLX3-00-400X400-X-X,table_1,STEP (3D),R/G/B/W: DXF,R/G/B/W: DXF,W,https://www.tms-lite.com/bhlx3-serie.html
TMS LITE,BHLX3-00-400X400-X-X,table_1,Voltage (V) / Watt (W),24V / 78W,24V / 78W,V,https://www.tms-lite.com/ir-illumination-bhlx3.html
TMS LITE,BHLX3-00-400X400-X-X,table_1,Weight (g),2800,2800,g,https://www.tms-lite.com/ir-illumination-bhlx3.html
TMS LITE,BHLX3-00-400X400-X-X,table_1,extra_4,Red,Red,,https://www.tms-lite.com/bhlx3-serie.html
TMS LITE,BHLX3-00-400X400-X-X,table_1,extra_5,Green,Green,,https://www.tms-lite.com/bhlx3-serie.html
TMS LITE,BHLX3-00-400X400-X-X,table_1,extra_6,Blue,Blue,,https://www.tms-lite.com/bhlx3-serie.html
TMS LITE,BHLX3-00-400X400-X-X,table_1,extra_7,White,White,,https://www.tms-lite.com/bhlx3-serie.html
TMS LITE,BHLX3-00-400X400-X-X,table_2,A (mm),436,436,mm,https://www.tms-lite.com/ir-illumination-bhlx3.html
TMS LITE,BHLX3-00-400X400-X-X,table_2,B (mm),428,428,mm,https://www.tms-lite.com/ir-illumination-bhlx3.html
TMS LITE,BHLX3-00-400X400-X-X,table_2,C (mm),400,400,mm,https://www.tms-lite.com/ir-illumination-bhlx3.html
TMS LITE,BHLX3-00-400X400-X-X,table_2,Colour,IR850,IR850,,https://www.tms-lite.com/bhlx3-serie.html
TMS LITE,BHLX3-00-400X400-X-X,table_2,Current,3375mA 4500mA 3250mA,3375mA 4500mA 3250mA,mA,https://www.tms-lite.com/bhlx3-serie.html
TMS LITE,BHLX3-00-400X400-X-X,table_2,D (mm),418,418,mm,https://www.tms-lite.com/ir-illumination-bhlx3.html
TMS LITE,BHLX3-00-400X400-X-X,table_2,E (mm),400,400,mm,https://www.tms-lite.com/ir-illumination-bhlx3.html
TMS LITE,BHLX3-00-400X400-X-X,table_2,F (mm),360,360,mm,https://www.tms-lite.com/ir-illumination-bhlx3.html
TMS LITE,BHLX3-00-400X400-X-X,table_2,G (mm),29,29,g,https://www.tms-lite.com/ir-illumination-bhlx3.html
TMS LITE,BHLX3-00-400X400-X-X,table_2,Voltage (V) / Watt (W),24V / 81.00W 24V / 108.00W 24V / 78.0W,24V / 81.00W 24V / 108.00W 24V / 78.0W,V,https://www.tms-lite.com/bhlx3-serie.html
TMS LITE,BHLX3-00-400X400-X-X,table_2,Weight (g),2800,2800,g,https://www.tms-lite.com/bhlx3-serie.html
TMS LITE,BHLX3-00-400X400-X-X,table_3,A (mm),436,436,mm,https://www.tms-lite.com/bhlx3-serie.html
TMS LITE,BHLX3-00-400X400-X-X,table_3,B (mm),428,428,mm,https://www.tms-lite.com/bhlx3-serie.html
TMS LITE,BHLX3-00-400X400-X-X,table_3,C (mm),400,400,mm,https://www.tms-lite.com/bhlx3-serie.html
TMS LITE,BHLX3-00-400X400-X-X,table_3,D (mm),418,418,mm,https://www.tms-lite.com/bhlx3-serie.html
TMS LITE,BHLX3-00-400X400-X-X,table_3,E (mm),400,400,mm,https://www.tms-lite.com/bhlx3-serie.html
TMS LITE,BHLX3-00-400X400-X-X,table_3,F (mm),360,360,mm,https://www.tms-lite.com/bhlx3-serie.html
TMS LITE,BHLX3-00-400X400-X-X,table_3,G (mm),29,29,g,https://www.tms-lite.com/bhlx3-serie.html
TMS LITE,BHLX4-00-160X160-X-X,table_1,Current,1415mA,1415mA,mA,https://www.tms-lite.com/bhlx4-series.html
TMS LITE,BHLX4-00-160X160-X-X,table_1,Voltage (V) / Watt (W),24V / 33.96W,24V / 33.96W,V,https://www.tms-lite.com/bhlx4-series.html
TMS LITE,BHLX4-00-160X160-X-X,table_1,Weight (g),665,665,g,https://www.tms-lite.com/bhlx4-series.html
TMS LITE,BHLX4-00-160X160-X-X,table_2,A (mm),196,196,mm,https://www.tms-lite.com/bhlx4-series.html
TMS LITE,BHLX4-00-160X160-X-X,table_2,B (mm),188,188,mm,https://www.tms-lite.com/bhlx4-series.html
TMS LITE,BHLX4-00-160X160-X-X,table_2,C (mm),160,160,mm,https://www.tms-lite.com/bhlx4-series.html
TMS LITE,BHLX4-00-160X160-X-X,table_2,D (mm),178,178,mm,https://www.tms-lite.com/bhlx4-series.html
TMS LITE,BHLX4-00-160X160-X-X,table_2,E (mm),160,160,mm,https://www.tms-lite.com/bhlx4-series.html
TMS LITE,BHLX4-00-160X160-X-X,table_2,F (mm),140,140,mm,https://www.tms-lite.com/bhlx4-series.html
TMS LITE,BHLX4-00-160X160-X-X,table_2,G (mm),19,19,g,https://www.tms-lite.com/bhlx4-series.html
TMS LITE,BHLX4-00-160X160-X-X,table_3,Datasheet,White,White,,https://www.tms-lite.com/bhlx4-series.html
TMS LITE,BHLX4-00-160X160-X-X,table_3,Drawing (2D),PDF,PDF,,https://www.tms-lite.com/bhlx4-series.html
TMS LITE,BHLX4-00-160X160-X-X,table_3,STEP (3D),3D View,3D View,,https://www.tms-lite.com/bhlx4-series.html
TMS LITE,BHP1010-X-X,table_1,Current,380mA 285mA,380mA 285mA,mA,https://www.tms-lite.com/bhp-serie.html
TMS LITE,BHP1010-X-X,table_1,Voltage (V) / Watt (W),24V / 9.12W 24V / 6.84W,24V / 9.12W 24V / 6.84W,V,https://www.tms-lite.com/bhp-serie.html
TMS LITE,BHP1010-X-X,table_1,Weight (g),650,650,g,https://www.tms-lite.com/bhp-serie.html
TMS LITE,BHP1010-X-X,table_2,A (mm),132.0,132.0,mm,https://www.tms-lite.com/bhp-serie.html
TMS LITE,BHP1010-X-X,table_2,B (mm),134.0,134.0,mm,https://www.tms-lite.com/bhp-serie.html
TMS LITE,BHP1010-X-X,table_2,C (mm),102.0,102.0,mm,https://www.tms-lite.com/bhp-serie.html
TMS LITE,BHP1010-X-X,table_2,D (mm),104.0,104.0,mm,https://www.tms-lite.com/bhp-serie.html
TMS LITE,BHP1010-X-X,table_2,E (mm),40.0,40.0,mm,https://www.tms-lite.com/bhp-serie.html
TMS LITE,BHP1010-X-X,table_2,F (mm),116.0,116.0,mm,https://www.tms-lite.com/bhp-serie.html
TMS LITE,BHP1515-X-X,table_1,Current,770mA 945mA,770mA 945mA,mA,https://www.tms-lite.com/bhp-serie.html
TMS LITE,BHP1515-X-X,table_1,Voltage (V) / Watt (W),24V / 18.48W 24V / 22.68W,24V / 18.48W 24V / 22.68W,V,https://www.tms-lite.com/bhp-serie.html
TMS LITE,BHP1515-X-X,table_1,Weight (g),1000,1000,g,https://www.tms-lite.com/bhp-serie.html
TMS LITE,BHP1515-X-X,table_2,A (mm),180.0,180.0,mm,https://www.tms-lite.com/bhp-serie.html
TMS LITE,BHP1515-X-X,table_2,B (mm),180.0,180.0,mm,https://www.tms-lite.com/bhp-serie.html
TMS LITE,BHP1515-X-X,table_2,C (mm),150.0,150.0,mm,https://www.tms-lite.com/bhp-serie.html
TMS LITE,BHP1515-X-X,table_2,D (mm),150.0,150.0,mm,https://www.tms-lite.com/bhp-serie.html
TMS LITE,BHP1515-X-X,table_2,E (mm),75.0,75.0,mm,https://www.tms-lite.com/bhp-serie.html
TMS LITE,BHP1515-X-X,table_2,F (mm),163.0,163.0,mm,https://www.tms-lite.com/bhp-serie.html
TMS LITE,BHP1520-X-X,table_1,Current,960mA 1260mA,960mA 1260mA,mA,https://www.tms-lite.com/bhp-serie.html
TMS LITE,BHP1520-X-X,table_1,Voltage (V) / Watt (W),24V / 23.04W 24V / 30.24W,24V / 23.04W 24V / 30.24W,V,https://www.tms-lite.com/bhp-serie.html
TMS LITE,BHP1520-X-X,table_1,Weight (g),1200,1200,g,https://www.tms-lite.com/bhp-serie.html
TMS LITE,BHP1520-X-X,table_2,A (mm),180.0,180.0,mm,https://www.tms-lite.com/bhp-serie.html
TMS LITE,BHP1520-X-X,table_2,B (mm),230.0,230.0,mm,https://www.tms-lite.com/bhp-serie.html
TMS LITE,BHP1520-X-X,table_2,C (mm),150.0,150.0,mm,https://www.tms-lite.com/bhp-serie.html
TMS LITE,BHP1520-X-X,table_2,D (mm),200.0,200.0,mm,https://www.tms-lite.com/bhp-serie.html
TMS LITE,BHP1520-X-X,table_2,E (mm),75.0,75.0,mm,https://www.tms-lite.com/bhp-serie.html
TMS LITE,BHP1520-X-X,table_2,F (mm),213.0,213.0,mm,https://www.tms-lite.com/bhp-serie.html
TMS LITE,BHS4-00-025-X-IR850,table_3,Datasheet,3D-view,3D-view,,https://www.tms-lite.com/bhs4-ir-beleuchtungsserie.html
TMS LITE,BHS4-00-025-X-IR850,table_3,Drawing (2D),PDF,PDF,,https://www.tms-lite.com/bhs4-ir-beleuchtungsserie.html
TMS LITE,BHS4-00-025-X-IR850,table_3,STEP (3D),DXF,DXF,,https://www.tms-lite.com/bhs4-ir-beleuchtungsserie.html
TMS LITE,BHS4-00-025-X-IR850,table_3,extra_4,IR850,IR850,,https://www.tms-lite.com/bhs4-ir-beleuchtungsserie.html
TMS LITE,BHS4-00-025-X-X,table_1,Current,130mA,130mA,mA,https://www.tms-lite.com/bhs4-ir-beleuchtungsserie.html
TMS LITE,BHS4-00-025-X-X,table_1,Datasheet,3D View,3D View,,https://www.tms-lite.com/bhs4-serie.html
TMS LITE,BHS4-00-025-X-X,table_1,Drawing (2D),R/G/B/W: PDF,R/G/B/W: PDF,W,https://www.tms-lite.com/bhs4-serie.html
TMS LITE,BHS4-00-025-X-X,table_1,IR,IR850,IR850,,https://www.tms-lite.com/bhs4-ir-beleuchtungsserie.html
TMS LITE,BHS4-00-025-X-X,table_1,STEP (3D),R/G/B/W: DXF,R/G/B/W: DXF,W,https://www.tms-lite.com/bhs4-serie.html
TMS LITE,BHS4-00-025-X-X,table_1,Voltage (V) / Watt (W),24V / 3.12W,24V / 3.12W,V,https://www.tms-lite.com/bhs4-ir-beleuchtungsserie.html
TMS LITE,BHS4-00-025-X-X,table_1,Weight (g),49,49,g,https://www.tms-lite.com/bhs4-ir-beleuchtungsserie.html
TMS LITE,BHS4-00-025-X-X,table_1,extra_4,Red,Red,,https://www.tms-lite.com/bhs4-serie.html
TMS LITE,BHS4-00-025-X-X,table_1,extra_5,Green,Green,,https://www.tms-lite.com/bhs4-serie.html
TMS LITE,BHS4-00-025-X-X,table_1,extra_6,Blue,Blue,,https://www.tms-lite.com/bhs4-serie.html
TMS LITE,BHS4-00-025-X-X,table_1,extra_7,White,White,,https://www.tms-lite.com/bhs4-serie.html
TMS LITE,BHS4-00-025-X-X,table_2,A (mm),59,59,mm,https://www.tms-lite.com/bhs4-ir-beleuchtungsserie.html
TMS LITE,BHS4-00-025-X-X,table_2,B (mm),49,49,mm,https://www.tms-lite.com/bhs4-ir-beleuchtungsserie.html
TMS LITE,BHS4-00-025-X-X,table_2,C (mm),25,25,mm,https://www.tms-lite.com/bhs4-ir-beleuchtungsserie.html
TMS LITE,BHS4-00-025-X-X,table_2,Colour,IR850,IR850,,https://www.tms-lite.com/bhs4-serie.html
TMS LITE,BHS4-00-025-X-X,table_2,Current,60mA 24mA 18mA 130mA,60mA 24mA 18mA 130mA,mA,https://www.tms-lite.com/bhs4-serie.html
TMS LITE,BHS4-00-025-X-X,table_2,D (mm),28,28,mm,https://www.tms-lite.com/bhs4-ir-beleuchtungsserie.html
TMS LITE,BHS4-00-025-X-X,table_2,E (mm),25,25,mm,https://www.tms-lite.com/bhs4-ir-beleuchtungsserie.html
TMS LITE,BHS4-00-025-X-X,table_2,F (mm),17,17,mm,https://www.tms-lite.com/bhs4-ir-beleuchtungsserie.html
TMS LITE,BHS4-00-025-X-X,table_2,Voltage (V) / Watt (W),24V / 1.44W 24V / 0.576W 24V / 0.432W 24V / 3.12W,24V / 1.44W 24V / 0.576W 24V / 0.432W 24V / 3.12W,V,https://www.tms-lite.com/bhs4-serie.html
TMS LITE,BHS4-00-025-X-X,table_2,Weight (g),30,30,g,https://www.tms-lite.com/bhs4-serie.html
TMS LITE,BHS4-00-025-X-X,table_3,A (mm),59.0,59.0,mm,https://www.tms-lite.com/bhs4-serie.html
TMS LITE,BHS4-00-025-X-X,table_3,B (mm),49.0,49.0,mm,https://www.tms-lite.com/bhs4-serie.html
TMS LITE,BHS4-00-025-X-X,table_3,C (mm),25.0,25.0,mm,https://www.tms-lite.com/bhs4-serie.html
TMS LITE,BHS4-00-025-X-X,table_3,D (mm),28.0,28.0,mm,https://www.tms-lite.com/bhs4-serie.html
TMS LITE,BHS4-00-025-X-X,table_3,E (mm),25.0,25.0,mm,https://www.tms-lite.com/bhs4-serie.html
TMS LITE,BHS4-00-025-X-X,table_3,F (mm),17.0,17.0,mm,https://www.tms-lite.com/bhs4-serie.html
TMS LITE,BHS4-00-030-X-IR850,table_3,Datasheet,3D-view,3D-view,,https://www.tms-lite.com/bhs4-ir-beleuchtungsserie.html
TMS LITE,BHS4-00-030-X-IR850,table_3,Drawing (2D),PDF,PDF,,https://www.tms-lite.com/bhs4-ir-beleuchtungsserie.html
TMS LITE,BHS4-00-030-X-IR850,table_3,STEP (3D),DXF,DXF,,https://www.tms-lite.com/bhs4-ir-beleuchtungsserie.html
TMS LITE,BHS4-00-030-X-IR850,table_3,extra_4,IR850,IR850,,https://www.tms-lite.com/bhs4-ir-beleuchtungsserie.html
TMS LITE,BHS4-00-030-X-X,table_1,Current,130mA,130mA,mA,https://www.tms-lite.com/bhs4-ir-beleuchtungsserie.html
TMS LITE,BHS4-00-030-X-X,table_1,Datasheet,3D View,3D View,,https://www.tms-lite.com/bhs4-serie.html
TMS LITE,BHS4-00-030-X-X,table_1,Drawing (2D),R/G/B/W: PDF,R/G/B/W: PDF,W,https://www.tms-lite.com/bhs4-serie.html
TMS LITE,BHS4-00-030-X-X,table_1,IR,IR850,IR850,,https://www.tms-lite.com/bhs4-ir-beleuchtungsserie.html
TMS LITE,BHS4-00-030-X-X,table_1,STEP (3D),R/G/B/W: DXF,R/G/B/W: DXF,W,https://www.tms-lite.com/bhs4-serie.html
TMS LITE,BHS4-00-030-X-X,table_1,Voltage (V) / Watt (W),24V / 3.12W,24V / 3.12W,V,https://www.tms-lite.com/bhs4-ir-beleuchtungsserie.html
TMS LITE,BHS4-00-030-X-X,table_1,Weight (g),49,49,g,https://www.tms-lite.com/bhs4-ir-beleuchtungsserie.html
TMS LITE,BHS4-00-030-X-X,table_1,extra_4,Red,Red,,https://www.tms-lite.com/bhs4-serie.html
TMS LITE,BHS4-00-030-X-X,table_1,extra_5,Green,Green,,https://www.tms-lite.com/bhs4-serie.html
TMS LITE,BHS4-00-030-X-X,table_1,extra_6,Blue,Blue,,https://www.tms-lite.com/bhs4-serie.html
TMS LITE,BHS4-00-030-X-X,table_1,extra_7,White,White,,https://www.tms-lite.com/bhs4-serie.html
TMS LITE,BHS4-00-030-X-X,table_2,A (mm),64,64,mm,https://www.tms-lite.com/bhs4-ir-beleuchtungsserie.html
TMS LITE,BHS4-00-030-X-X,table_2,B (mm),54,54,mm,https://www.tms-lite.com/bhs4-ir-beleuchtungsserie.html
TMS LITE,BHS4-00-030-X-X,table_2,C (mm),30,30,mm,https://www.tms-lite.com/bhs4-ir-beleuchtungsserie.html
TMS LITE,BHS4-00-030-X-X,table_2,Colour,IR850,IR850,,https://www.tms-lite.com/bhs4-serie.html
TMS LITE,BHS4-00-030-X-X,table_2,Current,60mA 24mA 18mA 130mA,60mA 24mA 18mA 130mA,mA,https://www.tms-lite.com/bhs4-serie.html
TMS LITE,BHS4-00-030-X-X,table_2,D (mm),33,33,mm,https://www.tms-lite.com/bhs4-ir-beleuchtungsserie.html
TMS LITE,BHS4-00-030-X-X,table_2,E (mm),30,30,mm,https://www.tms-lite.com/bhs4-ir-beleuchtungsserie.html
TMS LITE,BHS4-00-030-X-X,table_2,F (mm),22,22,mm,https://www.tms-lite.com/bhs4-ir-beleuchtungsserie.html
TMS LITE,BHS4-00-030-X-X,table_2,Voltage (V) / Watt (W),24V / 1.44W 24V / 0.576W 24V / 0.432W 24V / 3.12W,24V / 1.44W 24V / 0.576W 24V / 0.432W 24V / 3.12W,V,https://www.tms-lite.com/bhs4-serie.html
TMS LITE,BHS4-00-030-X-X,table_2,Weight (g),50,50,g,https://www.tms-lite.com/bhs4-serie.html
TMS LITE,BHS4-00-030-X-X,table_3,A (mm),64.0,64.0,mm,https://www.tms-lite.com/bhs4-serie.html
TMS LITE,BHS4-00-030-X-X,table_3,B (mm),54.0,54.0,mm,https://www.tms-lite.com/bhs4-serie.html
TMS LITE,BHS4-00-030-X-X,table_3,C (mm),30.0,30.0,mm,https://www.tms-lite.com/bhs4-serie.html
TMS LITE,BHS4-00-030-X-X,table_3,D (mm),33.0,33.0,mm,https://www.tms-lite.com/bhs4-serie.html
TMS LITE,BHS4-00-030-X-X,table_3,E (mm),30.0,30.0,mm,https://www.tms-lite.com/bhs4-serie.html
TMS LITE,BHS4-00-030-X-X,table_3,F (mm),22,22,mm,https://www.tms-lite.com/bhs4-serie.html
TMS LITE,BHS4-00-050-X-IR850,table_3,Datasheet,3D-view,3D-view,,https://www.tms-lite.com/bhs4-ir-beleuchtungsserie.html
TMS LITE,BHS4-00-050-X-IR850,table_3,Drawing (2D),PDF,PDF,,https://www.tms-lite.com/bhs4-ir-beleuchtungsserie.html
TMS LITE,BHS4-00-050-X-IR850,table_3,STEP (3D),DXF,DXF,,https://www.tms-lite.com/bhs4-ir-beleuchtungsserie.html
TMS LITE,BHS4-00-050-X-IR850,table_3,extra_4,IR850,IR850,,https://www.tms-lite.com/bhs4-ir-beleuchtungsserie.html
TMS LITE,BHS4-00-050-X-X,table_1,Current,96mA,96mA,mA,https://www.tms-lite.com/bhs4-ir-beleuchtungsserie.html
TMS LITE,BHS4-00-050-X-X,table_1,Datasheet,3D View,3D View,,https://www.tms-lite.com/bhs4-serie.html
TMS LITE,BHS4-00-050-X-X,table_1,Drawing (2D),R/G/B/W: PDF,R/G/B/W: PDF,W,https://www.tms-lite.com/bhs4-serie.html
TMS LITE,BHS4-00-050-X-X,table_1,IR,IR850,IR850,,https://www.tms-lite.com/bhs4-ir-beleuchtungsserie.html
TMS LITE,BHS4-00-050-X-X,table_1,STEP (3D),R/G/B/W: DXF,R/G/B/W: DXF,W,https://www.tms-lite.com/bhs4-serie.html
TMS LITE,BHS4-00-050-X-X,table_1,Voltage (V) / Watt (W),24V / 2.304W,24V / 2.304W,V,https://www.tms-lite.com/bhs4-ir-beleuchtungsserie.html
TMS LITE,BHS4-00-050-X-X,table_1,Weight (g),49,49,g,https://www.tms-lite.com/bhs4-ir-beleuchtungsserie.html
TMS LITE,BHS4-00-050-X-X,table_1,extra_4,Red,Red,,https://www.tms-lite.com/bhs4-serie.html
TMS LITE,BHS4-00-050-X-X,table_1,extra_5,Green,Green,,https://www.tms-lite.com/bhs4-serie.html
TMS LITE,BHS4-00-050-X-X,table_1,extra_6,Blue,Blue,,https://www.tms-lite.com/bhs4-serie.html
TMS LITE,BHS4-00-050-X-X,table_1,extra_7,White,White,,https://www.tms-lite.com/bhs4-serie.html
TMS LITE,BHS4-00-050-X-X,table_2,A (mm),84,84,mm,https://www.tms-lite.com/bhs4-ir-beleuchtungsserie.html
TMS LITE,BHS4-00-050-X-X,table_2,B (mm),74,74,mm,https://www.tms-lite.com/bhs4-ir-beleuchtungsserie.html
TMS LITE,BHS4-00-050-X-X,table_2,C (mm),50,50,mm,https://www.tms-lite.com/bhs4-ir-beleuchtungsserie.html
TMS LITE,BHS4-00-050-X-X,table_2,Colour,IR850,IR850,,https://www.tms-lite.com/bhs4-serie.html
TMS LITE,BHS4-00-050-X-X,table_2,Current,96mA 72mA 96mA,96mA 72mA 96mA,mA,https://www.tms-lite.com/bhs4-serie.html
TMS LITE,BHS4-00-050-X-X,table_2,D (mm),53,53,mm,https://www.tms-lite.com/bhs4-ir-beleuchtungsserie.html
TMS LITE,BHS4-00-050-X-X,table_2,E (mm),50,50,mm,https://www.tms-lite.com/bhs4-ir-beleuchtungsserie.html
TMS LITE,BHS4-00-050-X-X,table_2,F (mm),30,30,mm,https://www.tms-lite.com/bhs4-ir-beleuchtungsserie.html
TMS LITE,BHS4-00-050-X-X,table_2,Voltage (V) / Watt (W),24V / 2.304W 24V / 1.728W 24V / 2.304W,24V / 2.304W 24V / 1.728W 24V / 2.304W,V,https://www.tms-lite.com/bhs4-serie.html
TMS LITE,BHS4-00-050-X-X,table_2,Weight (g),80,80,g,https://www.tms-lite.com/bhs4-serie.html
TMS LITE,BHS4-00-050-X-X,table_3,A (mm),84.0,84.0,mm,https://www.tms-lite.com/bhs4-serie.html
TMS LITE,BHS4-00-050-X-X,table_3,B (mm),74.0,74.0,mm,https://www.tms-lite.com/bhs4-serie.html
TMS LITE,BHS4-00-050-X-X,table_3,C (mm),50.0,50.0,mm,https://www.tms-lite.com/bhs4-serie.html
TMS LITE,BHS4-00-050-X-X,table_3,D (mm),53.0,53.0,mm,https://www.tms-lite.com/bhs4-serie.html
TMS LITE,BHS4-00-050-X-X,table_3,E (mm),50.0,50.0,mm,https://www.tms-lite.com/bhs4-serie.html
TMS LITE,BHS4-00-050-X-X,table_3,F (mm),30.0,30.0,mm,https://www.tms-lite.com/bhs4-serie.html
TMS LITE,BHS4-00-060-X-IR850,table_3,Datasheet,3D-view,3D-view,,https://www.tms-lite.com/bhs4-ir-beleuchtungsserie.html
TMS LITE,BHS4-00-060-X-IR850,table_3,Drawing (2D),PDF,PDF,,https://www.tms-lite.com/bhs4-ir-beleuchtungsserie.html
TMS LITE,BHS4-00-060-X-IR850,table_3,STEP (3D),DXF,DXF,,https://www.tms-lite.com/bhs4-ir-beleuchtungsserie.html
TMS LITE,BHS4-00-060-X-IR850,table_3,extra_4,IR850,IR850,,https://www.tms-lite.com/bhs4-ir-beleuchtungsserie.html
TMS LITE,BHS4-00-060-X-X,table_1,Current,96mA,96mA,mA,https://www.tms-lite.com/bhs4-ir-beleuchtungsserie.html
TMS LITE,BHS4-00-060-X-X,table_1,Datasheet,3D View,3D View,,https://www.tms-lite.com/bhs4-serie.html
TMS LITE,BHS4-00-060-X-X,table_1,Drawing (2D),R/G/B/W: PDF,R/G/B/W: PDF,W,https://www.tms-lite.com/bhs4-serie.html
TMS LITE,BHS4-00-060-X-X,table_1,IR,IR850,IR850,,https://www.tms-lite.com/bhs4-ir-beleuchtungsserie.html
TMS LITE,BHS4-00-060-X-X,table_1,STEP (3D),R/G/B/W: DXF,R/G/B/W: DXF,W,https://www.tms-lite.com/bhs4-serie.html
TMS LITE,BHS4-00-060-X-X,table_1,Voltage (V) / Watt (W),24V / 2.30W,24V / 2.30W,V,https://www.tms-lite.com/bhs4-ir-beleuchtungsserie.html
TMS LITE,BHS4-00-060-X-X,table_1,Weight (g),49,49,g,https://www.tms-lite.com/bhs4-ir-beleuchtungsserie.html
TMS LITE,BHS4-00-060-X-X,table_1,extra_4,Red,Red,,https://www.tms-lite.com/bhs4-serie.html
TMS LITE,BHS4-00-060-X-X,table_1,extra_5,Green,Green,,https://www.tms-lite.com/bhs4-serie.html
TMS LITE,BHS4-00-060-X-X,table_1,extra_6,Blue,Blue,,https://www.tms-lite.com/bhs4-serie.html
TMS LITE,BHS4-00-060-X-X,table_1,extra_7,White,White,,https://www.tms-lite.com/bhs4-serie.html
TMS LITE,BHS4-00-060-X-X,table_2,A (mm),94,94,mm,https://www.tms-lite.com/bhs4-ir-beleuchtungsserie.html
TMS LITE,BHS4-00-060-X-X,table_2,B (mm),84,84,mm,https://www.tms-lite.com/bhs4-ir-beleuchtungsserie.html
TMS LITE,BHS4-00-060-X-X,table_2,C (mm),60,60,mm,https://www.tms-lite.com/bhs4-ir-beleuchtungsserie.html
TMS LITE,BHS4-00-060-X-X,table_2,Colour,IR850,IR850,,https://www.tms-lite.com/bhs4-serie.html
TMS LITE,BHS4-00-060-X-X,table_2,Current,96mA 72mA 96mA,96mA 72mA 96mA,mA,https://www.tms-lite.com/bhs4-serie.html
TMS LITE,BHS4-00-060-X-X,table_2,D (mm),63,63,mm,https://www.tms-lite.com/bhs4-ir-beleuchtungsserie.html
TMS LITE,BHS4-00-060-X-X,table_2,E (mm),60,60,mm,https://www.tms-lite.com/bhs4-ir-beleuchtungsserie.html
TMS LITE,BHS4-00-060-X-X,table_2,F (mm),40,40,mm,https://www.tms-lite.com/bhs4-ir-beleuchtungsserie.html
TMS LITE,BHS4-00-060-X-X,table_2,Voltage (V) / Watt (W),24V / 2.304W 24V / 1.728W 24V / 2.304W,24V / 2.304W 24V / 1.728W 24V / 2.304W,V,https://www.tms-lite.com/bhs4-serie.html
TMS LITE,BHS4-00-060-X-X,table_2,Weight (g),115,115,g,https://www.tms-lite.com/bhs4-serie.html
TMS LITE,BHS4-00-060-X-X,table_3,A (mm),94.0,94.0,mm,https://www.tms-lite.com/bhs4-serie.html
TMS LITE,BHS4-00-060-X-X,table_3,B (mm),84.0,84.0,mm,https://www.tms-lite.com/bhs4-serie.html
TMS LITE,BHS4-00-060-X-X,table_3,C (mm),60.0,60.0,mm,https://www.tms-lite.com/bhs4-serie.html
TMS LITE,BHS4-00-060-X-X,table_3,D (mm),63.0,63.0,mm,https://www.tms-lite.com/bhs4-serie.html
TMS LITE,BHS4-00-060-X-X,table_3,E (mm),60.0,60.0,mm,https://www.tms-lite.com/bhs4-serie.html
TMS LITE,BHS4-00-060-X-X,table_3,F (mm),40,40,mm,https://www.tms-lite.com/bhs4-serie.html
TMS LITE,BHS4-00-075-X-IR850,table_3,Datasheet,3D-view,3D-view,,https://www.tms-lite.com/bhs4-ir-beleuchtungsserie.html
TMS LITE,BHS4-00-075-X-IR850,table_3,Drawing (2D),PDF,PDF,,https://www.tms-lite.com/bhs4-ir-beleuchtungsserie.html
TMS LITE,BHS4-00-075-X-IR850,table_3,STEP (3D),DXF,DXF,,https://www.tms-lite.com/bhs4-ir-beleuchtungsserie.html
TMS LITE,BHS4-00-075-X-IR850,table_3,extra_4,IR850,IR850,,https://www.tms-lite.com/bhs4-ir-beleuchtungsserie.html
TMS LITE,BHS4-00-075-X-X,table_1,Current,216mA,216mA,mA,https://www.tms-lite.com/bhs4-ir-beleuchtungsserie.html
TMS LITE,BHS4-00-075-X-X,table_1,Datasheet,3D View,3D View,,https://www.tms-lite.com/bhs4-serie.html
TMS LITE,BHS4-00-075-X-X,table_1,Drawing (2D),R/G/B/W: PDF,R/G/B/W: PDF,W,https://www.tms-lite.com/bhs4-serie.html
TMS LITE,BHS4-00-075-X-X,table_1,IR,IR850,IR850,,https://www.tms-lite.com/bhs4-ir-beleuchtungsserie.html
TMS LITE,BHS4-00-075-X-X,table_1,STEP (3D),R/G/B/W: DXF,R/G/B/W: DXF,W,https://www.tms-lite.com/bhs4-serie.html
TMS LITE,BHS4-00-075-X-X,table_1,Voltage (V) / Watt (W),24V / 5.184W,24V / 5.184W,V,https://www.tms-lite.com/bhs4-ir-beleuchtungsserie.html
TMS LITE,BHS4-00-075-X-X,table_1,Weight (g),49,49,g,https://www.tms-lite.com/bhs4-ir-beleuchtungsserie.html
TMS LITE,BHS4-00-075-X-X,table_1,extra_4,Red,Red,,https://www.tms-lite.com/bhs4-serie.html
TMS LITE,BHS4-00-075-X-X,table_1,extra_5,Green,Green,,https://www.tms-lite.com/bhs4-serie.html
TMS LITE,BHS4-00-075-X-X,table_1,extra_6,Blue,Blue,,https://www.tms-lite.com/bhs4-serie.html
TMS LITE,BHS4-00-075-X-X,table_1,extra_7,White,White,,https://www.tms-lite.com/bhs4-serie.html
TMS LITE,BHS4-00-075-X-X,table_2,A (mm),109,109,mm,https://www.tms-lite.com/bhs4-ir-beleuchtungsserie.html
TMS LITE,BHS4-00-075-X-X,table_2,B (mm),99,99,mm,https://www.tms-lite.com/bhs4-ir-beleuchtungsserie.html
TMS LITE,BHS4-00-075-X-X,table_2,C (mm),75,75,mm,https://www.tms-lite.com/bhs4-ir-beleuchtungsserie.html
TMS LITE,BHS4-00-075-X-X,table_2,Colour,IR850,IR850,,https://www.tms-lite.com/bhs4-serie.html
TMS LITE,BHS4-00-075-X-X,table_2,Current,216mA 162mA 216mA,216mA 162mA 216mA,mA,https://www.tms-lite.com/bhs4-serie.html
TMS LITE,BHS4-00-075-X-X,table_2,D (mm),78,78,mm,https://www.tms-lite.com/bhs4-ir-beleuchtungsserie.html
TMS LITE,BHS4-00-075-X-X,table_2,E (mm),75,75,mm,https://www.tms-lite.com/bhs4-ir-beleuchtungsserie.html
TMS LITE,BHS4-00-075-X-X,table_2,F (mm),38.5,38.5,mm,https://www.tms-lite.com/bhs4-ir-beleuchtungsserie.html
TMS LITE,BHS4-00-075-X-X,table_2,Voltage (V) / Watt (W),24V / 5.184W 24V / 3.888W 24V / 5.184W,24V / 5.184W 24V / 3.888W 24V / 5.184W,V,https://www.tms-lite.com/bhs4-serie.html
TMS LITE,BHS4-00-075-X-X,table_2,Weight (g),100,100,g,https://www.tms-lite.com/bhs4-serie.html
TMS LITE,BHS4-00-075-X-X,table_3,A (mm),109.0,109.0,mm,https://www.tms-lite.com/bhs4-serie.html
TMS LITE,BHS4-00-075-X-X,table_3,B (mm),99.0,99.0,mm,https://www.tms-lite.com/bhs4-serie.html
TMS LITE,BHS4-00-075-X-X,table_3,C (mm),75.0,75.0,mm,https://www.tms-lite.com/bhs4-serie.html
TMS LITE,BHS4-00-075-X-X,table_3,D (mm),78.0,78.0,mm,https://www.tms-lite.com/bhs4-serie.html
TMS LITE,BHS4-00-075-X-X,table_3,E (mm),75.0,75.0,mm,https://www.tms-lite.com/bhs4-serie.html
TMS LITE,BHS4-00-075-X-X,table_3,F (mm),38.5,38.5,mm,https://www.tms-lite.com/bhs4-serie.html
TMS LITE,BHS4-00-090-X-IR850,table_3,Datasheet,3D-view,3D-view,,https://www.tms-lite.com/bhs4-ir-beleuchtungsserie.html
TMS LITE,BHS4-00-090-X-IR850,table_3,Drawing (2D),PDF,PDF,,https://www.tms-lite.com/bhs4-ir-beleuchtungsserie.html
TMS LITE,BHS4-00-090-X-IR850,table_3,STEP (3D),DXF,DXF,,https://www.tms-lite.com/bhs4-ir-beleuchtungsserie.html
TMS LITE,BHS4-00-090-X-IR850,table_3,extra_4,IR850,IR850,,https://www.tms-lite.com/bhs4-ir-beleuchtungsserie.html
TMS LITE,BHS4-00-090-X-X,table_1,Current,216mA,216mA,mA,https://www.tms-lite.com/bhs4-ir-beleuchtungsserie.html
TMS LITE,BHS4-00-090-X-X,table_1,Datasheet,3D View,3D View,,https://www.tms-lite.com/bhs4-serie.html
TMS LITE,BHS4-00-090-X-X,table_1,Drawing (2D),R/G/B/W: PDF,R/G/B/W: PDF,W,https://www.tms-lite.com/bhs4-serie.html
TMS LITE,BHS4-00-090-X-X,table_1,IR,IR850,IR850,,https://www.tms-lite.com/bhs4-ir-beleuchtungsserie.html
TMS LITE,BHS4-00-090-X-X,table_1,STEP (3D),R/G/B/W: DXF,R/G/B/W: DXF,W,https://www.tms-lite.com/bhs4-serie.html
TMS LITE,BHS4-00-090-X-X,table_1,Voltage (V) / Watt (W),24V / 5.184W,24V / 5.184W,V,https://www.tms-lite.com/bhs4-ir-beleuchtungsserie.html
TMS LITE,BHS4-00-090-X-X,table_1,Weight (g),49,49,g,https://www.tms-lite.com/bhs4-ir-beleuchtungsserie.html
TMS LITE,BHS4-00-090-X-X,table_1,extra_4,Red,Red,,https://www.tms-lite.com/bhs4-serie.html
TMS LITE,BHS4-00-090-X-X,table_1,extra_5,Green,Green,,https://www.tms-lite.com/bhs4-serie.html
TMS LITE,BHS4-00-090-X-X,table_1,extra_6,Blue,Blue,,https://www.tms-lite.com/bhs4-serie.html
TMS LITE,BHS4-00-090-X-X,table_1,extra_7,White,White,,https://www.tms-lite.com/bhs4-serie.html
TMS LITE,BHS4-00-090-X-X,table_2,A (mm),124,124,mm,https://www.tms-lite.com/bhs4-ir-beleuchtungsserie.html
TMS LITE,BHS4-00-090-X-X,table_2,B (mm),114,114,mm,https://www.tms-lite.com/bhs4-ir-beleuchtungsserie.html
TMS LITE,BHS4-00-090-X-X,table_2,C (mm),90,90,mm,https://www.tms-lite.com/bhs4-ir-beleuchtungsserie.html
TMS LITE,BHS4-00-090-X-X,table_2,Colour,IR850,IR850,,https://www.tms-lite.com/bhs4-serie.html
TMS LITE,BHS4-00-090-X-X,table_2,Current,216mA 162mA 216mA,216mA 162mA 216mA,mA,https://www.tms-lite.com/bhs4-serie.html
TMS LITE,BHS4-00-090-X-X,table_2,D (mm),93,93,mm,https://www.tms-lite.com/bhs4-ir-beleuchtungsserie.html
TMS LITE,BHS4-00-090-X-X,table_2,E (mm),90,90,mm,https://www.tms-lite.com/bhs4-ir-beleuchtungsserie.html
TMS LITE,BHS4-00-090-X-X,table_2,F (mm),70,70,mm,https://www.tms-lite.com/bhs4-ir-beleuchtungsserie.html
TMS LITE,BHS4-00-090-X-X,table_2,Voltage (V) / Watt (W),24V / 5.184W 24V / 3.888W 24V / 5.184W,24V / 5.184W 24V / 3.888W 24V / 5.184W,V,https://www.tms-lite.com/bhs4-serie.html
TMS LITE,BHS4-00-090-X-X,table_2,Weight (g),200,200,g,https://www.tms-lite.com/bhs4-serie.html
TMS LITE,BHS4-00-090-X-X,table_3,A (mm),124.0,124.0,mm,https://www.tms-lite.com/bhs4-serie.html
TMS LITE,BHS4-00-090-X-X,table_3,B (mm),114.0,114.0,mm,https://www.tms-lite.com/bhs4-serie.html
TMS LITE,BHS4-00-090-X-X,table_3,C (mm),90.0,90.0,mm,https://www.tms-lite.com/bhs4-serie.html
TMS LITE,BHS4-00-090-X-X,table_3,D (mm),93.0,93.0,mm,https://www.tms-lite.com/bhs4-serie.html
TMS LITE,BHS4-00-090-X-X,table_3,E (mm),90.0,90.0,mm,https://www.tms-lite.com/bhs4-serie.html
TMS LITE,BHS4-00-090-X-X,table_3,F (mm),70,70,mm,https://www.tms-lite.com/bhs4-serie.html
TMS LITE,BHS4-00-100-X-IR850,table_3,Datasheet,3D-view,3D-view,,https://www.tms-lite.com/bhs4-ir-beleuchtungsserie.html
TMS LITE,BHS4-00-100-X-IR850,table_3,Drawing (2D),PDF,PDF,,https://www.tms-lite.com/bhs4-ir-beleuchtungsserie.html
TMS LITE,BHS4-00-100-X-IR850,table_3,STEP (3D),DXF,DXF,,https://www.tms-lite.com/bhs4-ir-beleuchtungsserie.html
TMS LITE,BHS4-00-100-X-IR850,table_3,extra_4,IR850,IR850,,https://www.tms-lite.com/bhs4-ir-beleuchtungsserie.html
TMS LITE,BHS4-00-100-X-X,table_1,Current,384mA,384mA,mA,https://www.tms-lite.com/bhs4-ir-beleuchtungsserie.html
TMS LITE,BHS4-00-100-X-X,table_1,Datasheet,3D View,3D View,,https://www.tms-lite.com/bhs4-serie.html
TMS LITE,BHS4-00-100-X-X,table_1,Drawing (2D),R/G/B/W: PDF,R/G/B/W: PDF,W,https://www.tms-lite.com/bhs4-serie.html
TMS LITE,BHS4-00-100-X-X,table_1,IR,IR850,IR850,,https://www.tms-lite.com/bhs4-ir-beleuchtungsserie.html
TMS LITE,BHS4-00-100-X-X,table_1,STEP (3D),R/G/B/W: DXF,R/G/B/W: DXF,W,https://www.tms-lite.com/bhs4-serie.html
TMS LITE,BHS4-00-100-X-X,table_1,Voltage (V) / Watt (W),24V / 9.216W,24V / 9.216W,V,https://www.tms-lite.com/bhs4-ir-beleuchtungsserie.html
TMS LITE,BHS4-00-100-X-X,table_1,Weight (g),49,49,g,https://www.tms-lite.com/bhs4-ir-beleuchtungsserie.html
TMS LITE,BHS4-00-100-X-X,table_1,extra_4,Red,Red,,https://www.tms-lite.com/bhs4-serie.html
TMS LITE,BHS4-00-100-X-X,table_1,extra_5,Green,Green,,https://www.tms-lite.com/bhs4-serie.html
TMS LITE,BHS4-00-100-X-X,table_1,extra_6,Blue,Blue,,https://www.tms-lite.com/bhs4-serie.html
TMS LITE,BHS4-00-100-X-X,table_1,extra_7,White,White,,https://www.tms-lite.com/bhs4-serie.html
TMS LITE,BHS4-00-100-X-X,table_2,A (mm),134,134,mm,https://www.tms-lite.com/bhs4-ir-beleuchtungsserie.html
TMS LITE,BHS4-00-100-X-X,table_2,B (mm),124,124,mm,https://www.tms-lite.com/bhs4-ir-beleuchtungsserie.html
TMS LITE,BHS4-00-100-X-X,table_2,C (mm),100,100,mm,https://www.tms-lite.com/bhs4-ir-beleuchtungsserie.html
TMS LITE,BHS4-00-100-X-X,table_2,Colour,IR850,IR850,,https://www.tms-lite.com/bhs4-serie.html
TMS LITE,BHS4-00-100-X-X,table_2,Current,384mA 288mA 384mA,384mA 288mA 384mA,mA,https://www.tms-lite.com/bhs4-serie.html
TMS LITE,BHS4-00-100-X-X,table_2,D (mm),103,103,mm,https://www.tms-lite.com/bhs4-ir-beleuchtungsserie.html
TMS LITE,BHS4-00-100-X-X,table_2,E (mm),100,100,mm,https://www.tms-lite.com/bhs4-ir-beleuchtungsserie.html
TMS LITE,BHS4-00-100-X-X,table_2,F (mm),60,60,mm,https://www.tms-lite.com/bhs4-ir-beleuchtungsserie.html
TMS LITE,BHS4-00-100-X-X,table_2,Voltage (V) / Watt (W),24V / 9.216W 24V / 6.912W 24V / 9.216W,24V / 9.216W 24V / 6.912W 24V / 9.216W,V,https://www.tms-lite.com/bhs4-serie.html
TMS LITE,BHS4-00-100-X-X,table_2,Weight (g),220,220,g,https://www.tms-lite.com/bhs4-serie.html
TMS LITE,BHS4-00-100-X-X,table_3,A (mm),134.0,134.0,mm,https://www.tms-lite.com/bhs4-serie.html
TMS LITE,BHS4-00-100-X-X,table_3,B (mm),124.0,124.0,mm,https://www.tms-lite.com/bhs4-serie.html
TMS LITE,BHS4-00-100-X-X,table_3,C (mm),100.0,100.0,mm,https://www.tms-lite.com/bhs4-serie.html
TMS LITE,BHS4-00-100-X-X,table_3,D (mm),103.0,103.0,mm,https://www.tms-lite.com/bhs4-serie.html
TMS LITE,BHS4-00-100-X-X,table_3,E (mm),100.0,100.0,mm,https://www.tms-lite.com/bhs4-serie.html
TMS LITE,BHS4-00-100-X-X,table_3,F (mm),60.0,60.0,mm,https://www.tms-lite.com/bhs4-serie.html
TMS LITE,BHS4-00-120-X-IR850,table_3,Datasheet,3D-view,3D-view,,https://www.tms-lite.com/bhs4-ir-beleuchtungsserie.html
TMS LITE,BHS4-00-120-X-IR850,table_3,Drawing (2D),PDF,PDF,,https://www.tms-lite.com/bhs4-ir-beleuchtungsserie.html
TMS LITE,BHS4-00-120-X-IR850,table_3,STEP (3D),DXF,DXF,,https://www.tms-lite.com/bhs4-ir-beleuchtungsserie.html
TMS LITE,BHS4-00-120-X-IR850,table_3,extra_4,IR850,IR850,,https://www.tms-lite.com/bhs4-ir-beleuchtungsserie.html
TMS LITE,BHS4-00-120-X-X,table_1,Current,384mA,384mA,mA,https://www.tms-lite.com/bhs4-ir-beleuchtungsserie.html
TMS LITE,BHS4-00-120-X-X,table_1,Datasheet,3D View,3D View,,https://www.tms-lite.com/bhs4-serie.html
TMS LITE,BHS4-00-120-X-X,table_1,Drawing (2D),R/G/B/W: PDF,R/G/B/W: PDF,W,https://www.tms-lite.com/bhs4-serie.html
TMS LITE,BHS4-00-120-X-X,table_1,IR,IR850,IR850,,https://www.tms-lite.com/bhs4-ir-beleuchtungsserie.html
TMS LITE,BHS4-00-120-X-X,table_1,STEP (3D),R/G/B/W: DXF,R/G/B/W: DXF,W,https://www.tms-lite.com/bhs4-serie.html
TMS LITE,BHS4-00-120-X-X,table_1,Voltage (V) / Watt (W),24V / 9.216W,24V / 9.216W,V,https://www.tms-lite.com/bhs4-ir-beleuchtungsserie.html
TMS LITE,BHS4-00-120-X-X,table_1,Weight (g),49,49,g,https://www.tms-lite.com/bhs4-ir-beleuchtungsserie.html
TMS LITE,BHS4-00-120-X-X,table_1,extra_4,Red,Red,,https://www.tms-lite.com/bhs4-serie.html
TMS LITE,BHS4-00-120-X-X,table_1,extra_5,Green,Green,,https://www.tms-lite.com/bhs4-serie.html
TMS LITE,BHS4-00-120-X-X,table_1,extra_6,Blue,Blue,,https://www.tms-lite.com/bhs4-serie.html
TMS LITE,BHS4-00-120-X-X,table_1,extra_7,White,White,,https://www.tms-lite.com/bhs4-serie.html
TMS LITE,BHS4-00-120-X-X,table_2,A (mm),154,154,mm,https://www.tms-lite.com/bhs4-ir-beleuchtungsserie.html
TMS LITE,BHS4-00-120-X-X,table_2,B (mm),144,144,mm,https://www.tms-lite.com/bhs4-ir-beleuchtungsserie.html
TMS LITE,BHS4-00-120-X-X,table_2,C (mm),120,120,mm,https://www.tms-lite.com/bhs4-ir-beleuchtungsserie.html
TMS LITE,BHS4-00-120-X-X,table_2,Colour,IR850,IR850,,https://www.tms-lite.com/bhs4-serie.html
TMS LITE,BHS4-00-120-X-X,table_2,Current,384mA 288mA 384mA,384mA 288mA 384mA,mA,https://www.tms-lite.com/bhs4-serie.html
TMS LITE,BHS4-00-120-X-X,table_2,D (mm),123,123,mm,https://www.tms-lite.com/bhs4-ir-beleuchtungsserie.html
TMS LITE,BHS4-00-120-X-X,table_2,E (mm),120,120,mm,https://www.tms-lite.com/bhs4-ir-beleuchtungsserie.html
TMS LITE,BHS4-00-120-X-X,table_2,F (mm),100,100,mm,https://www.tms-lite.com/bhs4-ir-beleuchtungsserie.html
TMS LITE,BHS4-00-120-X-X,table_2,Voltage (V) / Watt (W),24V / 9.216W 24V / 6.912W 24V / 9.216W,24V / 9.216W 24V / 6.912W 24V / 9.216W,V,https://www.tms-lite.com/bhs4-serie.html
TMS LITE,BHS4-00-120-X-X,table_2,Weight (g),325,325,g,https://www.tms-lite.com/bhs4-serie.html
TMS LITE,BHS4-00-120-X-X,table_3,A (mm),154.0,154.0,mm,https://www.tms-lite.com/bhs4-serie.html
TMS LITE,BHS4-00-120-X-X,table_3,B (mm),144.0,144.0,mm,https://www.tms-lite.com/bhs4-serie.html
TMS LITE,BHS4-00-120-X-X,table_3,C (mm),120.0,120.0,mm,https://www.tms-lite.com/bhs4-serie.html
TMS LITE,BHS4-00-120-X-X,table_3,D (mm),123.0,123.0,mm,https://www.tms-lite.com/bhs4-serie.html
TMS LITE,BHS4-00-120-X-X,table_3,E (mm),120.0,120.0,mm,https://www.tms-lite.com/bhs4-serie.html
TMS LITE,BHS4-00-120-X-X,table_3,F (mm),100,100,mm,https://www.tms-lite.com/bhs4-serie.html
TMS LITE,BHS5-00-050-X-X,table_1,Current,150mA 160mA,150mA 160mA,mA,https://www.tms-lite.com/bhs5-series.html
TMS LITE,BHS5-00-050-X-X,table_1,Voltage (V) / Watt (W),24V / 3.6W 24V / 3.84W,24V / 3.6W 24V / 3.84W,V,https://www.tms-lite.com/bhs5-series.html
TMS LITE,BHS5-00-050-X-X,table_1,Weight (g),80,80,g,https://www.tms-lite.com/bhs5-series.html
TMS LITE,BHS5-00-050-X-X,table_2,A (mm),84.0,84.0,mm,https://www.tms-lite.com/bhs5-series.html
TMS LITE,BHS5-00-050-X-X,table_2,B (mm),74.0,74.0,mm,https://www.tms-lite.com/bhs5-series.html
TMS LITE,BHS5-00-050-X-X,table_2,C (mm),50.0,50.0,mm,https://www.tms-lite.com/bhs5-series.html
TMS LITE,BHS5-00-050-X-X,table_2,D (mm),53.0,53.0,mm,https://www.tms-lite.com/bhs5-series.html
TMS LITE,BHS5-00-050-X-X,table_2,E (mm),50.0,50.0,mm,https://www.tms-lite.com/bhs5-series.html
TMS LITE,BHS5-00-050-X-X,table_2,F (mm),30.0,30.0,mm,https://www.tms-lite.com/bhs5-series.html
TMS LITE,BHS5-00-050-X-X,table_3,Datasheet,Red,Red,,https://www.tms-lite.com/bhs5-series.html
TMS LITE,BHS5-00-050-X-X,table_3,Drawing (2D),PDF,PDF,,https://www.tms-lite.com/bhs5-series.html
TMS LITE,BHS5-00-050-X-X,table_3,STEP (3D),3D View,3D View,,https://www.tms-lite.com/bhs5-series.html
TMS LITE,BHS5-00-050-X-X,table_3,extra_4,Green,Green,,https://www.tms-lite.com/bhs5-series.html
TMS LITE,BHS5-00-050-X-X,table_3,extra_5,Blue,Blue,,https://www.tms-lite.com/bhs5-series.html
TMS LITE,BHS5-00-050-X-X,table_3,extra_6,White,White,,https://www.tms-lite.com/bhs5-series.html
TMS LITE,BHS5-00-075-X-X,table_1,Current,380mA 360mA,380mA 360mA,mA,https://www.tms-lite.com/bhs5-series.html
TMS LITE,BHS5-00-075-X-X,table_1,Voltage (V) / Watt (W),24V / 9.12W 24V / 8.64W,24V / 9.12W 24V / 8.64W,V,https://www.tms-lite.com/bhs5-series.html
TMS LITE,BHS5-00-075-X-X,table_1,Weight (g),100,100,g,https://www.tms-lite.com/bhs5-series.html
TMS LITE,BHS5-00-075-X-X,table_2,A (mm),109.0,109.0,mm,https://www.tms-lite.com/bhs5-series.html
TMS LITE,BHS5-00-075-X-X,table_2,B (mm),99.0,99.0,mm,https://www.tms-lite.com/bhs5-series.html
TMS LITE,BHS5-00-075-X-X,table_2,C (mm),75.0,75.0,mm,https://www.tms-lite.com/bhs5-series.html
TMS LITE,BHS5-00-075-X-X,table_2,D (mm),78.0,78.0,mm,https://www.tms-lite.com/bhs5-series.html
TMS LITE,BHS5-00-075-X-X,table_2,E (mm),75.0,75.0,mm,https://www.tms-lite.com/bhs5-series.html
TMS LITE,BHS5-00-075-X-X,table_2,F (mm),38.5,38.5,mm,https://www.tms-lite.com/bhs5-series.html
TMS LITE,BHS5-00-075-X-X,table_3,Datasheet,Red,Red,,https://www.tms-lite.com/bhs5-series.html
TMS LITE,BHS5-00-075-X-X,table_3,Drawing (2D),PDF,PDF,,https://www.tms-lite.com/bhs5-series.html
TMS LITE,BHS5-00-075-X-X,table_3,STEP (3D),3D View,3D View,,https://www.tms-lite.com/bhs5-series.html
TMS LITE,BHS5-00-075-X-X,table_3,extra_4,Green,Green,,https://www.tms-lite.com/bhs5-series.html
TMS LITE,BHS5-00-075-X-X,table_3,extra_5,Blue,Blue,,https://www.tms-lite.com/bhs5-series.html
TMS LITE,BHS5-00-075-X-X,table_3,extra_6,White,White,,https://www.tms-lite.com/bhs5-series.html
TMS LITE,BHS5-00-100-X-X,table_1,Current,590mA 640mA,590mA 640mA,mA,https://www.tms-lite.com/bhs5-series.html
TMS LITE,BHS5-00-100-X-X,table_1,Voltage (V) / Watt (W),24V / 14.16W 24V / 15.36W,24V / 14.16W 24V / 15.36W,V,https://www.tms-lite.com/bhs5-series.html
TMS LITE,BHS5-00-100-X-X,table_1,Weight (g),220,220,g,https://www.tms-lite.com/bhs5-series.html
TMS LITE,BHS5-00-100-X-X,table_2,A (mm),134.0,134.0,mm,https://www.tms-lite.com/bhs5-series.html
TMS LITE,BHS5-00-100-X-X,table_2,B (mm),124.0,124.0,mm,https://www.tms-lite.com/bhs5-series.html
TMS LITE,BHS5-00-100-X-X,table_2,C (mm),100.0,100.0,mm,https://www.tms-lite.com/bhs5-series.html
TMS LITE,BHS5-00-100-X-X,table_2,D (mm),103.0,103.0,mm,https://www.tms-lite.com/bhs5-series.html
TMS LITE,BHS5-00-100-X-X,table_2,E (mm),100.0,100.0,mm,https://www.tms-lite.com/bhs5-series.html
TMS LITE,BHS5-00-100-X-X,table_2,F (mm),60.0,60.0,mm,https://www.tms-lite.com/bhs5-series.html
TMS LITE,BHS5-00-100-X-X,table_3,Datasheet,Red,Red,,https://www.tms-lite.com/bhs5-series.html
TMS LITE,BHS5-00-100-X-X,table_3,Drawing (2D),PDF,PDF,,https://www.tms-lite.com/bhs5-series.html
TMS LITE,BHS5-00-100-X-X,table_3,STEP (3D),3D View,3D View,,https://www.tms-lite.com/bhs5-series.html
TMS LITE,BHS5-00-100-X-X,table_3,extra_4,Green,Green,,https://www.tms-lite.com/bhs5-series.html
TMS LITE,BHS5-00-100-X-X,table_3,extra_5,Blue,Blue,,https://www.tms-lite.com/bhs5-series.html
TMS LITE,BHS5-00-100-X-X,table_3,extra_6,White,White,,https://www.tms-lite.com/bhs5-series.html
TMS LITE,BHS5-00-125-X-X,table_1,Current,730mA,730mA,mA,https://www.tms-lite.com/bhs5-series.html
TMS LITE,BHS5-00-125-X-X,table_1,Voltage (V) / Watt (W),24V / 17.52W,24V / 17.52W,V,https://www.tms-lite.com/bhs5-series.html
TMS LITE,BHS5-00-125-X-X,table_1,Weight (g),350,350,g,https://www.tms-lite.com/bhs5-series.html
TMS LITE,BHS5-00-125-X-X,table_2,A (mm),159.0,159.0,mm,https://www.tms-lite.com/bhs5-series.html
TMS LITE,BHS5-00-125-X-X,table_2,B (mm),149.0,149.0,mm,https://www.tms-lite.com/bhs5-series.html
TMS LITE,BHS5-00-125-X-X,table_2,C (mm),125,125,mm,https://www.tms-lite.com/bhs5-series.html
TMS LITE,BHS5-00-125-X-X,table_2,D (mm),128.0,128.0,mm,https://www.tms-lite.com/bhs5-series.html
TMS LITE,BHS5-00-125-X-X,table_2,E (mm),125.0,125.0,mm,https://www.tms-lite.com/bhs5-series.html
TMS LITE,BHS5-00-125-X-X,table_2,F (mm),80.0,80.0,mm,https://www.tms-lite.com/bhs5-series.html
TMS LITE,BHS5-00-125-X-X,table_3,Datasheet,Red,Red,,https://www.tms-lite.com/bhs5-series.html
TMS LITE,BHS5-00-125-X-X,table_3,Drawing (2D),PDF,PDF,,https://www.tms-lite.com/bhs5-series.html
TMS LITE,BHS5-00-125-X-X,table_3,STEP (3D),3D View,3D View,,https://www.tms-lite.com/bhs5-series.html
TMS LITE,BHS5-00-125-X-X,table_3,extra_4,Green,Green,,https://www.tms-lite.com/bhs5-series.html
TMS LITE,BHS5-00-125-X-X,table_3,extra_5,Blue,Blue,,https://www.tms-lite.com/bhs5-series.html
TMS LITE,BHS5-00-125-X-X,table_3,extra_6,White,White,,https://www.tms-lite.com/bhs5-series.html
TMS LITE,CAS2,page,Product Page Title,RGBW ILLUMINATION - CAS2,RGBW ILLUMINATION - CAS2,,https://www.tms-lite.com/rgbw-illumination-cas2
TMS LITE,CAS2-00-010-X-X,table_1,Datasheet,3D View,3D View,,https://www.tms-lite.com/cas2-00-serie.html
TMS LITE,CAS2-00-010-X-X,table_1,Drawing (2D),PDF,PDF,,https://www.tms-lite.com/cas2-00-serie.html
TMS LITE,CAS2-00-010-X-X,table_1,STEP (3D),DXF,DXF,,https://www.tms-lite.com/cas2-00-serie.html
TMS LITE,CAS2-00-010-X-X,table_1,extra_4,Red,Red,,https://www.tms-lite.com/cas2-00-serie.html
TMS LITE,CAS2-00-010-X-X,table_1,extra_5,Green,Green,,https://www.tms-lite.com/cas2-00-serie.html
TMS LITE,CAS2-00-010-X-X,table_1,extra_6,Blue,Blue,,https://www.tms-lite.com/cas2-00-serie.html
TMS LITE,CAS2-00-010-X-X,table_1,extra_7,White,White,,https://www.tms-lite.com/cas2-00-serie.html
TMS LITE,CAS2-00-010-X-X,table_2,Current,75mA 130mA 150mA,75mA 130mA 150mA,mA,https://www.tms-lite.com/cas2-00-serie.html
TMS LITE,CAS2-00-010-X-X,table_2,Drive Mode,Overdrive information,Overdrive information,mA,https://www.tms-lite.com/cas2-00-serie.html
TMS LITE,CAS2-00-010-X-X,table_2,Voltage (V) / Watt (W),24V / 1.80W 24V / 3.12W 24V / 3.60W,24V / 1.80W 24V / 3.12W 24V / 3.60W,V,https://www.tms-lite.com/cas2-00-serie.html
TMS LITE,CAS2-00-010-X-X,table_2,Weight (g),120,120,g,https://www.tms-lite.com/cas2-00-serie.html
TMS LITE,CAS2-00-010-X-X,table_5,A (mm),36.0,36.0,mm,https://www.tms-lite.com/cas2-00-serie.html
TMS LITE,CAS2-00-010-X-X,table_5,B (mm),29.0,29.0,mm,https://www.tms-lite.com/cas2-00-serie.html
TMS LITE,CAS2-00-010-X-X,table_5,C (mm),77.4,77.4,mm,https://www.tms-lite.com/cas2-00-serie.html
TMS LITE,CAS2-00-010-X-X,table_5,D (mm),14.0,14.0,mm,https://www.tms-lite.com/cas2-00-serie.html
TMS LITE,CAS2-00-010-X-X,table_5,E (mm),18.0,18.0,mm,https://www.tms-lite.com/cas2-00-serie.html
TMS LITE,CAS2-00-010-X-X,table_5,F (mm),18.0,18.0,mm,https://www.tms-lite.com/cas2-00-serie.html
TMS LITE,CAS2-00-010-X-X,table_5,G (mm),15.0,15.0,g,https://www.tms-lite.com/cas2-00-serie.html
TMS LITE,CAS2-00-010-X-X,table_5,H (mm),16,16,mm,https://www.tms-lite.com/cas2-00-serie.html
TMS LITE,CAS2-00-010-X-X,table_5,Tap Hole (mm),M3,M3,mm,https://www.tms-lite.com/cas2-00-serie.html
TMS LITE,CAS2-00-020-X-X,table_1,Current,270mA 280mA,270mA 280mA,mA,https://www.tms-lite.com/cas2-12v-beleuchtungen.html
TMS LITE,CAS2-00-020-X-X,table_1,Datasheet,3D View,3D View,,https://www.tms-lite.com/cas2-00-serie.html
TMS LITE,CAS2-00-020-X-X,table_1,Drawing (2D),PDF,PDF,,https://www.tms-lite.com/cas2-00-serie.html
TMS LITE,CAS2-00-020-X-X,table_1,STEP (3D),DXF,DXF,,https://www.tms-lite.com/cas2-00-serie.html
TMS LITE,CAS2-00-020-X-X,table_1,Voltage (V) / Watt (W),12V / 3.24W 12V / 3.36W,12V / 3.24W 12V / 3.36W,V,https://www.tms-lite.com/cas2-12v-beleuchtungen.html
TMS LITE,CAS2-00-020-X-X,table_1,Weight (g),200,200,g,https://www.tms-lite.com/cas2-12v-beleuchtungen.html
TMS LITE,CAS2-00-020-X-X,table_1,extra_4,Red,Red,,https://www.tms-lite.com/cas2-00-serie.html
TMS LITE,CAS2-00-020-X-X,table_1,extra_5,Green,Green,,https://www.tms-lite.com/cas2-00-serie.html
TMS LITE,CAS2-00-020-X-X,table_1,extra_6,Blue,Blue,,https://www.tms-lite.com/cas2-00-serie.html
TMS LITE,CAS2-00-020-X-X,table_1,extra_7,White,White,,https://www.tms-lite.com/cas2-00-serie.html
TMS LITE,CAS2-00-020-X-X,table_2,Current,80mA 150mA 200mA,80mA 150mA 200mA,mA,https://www.tms-lite.com/cas2-00-serie.html
TMS LITE,CAS2-00-020-X-X,table_2,Datasheet,3D-view,3D-view,,https://www.tms-lite.com/cas2-12v-beleuchtungen.html
TMS LITE,CAS2-00-020-X-X,table_2,Drawing (2D),PDF,PDF,,https://www.tms-lite.com/cas2-12v-beleuchtungen.html
TMS LITE,CAS2-00-020-X-X,table_2,Drive Mode,Overdrive information,Overdrive information,mA,https://www.tms-lite.com/cas2-00-serie.html
TMS LITE,CAS2-00-020-X-X,table_2,STEP (3D),DXF,DXF,,https://www.tms-lite.com/cas2-12v-beleuchtungen.html
TMS LITE,CAS2-00-020-X-X,table_2,Voltage (V) / Watt (W),24V / 1.92W 24V / 3.60W 24V / 4.80W,24V / 1.92W 24V / 3.60W 24V / 4.80W,V,https://www.tms-lite.com/cas2-00-serie.html
TMS LITE,CAS2-00-020-X-X,table_2,Weight (g),200,200,g,https://www.tms-lite.com/cas2-00-serie.html
TMS LITE,CAS2-00-020-X-X,table_2,extra_4,Red,Red,,https://www.tms-lite.com/cas2-12v-beleuchtungen.html
TMS LITE,CAS2-00-020-X-X,table_2,extra_5,Green,Green,,https://www.tms-lite.com/cas2-12v-beleuchtungen.html
TMS LITE,CAS2-00-020-X-X,table_2,extra_6,Blue,Blue,,https://www.tms-lite.com/cas2-12v-beleuchtungen.html
TMS LITE,CAS2-00-020-X-X,table_2,extra_7,White,White,,https://www.tms-lite.com/cas2-12v-beleuchtungen.html
TMS LITE,CAS2-00-020-X-X,table_5,A (mm),46.0,46.0,mm,https://www.tms-lite.com/cas2-00-serie.html
TMS LITE,CAS2-00-020-X-X,table_5,B (mm),39.0,39.0,mm,https://www.tms-lite.com/cas2-00-serie.html
TMS LITE,CAS2-00-020-X-X,table_5,C (mm),87.3,87.3,mm,https://www.tms-lite.com/cas2-00-serie.html
TMS LITE,CAS2-00-020-X-X,table_5,D (mm),15.5,15.5,mm,https://www.tms-lite.com/cas2-00-serie.html
TMS LITE,CAS2-00-020-X-X,table_5,E (mm),25.0,25.0,mm,https://www.tms-lite.com/cas2-00-serie.html
TMS LITE,CAS2-00-020-X-X,table_5,F (mm),24.0,24.0,mm,https://www.tms-lite.com/cas2-00-serie.html
TMS LITE,CAS2-00-020-X-X,table_5,G (mm),20.0,20.0,g,https://www.tms-lite.com/cas2-00-serie.html
TMS LITE,CAS2-00-020-X-X,table_5,H (mm),20,20,mm,https://www.tms-lite.com/cas2-00-serie.html
TMS LITE,CAS2-00-020-X-X,table_5,Tap Hole (mm),M4,M4,mm,https://www.tms-lite.com/cas2-00-serie.html
TMS LITE,CAS2-00-025-X-RGB,table_1,Current,54mA 54mA 54mA,54mA 54mA 54mA,mA,https://www.tms-lite.com/rgb-illumination-cas2.html
TMS LITE,CAS2-00-025-X-RGB,table_1,Datasheet,3D View,3D View,,https://www.tms-lite.com/cas2-00-serie.html
TMS LITE,CAS2-00-025-X-RGB,table_1,Drawing (2D),RGB: PDF,RGB: PDF,,https://www.tms-lite.com/cas2-00-serie.html
TMS LITE,CAS2-00-025-X-RGB,table_1,Drive Mode,Overdrive information,Overdrive information,mA,https://www.tms-lite.com/rgb-illumination-cas2.html
TMS LITE,CAS2-00-025-X-RGB,table_1,STEP (3D),RGB: DXF,RGB: DXF,,https://www.tms-lite.com/cas2-00-serie.html
TMS LITE,CAS2-00-025-X-RGB,table_1,Voltage (V) / Watt (W),24V / 1.30W 24V / 1.30W 24V / 1.30W,24V / 1.30W 24V / 1.30W 24V / 1.30W,V,https://www.tms-lite.com/rgb-illumination-cas2.html
TMS LITE,CAS2-00-025-X-RGB,table_1,Weight (g),90,90,g,https://www.tms-lite.com/rgb-illumination-cas2.html
TMS LITE,CAS2-00-025-X-RGB,table_1,extra_4,RGB,RGB,,https://www.tms-lite.com/cas2-00-serie.html
TMS LITE,CAS2-00-025-X-RGB,table_2,A (mm),33.0,33.0,mm,https://www.tms-lite.com/rgb-illumination-cas2.html
TMS LITE,CAS2-00-025-X-RGB,table_2,B (mm),33.0,33.0,mm,https://www.tms-lite.com/rgb-illumination-cas2.html
TMS LITE,CAS2-00-025-X-RGB,table_2,C (mm),54.0,54.0,mm,https://www.tms-lite.com/rgb-illumination-cas2.html
TMS LITE,CAS2-00-025-X-RGB,table_2,D (mm),8.0,8.0,mm,https://www.tms-lite.com/rgb-illumination-cas2.html
TMS LITE,CAS2-00-025-X-RGB,table_2,E (mm),25.0,25.0,mm,https://www.tms-lite.com/rgb-illumination-cas2.html
TMS LITE,CAS2-00-025-X-RGB,table_2,F (mm),25.6,25.6,mm,https://www.tms-lite.com/rgb-illumination-cas2.html
TMS LITE,CAS2-00-025-X-RGB,table_2,G (mm),16.0,16.0,g,https://www.tms-lite.com/rgb-illumination-cas2.html
TMS LITE,CAS2-00-025-X-RGB,table_2,H (mm),15,15,mm,https://www.tms-lite.com/rgb-illumination-cas2.html
TMS LITE,CAS2-00-025-X-RGB,table_2,Tap Hole (mm),M3,M3,mm,https://www.tms-lite.com/rgb-illumination-cas2.html
TMS LITE,CAS2-00-025-X-RGB,table_3,Current,54mA 54mA 54mA,54mA 54mA 54mA,mA,https://www.tms-lite.com/cas2-00-serie.html
TMS LITE,CAS2-00-025-X-RGB,table_3,Datasheet,3D View,3D View,,https://www.tms-lite.com/rgb-illumination-cas2.html
TMS LITE,CAS2-00-025-X-RGB,table_3,Drawing (2D),RGB: PDF,RGB: PDF,,https://www.tms-lite.com/rgb-illumination-cas2.html
TMS LITE,CAS2-00-025-X-RGB,table_3,Drive Mode,Overdrive information,Overdrive information,mA,https://www.tms-lite.com/cas2-00-serie.html
TMS LITE,CAS2-00-025-X-RGB,table_3,STEP (3D),RGB: DXF,RGB: DXF,,https://www.tms-lite.com/rgb-illumination-cas2.html
TMS LITE,CAS2-00-025-X-RGB,table_3,Voltage (V) / Watt (W),24V / 1.30W 24V / 1.30W 24V / 1.30W,24V / 1.30W 24V / 1.30W 24V / 1.30W,V,https://www.tms-lite.com/cas2-00-serie.html
TMS LITE,CAS2-00-025-X-RGB,table_3,Weight (g),90,90,g,https://www.tms-lite.com/cas2-00-serie.html
TMS LITE,CAS2-00-025-X-RGB,table_3,extra_4,RGB,RGB,,https://www.tms-lite.com/rgb-illumination-cas2.html
TMS LITE,CAS2-00-025-X-RGB,table_5,A (mm),33.0,33.0,mm,https://www.tms-lite.com/cas2-00-serie.html
TMS LITE,CAS2-00-025-X-RGB,table_5,B (mm),33.0,33.0,mm,https://www.tms-lite.com/cas2-00-serie.html
TMS LITE,CAS2-00-025-X-RGB,table_5,C (mm),54.0,54.0,mm,https://www.tms-lite.com/cas2-00-serie.html
TMS LITE,CAS2-00-025-X-RGB,table_5,D (mm),8.0,8.0,mm,https://www.tms-lite.com/cas2-00-serie.html
TMS LITE,CAS2-00-025-X-RGB,table_5,E (mm),25.0,25.0,mm,https://www.tms-lite.com/cas2-00-serie.html
TMS LITE,CAS2-00-025-X-RGB,table_5,F (mm),25.6,25.6,mm,https://www.tms-lite.com/cas2-00-serie.html
TMS LITE,CAS2-00-025-X-RGB,table_5,G (mm),16.0,16.0,g,https://www.tms-lite.com/cas2-00-serie.html
TMS LITE,CAS2-00-025-X-RGB,table_5,H (mm),15,15,mm,https://www.tms-lite.com/cas2-00-serie.html
TMS LITE,CAS2-00-025-X-RGB,table_5,Tap Hole (mm),M3,M3,mm,https://www.tms-lite.com/cas2-00-serie.html
TMS LITE,CAS2-00-025-X-UV365,table_3,Datasheet,3D-view,3D-view,,https://www.tms-lite.com/cas2-uv-illumination-serie.html
TMS LITE,CAS2-00-025-X-UV365,table_3,Drawing (2D),PDF,PDF,,https://www.tms-lite.com/cas2-uv-illumination-serie.html
TMS LITE,CAS2-00-025-X-UV365,table_3,STEP (3D),DXF,DXF,,https://www.tms-lite.com/cas2-uv-illumination-serie.html
TMS LITE,CAS2-00-025-X-UV365,table_3,extra_4,UV365,UV365,,https://www.tms-lite.com/cas2-uv-illumination-serie.html
TMS LITE,CAS2-00-025-X-X,table_1,Current,30mA,30mA,mA,https://www.tms-lite.com/cas2-uv-illumination-serie.html
TMS LITE,CAS2-00-025-X-X,table_1,Current,160mA,160mA,mA,https://www.tms-lite.com/cas2-ir-beleuchtungsserie.html
TMS LITE,CAS2-00-025-X-X,table_1,Datasheet,3D View,3D View,,https://www.tms-lite.com/cas2-00-serie.html
TMS LITE,CAS2-00-025-X-X,table_1,Drawing (2D),PDF,PDF,,https://www.tms-lite.com/cas2-00-serie.html
TMS LITE,CAS2-00-025-X-X,table_1,IR,IR850,IR850,,https://www.tms-lite.com/cas2-ir-beleuchtungsserie.html
TMS LITE,CAS2-00-025-X-X,table_1,STEP (3D),DXF,DXF,,https://www.tms-lite.com/cas2-00-serie.html
TMS LITE,CAS2-00-025-X-X,table_1,UV,UV365,UV365,,https://www.tms-lite.com/cas2-uv-illumination-serie.html
TMS LITE,CAS2-00-025-X-X,table_1,Voltage (V) / Watt (W),24V / 3.84W,24V / 3.84W,V,https://www.tms-lite.com/cas2-ir-beleuchtungsserie.html
TMS LITE,CAS2-00-025-X-X,table_1,Voltage (V)/Watt (W),24V / 0.72W,24V / 0.72W,V,https://www.tms-lite.com/cas2-uv-illumination-serie.html
TMS LITE,CAS2-00-025-X-X,table_1,Weight (g),83,83,g,https://www.tms-lite.com/cas2-uv-illumination-serie.html
TMS LITE,CAS2-00-025-X-X,table_1,Weight (g),53,53,g,https://www.tms-lite.com/cas2-ir-beleuchtungsserie.html
TMS LITE,CAS2-00-025-X-X,table_1,extra_4,Red,Red,,https://www.tms-lite.com/cas2-00-serie.html
TMS LITE,CAS2-00-025-X-X,table_1,extra_5,Green,Green,,https://www.tms-lite.com/cas2-00-serie.html
TMS LITE,CAS2-00-025-X-X,table_1,extra_6,Blue,Blue,,https://www.tms-lite.com/cas2-00-serie.html
TMS LITE,CAS2-00-025-X-X,table_1,extra_7,White,White,,https://www.tms-lite.com/cas2-00-serie.html
TMS LITE,CAS2-00-025-X-X,table_2,A (mm),33.0,33.0,mm,https://www.tms-lite.com/cas2-uv-illumination-serie.html
TMS LITE,CAS2-00-025-X-X,table_2,A (mm),33.0,33.0,mm,https://www.tms-lite.com/cas2-ir-beleuchtungsserie.html
TMS LITE,CAS2-00-025-X-X,table_2,B (mm),33.0,33.0,mm,https://www.tms-lite.com/cas2-uv-illumination-serie.html
TMS LITE,CAS2-00-025-X-X,table_2,B (mm),33.0,33.0,mm,https://www.tms-lite.com/cas2-ir-beleuchtungsserie.html
TMS LITE,CAS2-00-025-X-X,table_2,C (mm),54.0,54.0,mm,https://www.tms-lite.com/cas2-uv-illumination-serie.html
TMS LITE,CAS2-00-025-X-X,table_2,C (mm),54.0,54.0,mm,https://www.tms-lite.com/cas2-ir-beleuchtungsserie.html
TMS LITE,CAS2-00-025-X-X,table_2,COLOUR,IR850,IR850,,https://www.tms-lite.com/cas2-00-serie.html
TMS LITE,CAS2-00-025-X-X,table_2,Current,150mA 160mA 160mA 180mA,150mA 160mA 160mA 180mA,mA,https://www.tms-lite.com/cas2-00-serie.html
TMS LITE,CAS2-00-025-X-X,table_2,D (mm),8.0,8.0,mm,https://www.tms-lite.com/cas2-uv-illumination-serie.html
TMS LITE,CAS2-00-025-X-X,table_2,D (mm),8.0,8.0,mm,https://www.tms-lite.com/cas2-ir-beleuchtungsserie.html
TMS LITE,CAS2-00-025-X-X,table_2,Drive Mode,Overdrive information,Overdrive information,mA,https://www.tms-lite.com/cas2-00-serie.html
TMS LITE,CAS2-00-025-X-X,table_2,E (mm),25.0,25.0,mm,https://www.tms-lite.com/cas2-uv-illumination-serie.html
TMS LITE,CAS2-00-025-X-X,table_2,E (mm),25.0,25.0,mm,https://www.tms-lite.com/cas2-ir-beleuchtungsserie.html
TMS LITE,CAS2-00-025-X-X,table_2,F (mm),25.6,25.6,mm,https://www.tms-lite.com/cas2-uv-illumination-serie.html
TMS LITE,CAS2-00-025-X-X,table_2,F (mm),25.6,25.6,mm,https://www.tms-lite.com/cas2-ir-beleuchtungsserie.html
TMS LITE,CAS2-00-025-X-X,table_2,G (mm),16.0,16.0,g,https://www.tms-lite.com/cas2-uv-illumination-serie.html
TMS LITE,CAS2-00-025-X-X,table_2,G (mm),16.0,16.0,g,https://www.tms-lite.com/cas2-ir-beleuchtungsserie.html
TMS LITE,CAS2-00-025-X-X,table_2,H (mm),15,15,mm,https://www.tms-lite.com/cas2-uv-illumination-serie.html
TMS LITE,CAS2-00-025-X-X,table_2,H (mm),15,15,mm,https://www.tms-lite.com/cas2-ir-beleuchtungsserie.html
TMS LITE,CAS2-00-025-X-X,table_2,Tap Hole (mm),M3,M3,mm,https://www.tms-lite.com/cas2-uv-illumination-serie.html
TMS LITE,CAS2-00-025-X-X,table_2,Tap Hole (mm),M3,M3,mm,https://www.tms-lite.com/cas2-ir-beleuchtungsserie.html
TMS LITE,CAS2-00-025-X-X,table_2,Voltage (V) / Watt (W),24V / 3.60W 24V / 3.84W 24V / 3.84W 24V / 4.32W,24V / 3.60W 24V / 3.84W 24V / 3.84W 24V / 4.32W,V,https://www.tms-lite.com/cas2-00-serie.html
TMS LITE,CAS2-00-025-X-X,table_2,Weight (g),80,80,g,https://www.tms-lite.com/cas2-00-serie.html
TMS LITE,CAS2-00-025-X-X,table_3,Datasheet,3D-view,3D-view,,https://www.tms-lite.com/cas2-ir-beleuchtungsserie.html
TMS LITE,CAS2-00-025-X-X,table_3,Drawing (2D),PDF,PDF,,https://www.tms-lite.com/cas2-ir-beleuchtungsserie.html
TMS LITE,CAS2-00-025-X-X,table_3,STEP (3D),DXF,DXF,,https://www.tms-lite.com/cas2-ir-beleuchtungsserie.html
TMS LITE,CAS2-00-025-X-X,table_3,extra_4,IR850,IR850,,https://www.tms-lite.com/cas2-ir-beleuchtungsserie.html
TMS LITE,CAS2-00-025-X-X,table_5,A (mm),33.0,33.0,mm,https://www.tms-lite.com/cas2-00-serie.html
TMS LITE,CAS2-00-025-X-X,table_5,B (mm),33.0,33.0,mm,https://www.tms-lite.com/cas2-00-serie.html
TMS LITE,CAS2-00-025-X-X,table_5,C (mm),54.0,54.0,mm,https://www.tms-lite.com/cas2-00-serie.html
TMS LITE,CAS2-00-025-X-X,table_5,D (mm),8.0,8.0,mm,https://www.tms-lite.com/cas2-00-serie.html
TMS LITE,CAS2-00-025-X-X,table_5,E (mm),25.0,25.0,mm,https://www.tms-lite.com/cas2-00-serie.html
TMS LITE,CAS2-00-025-X-X,table_5,F (mm),25.6,25.6,mm,https://www.tms-lite.com/cas2-00-serie.html
TMS LITE,CAS2-00-025-X-X,table_5,G (mm),15.0,15.0,g,https://www.tms-lite.com/cas2-00-serie.html
TMS LITE,CAS2-00-025-X-X,table_5,H (mm),16,16,mm,https://www.tms-lite.com/cas2-00-serie.html
TMS LITE,CAS2-00-025-X-X,table_5,Tap Hole (mm),M3,M3,mm,https://www.tms-lite.com/cas2-00-serie.html
TMS LITE,CAS2-00-040-X-RGB,table_1,Current,125mA 100mA 100mA,125mA 100mA 100mA,mA,https://www.tms-lite.com/rgb-illumination-cas2.html
TMS LITE,CAS2-00-040-X-RGB,table_1,Datasheet,3D View,3D View,,https://www.tms-lite.com/cas2-00-serie.html
TMS LITE,CAS2-00-040-X-RGB,table_1,Drawing (2D),RGB: PDF,RGB: PDF,,https://www.tms-lite.com/cas2-00-serie.html
TMS LITE,CAS2-00-040-X-RGB,table_1,Drive Mode,Overdrive information,Overdrive information,mA,https://www.tms-lite.com/rgb-illumination-cas2.html
TMS LITE,CAS2-00-040-X-RGB,table_1,STEP (3D),RGB: DXF,RGB: DXF,,https://www.tms-lite.com/cas2-00-serie.html
TMS LITE,CAS2-00-040-X-RGB,table_1,Voltage (V) / Watt (W),24V / 3.00W 24V / 2.40W 24V / 2.40W,24V / 3.00W 24V / 2.40W 24V / 2.40W,V,https://www.tms-lite.com/rgb-illumination-cas2.html
TMS LITE,CAS2-00-040-X-RGB,table_1,Weight (g),400,400,g,https://www.tms-lite.com/rgb-illumination-cas2.html
TMS LITE,CAS2-00-040-X-RGB,table_1,extra_4,RGB,RGB,,https://www.tms-lite.com/cas2-00-serie.html
TMS LITE,CAS2-00-040-X-RGB,table_2,A (mm),66.0,66.0,mm,https://www.tms-lite.com/rgb-illumination-cas2.html
TMS LITE,CAS2-00-040-X-RGB,table_2,B (mm),60.0,60.0,mm,https://www.tms-lite.com/rgb-illumination-cas2.html
TMS LITE,CAS2-00-040-X-RGB,table_2,C (mm),107.5,107.5,mm,https://www.tms-lite.com/rgb-illumination-cas2.html
TMS LITE,CAS2-00-040-X-RGB,table_2,D (mm),14.0,14.0,mm,https://www.tms-lite.com/rgb-illumination-cas2.html
TMS LITE,CAS2-00-040-X-RGB,table_2,E (mm),48.0,48.0,mm,https://www.tms-lite.com/rgb-illumination-cas2.html
TMS LITE,CAS2-00-040-X-RGB,table_2,F (mm),48.0,48.0,mm,https://www.tms-lite.com/rgb-illumination-cas2.html
TMS LITE,CAS2-00-040-X-RGB,table_2,G (mm),25.0,25.0,g,https://www.tms-lite.com/rgb-illumination-cas2.html
TMS LITE,CAS2-00-040-X-RGB,table_2,H (mm),25,25,mm,https://www.tms-lite.com/rgb-illumination-cas2.html
TMS LITE,CAS2-00-040-X-RGB,table_2,Tap Hole (mm),M5,M5,mm,https://www.tms-lite.com/rgb-illumination-cas2.html
TMS LITE,CAS2-00-040-X-RGB,table_3,Current,125mA 100mA 100mA,125mA 100mA 100mA,mA,https://www.tms-lite.com/cas2-00-serie.html
TMS LITE,CAS2-00-040-X-RGB,table_3,Datasheet,3D View,3D View,,https://www.tms-lite.com/rgb-illumination-cas2.html
TMS LITE,CAS2-00-040-X-RGB,table_3,Drawing (2D),RGB: PDF,RGB: PDF,,https://www.tms-lite.com/rgb-illumination-cas2.html
TMS LITE,CAS2-00-040-X-RGB,table_3,Drive Mode,Overdrive information,Overdrive information,mA,https://www.tms-lite.com/cas2-00-serie.html
TMS LITE,CAS2-00-040-X-RGB,table_3,STEP (3D),RGB: DXF,RGB: DXF,,https://www.tms-lite.com/rgb-illumination-cas2.html
TMS LITE,CAS2-00-040-X-RGB,table_3,Voltage (V) / Watt (W),24V / 3.00W 24V / 2.40W 24V / 2.40W,24V / 3.00W 24V / 2.40W 24V / 2.40W,V,https://www.tms-lite.com/cas2-00-serie.html
TMS LITE,CAS2-00-040-X-RGB,table_3,Weight (g),400,400,g,https://www.tms-lite.com/cas2-00-serie.html
TMS LITE,CAS2-00-040-X-RGB,table_3,extra_4,RGB,RGB,,https://www.tms-lite.com/rgb-illumination-cas2.html
TMS LITE,CAS2-00-040-X-RGB,table_5,A (mm),66.0,66.0,mm,https://www.tms-lite.com/cas2-00-serie.html
TMS LITE,CAS2-00-040-X-RGB,table_5,B (mm),60.0,60.0,mm,https://www.tms-lite.com/cas2-00-serie.html
TMS LITE,CAS2-00-040-X-RGB,table_5,C (mm),107.5,107.5,mm,https://www.tms-lite.com/cas2-00-serie.html
TMS LITE,CAS2-00-040-X-RGB,table_5,D (mm),14.0,14.0,mm,https://www.tms-lite.com/cas2-00-serie.html
TMS LITE,CAS2-00-040-X-RGB,table_5,E (mm),48.0,48.0,mm,https://www.tms-lite.com/cas2-00-serie.html
TMS LITE,CAS2-00-040-X-RGB,table_5,F (mm),48.0,48.0,mm,https://www.tms-lite.com/cas2-00-serie.html
TMS LITE,CAS2-00-040-X-RGB,table_5,G (mm),25.0,25.0,g,https://www.tms-lite.com/cas2-00-serie.html
TMS LITE,CAS2-00-040-X-RGB,table_5,H (mm),25,25,mm,https://www.tms-lite.com/cas2-00-serie.html
TMS LITE,CAS2-00-040-X-RGB,table_5,Tap Hole (mm),M5,M5,mm,https://www.tms-lite.com/cas2-00-serie.html
TMS LITE,CAS2-00-040-X-RGBW,table_1,Datasheet,3D View,3D View,,https://www.tms-lite.com/cas2-00-serie.html
TMS LITE,CAS2-00-040-X-RGBW,table_1,Drawing (2D),RGBW: PDF,RGBW: PDF,,https://www.tms-lite.com/cas2-00-serie.html
TMS LITE,CAS2-00-040-X-RGBW,table_1,STEP (3D),RGBW: DXF,RGBW: DXF,,https://www.tms-lite.com/cas2-00-serie.html
TMS LITE,CAS2-00-040-X-RGBW,table_1,extra_4,RGBW,RGBW,,https://www.tms-lite.com/cas2-00-serie.html
TMS LITE,CAS2-00-040-X-RGBW,table_4,Current,160mA 220mA,160mA 220mA,mA,https://www.tms-lite.com/cas2-00-serie.html
TMS LITE,CAS2-00-040-X-RGBW,table_4,Drive Mode,Overdrive information,Overdrive information,mA,https://www.tms-lite.com/cas2-00-serie.html
TMS LITE,CAS2-00-040-X-RGBW,table_4,Voltage (V) / Watt (W),24V / 3.84W 24V / 5.28W,24V / 3.84W 24V / 5.28W,V,https://www.tms-lite.com/cas2-00-serie.html
TMS LITE,CAS2-00-040-X-RGBW,table_4,Weight (g),360,360,g,https://www.tms-lite.com/cas2-00-serie.html
TMS LITE,CAS2-00-040-X-RGBW,table_5,A (mm),66.0,66.0,mm,https://www.tms-lite.com/cas2-00-serie.html
TMS LITE,CAS2-00-040-X-RGBW,table_5,B (mm),60.0,60.0,mm,https://www.tms-lite.com/cas2-00-serie.html
TMS LITE,CAS2-00-040-X-RGBW,table_5,C (mm),107.5,107.5,mm,https://www.tms-lite.com/cas2-00-serie.html
TMS LITE,CAS2-00-040-X-RGBW,table_5,D (mm),14.0,14.0,mm,https://www.tms-lite.com/cas2-00-serie.html
TMS LITE,CAS2-00-040-X-RGBW,table_5,E (mm),48.0,48.0,mm,https://www.tms-lite.com/cas2-00-serie.html
TMS LITE,CAS2-00-040-X-RGBW,table_5,F (mm),48.0,48.0,mm,https://www.tms-lite.com/cas2-00-serie.html
TMS LITE,CAS2-00-040-X-RGBW,table_5,G (mm),25.0,25.0,g,https://www.tms-lite.com/cas2-00-serie.html
TMS LITE,CAS2-00-040-X-RGBW,table_5,H (mm),25.0,25.0,mm,https://www.tms-lite.com/cas2-00-serie.html
TMS LITE,CAS2-00-040-X-RGBW,table_5,Tap Hole (mm),M5,M5,mm,https://www.tms-lite.com/cas2-00-serie.html
TMS LITE,CAS2-00-040-X-RGBW-24V,table_1,Current,160mA 220mA,160mA 220mA,mA,https://www.tms-lite.com/rgbw-illumination-cas2.html
TMS LITE,CAS2-00-040-X-RGBW-24V,table_1,Voltage (V)/Watt (W),24V / 3.84W 24V / 5.28W,24V / 3.84W 24V / 5.28W,V,https://www.tms-lite.com/rgbw-illumination-cas2.html
TMS LITE,CAS2-00-040-X-RGBW-24V,table_1,Weight (g),360,360,g,https://www.tms-lite.com/rgbw-illumination-cas2.html
TMS LITE,CAS2-00-040-X-RGBW-24V,table_2,A (mm),66.0,66.0,mm,https://www.tms-lite.com/rgbw-illumination-cas2.html
TMS LITE,CAS2-00-040-X-RGBW-24V,table_2,B (mm),60.0,60.0,mm,https://www.tms-lite.com/rgbw-illumination-cas2.html
TMS LITE,CAS2-00-040-X-RGBW-24V,table_2,C (mm),107.5,107.5,mm,https://www.tms-lite.com/rgbw-illumination-cas2.html
TMS LITE,CAS2-00-040-X-RGBW-24V,table_2,D (mm),14.0,14.0,mm,https://www.tms-lite.com/rgbw-illumination-cas2.html
TMS LITE,CAS2-00-040-X-RGBW-24V,table_2,E (mm),48.0,48.0,mm,https://www.tms-lite.com/rgbw-illumination-cas2.html
TMS LITE,CAS2-00-040-X-RGBW-24V,table_2,F (mm),48.0,48.0,mm,https://www.tms-lite.com/rgbw-illumination-cas2.html
TMS LITE,CAS2-00-040-X-RGBW-24V,table_2,G (mm),25.0,25.0,g,https://www.tms-lite.com/rgbw-illumination-cas2.html
TMS LITE,CAS2-00-040-X-RGBW-24V,table_2,H (mm),25.0,25.0,mm,https://www.tms-lite.com/rgbw-illumination-cas2.html
TMS LITE,CAS2-00-040-X-RGBW-24V,table_2,Tap Hole (mm),M5,M5,mm,https://www.tms-lite.com/rgbw-illumination-cas2.html
TMS LITE,CAS2-00-040-X-RGBW-24V,table_3,Datasheet,3D View,3D View,,https://www.tms-lite.com/rgbw-illumination-cas2.html
TMS LITE,CAS2-00-040-X-RGBW-24V,table_3,Drawing (2D),PDF,PDF,,https://www.tms-lite.com/rgbw-illumination-cas2.html
TMS LITE,CAS2-00-040-X-RGBW-24V,table_3,STEP (3D),DXF,DXF,,https://www.tms-lite.com/rgbw-illumination-cas2.html
TMS LITE,CAS2-00-040-X-RGBW-24V,table_3,extra_4,RGBW,RGBW,,https://www.tms-lite.com/rgbw-illumination-cas2.html
TMS LITE,CAS2-00-040-X-UV365,table_3,Datasheet,3D-view,3D-view,,https://www.tms-lite.com/cas2-uv-illumination-serie.html
TMS LITE,CAS2-00-040-X-UV365,table_3,Drawing (2D),PDF,PDF,,https://www.tms-lite.com/cas2-uv-illumination-serie.html
TMS LITE,CAS2-00-040-X-UV365,table_3,STEP (3D),DXF,DXF,,https://www.tms-lite.com/cas2-uv-illumination-serie.html
TMS LITE,CAS2-00-040-X-UV365,table_3,extra_4,UV365,UV365,,https://www.tms-lite.com/cas2-uv-illumination-serie.html
TMS LITE,CAS2-00-040-X-X,table_1,Current,60mA,60mA,mA,https://www.tms-lite.com/cas2-uv-illumination-serie.html
TMS LITE,CAS2-00-040-X-X,table_1,Current,350mA,350mA,mA,https://www.tms-lite.com/cas2-ir-beleuchtungsserie.html
TMS LITE,CAS2-00-040-X-X,table_1,Current,540mA 600mA,540mA 600mA,mA,https://www.tms-lite.com/cas2-12v-beleuchtungen.html
TMS LITE,CAS2-00-040-X-X,table_1,Datasheet,3D View,3D View,,https://www.tms-lite.com/cas2-00-serie.html
TMS LITE,CAS2-00-040-X-X,table_1,Drawing (2D),PDF,PDF,,https://www.tms-lite.com/cas2-00-serie.html
TMS LITE,CAS2-00-040-X-X,table_1,IR,IR850,IR850,,https://www.tms-lite.com/cas2-ir-beleuchtungsserie.html
TMS LITE,CAS2-00-040-X-X,table_1,STEP (3D),DXF,DXF,,https://www.tms-lite.com/cas2-00-serie.html
TMS LITE,CAS2-00-040-X-X,table_1,UV,UV365,UV365,,https://www.tms-lite.com/cas2-uv-illumination-serie.html
TMS LITE,CAS2-00-040-X-X,table_1,Voltage (V) / Watt (W),24V / 8.40W,24V / 8.40W,V,https://www.tms-lite.com/cas2-ir-beleuchtungsserie.html
TMS LITE,CAS2-00-040-X-X,table_1,Voltage (V) / Watt (W),12V / 6.48W 12V / 7.20W,12V / 6.48W 12V / 7.20W,V,https://www.tms-lite.com/cas2-12v-beleuchtungen.html
TMS LITE,CAS2-00-040-X-X,table_1,Voltage (V)/Watt (W),24V / 1.44W,24V / 1.44W,V,https://www.tms-lite.com/cas2-uv-illumination-serie.html
TMS LITE,CAS2-00-040-X-X,table_1,Weight (g),324,324,g,https://www.tms-lite.com/cas2-uv-illumination-serie.html
TMS LITE,CAS2-00-040-X-X,table_1,Weight (g),53,53,g,https://www.tms-lite.com/cas2-ir-beleuchtungsserie.html
TMS LITE,CAS2-00-040-X-X,table_1,Weight (g),360,360,g,https://www.tms-lite.com/cas2-12v-beleuchtungen.html
TMS LITE,CAS2-00-040-X-X,table_1,extra_4,Red,Red,,https://www.tms-lite.com/cas2-00-serie.html
TMS LITE,CAS2-00-040-X-X,table_1,extra_5,Green,Green,,https://www.tms-lite.com/cas2-00-serie.html
TMS LITE,CAS2-00-040-X-X,table_1,extra_6,Blue,Blue,,https://www.tms-lite.com/cas2-00-serie.html
TMS LITE,CAS2-00-040-X-X,table_1,extra_7,White,White,,https://www.tms-lite.com/cas2-00-serie.html
TMS LITE,CAS2-00-040-X-X,table_2,A (mm),66.0,66.0,mm,https://www.tms-lite.com/cas2-uv-illumination-serie.html
TMS LITE,CAS2-00-040-X-X,table_2,A (mm),66.0,66.0,mm,https://www.tms-lite.com/cas2-ir-beleuchtungsserie.html
TMS LITE,CAS2-00-040-X-X,table_2,B (mm),60.0,60.0,mm,https://www.tms-lite.com/cas2-uv-illumination-serie.html
TMS LITE,CAS2-00-040-X-X,table_2,B (mm),60.0,60.0,mm,https://www.tms-lite.com/cas2-ir-beleuchtungsserie.html
TMS LITE,CAS2-00-040-X-X,table_2,C (mm),107.5,107.5,mm,https://www.tms-lite.com/cas2-uv-illumination-serie.html
TMS LITE,CAS2-00-040-X-X,table_2,C (mm),107.5,107.5,mm,https://www.tms-lite.com/cas2-ir-beleuchtungsserie.html
TMS LITE,CAS2-00-040-X-X,table_2,COLOUR,IR850,IR850,,https://www.tms-lite.com/cas2-00-serie.html
TMS LITE,CAS2-00-040-X-X,table_2,Current,175mA 350mA 420mA 360mA,175mA 350mA 420mA 360mA,mA,https://www.tms-lite.com/cas2-00-serie.html
TMS LITE,CAS2-00-040-X-X,table_2,D (mm),14.0,14.0,mm,https://www.tms-lite.com/cas2-uv-illumination-serie.html
TMS LITE,CAS2-00-040-X-X,table_2,D (mm),14.0,14.0,mm,https://www.tms-lite.com/cas2-ir-beleuchtungsserie.html
TMS LITE,CAS2-00-040-X-X,table_2,Datasheet,3D-view,3D-view,,https://www.tms-lite.com/cas2-12v-beleuchtungen.html
TMS LITE,CAS2-00-040-X-X,table_2,Drawing (2D),PDF,PDF,,https://www.tms-lite.com/cas2-12v-beleuchtungen.html
TMS LITE,CAS2-00-040-X-X,table_2,Drive Mode,Overdrive information,Overdrive information,mA,https://www.tms-lite.com/cas2-00-serie.html
TMS LITE,CAS2-00-040-X-X,table_2,E (mm),48.0,48.0,mm,https://www.tms-lite.com/cas2-uv-illumination-serie.html
TMS LITE,CAS2-00-040-X-X,table_2,E (mm),48.0,48.0,mm,https://www.tms-lite.com/cas2-ir-beleuchtungsserie.html
TMS LITE,CAS2-00-040-X-X,table_2,F (mm),48.0,48.0,mm,https://www.tms-lite.com/cas2-uv-illumination-serie.html
TMS LITE,CAS2-00-040-X-X,table_2,F (mm),48.0,48.0,mm,https://www.tms-lite.com/cas2-ir-beleuchtungsserie.html
TMS LITE,CAS2-00-040-X-X,table_2,G (mm),25.0,25.0,g,https://www.tms-lite.com/cas2-uv-illumination-serie.html
TMS LITE,CAS2-00-040-X-X,table_2,G (mm),25.0,25.0,g,https://www.tms-lite.com/cas2-ir-beleuchtungsserie.html
TMS LITE,CAS2-00-040-X-X,table_2,H (mm),25,25,mm,https://www.tms-lite.com/cas2-uv-illumination-serie.html
TMS LITE,CAS2-00-040-X-X,table_2,H (mm),25,25,mm,https://www.tms-lite.com/cas2-ir-beleuchtungsserie.html
TMS LITE,CAS2-00-040-X-X,table_2,STEP (3D),DXF,DXF,,https://www.tms-lite.com/cas2-12v-beleuchtungen.html
TMS LITE,CAS2-00-040-X-X,table_2,Tap Hole (mm),M5,M5,mm,https://www.tms-lite.com/cas2-uv-illumination-serie.html
TMS LITE,CAS2-00-040-X-X,table_2,Tap Hole (mm),M5,M5,mm,https://www.tms-lite.com/cas2-ir-beleuchtungsserie.html
TMS LITE,CAS2-00-040-X-X,table_2,Voltage (V) / Watt (W),24V / 4.2W 24V / 8.40W 24V / 10.08W 24V / 8.64W,24V / 4.2W 24V / 8.40W 24V / 10.08W 24V / 8.64W,V,https://www.tms-lite.com/cas2-00-serie.html
TMS LITE,CAS2-00-040-X-X,table_2,Weight (g),360,360,g,https://www.tms-lite.com/cas2-00-serie.html
TMS LITE,CAS2-00-040-X-X,table_2,extra_4,Red,Red,,https://www.tms-lite.com/cas2-12v-beleuchtungen.html
TMS LITE,CAS2-00-040-X-X,table_2,extra_5,Green,Green,,https://www.tms-lite.com/cas2-12v-beleuchtungen.html
TMS LITE,CAS2-00-040-X-X,table_2,extra_6,Blue,Blue,,https://www.tms-lite.com/cas2-12v-beleuchtungen.html
TMS LITE,CAS2-00-040-X-X,table_2,extra_7,White,White,,https://www.tms-lite.com/cas2-12v-beleuchtungen.html
TMS LITE,CAS2-00-040-X-X,table_3,Datasheet,3D-view,3D-view,,https://www.tms-lite.com/cas2-ir-beleuchtungsserie.html
TMS LITE,CAS2-00-040-X-X,table_3,Drawing (2D),PDF,PDF,,https://www.tms-lite.com/cas2-ir-beleuchtungsserie.html
TMS LITE,CAS2-00-040-X-X,table_3,STEP (3D),DXF,DXF,,https://www.tms-lite.com/cas2-ir-beleuchtungsserie.html
TMS LITE,CAS2-00-040-X-X,table_3,extra_4,IR850,IR850,,https://www.tms-lite.com/cas2-ir-beleuchtungsserie.html
TMS LITE,CAS2-00-040-X-X,table_5,A (mm),66.0,66.0,mm,https://www.tms-lite.com/cas2-00-serie.html
TMS LITE,CAS2-00-040-X-X,table_5,B (mm),60.0,60.0,mm,https://www.tms-lite.com/cas2-00-serie.html
TMS LITE,CAS2-00-040-X-X,table_5,C (mm),107.5,107.5,mm,https://www.tms-lite.com/cas2-00-serie.html
TMS LITE,CAS2-00-040-X-X,table_5,D (mm),14.0,14.0,mm,https://www.tms-lite.com/cas2-00-serie.html
TMS LITE,CAS2-00-040-X-X,table_5,E (mm),48.0,48.0,mm,https://www.tms-lite.com/cas2-00-serie.html
TMS LITE,CAS2-00-040-X-X,table_5,F (mm),48.0,48.0,mm,https://www.tms-lite.com/cas2-00-serie.html
TMS LITE,CAS2-00-040-X-X,table_5,G (mm),25.0,25.0,g,https://www.tms-lite.com/cas2-00-serie.html
TMS LITE,CAS2-00-040-X-X,table_5,H (mm),25,25,mm,https://www.tms-lite.com/cas2-00-serie.html
TMS LITE,CAS2-00-040-X-X,table_5,Tap Hole (mm),M5,M5,mm,https://www.tms-lite.com/cas2-00-serie.html
TMS LITE,CAS2-00-070-X-RGB,table_1,Current,260mA 182mA 182mA,260mA 182mA 182mA,mA,https://www.tms-lite.com/rgb-illumination-cas2.html
TMS LITE,CAS2-00-070-X-RGB,table_1,Datasheet,3D View,3D View,,https://www.tms-lite.com/cas2-00-serie.html
TMS LITE,CAS2-00-070-X-RGB,table_1,Drawing (2D),RGB: PDF,RGB: PDF,,https://www.tms-lite.com/cas2-00-serie.html
TMS LITE,CAS2-00-070-X-RGB,table_1,Drive Mode,Overdrive information,Overdrive information,mA,https://www.tms-lite.com/rgb-illumination-cas2.html
TMS LITE,CAS2-00-070-X-RGB,table_1,STEP (3D),RGB: DXF,RGB: DXF,,https://www.tms-lite.com/cas2-00-serie.html
TMS LITE,CAS2-00-070-X-RGB,table_1,Voltage (V) / Watt (W),24V / 6.24W 24V / 4.37W 24V / 4.37W,24V / 6.24W 24V / 4.37W 24V / 4.37W,V,https://www.tms-lite.com/rgb-illumination-cas2.html
TMS LITE,CAS2-00-070-X-RGB,table_1,Weight (g),730,730,g,https://www.tms-lite.com/rgb-illumination-cas2.html
TMS LITE,CAS2-00-070-X-RGB,table_1,extra_4,RGB,RGB,,https://www.tms-lite.com/cas2-00-serie.html
TMS LITE,CAS2-00-070-X-RGB,table_2,A (mm),95.0,95.0,mm,https://www.tms-lite.com/rgb-illumination-cas2.html
TMS LITE,CAS2-00-070-X-RGB,table_2,B (mm),89.0,89.0,mm,https://www.tms-lite.com/rgb-illumination-cas2.html
TMS LITE,CAS2-00-070-X-RGB,table_2,C (mm),139.6,139.6,mm,https://www.tms-lite.com/rgb-illumination-cas2.html
TMS LITE,CAS2-00-070-X-RGB,table_2,D (mm),21.2,21.2,mm,https://www.tms-lite.com/rgb-illumination-cas2.html
TMS LITE,CAS2-00-070-X-RGB,table_2,E (mm),70.0,70.0,mm,https://www.tms-lite.com/rgb-illumination-cas2.html
TMS LITE,CAS2-00-070-X-RGB,table_2,F (mm),70.0,70.0,mm,https://www.tms-lite.com/rgb-illumination-cas2.html
TMS LITE,CAS2-00-070-X-RGB,table_2,G (mm),50.0,50.0,g,https://www.tms-lite.com/rgb-illumination-cas2.html
TMS LITE,CAS2-00-070-X-RGB,table_2,H (mm),50,50,mm,https://www.tms-lite.com/rgb-illumination-cas2.html
TMS LITE,CAS2-00-070-X-RGB,table_2,Tap Hole (mm),M5,M5,mm,https://www.tms-lite.com/rgb-illumination-cas2.html
TMS LITE,CAS2-00-070-X-RGB,table_3,Current,260mA 182mA 182mA,260mA 182mA 182mA,mA,https://www.tms-lite.com/cas2-00-serie.html
TMS LITE,CAS2-00-070-X-RGB,table_3,Datasheet,3D View,3D View,,https://www.tms-lite.com/rgb-illumination-cas2.html
TMS LITE,CAS2-00-070-X-RGB,table_3,Drawing (2D),RGB: PDF,RGB: PDF,,https://www.tms-lite.com/rgb-illumination-cas2.html
TMS LITE,CAS2-00-070-X-RGB,table_3,Drive Mode,Overdrive information,Overdrive information,mA,https://www.tms-lite.com/cas2-00-serie.html
TMS LITE,CAS2-00-070-X-RGB,table_3,STEP (3D),RGB: DXF,RGB: DXF,,https://www.tms-lite.com/rgb-illumination-cas2.html
TMS LITE,CAS2-00-070-X-RGB,table_3,Voltage (V) / Watt (W),24V / 6.24W 24V / 4.37W 24V / 4.37W,24V / 6.24W 24V / 4.37W 24V / 4.37W,V,https://www.tms-lite.com/cas2-00-serie.html
TMS LITE,CAS2-00-070-X-RGB,table_3,Weight (g),730,730,g,https://www.tms-lite.com/cas2-00-serie.html
TMS LITE,CAS2-00-070-X-RGB,table_3,extra_4,RGB,RGB,,https://www.tms-lite.com/rgb-illumination-cas2.html
TMS LITE,CAS2-00-070-X-RGB,table_5,A (mm),95.0,95.0,mm,https://www.tms-lite.com/cas2-00-serie.html
TMS LITE,CAS2-00-070-X-RGB,table_5,B (mm),89.0,89.0,mm,https://www.tms-lite.com/cas2-00-serie.html
TMS LITE,CAS2-00-070-X-RGB,table_5,C (mm),139.6,139.6,mm,https://www.tms-lite.com/cas2-00-serie.html
TMS LITE,CAS2-00-070-X-RGB,table_5,D (mm),21.2,21.2,mm,https://www.tms-lite.com/cas2-00-serie.html
TMS LITE,CAS2-00-070-X-RGB,table_5,E (mm),70.0,70.0,mm,https://www.tms-lite.com/cas2-00-serie.html
TMS LITE,CAS2-00-070-X-RGB,table_5,F (mm),70.0,70.0,mm,https://www.tms-lite.com/cas2-00-serie.html
TMS LITE,CAS2-00-070-X-RGB,table_5,G (mm),50.0,50.0,g,https://www.tms-lite.com/cas2-00-serie.html
TMS LITE,CAS2-00-070-X-RGB,table_5,H (mm),50,50,mm,https://www.tms-lite.com/cas2-00-serie.html
TMS LITE,CAS2-00-070-X-RGB,table_5,Tap Hole (mm),M5,M5,mm,https://www.tms-lite.com/cas2-00-serie.html
TMS LITE,CAS2-00-070-X-RGBW,table_1,Current,320mA 280mA 240mA,320mA 280mA 240mA,mA,https://www.tms-lite.com/rgbw-illumination-cas2.html
TMS LITE,CAS2-00-070-X-RGBW,table_1,Datasheet,3D View,3D View,,https://www.tms-lite.com/cas2-00-serie.html
TMS LITE,CAS2-00-070-X-RGBW,table_1,Drawing (2D),RGBW: PDF,RGBW: PDF,,https://www.tms-lite.com/cas2-00-serie.html
TMS LITE,CAS2-00-070-X-RGBW,table_1,STEP (3D),RGBW: DXF,RGBW: DXF,,https://www.tms-lite.com/cas2-00-serie.html
TMS LITE,CAS2-00-070-X-RGBW,table_1,Voltage (V)/Watt (W),24V / 7.68W 24V / 6.72W 24V / 5.76W,24V / 7.68W 24V / 6.72W 24V / 5.76W,V,https://www.tms-lite.com/rgbw-illumination-cas2.html
TMS LITE,CAS2-00-070-X-RGBW,table_1,Weight (g),740,740,g,https://www.tms-lite.com/rgbw-illumination-cas2.html
TMS LITE,CAS2-00-070-X-RGBW,table_1,extra_4,RGBW,RGBW,,https://www.tms-lite.com/cas2-00-serie.html
TMS LITE,CAS2-00-070-X-RGBW,table_2,A (mm),95.0,95.0,mm,https://www.tms-lite.com/rgbw-illumination-cas2.html
TMS LITE,CAS2-00-070-X-RGBW,table_2,B (mm),89.0,89.0,mm,https://www.tms-lite.com/rgbw-illumination-cas2.html
TMS LITE,CAS2-00-070-X-RGBW,table_2,C (mm),139.6,139.6,mm,https://www.tms-lite.com/rgbw-illumination-cas2.html
TMS LITE,CAS2-00-070-X-RGBW,table_2,D (mm),21.2,21.2,mm,https://www.tms-lite.com/rgbw-illumination-cas2.html
TMS LITE,CAS2-00-070-X-RGBW,table_2,E (mm),70.0,70.0,mm,https://www.tms-lite.com/rgbw-illumination-cas2.html
TMS LITE,CAS2-00-070-X-RGBW,table_2,F (mm),70.0,70.0,mm,https://www.tms-lite.com/rgbw-illumination-cas2.html
TMS LITE,CAS2-00-070-X-RGBW,table_2,G (mm),50.0,50.0,g,https://www.tms-lite.com/rgbw-illumination-cas2.html
TMS LITE,CAS2-00-070-X-RGBW,table_2,H (mm),60.0,60.0,mm,https://www.tms-lite.com/rgbw-illumination-cas2.html
TMS LITE,CAS2-00-070-X-RGBW,table_2,Tap Hole (mm),M5,M5,mm,https://www.tms-lite.com/rgbw-illumination-cas2.html
TMS LITE,CAS2-00-070-X-RGBW,table_3,Datasheet,3D View,3D View,,https://www.tms-lite.com/rgbw-illumination-cas2.html
TMS LITE,CAS2-00-070-X-RGBW,table_3,Drawing (2D),PDF,PDF,,https://www.tms-lite.com/rgbw-illumination-cas2.html
TMS LITE,CAS2-00-070-X-RGBW,table_3,STEP (3D),DXF,DXF,,https://www.tms-lite.com/rgbw-illumination-cas2.html
TMS LITE,CAS2-00-070-X-RGBW,table_3,extra_4,RGBW,RGBW,,https://www.tms-lite.com/rgbw-illumination-cas2.html
TMS LITE,CAS2-00-070-X-RGBW,table_4,Current,320mA 280mA 240mA,320mA 280mA 240mA,mA,https://www.tms-lite.com/cas2-00-serie.html
TMS LITE,CAS2-00-070-X-RGBW,table_4,Drive Mode,Overdrive information,Overdrive information,mA,https://www.tms-lite.com/cas2-00-serie.html
TMS LITE,CAS2-00-070-X-RGBW,table_4,Voltage (V) / Watt (W),24V / 7.68W 24V / 6.72W 24V / 5.76W,24V / 7.68W 24V / 6.72W 24V / 5.76W,V,https://www.tms-lite.com/cas2-00-serie.html
TMS LITE,CAS2-00-070-X-RGBW,table_4,Weight (g),740,740,g,https://www.tms-lite.com/cas2-00-serie.html
TMS LITE,CAS2-00-070-X-RGBW,table_5,A (mm),95.0,95.0,mm,https://www.tms-lite.com/cas2-00-serie.html
TMS LITE,CAS2-00-070-X-RGBW,table_5,B (mm),89.0,89.0,mm,https://www.tms-lite.com/cas2-00-serie.html
TMS LITE,CAS2-00-070-X-RGBW,table_5,C (mm),139.0,139.0,mm,https://www.tms-lite.com/cas2-00-serie.html
TMS LITE,CAS2-00-070-X-RGBW,table_5,D (mm),21.2,21.2,mm,https://www.tms-lite.com/cas2-00-serie.html
TMS LITE,CAS2-00-070-X-RGBW,table_5,E (mm),70.0,70.0,mm,https://www.tms-lite.com/cas2-00-serie.html
TMS LITE,CAS2-00-070-X-RGBW,table_5,F (mm),70.0,70.0,mm,https://www.tms-lite.com/cas2-00-serie.html
TMS LITE,CAS2-00-070-X-RGBW,table_5,G (mm),50.0,50.0,g,https://www.tms-lite.com/cas2-00-serie.html
TMS LITE,CAS2-00-070-X-RGBW,table_5,H (mm),50.0,50.0,mm,https://www.tms-lite.com/cas2-00-serie.html
TMS LITE,CAS2-00-070-X-RGBW,table_5,Tap Hole (mm),M5,M5,mm,https://www.tms-lite.com/cas2-00-serie.html
TMS LITE,CAS2-00-070-X-X,table_1,Datasheet,3D View,3D View,,https://www.tms-lite.com/cas2-00-serie.html
TMS LITE,CAS2-00-070-X-X,table_1,Drawing (2D),PDF,PDF,,https://www.tms-lite.com/cas2-00-serie.html
TMS LITE,CAS2-00-070-X-X,table_1,STEP (3D),DXF,DXF,,https://www.tms-lite.com/cas2-00-serie.html
TMS LITE,CAS2-00-070-X-X,table_1,extra_4,Red,Red,,https://www.tms-lite.com/cas2-00-serie.html
TMS LITE,CAS2-00-070-X-X,table_1,extra_5,Green,Green,,https://www.tms-lite.com/cas2-00-serie.html
TMS LITE,CAS2-00-070-X-X,table_1,extra_6,Blue,Blue,,https://www.tms-lite.com/cas2-00-serie.html
TMS LITE,CAS2-00-070-X-X,table_1,extra_7,White,White,,https://www.tms-lite.com/cas2-00-serie.html
TMS LITE,CAS2-00-070-X-X,table_2,Current,525mA 560mA 600mA,525mA 560mA 600mA,mA,https://www.tms-lite.com/cas2-00-serie.html
TMS LITE,CAS2-00-070-X-X,table_2,Drive Mode,Overdrive information,Overdrive information,mA,https://www.tms-lite.com/cas2-00-serie.html
TMS LITE,CAS2-00-070-X-X,table_2,Voltage (V) / Watt (W),24V / 12.60W 24V / 13.44W 24V / 14.4W,24V / 12.60W 24V / 13.44W 24V / 14.4W,V,https://www.tms-lite.com/cas2-00-serie.html
TMS LITE,CAS2-00-070-X-X,table_2,Weight (g),740,740,g,https://www.tms-lite.com/cas2-00-serie.html
TMS LITE,CAS2-00-070-X-X,table_5,A (mm),95.0,95.0,mm,https://www.tms-lite.com/cas2-00-serie.html
TMS LITE,CAS2-00-070-X-X,table_5,B (mm),89.0,89.0,mm,https://www.tms-lite.com/cas2-00-serie.html
TMS LITE,CAS2-00-070-X-X,table_5,C (mm),139.6,139.6,mm,https://www.tms-lite.com/cas2-00-serie.html
TMS LITE,CAS2-00-070-X-X,table_5,D (mm),21.2,21.2,mm,https://www.tms-lite.com/cas2-00-serie.html
TMS LITE,CAS2-00-070-X-X,table_5,E (mm),70.0,70.0,mm,https://www.tms-lite.com/cas2-00-serie.html
TMS LITE,CAS2-00-070-X-X,table_5,F (mm),70.0,70.0,mm,https://www.tms-lite.com/cas2-00-serie.html
TMS LITE,CAS2-00-070-X-X,table_5,G (mm),50.0,50.0,g,https://www.tms-lite.com/cas2-00-serie.html
TMS LITE,CAS2-00-070-X-X,table_5,H (mm),50,50,mm,https://www.tms-lite.com/cas2-00-serie.html
TMS LITE,CAS2-00-070-X-X,table_5,Tap Hole (mm),M5,M5,mm,https://www.tms-lite.com/cas2-00-serie.html
TMS LITE,CAS2-00-080-X-X,table_1,Datasheet,3D View,3D View,,https://www.tms-lite.com/cas2-00-serie.html
TMS LITE,CAS2-00-080-X-X,table_1,Drawing (2D),PDF,PDF,,https://www.tms-lite.com/cas2-00-serie.html
TMS LITE,CAS2-00-080-X-X,table_1,STEP (3D),DXF,DXF,,https://www.tms-lite.com/cas2-00-serie.html
TMS LITE,CAS2-00-080-X-X,table_1,extra_4,Red,Red,,https://www.tms-lite.com/cas2-00-serie.html
TMS LITE,CAS2-00-080-X-X,table_1,extra_5,Green,Green,,https://www.tms-lite.com/cas2-00-serie.html
TMS LITE,CAS2-00-080-X-X,table_1,extra_6,Blue,Blue,,https://www.tms-lite.com/cas2-00-serie.html
TMS LITE,CAS2-00-080-X-X,table_1,extra_7,White,White,,https://www.tms-lite.com/cas2-00-serie.html
TMS LITE,CAS2-00-080-X-X,table_2,Current,450mA 456mA 520mA,450mA 456mA 520mA,mA,https://www.tms-lite.com/cas2-00-serie.html
TMS LITE,CAS2-00-080-X-X,table_2,Drive Mode,Overdrive information,Overdrive information,mA,https://www.tms-lite.com/cas2-00-serie.html
TMS LITE,CAS2-00-080-X-X,table_2,Voltage (V) / Watt (W),24V / 10.80W 24V / 10.94W 24V / 12.48W,24V / 10.80W 24V / 10.94W 24V / 12.48W,V,https://www.tms-lite.com/cas2-00-serie.html
TMS LITE,CAS2-00-080-X-X,table_2,Weight (g),690,690,g,https://www.tms-lite.com/cas2-00-serie.html
TMS LITE,CAS2-00-080-X-X,table_5,A (mm),81.0,81.0,mm,https://www.tms-lite.com/cas2-00-serie.html
TMS LITE,CAS2-00-080-X-X,table_5,B (mm),104.0,104.0,mm,https://www.tms-lite.com/cas2-00-serie.html
TMS LITE,CAS2-00-080-X-X,table_5,C (mm),125.5,125.5,mm,https://www.tms-lite.com/cas2-00-serie.html
TMS LITE,CAS2-00-080-X-X,table_5,D (mm),12.2,12.2,mm,https://www.tms-lite.com/cas2-00-serie.html
TMS LITE,CAS2-00-080-X-X,table_5,E (mm),65.0,65.0,mm,https://www.tms-lite.com/cas2-00-serie.html
TMS LITE,CAS2-00-080-X-X,table_5,F (mm),84.0,84.0,mm,https://www.tms-lite.com/cas2-00-serie.html
TMS LITE,CAS2-00-080-X-X,table_5,G (mm),45.0,45.0,g,https://www.tms-lite.com/cas2-00-serie.html
TMS LITE,CAS2-00-080-X-X,table_5,H (mm),50,50,mm,https://www.tms-lite.com/cas2-00-serie.html
TMS LITE,CAS2-00-080-X-X,table_5,Tap Hole (mm),M5,M5,mm,https://www.tms-lite.com/cas2-00-serie.html
TMS LITE,CAS2-00-100-X-RGB,table_1,Current,360mA 320mA 320mA,360mA 320mA 320mA,mA,https://www.tms-lite.com/rgb-illumination-cas2.html
TMS LITE,CAS2-00-100-X-RGB,table_1,Datasheet,3D View,3D View,,https://www.tms-lite.com/cas2-00-serie.html
TMS LITE,CAS2-00-100-X-RGB,table_1,Drawing (2D),RGB: PDF,RGB: PDF,,https://www.tms-lite.com/cas2-00-serie.html
TMS LITE,CAS2-00-100-X-RGB,table_1,Drive Mode,Overdrive information,Overdrive information,mA,https://www.tms-lite.com/rgb-illumination-cas2.html
TMS LITE,CAS2-00-100-X-RGB,table_1,STEP (3D),RGB: DXF,RGB: DXF,,https://www.tms-lite.com/cas2-00-serie.html
TMS LITE,CAS2-00-100-X-RGB,table_1,Voltage (V) / Watt (W),24V / 8.64W 24V / 7.68W 24V / 7.68W,24V / 8.64W 24V / 7.68W 24V / 7.68W,V,https://www.tms-lite.com/rgb-illumination-cas2.html
TMS LITE,CAS2-00-100-X-RGB,table_1,Weight (g),1310,1310,g,https://www.tms-lite.com/rgb-illumination-cas2.html
TMS LITE,CAS2-00-100-X-RGB,table_1,extra_4,RGB,RGB,,https://www.tms-lite.com/cas2-00-serie.html
TMS LITE,CAS2-00-100-X-RGB,table_2,A (mm),123.8,123.8,mm,https://www.tms-lite.com/rgb-illumination-cas2.html
TMS LITE,CAS2-00-100-X-RGB,table_2,B (mm),120.0,120.0,mm,https://www.tms-lite.com/rgb-illumination-cas2.html
TMS LITE,CAS2-00-100-X-RGB,table_2,C (mm),166.5,166.5,mm,https://www.tms-lite.com/rgb-illumination-cas2.html
TMS LITE,CAS2-00-100-X-RGB,table_2,D (mm),18.2,18.2,mm,https://www.tms-lite.com/rgb-illumination-cas2.html
TMS LITE,CAS2-00-100-X-RGB,table_2,E (mm),100.0,100.0,mm,https://www.tms-lite.com/rgb-illumination-cas2.html
TMS LITE,CAS2-00-100-X-RGB,table_2,F (mm),100.0,100.0,mm,https://www.tms-lite.com/rgb-illumination-cas2.html
TMS LITE,CAS2-00-100-X-RGB,table_2,G (mm),50.0,50.0,g,https://www.tms-lite.com/rgb-illumination-cas2.html
TMS LITE,CAS2-00-100-X-RGB,table_2,H (mm),50.0,50.0,mm,https://www.tms-lite.com/rgb-illumination-cas2.html
TMS LITE,CAS2-00-100-X-RGB,table_2,Tap Hole (mm),M5,M5,mm,https://www.tms-lite.com/rgb-illumination-cas2.html
TMS LITE,CAS2-00-100-X-RGB,table_3,Current,360mA 320mA 320mA,360mA 320mA 320mA,mA,https://www.tms-lite.com/cas2-00-serie.html
TMS LITE,CAS2-00-100-X-RGB,table_3,Datasheet,3D View,3D View,,https://www.tms-lite.com/rgb-illumination-cas2.html
TMS LITE,CAS2-00-100-X-RGB,table_3,Drawing (2D),RGB: PDF,RGB: PDF,,https://www.tms-lite.com/rgb-illumination-cas2.html
TMS LITE,CAS2-00-100-X-RGB,table_3,Drive Mode,Overdrive information,Overdrive information,mA,https://www.tms-lite.com/cas2-00-serie.html
TMS LITE,CAS2-00-100-X-RGB,table_3,STEP (3D),RGB: DXF,RGB: DXF,,https://www.tms-lite.com/rgb-illumination-cas2.html
TMS LITE,CAS2-00-100-X-RGB,table_3,Voltage (V) / Watt (W),24V / 8.64W 24V / 7.68W 24V / 7.68W,24V / 8.64W 24V / 7.68W 24V / 7.68W,V,https://www.tms-lite.com/cas2-00-serie.html
TMS LITE,CAS2-00-100-X-RGB,table_3,Weight (g),1310,1310,g,https://www.tms-lite.com/cas2-00-serie.html
TMS LITE,CAS2-00-100-X-RGB,table_3,extra_4,RGB,RGB,,https://www.tms-lite.com/rgb-illumination-cas2.html
TMS LITE,CAS2-00-100-X-RGB,table_5,A (mm),123.8,123.8,mm,https://www.tms-lite.com/cas2-00-serie.html
TMS LITE,CAS2-00-100-X-RGB,table_5,B (mm),120.0,120.0,mm,https://www.tms-lite.com/cas2-00-serie.html
TMS LITE,CAS2-00-100-X-RGB,table_5,C (mm),166.5,166.5,mm,https://www.tms-lite.com/cas2-00-serie.html
TMS LITE,CAS2-00-100-X-RGB,table_5,D (mm),18.2,18.2,mm,https://www.tms-lite.com/cas2-00-serie.html
TMS LITE,CAS2-00-100-X-RGB,table_5,E (mm),100.0,100.0,mm,https://www.tms-lite.com/cas2-00-serie.html
TMS LITE,CAS2-00-100-X-RGB,table_5,F (mm),100.0,100.0,mm,https://www.tms-lite.com/cas2-00-serie.html
TMS LITE,CAS2-00-100-X-RGB,table_5,G (mm),50.0,50.0,g,https://www.tms-lite.com/cas2-00-serie.html
TMS LITE,CAS2-00-100-X-RGB,table_5,H (mm),50.0,50.0,mm,https://www.tms-lite.com/cas2-00-serie.html
TMS LITE,CAS2-00-100-X-RGB,table_5,Tap Hole (mm),M5,M5,mm,https://www.tms-lite.com/cas2-00-serie.html
TMS LITE,CAS2-00-100-X-X,table_1,Datasheet,3D View,3D View,,https://www.tms-lite.com/cas2-00-serie.html
TMS LITE,CAS2-00-100-X-X,table_1,Drawing (2D),PDF,PDF,,https://www.tms-lite.com/cas2-00-serie.html
TMS LITE,CAS2-00-100-X-X,table_1,STEP (3D),DXF,DXF,,https://www.tms-lite.com/cas2-00-serie.html
TMS LITE,CAS2-00-100-X-X,table_1,extra_4,Red,Red,,https://www.tms-lite.com/cas2-00-serie.html
TMS LITE,CAS2-00-100-X-X,table_1,extra_5,Green,Green,,https://www.tms-lite.com/cas2-00-serie.html
TMS LITE,CAS2-00-100-X-X,table_1,extra_6,Blue,Blue,,https://www.tms-lite.com/cas2-00-serie.html
TMS LITE,CAS2-00-100-X-X,table_1,extra_7,White,White,,https://www.tms-lite.com/cas2-00-serie.html
TMS LITE,CAS2-00-100-X-X,table_2,Current,450mA 781mA 950mA,450mA 781mA 950mA,mA,https://www.tms-lite.com/cas2-00-serie.html
TMS LITE,CAS2-00-100-X-X,table_2,Drive Mode,Overdrive information,Overdrive information,mA,https://www.tms-lite.com/cas2-00-serie.html
TMS LITE,CAS2-00-100-X-X,table_2,Voltage (V) / Watt (W),24V / 10.80W 24V / 18.74W 24V / 22.8W,24V / 10.80W 24V / 18.74W 24V / 22.8W,V,https://www.tms-lite.com/cas2-00-serie.html
TMS LITE,CAS2-00-100-X-X,table_2,Weight (g),1310,1310,g,https://www.tms-lite.com/cas2-00-serie.html
TMS LITE,CAS2-00-100-X-X,table_5,A (mm),123.8,123.8,mm,https://www.tms-lite.com/cas2-00-serie.html
TMS LITE,CAS2-00-100-X-X,table_5,B (mm),120.0,120.0,mm,https://www.tms-lite.com/cas2-00-serie.html
TMS LITE,CAS2-00-100-X-X,table_5,C (mm),166.5,166.5,mm,https://www.tms-lite.com/cas2-00-serie.html
TMS LITE,CAS2-00-100-X-X,table_5,D (mm),18.2,18.2,mm,https://www.tms-lite.com/cas2-00-serie.html
TMS LITE,CAS2-00-100-X-X,table_5,E (mm),100.0,100.0,mm,https://www.tms-lite.com/cas2-00-serie.html
TMS LITE,CAS2-00-100-X-X,table_5,F (mm),100.0,100.0,mm,https://www.tms-lite.com/cas2-00-serie.html
TMS LITE,CAS2-00-100-X-X,table_5,G (mm),50.0,50.0,g,https://www.tms-lite.com/cas2-00-serie.html
TMS LITE,CAS2-00-100-X-X,table_5,H (mm),50,50,mm,https://www.tms-lite.com/cas2-00-serie.html
TMS LITE,CAS2-00-100-X-X,table_5,Tap Hole (mm),M5,M5,mm,https://www.tms-lite.com/cas2-00-serie.html
TMS LITE,CAS2-45-010-X-X,table_1,Datasheet,3D View,3D View,,https://www.tms-lite.com/cas2-45-serie.html
TMS LITE,CAS2-45-010-X-X,table_1,Drawing (2D),PDF,PDF,,https://www.tms-lite.com/cas2-45-serie.html
TMS LITE,CAS2-45-010-X-X,table_1,STEP (3D),DXF,DXF,,https://www.tms-lite.com/cas2-45-serie.html
TMS LITE,CAS2-45-010-X-X,table_1,extra_4,Red,Red,,https://www.tms-lite.com/cas2-45-serie.html
TMS LITE,CAS2-45-010-X-X,table_1,extra_5,Green,Green,,https://www.tms-lite.com/cas2-45-serie.html
TMS LITE,CAS2-45-010-X-X,table_1,extra_6,Blue,Blue,,https://www.tms-lite.com/cas2-45-serie.html
TMS LITE,CAS2-45-010-X-X,table_1,extra_7,White,White,,https://www.tms-lite.com/cas2-45-serie.html
TMS LITE,CAS2-45-010-X-X,table_2,Current,75mA 130mA 150mA,75mA 130mA 150mA,mA,https://www.tms-lite.com/cas2-45-serie.html
TMS LITE,CAS2-45-010-X-X,table_2,Voltage (V) / Watt (W),24V / 1.80W 24V / 3.12W 24V / 3.60W,24V / 1.80W 24V / 3.12W 24V / 3.60W,V,https://www.tms-lite.com/cas2-45-serie.html
TMS LITE,CAS2-45-010-X-X,table_2,Weight (g),120,120,g,https://www.tms-lite.com/cas2-45-serie.html
TMS LITE,CAS2-45-010-X-X,table_3,A (mm),36.0,36.0,mm,https://www.tms-lite.com/cas2-45-serie.html
TMS LITE,CAS2-45-010-X-X,table_3,B (mm),18.0,18.0,mm,https://www.tms-lite.com/cas2-45-serie.html
TMS LITE,CAS2-45-010-X-X,table_3,C (mm),29.0,29.0,mm,https://www.tms-lite.com/cas2-45-serie.html
TMS LITE,CAS2-45-010-X-X,table_3,D (mm),18.0,18.0,mm,https://www.tms-lite.com/cas2-45-serie.html
TMS LITE,CAS2-45-010-X-X,table_3,E (mm),77.5,77.5,mm,https://www.tms-lite.com/cas2-45-serie.html
TMS LITE,CAS2-45-010-X-X,table_3,F (mm),14.5,14.5,mm,https://www.tms-lite.com/cas2-45-serie.html
TMS LITE,CAS2-45-010-X-X,table_3,G (mm),23.0,23.0,g,https://www.tms-lite.com/cas2-45-serie.html
TMS LITE,CAS2-45-010-X-X,table_3,H (mm),18.0,18.0,mm,https://www.tms-lite.com/cas2-45-serie.html
TMS LITE,CAS2-45-010-X-X,table_3,I (mm),18.0,18.0,mm,https://www.tms-lite.com/cas2-45-serie.html
TMS LITE,CAS2-45-010-X-X,table_3,J (mm),15.0,15.0,mm,https://www.tms-lite.com/cas2-45-serie.html
TMS LITE,CAS2-45-010-X-X,table_3,K (mm),15.0,15.0,mm,https://www.tms-lite.com/cas2-45-serie.html
TMS LITE,CAS2-45-020-X-X,table_1,Datasheet,3D View,3D View,,https://www.tms-lite.com/cas2-45-serie.html
TMS LITE,CAS2-45-020-X-X,table_1,Drawing (2D),PDF,PDF,,https://www.tms-lite.com/cas2-45-serie.html
TMS LITE,CAS2-45-020-X-X,table_1,STEP (3D),DXF,DXF,,https://www.tms-lite.com/cas2-45-serie.html
TMS LITE,CAS2-45-020-X-X,table_1,extra_4,Red,Red,,https://www.tms-lite.com/cas2-45-serie.html
TMS LITE,CAS2-45-020-X-X,table_1,extra_5,Green,Green,,https://www.tms-lite.com/cas2-45-serie.html
TMS LITE,CAS2-45-020-X-X,table_1,extra_6,Blue,Blue,,https://www.tms-lite.com/cas2-45-serie.html
TMS LITE,CAS2-45-020-X-X,table_1,extra_7,White,White,,https://www.tms-lite.com/cas2-45-serie.html
TMS LITE,CAS2-45-020-X-X,table_2,Current,80mA 150mA 200mA,80mA 150mA 200mA,mA,https://www.tms-lite.com/cas2-45-serie.html
TMS LITE,CAS2-45-020-X-X,table_2,Voltage (V) / Watt (W),24V / 1.92W 24V / 3.60W 24V / 4.80W,24V / 1.92W 24V / 3.60W 24V / 4.80W,V,https://www.tms-lite.com/cas2-45-serie.html
TMS LITE,CAS2-45-020-X-X,table_2,Weight (g),200,200,g,https://www.tms-lite.com/cas2-45-serie.html
TMS LITE,CAS2-45-020-X-X,table_3,A (mm),46.0,46.0,mm,https://www.tms-lite.com/cas2-45-serie.html
TMS LITE,CAS2-45-020-X-X,table_3,B (mm),25.0,25.0,mm,https://www.tms-lite.com/cas2-45-serie.html
TMS LITE,CAS2-45-020-X-X,table_3,C (mm),39.0,39.0,mm,https://www.tms-lite.com/cas2-45-serie.html
TMS LITE,CAS2-45-020-X-X,table_3,D (mm),24.0,24.0,mm,https://www.tms-lite.com/cas2-45-serie.html
TMS LITE,CAS2-45-020-X-X,table_3,E (mm),87.3,87.3,mm,https://www.tms-lite.com/cas2-45-serie.html
TMS LITE,CAS2-45-020-X-X,table_3,F (mm),19.5,19.5,mm,https://www.tms-lite.com/cas2-45-serie.html
TMS LITE,CAS2-45-020-X-X,table_3,G (mm),28.0,28.0,g,https://www.tms-lite.com/cas2-45-serie.html
TMS LITE,CAS2-45-020-X-X,table_3,H (mm),24.0,24.0,mm,https://www.tms-lite.com/cas2-45-serie.html
TMS LITE,CAS2-45-020-X-X,table_3,I (mm),25.0,25.0,mm,https://www.tms-lite.com/cas2-45-serie.html
TMS LITE,CAS2-45-020-X-X,table_3,J (mm),20.0,20.0,mm,https://www.tms-lite.com/cas2-45-serie.html
TMS LITE,CAS2-45-020-X-X,table_3,K (mm),20.0,20.0,mm,https://www.tms-lite.com/cas2-45-serie.html
TMS LITE,CAS2-45-040-X-X,table_1,Datasheet,3D View,3D View,,https://www.tms-lite.com/cas2-45-serie.html
TMS LITE,CAS2-45-040-X-X,table_1,Drawing (2D),PDF,PDF,,https://www.tms-lite.com/cas2-45-serie.html
TMS LITE,CAS2-45-040-X-X,table_1,STEP (3D),DXF,DXF,,https://www.tms-lite.com/cas2-45-serie.html
TMS LITE,CAS2-45-040-X-X,table_1,extra_4,Red,Red,,https://www.tms-lite.com/cas2-45-serie.html
TMS LITE,CAS2-45-040-X-X,table_1,extra_5,Green,Green,,https://www.tms-lite.com/cas2-45-serie.html
TMS LITE,CAS2-45-040-X-X,table_1,extra_6,Blue,Blue,,https://www.tms-lite.com/cas2-45-serie.html
TMS LITE,CAS2-45-040-X-X,table_1,extra_7,White,White,,https://www.tms-lite.com/cas2-45-serie.html
TMS LITE,CAS2-45-040-X-X,table_2,Current,175mA 350mA 420mA,175mA 350mA 420mA,mA,https://www.tms-lite.com/cas2-45-serie.html
TMS LITE,CAS2-45-040-X-X,table_2,Voltage (V) / Watt (W),24V / 4.20W 24V / 8.40W 24V / 10.08W,24V / 4.20W 24V / 8.40W 24V / 10.08W,V,https://www.tms-lite.com/cas2-45-serie.html
TMS LITE,CAS2-45-040-X-X,table_2,Weight (g),350,350,g,https://www.tms-lite.com/cas2-45-serie.html
TMS LITE,CAS2-45-040-X-X,table_3,A (mm),66.0,66.0,mm,https://www.tms-lite.com/cas2-45-serie.html
TMS LITE,CAS2-45-040-X-X,table_3,B (mm),48.0,48.0,mm,https://www.tms-lite.com/cas2-45-serie.html
TMS LITE,CAS2-45-040-X-X,table_3,C (mm),60.0,60.0,mm,https://www.tms-lite.com/cas2-45-serie.html
TMS LITE,CAS2-45-040-X-X,table_3,D (mm),48.0,48.0,mm,https://www.tms-lite.com/cas2-45-serie.html
TMS LITE,CAS2-45-040-X-X,table_3,E (mm),107.5,107.5,mm,https://www.tms-lite.com/cas2-45-serie.html
TMS LITE,CAS2-45-040-X-X,table_3,F (mm),30.0,30.0,mm,https://www.tms-lite.com/cas2-45-serie.html
TMS LITE,CAS2-45-040-X-X,table_3,G (mm),38.0,38.0,g,https://www.tms-lite.com/cas2-45-serie.html
TMS LITE,CAS2-45-040-X-X,table_3,H (mm),48.0,48.0,mm,https://www.tms-lite.com/cas2-45-serie.html
TMS LITE,CAS2-45-040-X-X,table_3,I (mm),48.0,48.0,mm,https://www.tms-lite.com/cas2-45-serie.html
TMS LITE,CAS2-45-040-X-X,table_3,J (mm),36.0,36.0,mm,https://www.tms-lite.com/cas2-45-serie.html
TMS LITE,CAS2-45-040-X-X,table_3,K (mm),36.0,36.0,mm,https://www.tms-lite.com/cas2-45-serie.html
TMS LITE,CAS20-00-20X40-X-X,table_1,Datasheet,3D View,3D View,,https://www.tms-lite.com/cas2-00-serie.html
TMS LITE,CAS20-00-20X40-X-X,table_1,Drawing (2D),PDF,PDF,,https://www.tms-lite.com/cas2-00-serie.html
TMS LITE,CAS20-00-20X40-X-X,table_1,STEP (3D),DXF,DXF,,https://www.tms-lite.com/cas2-00-serie.html
TMS LITE,CAS20-00-20X40-X-X,table_1,extra_4,Red,Red,,https://www.tms-lite.com/cas2-00-serie.html
TMS LITE,CAS20-00-20X40-X-X,table_1,extra_5,Green,Green,,https://www.tms-lite.com/cas2-00-serie.html
TMS LITE,CAS20-00-20X40-X-X,table_1,extra_6,Blue,Blue,,https://www.tms-lite.com/cas2-00-serie.html
TMS LITE,CAS20-00-20X40-X-X,table_1,extra_7,White,White,,https://www.tms-lite.com/cas2-00-serie.html
TMS LITE,CAS20-00-20X40-X-X,table_2,Current,60mA 60mA,60mA 60mA,mA,https://www.tms-lite.com/cas2-00-serie.html
TMS LITE,CAS20-00-20X40-X-X,table_2,Drive Mode,Overdrive information,Overdrive information,mA,https://www.tms-lite.com/cas2-00-serie.html
TMS LITE,CAS20-00-20X40-X-X,table_2,Voltage (V) / Watt (W),24V / 1.44W 24V / 1.44W,24V / 1.44W 24V / 1.44W,V,https://www.tms-lite.com/cas2-00-serie.html
TMS LITE,CAS20-00-20X40-X-X,table_2,Weight (g),150,150,g,https://www.tms-lite.com/cas2-00-serie.html
TMS LITE,CAS20-00-20X40-X-X,table_5,A (mm),28.2,28.2,mm,https://www.tms-lite.com/cas2-00-serie.html
TMS LITE,CAS20-00-20X40-X-X,table_5,B (mm),50.5,50.5,mm,https://www.tms-lite.com/cas2-00-serie.html
TMS LITE,CAS20-00-20X40-X-X,table_5,C (mm),60,60,mm,https://www.tms-lite.com/cas2-00-serie.html
TMS LITE,CAS20-00-20X40-X-X,table_5,D (mm),7,7,mm,https://www.tms-lite.com/cas2-00-serie.html
TMS LITE,CAS20-00-20X40-X-X,table_5,E (mm),20,20,mm,https://www.tms-lite.com/cas2-00-serie.html
TMS LITE,CAS20-00-20X40-X-X,table_5,F (mm),40,40,mm,https://www.tms-lite.com/cas2-00-serie.html
TMS LITE,CAS20-00-20X40-X-X,table_5,G (mm),10,10,g,https://www.tms-lite.com/cas2-00-serie.html
TMS LITE,CAS20-00-20X40-X-X,table_5,H (mm),20,20,mm,https://www.tms-lite.com/cas2-00-serie.html
TMS LITE,CAS20-00-20X40-X-X,table_5,Tap Hole (mm),M3,M3,mm,https://www.tms-lite.com/cas2-00-serie.html
TMS LITE,CAS25-00-25X50-X-X,table_1,Datasheet,3D View,3D View,,https://www.tms-lite.com/cas2-00-serie.html
TMS LITE,CAS25-00-25X50-X-X,table_1,Drawing (2D),PDF,PDF,,https://www.tms-lite.com/cas2-00-serie.html
TMS LITE,CAS25-00-25X50-X-X,table_1,STEP (3D),DXF,DXF,,https://www.tms-lite.com/cas2-00-serie.html
TMS LITE,CAS25-00-25X50-X-X,table_1,extra_4,Red,Red,,https://www.tms-lite.com/cas2-00-serie.html
TMS LITE,CAS25-00-25X50-X-X,table_1,extra_5,Green,Green,,https://www.tms-lite.com/cas2-00-serie.html
TMS LITE,CAS25-00-25X50-X-X,table_1,extra_6,Blue,Blue,,https://www.tms-lite.com/cas2-00-serie.html
TMS LITE,CAS25-00-25X50-X-X,table_1,extra_7,White,White,,https://www.tms-lite.com/cas2-00-serie.html
TMS LITE,CAS25-00-25X50-X-X,table_2,Current,120mA 120mA,120mA 120mA,mA,https://www.tms-lite.com/cas2-00-serie.html
TMS LITE,CAS25-00-25X50-X-X,table_2,Drive Mode,Overdrive information,Overdrive information,mA,https://www.tms-lite.com/cas2-00-serie.html
TMS LITE,CAS25-00-25X50-X-X,table_2,Voltage (V) / Watt (W),24V / 2.88W 24V / 2.88W,24V / 2.88W 24V / 2.88W,V,https://www.tms-lite.com/cas2-00-serie.html
TMS LITE,CAS25-00-25X50-X-X,table_2,Weight (g),200,200,g,https://www.tms-lite.com/cas2-00-serie.html
TMS LITE,CAS25-00-25X50-X-X,table_5,A (mm),33.2,33.2,mm,https://www.tms-lite.com/cas2-00-serie.html
TMS LITE,CAS25-00-25X50-X-X,table_5,B (mm),60.5,60.5,mm,https://www.tms-lite.com/cas2-00-serie.html
TMS LITE,CAS25-00-25X50-X-X,table_5,C (mm),65,65,mm,https://www.tms-lite.com/cas2-00-serie.html
TMS LITE,CAS25-00-25X50-X-X,table_5,D (mm),7,7,mm,https://www.tms-lite.com/cas2-00-serie.html
TMS LITE,CAS25-00-25X50-X-X,table_5,E (mm),25,25,mm,https://www.tms-lite.com/cas2-00-serie.html
TMS LITE,CAS25-00-25X50-X-X,table_5,F (mm),50,50,mm,https://www.tms-lite.com/cas2-00-serie.html
TMS LITE,CAS25-00-25X50-X-X,table_5,G (mm),12.5,12.5,g,https://www.tms-lite.com/cas2-00-serie.html
TMS LITE,CAS25-00-25X50-X-X,table_5,H (mm),25,25,mm,https://www.tms-lite.com/cas2-00-serie.html
TMS LITE,CAS25-00-25X50-X-X,table_5,Tap Hole (mm),M3,M3,mm,https://www.tms-lite.com/cas2-00-serie.html
TMS LITE,CAS3-00-150-X-X,table_2,A (mm),160.4,160.4,mm,https://www.tms-lite.com/cas3-serie.html
TMS LITE,CAS3-00-150-X-X,table_2,B (mm),160,160,mm,https://www.tms-lite.com/cas3-serie.html
TMS LITE,CAS3-00-150-X-X,table_2,C (mm),217.5,217.5,mm,https://www.tms-lite.com/cas3-serie.html
TMS LITE,CAS3-00-150-X-X,table_2,D (mm),10,10,mm,https://www.tms-lite.com/cas3-serie.html
TMS LITE,CAS3-00-150-X-X,table_2,E (mm),150,150,mm,https://www.tms-lite.com/cas3-serie.html
TMS LITE,CAS3-00-150-X-X,table_2,F (mm),150,150,mm,https://www.tms-lite.com/cas3-serie.html
TMS LITE,CAS3-00-150-X-X,table_2,G (mm),50,50,g,https://www.tms-lite.com/cas3-serie.html
TMS LITE,CAS3-00-150-X-X,table_2,H (mm),50,50,mm,https://www.tms-lite.com/cas3-serie.html
TMS LITE,CAS3-00-150-X-X,table_2,I (mm),-,-,mm,https://www.tms-lite.com/cas3-serie.html
TMS LITE,CAS3-00-150-X-X,table_2,TapHole (mm),M6,M6,mm,https://www.tms-lite.com/cas3-serie.html
TMS LITE,CAS3-00-150-X-X,table_3,2D Drawing,PDF,PDF,,https://www.tms-lite.com/cas3-serie.html
TMS LITE,CAS3-00-150-X-X,table_3,Datasheet,3D View,3D View,,https://www.tms-lite.com/cas3-serie.html
TMS LITE,CAS3-00-150-X-X,table_3,STEP File,DXF,DXF,,https://www.tms-lite.com/cas3-serie.html
TMS LITE,CAS3-00-150-X-X,table_3,extra_4,Red,Red,,https://www.tms-lite.com/cas3-serie.html
TMS LITE,CAS3-00-150-X-X,table_3,extra_5,Green,Green,,https://www.tms-lite.com/cas3-serie.html
TMS LITE,CAS3-00-150-X-X,table_3,extra_6,Blue,Blue,,https://www.tms-lite.com/cas3-serie.html
TMS LITE,CAS3-00-150-X-X,table_3,extra_7,White,White,,https://www.tms-lite.com/cas3-serie.html
TMS LITE,CAS3-00-150-X-X Beam splitter assembly guideline,table_1,Current,1056mA 891mA,1056mA 891mA,mA,https://www.tms-lite.com/cas3-serie.html
TMS LITE,CAS3-00-150-X-X Beam splitter assembly guideline,table_1,Drive Mode,Overdrive information,Overdrive information,mA,https://www.tms-lite.com/cas3-serie.html
TMS LITE,CAS3-00-150-X-X Beam splitter assembly guideline,table_1,Voltage (V) / Watt (W),24V / 25.34W 24V / 21.38W,24V / 25.34W 24V / 21.38W,V,https://www.tms-lite.com/cas3-serie.html
TMS LITE,CAS3-00-150-X-X Beam splitter assembly guideline,table_1,Weight (g),2000,2000,g,https://www.tms-lite.com/cas3-serie.html
TMS LITE,CAS3-00-200-X-X,table_2,A (mm),213,213,mm,https://www.tms-lite.com/cas3-serie.html
TMS LITE,CAS3-00-200-X-X,table_2,B (mm),260,260,mm,https://www.tms-lite.com/cas3-serie.html
TMS LITE,CAS3-00-200-X-X,table_2,C (mm),260.5,260.5,mm,https://www.tms-lite.com/cas3-serie.html
TMS LITE,CAS3-00-200-X-X,table_2,D (mm),9,9,mm,https://www.tms-lite.com/cas3-serie.html
TMS LITE,CAS3-00-200-X-X,table_2,E (mm),200,200,mm,https://www.tms-lite.com/cas3-serie.html
TMS LITE,CAS3-00-200-X-X,table_2,F (mm),200,200,mm,https://www.tms-lite.com/cas3-serie.html
TMS LITE,CAS3-00-200-X-X,table_2,G (mm),150,150,g,https://www.tms-lite.com/cas3-serie.html
TMS LITE,CAS3-00-200-X-X,table_2,H (mm),240,240,mm,https://www.tms-lite.com/cas3-serie.html
TMS LITE,CAS3-00-200-X-X,table_2,I (mm),219,219,mm,https://www.tms-lite.com/cas3-serie.html
TMS LITE,CAS3-00-200-X-X,table_2,TapHole (mm),-,-,mm,https://www.tms-lite.com/cas3-serie.html
TMS LITE,CAS3-00-200-X-X,table_3,2D Drawing,PDF,PDF,,https://www.tms-lite.com/cas3-serie.html
TMS LITE,CAS3-00-200-X-X,table_3,Datasheet,3D View,3D View,,https://www.tms-lite.com/cas3-serie.html
TMS LITE,CAS3-00-200-X-X,table_3,STEP File,DXF,DXF,,https://www.tms-lite.com/cas3-serie.html
TMS LITE,CAS3-00-200-X-X,table_3,extra_4,Red,Red,,https://www.tms-lite.com/cas3-serie.html
TMS LITE,CAS3-00-200-X-X,table_3,extra_5,Green,Green,,https://www.tms-lite.com/cas3-serie.html
TMS LITE,CAS3-00-200-X-X,table_3,extra_6,Blue,Blue,,https://www.tms-lite.com/cas3-serie.html
TMS LITE,CAS3-00-200-X-X,table_3,extra_7,White,White,,https://www.tms-lite.com/cas3-serie.html
TMS LITE,CAS3-00-200-X-X Beam splitter assembly guideline Video beam splitter assembly,table_1,Current,1350mA 1584mA,1350mA 1584mA,mA,https://www.tms-lite.com/cas3-serie.html
TMS LITE,CAS3-00-200-X-X Beam splitter assembly guideline Video beam splitter assembly,table_1,Drive Mode,Overdrive information,Overdrive information,mA,https://www.tms-lite.com/cas3-serie.html
TMS LITE,CAS3-00-200-X-X Beam splitter assembly guideline Video beam splitter assembly,table_1,Voltage (V) / Watt (W),24V / 32.40W 24V / 38.02W,24V / 32.40W 24V / 38.02W,V,https://www.tms-lite.com/cas3-serie.html
TMS LITE,CAS3-00-200-X-X Beam splitter assembly guideline Video beam splitter assembly,table_1,Weight (g),3200,3200,g,https://www.tms-lite.com/cas3-serie.html
TMS LITE,CAS3-00-250-X-X,table_2,A (mm),260.6,260.6,mm,https://www.tms-lite.com/cas3-serie.html
TMS LITE,CAS3-00-250-X-X,table_2,B (mm),310,310,mm,https://www.tms-lite.com/cas3-serie.html
TMS LITE,CAS3-00-250-X-X,table_2,C (mm),309.5,309.5,mm,https://www.tms-lite.com/cas3-serie.html
TMS LITE,CAS3-00-250-X-X,table_2,D (mm),9,9,mm,https://www.tms-lite.com/cas3-serie.html
TMS LITE,CAS3-00-250-X-X,table_2,E (mm),250,250,mm,https://www.tms-lite.com/cas3-serie.html
TMS LITE,CAS3-00-250-X-X,table_2,F (mm),250,250,mm,https://www.tms-lite.com/cas3-serie.html
TMS LITE,CAS3-00-250-X-X,table_2,G (mm),210,210,g,https://www.tms-lite.com/cas3-serie.html
TMS LITE,CAS3-00-250-X-X,table_2,H (mm),290,290,mm,https://www.tms-lite.com/cas3-serie.html
TMS LITE,CAS3-00-250-X-X,table_2,I (mm),269,269,mm,https://www.tms-lite.com/cas3-serie.html
TMS LITE,CAS3-00-250-X-X,table_2,TapHole (mm),-,-,mm,https://www.tms-lite.com/cas3-serie.html
TMS LITE,CAS3-00-250-X-X,table_3,2D Drawing,PDF,PDF,,https://www.tms-lite.com/cas3-serie.html
TMS LITE,CAS3-00-250-X-X,table_3,Datasheet,3D View,3D View,,https://www.tms-lite.com/cas3-serie.html
TMS LITE,CAS3-00-250-X-X,table_3,STEP File,DXF,DXF,,https://www.tms-lite.com/cas3-serie.html
TMS LITE,CAS3-00-250-X-X,table_3,extra_4,Red,Red,,https://www.tms-lite.com/cas3-serie.html
TMS LITE,CAS3-00-250-X-X,table_3,extra_5,Green,Green,,https://www.tms-lite.com/cas3-serie.html
TMS LITE,CAS3-00-250-X-X,table_3,extra_6,Blue,Blue,,https://www.tms-lite.com/cas3-serie.html
TMS LITE,CAS3-00-250-X-X,table_3,extra_7,White,White,,https://www.tms-lite.com/cas3-serie.html
TMS LITE,CAS3-00-250-X-X Beam splitter assembly guideline Video beam splitter assembly,table_1,Current,1944mA 2250mA,1944mA 2250mA,mA,https://www.tms-lite.com/cas3-serie.html
TMS LITE,CAS3-00-250-X-X Beam splitter assembly guideline Video beam splitter assembly,table_1,Drive Mode,Overdrive information,Overdrive information,mA,https://www.tms-lite.com/cas3-serie.html
TMS LITE,CAS3-00-250-X-X Beam splitter assembly guideline Video beam splitter assembly,table_1,Voltage (V) / Watt (W),24V / 46.66W 24V / 54.00W,24V / 46.66W 24V / 54.00W,V,https://www.tms-lite.com/cas3-serie.html
TMS LITE,CAS3-00-250-X-X Beam splitter assembly guideline Video beam splitter assembly,table_1,Weight (g),5000,5000,g,https://www.tms-lite.com/cas3-serie.html
TMS LITE,CAS30-00-30X60-X-X,table_1,Datasheet,3D View,3D View,,https://www.tms-lite.com/cas2-00-serie.html
TMS LITE,CAS30-00-30X60-X-X,table_1,Drawing (2D),PDF,PDF,,https://www.tms-lite.com/cas2-00-serie.html
TMS LITE,CAS30-00-30X60-X-X,table_1,STEP (3D),DXF,DXF,,https://www.tms-lite.com/cas2-00-serie.html
TMS LITE,CAS30-00-30X60-X-X,table_1,extra_4,Red,Red,,https://www.tms-lite.com/cas2-00-serie.html
TMS LITE,CAS30-00-30X60-X-X,table_1,extra_5,Green,Green,,https://www.tms-lite.com/cas2-00-serie.html
TMS LITE,CAS30-00-30X60-X-X,table_1,extra_6,Blue,Blue,,https://www.tms-lite.com/cas2-00-serie.html
TMS LITE,CAS30-00-30X60-X-X,table_1,extra_7,White,White,,https://www.tms-lite.com/cas2-00-serie.html
TMS LITE,CAS30-00-30X60-X-X,table_2,Current,150mA 180mA,150mA 180mA,mA,https://www.tms-lite.com/cas2-00-serie.html
TMS LITE,CAS30-00-30X60-X-X,table_2,Drive Mode,Overdrive information,Overdrive information,mA,https://www.tms-lite.com/cas2-00-serie.html
TMS LITE,CAS30-00-30X60-X-X,table_2,Voltage (V) / Watt (W),24V / 3.6W 24V / 4.32W,24V / 3.6W 24V / 4.32W,V,https://www.tms-lite.com/cas2-00-serie.html
TMS LITE,CAS30-00-30X60-X-X,table_2,Weight (g),250,250,g,https://www.tms-lite.com/cas2-00-serie.html
TMS LITE,CAS30-00-30X60-X-X,table_5,A (mm),38.2,38.2,mm,https://www.tms-lite.com/cas2-00-serie.html
TMS LITE,CAS30-00-30X60-X-X,table_5,B (mm),70.5,70.5,mm,https://www.tms-lite.com/cas2-00-serie.html
TMS LITE,CAS30-00-30X60-X-X,table_5,C (mm),70,70,mm,https://www.tms-lite.com/cas2-00-serie.html
TMS LITE,CAS30-00-30X60-X-X,table_5,D (mm),7,7,mm,https://www.tms-lite.com/cas2-00-serie.html
TMS LITE,CAS30-00-30X60-X-X,table_5,E (mm),30,30,mm,https://www.tms-lite.com/cas2-00-serie.html
TMS LITE,CAS30-00-30X60-X-X,table_5,F (mm),60,60,mm,https://www.tms-lite.com/cas2-00-serie.html
TMS LITE,CAS30-00-30X60-X-X,table_5,G (mm),15,15,g,https://www.tms-lite.com/cas2-00-serie.html
TMS LITE,CAS30-00-30X60-X-X,table_5,H (mm),30,30,mm,https://www.tms-lite.com/cas2-00-serie.html
TMS LITE,CAS30-00-30X60-X-X,table_5,Tap Hole (mm),M3,M3,mm,https://www.tms-lite.com/cas2-00-serie.html
TMS LITE,CASC-00-015-X-X,table_1,Current,70mA 90mA,70mA 90mA,mA,https://www.tms-lite.com/case-serie.html
TMS LITE,CASC-00-015-X-X,table_1,Voltage (V) / Watt (W),24V / 1.68W 24V / 2.16W,24V / 1.68W 24V / 2.16W,V,https://www.tms-lite.com/case-serie.html
TMS LITE,CASC-00-015-X-X,table_1,Weight (g),100,100,g,https://www.tms-lite.com/case-serie.html
TMS LITE,CASC-00-015-X-X,table_2,A (mm),24,24,mm,https://www.tms-lite.com/case-serie.html
TMS LITE,CASC-00-015-X-X,table_2,B (mm),30,30,mm,https://www.tms-lite.com/case-serie.html
TMS LITE,CASC-00-015-X-X,table_2,C (mm),49.5,49.5,mm,https://www.tms-lite.com/case-serie.html
TMS LITE,CASC-00-015-X-X,table_2,D (mm),6.1,6.1,mm,https://www.tms-lite.com/case-serie.html
TMS LITE,CASC-00-015-X-X,table_2,E (mm),19,19,mm,https://www.tms-lite.com/case-serie.html
TMS LITE,CASC-00-015-X-X,table_2,F (mm),19,19,mm,https://www.tms-lite.com/case-serie.html
TMS LITE,CASC-00-015-X-X,table_2,G (mm),13,13,g,https://www.tms-lite.com/case-serie.html
TMS LITE,CASC-00-015-X-X,table_2,H (mm),13,13,mm,https://www.tms-lite.com/case-serie.html
TMS LITE,CASC-00-015-X-X,table_2,Tap Hole (mm),M3,M3,mm,https://www.tms-lite.com/case-serie.html
TMS LITE,CASC-00-015-X-X,table_3,2D Drawing,PDF,PDF,,https://www.tms-lite.com/case-serie.html
TMS LITE,CASC-00-015-X-X,table_3,Datasheet,Red,Red,,https://www.tms-lite.com/case-serie.html
TMS LITE,CASC-00-015-X-X,table_3,STEP File,3D View,3D View,,https://www.tms-lite.com/case-serie.html
TMS LITE,CASC-00-015-X-X,table_3,extra_4,Green,Green,,https://www.tms-lite.com/case-serie.html
TMS LITE,CASC-00-015-X-X,table_3,extra_5,Blue,Blue,,https://www.tms-lite.com/case-serie.html
TMS LITE,CASC-00-015-X-X,table_3,extra_6,White,White,,https://www.tms-lite.com/case-serie.html
TMS LITE,CASC-00-025-X-X,table_1,Current,54mA,54mA,mA,https://www.tms-lite.com/case-serie.html
TMS LITE,CASC-00-025-X-X,table_1,Voltage (V) / Watt (W),24V / 1.296W,24V / 1.296W,V,https://www.tms-lite.com/case-serie.html
TMS LITE,CASC-00-025-X-X,table_1,Weight (g),117,117,g,https://www.tms-lite.com/case-serie.html
TMS LITE,CASC-00-025-X-X,table_2,A (mm),33.0,33.0,mm,https://www.tms-lite.com/case-serie.html
TMS LITE,CASC-00-025-X-X,table_2,B (mm),33.0,33.0,mm,https://www.tms-lite.com/case-serie.html
TMS LITE,CASC-00-025-X-X,table_2,C (mm),54.0,54.0,mm,https://www.tms-lite.com/case-serie.html
TMS LITE,CASC-00-025-X-X,table_2,D (mm),8.0,8.0,mm,https://www.tms-lite.com/case-serie.html
TMS LITE,CASC-00-025-X-X,table_2,E (mm),25.0,25.0,mm,https://www.tms-lite.com/case-serie.html
TMS LITE,CASC-00-025-X-X,table_2,F (mm),25.6,25.6,mm,https://www.tms-lite.com/case-serie.html
TMS LITE,CASC-00-025-X-X,table_2,G (mm),15.0,15.0,g,https://www.tms-lite.com/case-serie.html
TMS LITE,CASC-00-025-X-X,table_2,H (mm),16.0,16.0,mm,https://www.tms-lite.com/case-serie.html
TMS LITE,CASC-00-025-X-X,table_2,Tap Hole (mm),M3,M3,mm,https://www.tms-lite.com/case-serie.html
TMS LITE,CASC-00-025-X-X,table_3,2D Drawing,PDF,PDF,,https://www.tms-lite.com/case-serie.html
TMS LITE,CASC-00-025-X-X,table_3,Datasheet,RGB,RGB,,https://www.tms-lite.com/case-serie.html
TMS LITE,CASC-00-025-X-X,table_3,STEP File,3D View,3D View,,https://www.tms-lite.com/case-serie.html
TMS LITE,CASC-00-025-X-X,table_3,extra_4,Green,Green,,https://www.tms-lite.com/case-serie.html
TMS LITE,CASC-00-025-X-X,table_3,extra_5,Blue,Blue,,https://www.tms-lite.com/case-serie.html
TMS LITE,CASC-00-025-X-X,table_3,extra_6,White,White,,https://www.tms-lite.com/case-serie.html
TMS LITE,CASC-00-035-X-X,table_1,Current,276mA 288mA,276mA 288mA,mA,https://www.tms-lite.com/case-serie.html
TMS LITE,CASC-00-035-X-X,table_1,Voltage (V) / Watt (W),24V / 6.62W 24V / 6.91W,24V / 6.62W 24V / 6.91W,V,https://www.tms-lite.com/case-serie.html
TMS LITE,CASC-00-035-X-X,table_1,Weight (g),318,318,g,https://www.tms-lite.com/case-serie.html
TMS LITE,CASC-00-035-X-X,table_2,A (mm),45.8,45.8,mm,https://www.tms-lite.com/case-serie.html
TMS LITE,CASC-00-035-X-X,table_2,B (mm),43,43,mm,https://www.tms-lite.com/case-serie.html
TMS LITE,CASC-00-035-X-X,table_2,C (mm),87.3,87.3,mm,https://www.tms-lite.com/case-serie.html
TMS LITE,CASC-00-035-X-X,table_2,D (mm),10.5,10.5,mm,https://www.tms-lite.com/case-serie.html
TMS LITE,CASC-00-035-X-X,table_2,E (mm),35,35,mm,https://www.tms-lite.com/case-serie.html
TMS LITE,CASC-00-035-X-X,table_2,F (mm),35,35,mm,https://www.tms-lite.com/case-serie.html
TMS LITE,CASC-00-035-X-X,table_2,G (mm),20,20,g,https://www.tms-lite.com/case-serie.html
TMS LITE,CASC-00-035-X-X,table_2,H (mm),20,20,mm,https://www.tms-lite.com/case-serie.html
TMS LITE,CASC-00-035-X-X,table_2,Tap Hole (mm),M4,M4,mm,https://www.tms-lite.com/case-serie.html
TMS LITE,CASC-00-035-X-X,table_3,2D Drawing,PDF,PDF,,https://www.tms-lite.com/case-serie.html
TMS LITE,CASC-00-035-X-X,table_3,Datasheet,Red,Red,,https://www.tms-lite.com/case-serie.html
TMS LITE,CASC-00-035-X-X,table_3,STEP File,3D View,3D View,,https://www.tms-lite.com/case-serie.html
TMS LITE,CASC-00-035-X-X,table_3,extra_4,Green,Green,,https://www.tms-lite.com/case-serie.html
TMS LITE,CASC-00-035-X-X,table_3,extra_5,Blue,Blue,,https://www.tms-lite.com/case-serie.html
TMS LITE,CASC-00-035-X-X,table_3,extra_6,White,White,,https://www.tms-lite.com/case-serie.html
TMS LITE,CP-LCD,page,Product Page Title,DRV-CP-LCD,DRV-CP-LCD,,https://www.tms-lite.com/drv-cp-lcd
TMS LITE,DFR4-00-050-1-X,table_1,Datasheet,3D View,3D View,,https://www.tms-lite.com/dfr4-serie.html
TMS LITE,DFR4-00-050-1-X,table_1,Drawing (2D),PDF,PDF,,https://www.tms-lite.com/dfr4-serie.html
TMS LITE,DFR4-00-050-1-X,table_1,STEP (3D),DXF,DXF,,https://www.tms-lite.com/dfr4-serie.html
TMS LITE,DFR4-00-050-1-X,table_1,extra_4,Red,Red,,https://www.tms-lite.com/dfr4-serie.html
TMS LITE,DFR4-00-050-1-X,table_1,extra_5,Green,Green,,https://www.tms-lite.com/dfr4-serie.html
TMS LITE,DFR4-00-050-1-X,table_1,extra_6,Blue,Blue,,https://www.tms-lite.com/dfr4-serie.html
TMS LITE,DFR4-00-050-1-X,table_1,extra_7,White,White,,https://www.tms-lite.com/dfr4-serie.html
TMS LITE,DFR4-00-050-1-X,table_2,Current,108mA 108mA,108mA 108mA,mA,https://www.tms-lite.com/dfr4-serie.html
TMS LITE,DFR4-00-050-1-X,table_2,Voltage (V) / Watt (W),24V / 2.6W 24V / 2.6W,24V / 2.6W 24V / 2.6W,V,https://www.tms-lite.com/dfr4-serie.html
TMS LITE,DFR4-00-050-1-X,table_2,Weight (g),60,60,g,https://www.tms-lite.com/dfr4-serie.html
TMS LITE,DFR4-00-050-1-X,table_3,E (mm),18,18,mm,https://www.tms-lite.com/dfr4-serie.html
TMS LITE,DFR4-00-050-1-X,table_3,F (mm),0,0,mm,https://www.tms-lite.com/dfr4-serie.html
TMS LITE,DFR4-00-050-1-X,table_3,ØA (mm),56,56,mm,https://www.tms-lite.com/dfr4-serie.html
TMS LITE,DFR4-00-050-1-X,table_3,ØB (mm),8,8,mm,https://www.tms-lite.com/dfr4-serie.html
TMS LITE,DFR4-00-050-1-X,table_3,ØC (mm),25,25,mm,https://www.tms-lite.com/dfr4-serie.html
TMS LITE,DFR4-00-050-1-X,table_3,ØD (mm),35,35,mm,https://www.tms-lite.com/dfr4-serie.html
TMS LITE,DFR4-00-080-1-X,table_1,Datasheet,3D View,3D View,,https://www.tms-lite.com/dfr4-serie.html
TMS LITE,DFR4-00-080-1-X,table_1,Drawing (2D),PDF,PDF,,https://www.tms-lite.com/dfr4-serie.html
TMS LITE,DFR4-00-080-1-X,table_1,STEP (3D),DXF,DXF,,https://www.tms-lite.com/dfr4-serie.html
TMS LITE,DFR4-00-080-1-X,table_1,extra_4,Red,Red,,https://www.tms-lite.com/dfr4-serie.html
TMS LITE,DFR4-00-080-1-X,table_1,extra_5,Green,Green,,https://www.tms-lite.com/dfr4-serie.html
TMS LITE,DFR4-00-080-1-X,table_1,extra_6,Blue,Blue,,https://www.tms-lite.com/dfr4-serie.html
TMS LITE,DFR4-00-080-1-X,table_1,extra_7,White,White,,https://www.tms-lite.com/dfr4-serie.html
TMS LITE,DFR4-00-080-1-X,table_2,Current,196mA 196mA,196mA 196mA,mA,https://www.tms-lite.com/dfr4-serie.html
TMS LITE,DFR4-00-080-1-X,table_2,Voltage (V) / Watt (W),24V / 4.70W 24V / 4.70W,24V / 4.70W 24V / 4.70W,V,https://www.tms-lite.com/dfr4-serie.html
TMS LITE,DFR4-00-080-1-X,table_2,Weight (g),110,110,g,https://www.tms-lite.com/dfr4-serie.html
TMS LITE,DFR4-00-080-1-X,table_3,E (mm),18,18,mm,https://www.tms-lite.com/dfr4-serie.html
TMS LITE,DFR4-00-080-1-X,table_3,F (mm),0,0,mm,https://www.tms-lite.com/dfr4-serie.html
TMS LITE,DFR4-00-080-1-X,table_3,ØA (mm),81,81,mm,https://www.tms-lite.com/dfr4-serie.html
TMS LITE,DFR4-00-080-1-X,table_3,ØB (mm),21,21,mm,https://www.tms-lite.com/dfr4-serie.html
TMS LITE,DFR4-00-080-1-X,table_3,ØC (mm),54,54,mm,https://www.tms-lite.com/dfr4-serie.html
TMS LITE,DFR4-00-080-1-X,table_3,ØD (mm),56,56,mm,https://www.tms-lite.com/dfr4-serie.html
TMS LITE,DFR4-00-100-1-X,table_1,Datasheet,3D View,3D View,,https://www.tms-lite.com/dfr4-serie.html
TMS LITE,DFR4-00-100-1-X,table_1,Drawing (2D),PDF,PDF,,https://www.tms-lite.com/dfr4-serie.html
TMS LITE,DFR4-00-100-1-X,table_1,STEP (3D),DXF,DXF,,https://www.tms-lite.com/dfr4-serie.html
TMS LITE,DFR4-00-100-1-X,table_1,extra_4,Red,Red,,https://www.tms-lite.com/dfr4-serie.html
TMS LITE,DFR4-00-100-1-X,table_1,extra_5,Green,Green,,https://www.tms-lite.com/dfr4-serie.html
TMS LITE,DFR4-00-100-1-X,table_1,extra_6,Blue,Blue,,https://www.tms-lite.com/dfr4-serie.html
TMS LITE,DFR4-00-100-1-X,table_1,extra_7,White,White,,https://www.tms-lite.com/dfr4-serie.html
TMS LITE,DFR4-00-100-1-X,table_2,Current,225mA 225mA,225mA 225mA,mA,https://www.tms-lite.com/dfr4-serie.html
TMS LITE,DFR4-00-100-1-X,table_2,Voltage (V) / Watt (W),24V / 5.40W 24V / 5.40W,24V / 5.40W 24V / 5.40W,V,https://www.tms-lite.com/dfr4-serie.html
TMS LITE,DFR4-00-100-1-X,table_2,Weight (g),160,160,g,https://www.tms-lite.com/dfr4-serie.html
TMS LITE,DFR4-00-100-1-X,table_3,E (mm),18,18,mm,https://www.tms-lite.com/dfr4-serie.html
TMS LITE,DFR4-00-100-1-X,table_3,F (mm),0,0,mm,https://www.tms-lite.com/dfr4-serie.html
TMS LITE,DFR4-00-100-1-X,table_3,ØA (mm),105.2,105.2,mm,https://www.tms-lite.com/dfr4-serie.html
TMS LITE,DFR4-00-100-1-X,table_3,ØB (mm),30,30,mm,https://www.tms-lite.com/dfr4-serie.html
TMS LITE,DFR4-00-100-1-X,table_3,ØC (mm),80,80,mm,https://www.tms-lite.com/dfr4-serie.html
TMS LITE,DFR4-00-100-1-X,table_3,ØD (mm),95,95,mm,https://www.tms-lite.com/dfr4-serie.html
TMS LITE,DFR4-00-130-1-X,table_1,Datasheet,3D View,3D View,,https://www.tms-lite.com/dfr4-serie.html
TMS LITE,DFR4-00-130-1-X,table_1,Drawing (2D),PDF,PDF,,https://www.tms-lite.com/dfr4-serie.html
TMS LITE,DFR4-00-130-1-X,table_1,STEP (3D),DXF,DXF,,https://www.tms-lite.com/dfr4-serie.html
TMS LITE,DFR4-00-130-1-X,table_1,extra_4,Red,Red,,https://www.tms-lite.com/dfr4-serie.html
TMS LITE,DFR4-00-130-1-X,table_1,extra_5,Green,Green,,https://www.tms-lite.com/dfr4-serie.html
TMS LITE,DFR4-00-130-1-X,table_1,extra_6,Blue,Blue,,https://www.tms-lite.com/dfr4-serie.html
TMS LITE,DFR4-00-130-1-X,table_1,extra_7,White,White,,https://www.tms-lite.com/dfr4-serie.html
TMS LITE,DFR4-00-130-1-X,table_2,Current,300mA 300mA,300mA 300mA,mA,https://www.tms-lite.com/dfr4-serie.html
TMS LITE,DFR4-00-130-1-X,table_2,Voltage (V) / Watt (W),24V / 7.20W 24V / 7.20W,24V / 7.20W 24V / 7.20W,V,https://www.tms-lite.com/dfr4-serie.html
TMS LITE,DFR4-00-130-1-X,table_2,Weight (g),230,230,g,https://www.tms-lite.com/dfr4-serie.html
TMS LITE,DFR4-00-130-1-X,table_3,E (mm),18,18,mm,https://www.tms-lite.com/dfr4-serie.html
TMS LITE,DFR4-00-130-1-X,table_3,F (mm),0,0,mm,https://www.tms-lite.com/dfr4-serie.html
TMS LITE,DFR4-00-130-1-X,table_3,ØA (mm),131.5,131.5,mm,https://www.tms-lite.com/dfr4-serie.html
TMS LITE,DFR4-00-130-1-X,table_3,ØB (mm),45,45,mm,https://www.tms-lite.com/dfr4-serie.html
TMS LITE,DFR4-00-130-1-X,table_3,ØC (mm),106,106,mm,https://www.tms-lite.com/dfr4-serie.html
TMS LITE,DFR4-00-130-1-X,table_3,ØD (mm),95,95,mm,https://www.tms-lite.com/dfr4-serie.html
TMS LITE,DFR4-15-080-1-X,table_1,Datasheet,3D View,3D View,,https://www.tms-lite.com/dfr4-serie.html
TMS LITE,DFR4-15-080-1-X,table_1,Drawing (2D),PDF,PDF,,https://www.tms-lite.com/dfr4-serie.html
TMS LITE,DFR4-15-080-1-X,table_1,STEP (3D),DXF,DXF,,https://www.tms-lite.com/dfr4-serie.html
TMS LITE,DFR4-15-080-1-X,table_1,extra_4,Red,Red,,https://www.tms-lite.com/dfr4-serie.html
TMS LITE,DFR4-15-080-1-X,table_1,extra_5,Green,Green,,https://www.tms-lite.com/dfr4-serie.html
TMS LITE,DFR4-15-080-1-X,table_1,extra_6,Blue,Blue,,https://www.tms-lite.com/dfr4-serie.html
TMS LITE,DFR4-15-080-1-X,table_1,extra_7,White,White,,https://www.tms-lite.com/dfr4-serie.html
TMS LITE,DFR4-15-080-1-X,table_2,Current,196mA 196mA,196mA 196mA,mA,https://www.tms-lite.com/dfr4-serie.html
TMS LITE,DFR4-15-080-1-X,table_2,Voltage (V) / Watt (W),24V / 4.70W 24V / 4.70W,24V / 4.70W 24V / 4.70W,V,https://www.tms-lite.com/dfr4-serie.html
TMS LITE,DFR4-15-080-1-X,table_2,Weight (g),115,115,g,https://www.tms-lite.com/dfr4-serie.html
TMS LITE,DFR4-15-080-1-X,table_3,E (mm),17.5,17.5,mm,https://www.tms-lite.com/dfr4-serie.html
TMS LITE,DFR4-15-080-1-X,table_3,F (mm),15,15,mm,https://www.tms-lite.com/dfr4-serie.html
TMS LITE,DFR4-15-080-1-X,table_3,ØA (mm),81,81,mm,https://www.tms-lite.com/dfr4-serie.html
TMS LITE,DFR4-15-080-1-X,table_3,ØB (mm),19,19,mm,https://www.tms-lite.com/dfr4-serie.html
TMS LITE,DFR4-15-080-1-X,table_3,ØC (mm),54,54,mm,https://www.tms-lite.com/dfr4-serie.html
TMS LITE,DFR4-15-080-1-X,table_3,ØD (mm),56,56,mm,https://www.tms-lite.com/dfr4-serie.html
TMS LITE,DFR4-15-100-1-X,table_1,Datasheet,3D View,3D View,,https://www.tms-lite.com/dfr4-serie.html
TMS LITE,DFR4-15-100-1-X,table_1,Drawing (2D),PDF,PDF,,https://www.tms-lite.com/dfr4-serie.html
TMS LITE,DFR4-15-100-1-X,table_1,STEP (3D),DXF,DXF,,https://www.tms-lite.com/dfr4-serie.html
TMS LITE,DFR4-15-100-1-X,table_1,extra_4,Red,Red,,https://www.tms-lite.com/dfr4-serie.html
TMS LITE,DFR4-15-100-1-X,table_1,extra_5,Green,Green,,https://www.tms-lite.com/dfr4-serie.html
TMS LITE,DFR4-15-100-1-X,table_1,extra_6,Blue,Blue,,https://www.tms-lite.com/dfr4-serie.html
TMS LITE,DFR4-15-100-1-X,table_1,extra_7,White,White,,https://www.tms-lite.com/dfr4-serie.html
TMS LITE,DFR4-15-100-1-X,table_2,Current,225mA 225mA,225mA 225mA,mA,https://www.tms-lite.com/dfr4-serie.html
TMS LITE,DFR4-15-100-1-X,table_2,Voltage (V) / Watt (W),24V / 5.40W 24V / 5.40W,24V / 5.40W 24V / 5.40W,V,https://www.tms-lite.com/dfr4-serie.html
TMS LITE,DFR4-15-100-1-X,table_2,Weight (g),170,170,g,https://www.tms-lite.com/dfr4-serie.html
TMS LITE,DFR4-15-100-1-X,table_3,E (mm),17.5,17.5,mm,https://www.tms-lite.com/dfr4-serie.html
TMS LITE,DFR4-15-100-1-X,table_3,F (mm),15,15,mm,https://www.tms-lite.com/dfr4-serie.html
TMS LITE,DFR4-15-100-1-X,table_3,ØA (mm),105.2,105.2,mm,https://www.tms-lite.com/dfr4-serie.html
TMS LITE,DFR4-15-100-1-X,table_3,ØB (mm),35,35,mm,https://www.tms-lite.com/dfr4-serie.html
TMS LITE,DFR4-15-100-1-X,table_3,ØC (mm),80,80,mm,https://www.tms-lite.com/dfr4-serie.html
TMS LITE,DFR4-15-100-1-X,table_3,ØD (mm),95,95,mm,https://www.tms-lite.com/dfr4-serie.html
TMS LITE,DFR4-15-130-1-X,table_1,Datasheet,3D View,3D View,,https://www.tms-lite.com/dfr4-serie.html
TMS LITE,DFR4-15-130-1-X,table_1,Drawing (2D),PDF,PDF,,https://www.tms-lite.com/dfr4-serie.html
TMS LITE,DFR4-15-130-1-X,table_1,STEP (3D),DXF,DXF,,https://www.tms-lite.com/dfr4-serie.html
TMS LITE,DFR4-15-130-1-X,table_1,extra_4,Red,Red,,https://www.tms-lite.com/dfr4-serie.html
TMS LITE,DFR4-15-130-1-X,table_1,extra_5,Green,Green,,https://www.tms-lite.com/dfr4-serie.html
TMS LITE,DFR4-15-130-1-X,table_1,extra_6,Blue,Blue,,https://www.tms-lite.com/dfr4-serie.html
TMS LITE,DFR4-15-130-1-X,table_1,extra_7,White,White,,https://www.tms-lite.com/dfr4-serie.html
TMS LITE,DFR4-15-130-1-X,table_2,Current,300mA 300mA,300mA 300mA,mA,https://www.tms-lite.com/dfr4-serie.html
TMS LITE,DFR4-15-130-1-X,table_2,Voltage (V) / Watt (W),24V / 7.20W 24V / 7.20W,24V / 7.20W 24V / 7.20W,V,https://www.tms-lite.com/dfr4-serie.html
TMS LITE,DFR4-15-130-1-X,table_2,Weight (g),210,210,g,https://www.tms-lite.com/dfr4-serie.html
TMS LITE,DFR4-15-130-1-X,table_3,E (mm),17.5,17.5,mm,https://www.tms-lite.com/dfr4-serie.html
TMS LITE,DFR4-15-130-1-X,table_3,F (mm),15,15,mm,https://www.tms-lite.com/dfr4-serie.html
TMS LITE,DFR4-15-130-1-X,table_3,ØA (mm),131.5,131.5,mm,https://www.tms-lite.com/dfr4-serie.html
TMS LITE,DFR4-15-130-1-X,table_3,ØB (mm),45.6,45.6,mm,https://www.tms-lite.com/dfr4-serie.html
TMS LITE,DFR4-15-130-1-X,table_3,ØC (mm),106,106,mm,https://www.tms-lite.com/dfr4-serie.html
TMS LITE,DFR4-15-130-1-X,table_3,ØD (mm),95,95,mm,https://www.tms-lite.com/dfr4-serie.html
TMS LITE,DFR4-30-050-1-X,table_1,Datasheet,3D View,3D View,,https://www.tms-lite.com/dfr4-serie.html
TMS LITE,DFR4-30-050-1-X,table_1,Drawing (2D),PDF,PDF,,https://www.tms-lite.com/dfr4-serie.html
TMS LITE,DFR4-30-050-1-X,table_1,STEP (3D),DXF,DXF,,https://www.tms-lite.com/dfr4-serie.html
TMS LITE,DFR4-30-050-1-X,table_1,extra_4,Red,Red,,https://www.tms-lite.com/dfr4-serie.html
TMS LITE,DFR4-30-050-1-X,table_1,extra_5,Green,Green,,https://www.tms-lite.com/dfr4-serie.html
TMS LITE,DFR4-30-050-1-X,table_1,extra_6,Blue,Blue,,https://www.tms-lite.com/dfr4-serie.html
TMS LITE,DFR4-30-050-1-X,table_1,extra_7,White,White,,https://www.tms-lite.com/dfr4-serie.html
TMS LITE,DFR4-30-050-1-X,table_2,Current,108mA 108mA,108mA 108mA,mA,https://www.tms-lite.com/dfr4-serie.html
TMS LITE,DFR4-30-050-1-X,table_2,Voltage (V) / Watt (W),24V / 2.6W 24V / 2.6W,24V / 2.6W 24V / 2.6W,V,https://www.tms-lite.com/dfr4-serie.html
TMS LITE,DFR4-30-050-1-X,table_2,Weight (g),80,80,g,https://www.tms-lite.com/dfr4-serie.html
TMS LITE,DFR4-30-050-1-X,table_3,E (mm),17.5,17.5,mm,https://www.tms-lite.com/dfr4-serie.html
TMS LITE,DFR4-30-050-1-X,table_3,F (mm),30,30,mm,https://www.tms-lite.com/dfr4-serie.html
TMS LITE,DFR4-30-050-1-X,table_3,ØA (mm),56,56,mm,https://www.tms-lite.com/dfr4-serie.html
TMS LITE,DFR4-30-050-1-X,table_3,ØB (mm),12,12,mm,https://www.tms-lite.com/dfr4-serie.html
TMS LITE,DFR4-30-050-1-X,table_3,ØC (mm),25,25,mm,https://www.tms-lite.com/dfr4-serie.html
TMS LITE,DFR4-30-050-1-X,table_3,ØD (mm),35,35,mm,https://www.tms-lite.com/dfr4-serie.html
TMS LITE,DFR4-30-080-1-X,table_1,Datasheet,3D View,3D View,,https://www.tms-lite.com/dfr4-serie.html
TMS LITE,DFR4-30-080-1-X,table_1,Drawing (2D),PDF,PDF,,https://www.tms-lite.com/dfr4-serie.html
TMS LITE,DFR4-30-080-1-X,table_1,STEP (3D),DXF,DXF,,https://www.tms-lite.com/dfr4-serie.html
TMS LITE,DFR4-30-080-1-X,table_1,extra_4,Red,Red,,https://www.tms-lite.com/dfr4-serie.html
TMS LITE,DFR4-30-080-1-X,table_1,extra_5,Green,Green,,https://www.tms-lite.com/dfr4-serie.html
TMS LITE,DFR4-30-080-1-X,table_1,extra_6,Blue,Blue,,https://www.tms-lite.com/dfr4-serie.html
TMS LITE,DFR4-30-080-1-X,table_1,extra_7,White,White,,https://www.tms-lite.com/dfr4-serie.html
TMS LITE,DFR4-30-080-1-X,table_2,Current,196mA 196mA,196mA 196mA,mA,https://www.tms-lite.com/dfr4-serie.html
TMS LITE,DFR4-30-080-1-X,table_2,Voltage (V) / Watt (W),24V / 4.70W 24V / 4.70W,24V / 4.70W 24V / 4.70W,V,https://www.tms-lite.com/dfr4-serie.html
TMS LITE,DFR4-30-080-1-X,table_2,Weight (g),145,145,g,https://www.tms-lite.com/dfr4-serie.html
TMS LITE,DFR4-30-080-1-X,table_3,E (mm),17.5,17.5,mm,https://www.tms-lite.com/dfr4-serie.html
TMS LITE,DFR4-30-080-1-X,table_3,F (mm),30,30,mm,https://www.tms-lite.com/dfr4-serie.html
TMS LITE,DFR4-30-080-1-X,table_3,ØA (mm),81,81,mm,https://www.tms-lite.com/dfr4-serie.html
TMS LITE,DFR4-30-080-1-X,table_3,ØB (mm),25,25,mm,https://www.tms-lite.com/dfr4-serie.html
TMS LITE,DFR4-30-080-1-X,table_3,ØC (mm),54,54,mm,https://www.tms-lite.com/dfr4-serie.html
TMS LITE,DFR4-30-080-1-X,table_3,ØD (mm),56,56,mm,https://www.tms-lite.com/dfr4-serie.html
TMS LITE,DFR4-30-100-1-X,table_1,Datasheet,3D View,3D View,,https://www.tms-lite.com/dfr4-serie.html
TMS LITE,DFR4-30-100-1-X,table_1,Drawing (2D),PDF,PDF,,https://www.tms-lite.com/dfr4-serie.html
TMS LITE,DFR4-30-100-1-X,table_1,STEP (3D),DXF,DXF,,https://www.tms-lite.com/dfr4-serie.html
TMS LITE,DFR4-30-100-1-X,table_1,extra_4,Red,Red,,https://www.tms-lite.com/dfr4-serie.html
TMS LITE,DFR4-30-100-1-X,table_1,extra_5,Green,Green,,https://www.tms-lite.com/dfr4-serie.html
TMS LITE,DFR4-30-100-1-X,table_1,extra_6,Blue,Blue,,https://www.tms-lite.com/dfr4-serie.html
TMS LITE,DFR4-30-100-1-X,table_1,extra_7,White,White,,https://www.tms-lite.com/dfr4-serie.html
TMS LITE,DFR4-30-100-1-X,table_2,Current,225mA 225mA,225mA 225mA,mA,https://www.tms-lite.com/dfr4-serie.html
TMS LITE,DFR4-30-100-1-X,table_2,Voltage (V) / Watt (W),24V / 5.40W 24V / 5.40W,24V / 5.40W 24V / 5.40W,V,https://www.tms-lite.com/dfr4-serie.html
TMS LITE,DFR4-30-100-1-X,table_2,Weight (g),230,230,g,https://www.tms-lite.com/dfr4-serie.html
TMS LITE,DFR4-30-100-1-X,table_3,E (mm),17.5,17.5,mm,https://www.tms-lite.com/dfr4-serie.html
TMS LITE,DFR4-30-100-1-X,table_3,F (mm),30,30,mm,https://www.tms-lite.com/dfr4-serie.html
TMS LITE,DFR4-30-100-1-X,table_3,ØA (mm),105.2,105.2,mm,https://www.tms-lite.com/dfr4-serie.html
TMS LITE,DFR4-30-100-1-X,table_3,ØB (mm),44,44,mm,https://www.tms-lite.com/dfr4-serie.html
TMS LITE,DFR4-30-100-1-X,table_3,ØC (mm),80,80,mm,https://www.tms-lite.com/dfr4-serie.html
TMS LITE,DFR4-30-100-1-X,table_3,ØD (mm),95,95,mm,https://www.tms-lite.com/dfr4-serie.html
TMS LITE,DFR4-30-130-1-X,table_1,Datasheet,3D View,3D View,,https://www.tms-lite.com/dfr4-serie.html
TMS LITE,DFR4-30-130-1-X,table_1,Drawing (2D),PDF,PDF,,https://www.tms-lite.com/dfr4-serie.html
TMS LITE,DFR4-30-130-1-X,table_1,STEP (3D),DXF,DXF,,https://www.tms-lite.com/dfr4-serie.html
TMS LITE,DFR4-30-130-1-X,table_1,extra_4,Red,Red,,https://www.tms-lite.com/dfr4-serie.html
TMS LITE,DFR4-30-130-1-X,table_1,extra_5,Green,Green,,https://www.tms-lite.com/dfr4-serie.html
TMS LITE,DFR4-30-130-1-X,table_1,extra_6,Blue,Blue,,https://www.tms-lite.com/dfr4-serie.html
TMS LITE,DFR4-30-130-1-X,table_1,extra_7,White,White,,https://www.tms-lite.com/dfr4-serie.html
TMS LITE,DFR4-30-130-1-X,table_2,Current,299mA 299mA,299mA 299mA,mA,https://www.tms-lite.com/dfr4-serie.html
TMS LITE,DFR4-30-130-1-X,table_2,Voltage (V) / Watt (W),24V / 7.18W 24V / 7.18W,24V / 7.18W 24V / 7.18W,V,https://www.tms-lite.com/dfr4-serie.html
TMS LITE,DFR4-30-130-1-X,table_2,Weight (g),355,355,g,https://www.tms-lite.com/dfr4-serie.html
TMS LITE,DFR4-30-130-1-X,table_3,E (mm),17.5,17.5,mm,https://www.tms-lite.com/dfr4-serie.html
TMS LITE,DFR4-30-130-1-X,table_3,F (mm),30,30,mm,https://www.tms-lite.com/dfr4-serie.html
TMS LITE,DFR4-30-130-1-X,table_3,ØA (mm),131.5,131.5,mm,https://www.tms-lite.com/dfr4-serie.html
TMS LITE,DFR4-30-130-1-X,table_3,ØB (mm),66,66,mm,https://www.tms-lite.com/dfr4-serie.html
TMS LITE,DFR4-30-130-1-X,table_3,ØC (mm),106,106,mm,https://www.tms-lite.com/dfr4-serie.html
TMS LITE,DFR4-30-130-1-X,table_3,ØD (mm),95,95,mm,https://www.tms-lite.com/dfr4-serie.html
TMS LITE,DIRECT ILLUMINATION - HLBQ2 2 ROWS,page,Product Page Title,DIRECT ILLUMINATION - HLBQ2 2 ROWS,DIRECT ILLUMINATION - HLBQ2 2 ROWS,,https://www.tms-lite.com/direct-illumination-hlbq2-2-rows
TMS LITE,DIRECT ILLUMINATION - HLBS2 2 ROWS,page,Product Page Title,DIRECT ILLUMINATION - HLBS2 2 ROWS,DIRECT ILLUMINATION - HLBS2 2 ROWS,,https://www.tms-lite.com/direct-illumination-hlbs2-2rows
TMS LITE,DK-LIGHTING-SET-V1,page,Product Page Title,TME-DK-LIGHTING-SET-V1,TME-DK-LIGHTING-SET-V1,,https://www.tms-lite.com/tme-dk-lighting-set-v1
TMS LITE,DLC2,page,Product Page Title,RGBW ILLUMINATION - DLC2,RGBW ILLUMINATION - DLC2,,https://www.tms-lite.com/rgbw-illumination-dlc
TMS LITE,DLC2-00-070-1-RGBW,table_1,COLOUR,RGBW,RGBW,,https://www.tms-lite.com/dlc2-rgbw-beleuchtungen.html
TMS LITE,DLC2-00-070-1-RGBW,table_1,Current,120mA,120mA,mA,https://www.tms-lite.com/dlc2-rgbw-beleuchtungen.html
TMS LITE,DLC2-00-070-1-RGBW,table_1,Voltage (V) / Watt (W),24V / 2.88W,24V / 2.88W,V,https://www.tms-lite.com/dlc2-rgbw-beleuchtungen.html
TMS LITE,DLC2-00-070-1-RGBW,table_1,Weight,92,92,g,https://www.tms-lite.com/dlc2-rgbw-beleuchtungen.html
TMS LITE,DLC2-00-070-1-RGBW,table_2,A (mm),70,70,mm,https://www.tms-lite.com/dlc2-rgbw-beleuchtungen.html
TMS LITE,DLC2-00-070-1-RGBW,table_2,B (mm),26,26,mm,https://www.tms-lite.com/dlc2-rgbw-beleuchtungen.html
TMS LITE,DLC2-00-070-1-RGBW,table_2,C (mm),54,54,mm,https://www.tms-lite.com/dlc2-rgbw-beleuchtungen.html
TMS LITE,DLC2-00-070-1-RGBW,table_3,Datasheet,3D-view,3D-view,,https://www.tms-lite.com/dlc2-rgbw-beleuchtungen.html
TMS LITE,DLC2-00-070-1-RGBW,table_3,Drawing (2D),PDF,PDF,,https://www.tms-lite.com/dlc2-rgbw-beleuchtungen.html
TMS LITE,DLC2-00-070-1-RGBW,table_3,STEP (3D),DXF,DXF,,https://www.tms-lite.com/dlc2-rgbw-beleuchtungen.html
TMS LITE,DLC2-00-070-1-RGBW,table_3,extra_4,RGBW,RGBW,,https://www.tms-lite.com/dlc2-rgbw-beleuchtungen.html
TMS LITE,DLC2-00-100-1-RGBW,table_1,COLOUR,RGBW,RGBW,,https://www.tms-lite.com/dlc2-rgbw-beleuchtungen.html
TMS LITE,DLC2-00-100-1-RGBW,table_1,Current,240mA,240mA,mA,https://www.tms-lite.com/dlc2-rgbw-beleuchtungen.html
TMS LITE,DLC2-00-100-1-RGBW,table_1,Voltage (V) / Watt (W),24V / 5.76W,24V / 5.76W,V,https://www.tms-lite.com/dlc2-rgbw-beleuchtungen.html
TMS LITE,DLC2-00-100-1-RGBW,table_1,Weight,117,117,g,https://www.tms-lite.com/dlc2-rgbw-beleuchtungen.html
TMS LITE,DLC2-00-100-1-RGBW,table_2,A (mm),100,100,mm,https://www.tms-lite.com/dlc2-rgbw-beleuchtungen.html
TMS LITE,DLC2-00-100-1-RGBW,table_2,B (mm),56,56,mm,https://www.tms-lite.com/dlc2-rgbw-beleuchtungen.html
TMS LITE,DLC2-00-100-1-RGBW,table_2,C (mm),84,84,mm,https://www.tms-lite.com/dlc2-rgbw-beleuchtungen.html
TMS LITE,DLC2-00-100-1-RGBW,table_3,Datasheet,3D-view,3D-view,,https://www.tms-lite.com/dlc2-rgbw-beleuchtungen.html
TMS LITE,DLC2-00-100-1-RGBW,table_3,Drawing (2D),PDF,PDF,,https://www.tms-lite.com/dlc2-rgbw-beleuchtungen.html
TMS LITE,DLC2-00-100-1-RGBW,table_3,STEP (3D),DXF,DXF,,https://www.tms-lite.com/dlc2-rgbw-beleuchtungen.html
TMS LITE,DLC2-00-100-1-RGBW,table_3,extra_4,RGBW,RGBW,,https://www.tms-lite.com/dlc2-rgbw-beleuchtungen.html
TMS LITE,DLC2-00-120-1-RGBW,table_1,COLOUR,RGBW,RGBW,,https://www.tms-lite.com/dlc2-rgbw-beleuchtungen.html
TMS LITE,DLC2-00-120-1-RGBW,table_1,Current,240mA,240mA,mA,https://www.tms-lite.com/dlc2-rgbw-beleuchtungen.html
TMS LITE,DLC2-00-120-1-RGBW,table_1,Voltage (V) / Watt (W),24V / 5.76W,24V / 5.76W,V,https://www.tms-lite.com/dlc2-rgbw-beleuchtungen.html
TMS LITE,DLC2-00-120-1-RGBW,table_1,Weight,137,137,g,https://www.tms-lite.com/dlc2-rgbw-beleuchtungen.html
TMS LITE,DLC2-00-120-1-RGBW,table_2,A (mm),120,120,mm,https://www.tms-lite.com/dlc2-rgbw-beleuchtungen.html
TMS LITE,DLC2-00-120-1-RGBW,table_2,B (mm),76,76,mm,https://www.tms-lite.com/dlc2-rgbw-beleuchtungen.html
TMS LITE,DLC2-00-120-1-RGBW,table_2,C (mm),104,104,mm,https://www.tms-lite.com/dlc2-rgbw-beleuchtungen.html
TMS LITE,DLC2-00-120-1-RGBW,table_3,Datasheet,3D-view,3D-view,,https://www.tms-lite.com/dlc2-rgbw-beleuchtungen.html
TMS LITE,DLC2-00-120-1-RGBW,table_3,Drawing (2D),PDF,PDF,,https://www.tms-lite.com/dlc2-rgbw-beleuchtungen.html
TMS LITE,DLC2-00-120-1-RGBW,table_3,STEP (3D),DXF,DXF,,https://www.tms-lite.com/dlc2-rgbw-beleuchtungen.html
TMS LITE,DLC2-00-120-1-RGBW,table_3,extra_4,RGBW,RGBW,,https://www.tms-lite.com/dlc2-rgbw-beleuchtungen.html
TMS LITE,DLC3-00-070-1-RGBW,table_2,Datasheet,RGBW,RGBW,,https://www.tms-lite.com/dlc3-series.html
TMS LITE,DLC3-00-070-1-RGBW,table_2,Drawing (2D),PDF,PDF,,https://www.tms-lite.com/dlc3-series.html
TMS LITE,DLC3-00-070-1-RGBW,table_2,STEP (3D),3D View,3D View,,https://www.tms-lite.com/dlc3-series.html
TMS LITE,DLC3-00-070-1-RGBW,table_3,Current,120mA,120mA,mA,https://www.tms-lite.com/dlc3-series.html
TMS LITE,DLC3-00-070-1-RGBW,table_3,Voltage (V) / Watt (W),24V / 2.88W,24V / 2.88W,V,https://www.tms-lite.com/dlc3-series.html
TMS LITE,DLC3-00-070-1-RGBW,table_3,Weight (g),171,171,g,https://www.tms-lite.com/dlc3-series.html
TMS LITE,DLC3-00-070-1-RGBW,table_4,A (mm),70,70,mm,https://www.tms-lite.com/dlc3-series.html
TMS LITE,DLC3-00-070-1-RGBW,table_4,B (mm),26,26,mm,https://www.tms-lite.com/dlc3-series.html
TMS LITE,DLC3-00-070-1-RGBW,table_4,C (mm),54,54,mm,https://www.tms-lite.com/dlc3-series.html
TMS LITE,DLC3-00-070-1-X,table_1,Datasheet,Red,Red,,https://www.tms-lite.com/dlc3-series.html
TMS LITE,DLC3-00-070-1-X,table_1,Drawing (2D),PDF,PDF,,https://www.tms-lite.com/dlc3-series.html
TMS LITE,DLC3-00-070-1-X,table_1,STEP (3D),3D View,3D View,,https://www.tms-lite.com/dlc3-series.html
TMS LITE,DLC3-00-070-1-X,table_1,extra_4,White,White,,https://www.tms-lite.com/dlc3-series.html
TMS LITE,DLC3-00-070-1-X,table_3,Current,180mA,180mA,mA,https://www.tms-lite.com/dlc3-series.html
TMS LITE,DLC3-00-070-1-X,table_3,Drive Mode,Overdrive information,Overdrive information,mA,https://www.tms-lite.com/dlc3-series.html
TMS LITE,DLC3-00-070-1-X,table_3,Voltage (V) / Watt (W),24V / 4.32W,24V / 4.32W,V,https://www.tms-lite.com/dlc3-series.html
TMS LITE,DLC3-00-070-1-X,table_3,Weight (g),171,171,g,https://www.tms-lite.com/dlc3-series.html
TMS LITE,DLC3-00-070-1-X,table_4,A (mm),70,70,mm,https://www.tms-lite.com/dlc3-series.html
TMS LITE,DLC3-00-070-1-X,table_4,B (mm),26,26,mm,https://www.tms-lite.com/dlc3-series.html
TMS LITE,DLC3-00-070-1-X,table_4,C (mm),54,54,mm,https://www.tms-lite.com/dlc3-series.html
TMS LITE,DLC3-00-100-1-RGBW,table_2,Datasheet,RGBW,RGBW,,https://www.tms-lite.com/dlc3-series.html
TMS LITE,DLC3-00-100-1-RGBW,table_2,Drawing (2D),PDF,PDF,,https://www.tms-lite.com/dlc3-series.html
TMS LITE,DLC3-00-100-1-RGBW,table_2,STEP (3D),3D View,3D View,,https://www.tms-lite.com/dlc3-series.html
TMS LITE,DLC3-00-100-1-RGBW,table_3,Current,240mA,240mA,mA,https://www.tms-lite.com/dlc3-series.html
TMS LITE,DLC3-00-100-1-RGBW,table_3,Voltage (V) / Watt (W),24V / 5.76W,24V / 5.76W,V,https://www.tms-lite.com/dlc3-series.html
TMS LITE,DLC3-00-100-1-RGBW,table_3,Weight (g),251,251,g,https://www.tms-lite.com/dlc3-series.html
TMS LITE,DLC3-00-100-1-RGBW,table_4,A (mm),100,100,mm,https://www.tms-lite.com/dlc3-series.html
TMS LITE,DLC3-00-100-1-RGBW,table_4,B (mm),56,56,mm,https://www.tms-lite.com/dlc3-series.html
TMS LITE,DLC3-00-100-1-RGBW,table_4,C (mm),84,84,mm,https://www.tms-lite.com/dlc3-series.html
TMS LITE,DLC3-00-100-1-X,table_1,Datasheet,Red,Red,,https://www.tms-lite.com/dlc3-series.html
TMS LITE,DLC3-00-100-1-X,table_1,Drawing (2D),PDF,PDF,,https://www.tms-lite.com/dlc3-series.html
TMS LITE,DLC3-00-100-1-X,table_1,STEP (3D),3D View,3D View,,https://www.tms-lite.com/dlc3-series.html
TMS LITE,DLC3-00-100-1-X,table_1,extra_4,White,White,,https://www.tms-lite.com/dlc3-series.html
TMS LITE,DLC3-00-100-1-X,table_3,Current,280mA 300mA,280mA 300mA,mA,https://www.tms-lite.com/dlc3-series.html
TMS LITE,DLC3-00-100-1-X,table_3,Voltage (V) / Watt (W),24V / 6.72W 24V / 7.20W,24V / 6.72W 24V / 7.20W,V,https://www.tms-lite.com/dlc3-series.html
TMS LITE,DLC3-00-100-1-X,table_3,Weight (g),251,251,g,https://www.tms-lite.com/dlc3-series.html
TMS LITE,DLC3-00-100-1-X,table_4,A (mm),100,100,mm,https://www.tms-lite.com/dlc3-series.html
TMS LITE,DLC3-00-100-1-X,table_4,B (mm),56,56,mm,https://www.tms-lite.com/dlc3-series.html
TMS LITE,DLC3-00-100-1-X,table_4,C (mm),84,84,mm,https://www.tms-lite.com/dlc3-series.html
TMS LITE,DLC3-00-120-1-RGBW,table_2,Datasheet,RGBW,RGBW,,https://www.tms-lite.com/dlc3-series.html
TMS LITE,DLC3-00-120-1-RGBW,table_2,Drawing (2D),PDF,PDF,,https://www.tms-lite.com/dlc3-series.html
TMS LITE,DLC3-00-120-1-RGBW,table_2,STEP (3D),3D View,3D View,,https://www.tms-lite.com/dlc3-series.html
TMS LITE,DLC3-00-120-1-RGBW,table_3,Current,240mA,240mA,mA,https://www.tms-lite.com/dlc3-series.html
TMS LITE,DLC3-00-120-1-RGBW,table_3,Voltage (V) / Watt (W),24V / 5.76W,24V / 5.76W,V,https://www.tms-lite.com/dlc3-series.html
TMS LITE,DLC3-00-120-1-RGBW,table_3,Weight (g),330,330,g,https://www.tms-lite.com/dlc3-series.html
TMS LITE,DLC3-00-120-1-RGBW,table_4,A (mm),120,120,mm,https://www.tms-lite.com/dlc3-series.html
TMS LITE,DLC3-00-120-1-RGBW,table_4,B (mm),76,76,mm,https://www.tms-lite.com/dlc3-series.html
TMS LITE,DLC3-00-120-1-RGBW,table_4,C (mm),104,104,mm,https://www.tms-lite.com/dlc3-series.html
TMS LITE,DLC3-00-120-1-X,table_1,Datasheet,Red,Red,,https://www.tms-lite.com/dlc3-series.html
TMS LITE,DLC3-00-120-1-X,table_1,Drawing (2D),PDF,PDF,,https://www.tms-lite.com/dlc3-series.html
TMS LITE,DLC3-00-120-1-X,table_1,STEP (3D),3D View,3D View,,https://www.tms-lite.com/dlc3-series.html
TMS LITE,DLC3-00-120-1-X,table_1,extra_4,White,White,,https://www.tms-lite.com/dlc3-series.html
TMS LITE,DLC3-00-120-1-X,table_3,Current,392mA 406mA,392mA 406mA,mA,https://www.tms-lite.com/dlc3-series.html
TMS LITE,DLC3-00-120-1-X,table_3,Voltage (V) / Watt (W),24V / 9.41W 24V / 9.74W,24V / 9.41W 24V / 9.74W,V,https://www.tms-lite.com/dlc3-series.html
TMS LITE,DLC3-00-120-1-X,table_3,Weight (g),330,330,g,https://www.tms-lite.com/dlc3-series.html
TMS LITE,DLC3-00-120-1-X,table_4,A (mm),120,120,mm,https://www.tms-lite.com/dlc3-series.html
TMS LITE,DLC3-00-120-1-X,table_4,B (mm),76,76,mm,https://www.tms-lite.com/dlc3-series.html
TMS LITE,DLC3-00-120-1-X,table_4,C (mm),104,104,mm,https://www.tms-lite.com/dlc3-series.html
TMS LITE,DLF2-90-050-1-X,table_1,Datasheet,3D View,3D View,,https://www.tms-lite.com/dlf2-serie.html
TMS LITE,DLF2-90-050-1-X,table_1,Drawing (2D),PDF,PDF,,https://www.tms-lite.com/dlf2-serie.html
TMS LITE,DLF2-90-050-1-X,table_1,STEP (3D),DXF,DXF,,https://www.tms-lite.com/dlf2-serie.html
TMS LITE,DLF2-90-050-1-X,table_1,extra_4,Red,Red,,https://www.tms-lite.com/dlf2-serie.html
TMS LITE,DLF2-90-050-1-X,table_1,extra_5,Green,Green,,https://www.tms-lite.com/dlf2-serie.html
TMS LITE,DLF2-90-050-1-X,table_1,extra_6,Blue,Blue,,https://www.tms-lite.com/dlf2-serie.html
TMS LITE,DLF2-90-050-1-X,table_1,extra_7,White,White,,https://www.tms-lite.com/dlf2-serie.html
TMS LITE,DLF2-90-050-1-X,table_2,Current,120mA 80mA,120mA 80mA,mA,https://www.tms-lite.com/dlf2-serie.html
TMS LITE,DLF2-90-050-1-X,table_2,Voltage (V) / Watt (W),24V / 2.88W 24V / 1.92W,24V / 2.88W 24V / 1.92W,V,https://www.tms-lite.com/dlf2-serie.html
TMS LITE,DLF2-90-050-1-X,table_2,Weight (g),90,90,g,https://www.tms-lite.com/dlf2-serie.html
TMS LITE,DLF2-90-050-1-X,table_3,A (mm),50.8,50.8,mm,https://www.tms-lite.com/dlf2-serie.html
TMS LITE,DLF2-90-050-1-X,table_3,B (mm),26.0,26.0,mm,https://www.tms-lite.com/dlf2-serie.html
TMS LITE,DLF2-90-050-1-X,table_3,C (mm),40.0,40.0,mm,https://www.tms-lite.com/dlf2-serie.html
TMS LITE,DLF2-90-070-1-X,table_1,Datasheet,3D View,3D View,,https://www.tms-lite.com/dlf2-serie.html
TMS LITE,DLF2-90-070-1-X,table_1,Drawing (2D),PDF,PDF,,https://www.tms-lite.com/dlf2-serie.html
TMS LITE,DLF2-90-070-1-X,table_1,STEP (3D),DXF,DXF,,https://www.tms-lite.com/dlf2-serie.html
TMS LITE,DLF2-90-070-1-X,table_1,extra_4,Red,Red,,https://www.tms-lite.com/dlf2-serie.html
TMS LITE,DLF2-90-070-1-X,table_1,extra_5,Green,Green,,https://www.tms-lite.com/dlf2-serie.html
TMS LITE,DLF2-90-070-1-X,table_1,extra_6,Blue,Blue,,https://www.tms-lite.com/dlf2-serie.html
TMS LITE,DLF2-90-070-1-X,table_1,extra_7,White,White,,https://www.tms-lite.com/dlf2-serie.html
TMS LITE,DLF2-90-070-1-X,table_2,Current,120mA 180mA,120mA 180mA,mA,https://www.tms-lite.com/dlf2-serie.html
TMS LITE,DLF2-90-070-1-X,table_2,Voltage (V) / Watt (W),24V / 2.88W 24V / 4.32W,24V / 2.88W 24V / 4.32W,V,https://www.tms-lite.com/dlf2-serie.html
TMS LITE,DLF2-90-070-1-X,table_2,Weight (g),160,160,g,https://www.tms-lite.com/dlf2-serie.html
TMS LITE,DLF2-90-070-1-X,table_3,A (mm),76.2,76.2,mm,https://www.tms-lite.com/dlf2-serie.html
TMS LITE,DLF2-90-070-1-X,table_3,B (mm),55.0,55.0,mm,https://www.tms-lite.com/dlf2-serie.html
TMS LITE,DLF2-90-070-1-X,table_3,C (mm),66.0,66.0,mm,https://www.tms-lite.com/dlf2-serie.html
TMS LITE,DLF2-90-100-1-X,table_1,Datasheet,3D View,3D View,,https://www.tms-lite.com/dlf2-serie.html
TMS LITE,DLF2-90-100-1-X,table_1,Drawing (2D),PDF,PDF,,https://www.tms-lite.com/dlf2-serie.html
TMS LITE,DLF2-90-100-1-X,table_1,STEP (3D),DXF,DXF,,https://www.tms-lite.com/dlf2-serie.html
TMS LITE,DLF2-90-100-1-X,table_1,extra_4,Red,Red,,https://www.tms-lite.com/dlf2-serie.html
TMS LITE,DLF2-90-100-1-X,table_1,extra_5,Green,Green,,https://www.tms-lite.com/dlf2-serie.html
TMS LITE,DLF2-90-100-1-X,table_1,extra_6,Blue,Blue,,https://www.tms-lite.com/dlf2-serie.html
TMS LITE,DLF2-90-100-1-X,table_1,extra_7,White,White,,https://www.tms-lite.com/dlf2-serie.html
TMS LITE,DLF2-90-100-1-X,table_2,Current,180mA 240mA,180mA 240mA,mA,https://www.tms-lite.com/dlf2-serie.html
TMS LITE,DLF2-90-100-1-X,table_2,Voltage (V) / Watt (W),24V / 4.32W 24V / 5.76W,24V / 4.32W 24V / 5.76W,V,https://www.tms-lite.com/dlf2-serie.html
TMS LITE,DLF2-90-100-1-X,table_2,Weight (g),220,220,g,https://www.tms-lite.com/dlf2-serie.html
TMS LITE,DLF2-90-100-1-X,table_3,A (mm),101.6,101.6,mm,https://www.tms-lite.com/dlf2-serie.html
TMS LITE,DLF2-90-100-1-X,table_3,B (mm),80.0,80.0,mm,https://www.tms-lite.com/dlf2-serie.html
TMS LITE,DLF2-90-100-1-X,table_3,C (mm),91.5,91.5,mm,https://www.tms-lite.com/dlf2-serie.html
TMS LITE,DLF3,page,Product Page Title,RGBW ILLUMINATION - DLF3,RGBW ILLUMINATION - DLF3,,https://www.tms-lite.com/rgbw-illumination-dlf3
TMS LITE,DLQ2-90-030-1-X,table_1,Datasheet,3D View,3D View,,https://www.tms-lite.com/dlq2-serie.html
TMS LITE,DLQ2-90-030-1-X,table_1,Drawing (2D),PDF,PDF,,https://www.tms-lite.com/dlq2-serie.html
TMS LITE,DLQ2-90-030-1-X,table_1,STEP (3D),DXF,DXF,,https://www.tms-lite.com/dlq2-serie.html
TMS LITE,DLQ2-90-030-1-X,table_1,extra_4,Red,Red,,https://www.tms-lite.com/dlq2-serie.html
TMS LITE,DLQ2-90-030-1-X,table_1,extra_5,Green,Green,,https://www.tms-lite.com/dlq2-serie.html
TMS LITE,DLQ2-90-030-1-X,table_1,extra_6,Blue,Blue,,https://www.tms-lite.com/dlq2-serie.html
TMS LITE,DLQ2-90-030-1-X,table_1,extra_7,White,White,,https://www.tms-lite.com/dlq2-serie.html
TMS LITE,DLQ2-90-030-1-X,table_2,Current,60mA 60mA,60mA 60mA,mA,https://www.tms-lite.com/dlq2-serie.html
TMS LITE,DLQ2-90-030-1-X,table_2,Voltage (V) / Watt (W),24V / 1.44W 24V / 1.44W,24V / 1.44W 24V / 1.44W,V,https://www.tms-lite.com/dlq2-serie.html
TMS LITE,DLQ2-90-030-1-X,table_2,Weight (g),50,50,g,https://www.tms-lite.com/dlq2-serie.html
TMS LITE,DLQ2-90-030-1-X,table_3,A (mm),31.6,31.6,mm,https://www.tms-lite.com/dlq2-serie.html
TMS LITE,DLQ2-90-030-1-X,table_3,B (mm),10.0,10.0,mm,https://www.tms-lite.com/dlq2-serie.html
TMS LITE,DLQ2-90-030-1-X,table_3,C (mm),21.0,21.0,mm,https://www.tms-lite.com/dlq2-serie.html
TMS LITE,DLQ2-90-050-1-X,table_1,Datasheet,3D View,3D View,,https://www.tms-lite.com/dlq2-serie.html
TMS LITE,DLQ2-90-050-1-X,table_1,Drawing (2D),PDF,PDF,,https://www.tms-lite.com/dlq2-serie.html
TMS LITE,DLQ2-90-050-1-X,table_1,STEP (3D),DXF,DXF,,https://www.tms-lite.com/dlq2-serie.html
TMS LITE,DLQ2-90-050-1-X,table_1,extra_4,Red,Red,,https://www.tms-lite.com/dlq2-serie.html
TMS LITE,DLQ2-90-050-1-X,table_1,extra_5,Green,Green,,https://www.tms-lite.com/dlq2-serie.html
TMS LITE,DLQ2-90-050-1-X,table_1,extra_6,Blue,Blue,,https://www.tms-lite.com/dlq2-serie.html
TMS LITE,DLQ2-90-050-1-X,table_1,extra_7,White,White,,https://www.tms-lite.com/dlq2-serie.html
TMS LITE,DLQ2-90-050-1-X,table_2,Current,120mA 80mA,120mA 80mA,mA,https://www.tms-lite.com/dlq2-serie.html
TMS LITE,DLQ2-90-050-1-X,table_2,Voltage (V) / Watt (W),24V / 2.88W 24V / 1.92W,24V / 2.88W 24V / 1.92W,V,https://www.tms-lite.com/dlq2-serie.html
TMS LITE,DLQ2-90-050-1-X,table_2,Weight (g),100,100,g,https://www.tms-lite.com/dlq2-serie.html
TMS LITE,DLQ2-90-050-1-X,table_3,A (mm),50.8,50.8,mm,https://www.tms-lite.com/dlq2-serie.html
TMS LITE,DLQ2-90-050-1-X,table_3,B (mm),10.0,10.0,mm,https://www.tms-lite.com/dlq2-serie.html
TMS LITE,DLQ2-90-050-1-X,table_3,C (mm),40.0,40.0,mm,https://www.tms-lite.com/dlq2-serie.html
TMS LITE,DLQ2-90-070-1-X,table_1,Datasheet,3D View,3D View,,https://www.tms-lite.com/dlq2-serie.html
TMS LITE,DLQ2-90-070-1-X,table_1,Drawing (2D),PDF,PDF,,https://www.tms-lite.com/dlq2-serie.html
TMS LITE,DLQ2-90-070-1-X,table_1,STEP (3D),DXF,DXF,,https://www.tms-lite.com/dlq2-serie.html
TMS LITE,DLQ2-90-070-1-X,table_1,extra_4,Red,Red,,https://www.tms-lite.com/dlq2-serie.html
TMS LITE,DLQ2-90-070-1-X,table_1,extra_5,Green,Green,,https://www.tms-lite.com/dlq2-serie.html
TMS LITE,DLQ2-90-070-1-X,table_1,extra_6,Blue,Blue,,https://www.tms-lite.com/dlq2-serie.html
TMS LITE,DLQ2-90-070-1-X,table_1,extra_7,White,White,,https://www.tms-lite.com/dlq2-serie.html
TMS LITE,DLQ2-90-070-1-X,table_2,Current,120mA 180mA,120mA 180mA,mA,https://www.tms-lite.com/dlq2-serie.html
TMS LITE,DLQ2-90-070-1-X,table_2,Voltage (V) / Watt (W),24V / 2.88W 24V / 4.32W,24V / 2.88W 24V / 4.32W,V,https://www.tms-lite.com/dlq2-serie.html
TMS LITE,DLQ2-90-070-1-X,table_2,Weight (g),150,150,g,https://www.tms-lite.com/dlq2-serie.html
TMS LITE,DLQ2-90-070-1-X,table_3,A (mm),76.2,76.2,mm,https://www.tms-lite.com/dlq2-serie.html
TMS LITE,DLQ2-90-070-1-X,table_3,B (mm),20.0,20.0,mm,https://www.tms-lite.com/dlq2-serie.html
TMS LITE,DLQ2-90-070-1-X,table_3,C (mm),66.0,66.0,mm,https://www.tms-lite.com/dlq2-serie.html
TMS LITE,DLQ2-90-100-1-X,table_1,Datasheet,3D View,3D View,,https://www.tms-lite.com/dlq2-serie.html
TMS LITE,DLQ2-90-100-1-X,table_1,Drawing (2D),PDF,PDF,,https://www.tms-lite.com/dlq2-serie.html
TMS LITE,DLQ2-90-100-1-X,table_1,STEP (3D),DXF,DXF,,https://www.tms-lite.com/dlq2-serie.html
TMS LITE,DLQ2-90-100-1-X,table_1,extra_4,Red,Red,,https://www.tms-lite.com/dlq2-serie.html
TMS LITE,DLQ2-90-100-1-X,table_1,extra_5,Green,Green,,https://www.tms-lite.com/dlq2-serie.html
TMS LITE,DLQ2-90-100-1-X,table_1,extra_6,Blue,Blue,,https://www.tms-lite.com/dlq2-serie.html
TMS LITE,DLQ2-90-100-1-X,table_1,extra_7,White,White,,https://www.tms-lite.com/dlq2-serie.html
TMS LITE,DLQ2-90-100-1-X,table_2,Current,180mA 240mA,180mA 240mA,mA,https://www.tms-lite.com/dlq2-serie.html
TMS LITE,DLQ2-90-100-1-X,table_2,Voltage (V) / Watt (W),24V / 4.32W 24V / 5.76W,24V / 4.32W 24V / 5.76W,V,https://www.tms-lite.com/dlq2-serie.html
TMS LITE,DLQ2-90-100-1-X,table_2,Weight (g),220,220,g,https://www.tms-lite.com/dlq2-serie.html
TMS LITE,DLQ2-90-100-1-X,table_3,A (mm),101.6,101.6,mm,https://www.tms-lite.com/dlq2-serie.html
TMS LITE,DLQ2-90-100-1-X,table_3,B (mm),20.0,20.0,mm,https://www.tms-lite.com/dlq2-serie.html
TMS LITE,DLQ2-90-100-1-X,table_3,C (mm),91.5,91.5,mm,https://www.tms-lite.com/dlq2-serie.html
TMS LITE,DLR3,page,Product Page Title,RGBW ILLUMINATION - DLR3,RGBW ILLUMINATION - DLR3,,https://www.tms-lite.com/rgbw-illumination-dlr3
TMS LITE,DLR3-45-050-1-X,table_1,Datasheet,3D View,3D View,,https://www.tms-lite.com/dlr3-serie.html
TMS LITE,DLR3-45-050-1-X,table_1,Drawing (2D),PDF,PDF,,https://www.tms-lite.com/dlr3-serie.html
TMS LITE,DLR3-45-050-1-X,table_1,STEP (3D),DXF,DXF,,https://www.tms-lite.com/dlr3-serie.html
TMS LITE,DLR3-45-050-1-X,table_1,extra_4,Red,Red,,https://www.tms-lite.com/dlr3-serie.html
TMS LITE,DLR3-45-050-1-X,table_1,extra_5,Green,Green,,https://www.tms-lite.com/dlr3-serie.html
TMS LITE,DLR3-45-050-1-X,table_1,extra_6,Blue,Blue,,https://www.tms-lite.com/dlr3-serie.html
TMS LITE,DLR3-45-050-1-X,table_1,extra_7,White,White,,https://www.tms-lite.com/dlr3-serie.html
TMS LITE,DLR3-45-050-1-X,table_2,Current,120mA 120mA,120mA 120mA,mA,https://www.tms-lite.com/dlr3-serie.html
TMS LITE,DLR3-45-050-1-X,table_2,Voltage (V) / Watt (W),24V / 2.90W 24V / 2.90W,24V / 2.90W 24V / 2.90W,V,https://www.tms-lite.com/dlr3-serie.html
TMS LITE,DLR3-45-050-1-X,table_2,Weight (g),110,110,g,https://www.tms-lite.com/dlr3-serie.html
TMS LITE,DLR3-45-050-1-X,table_3,E° (mm),45,45,mm,https://www.tms-lite.com/dlr3-serie.html
TMS LITE,DLR3-45-050-1-X,table_3,ØA (mm),56.4,56.4,mm,https://www.tms-lite.com/dlr3-serie.html
TMS LITE,DLR3-45-050-1-X,table_3,ØB (mm),10,10,mm,https://www.tms-lite.com/dlr3-serie.html
TMS LITE,DLR3-45-050-1-X,table_3,ØC (mm),25,25,mm,https://www.tms-lite.com/dlr3-serie.html
TMS LITE,DLR3-45-050-1-X,table_3,ØD (mm),35,35,mm,https://www.tms-lite.com/dlr3-serie.html
TMS LITE,DLR3-45-080-1-X,table_1,Datasheet,3D View,3D View,,https://www.tms-lite.com/dlr3-serie.html
TMS LITE,DLR3-45-080-1-X,table_1,Drawing (2D),PDF,PDF,,https://www.tms-lite.com/dlr3-serie.html
TMS LITE,DLR3-45-080-1-X,table_1,STEP (3D),DXF,DXF,,https://www.tms-lite.com/dlr3-serie.html
TMS LITE,DLR3-45-080-1-X,table_1,extra_4,Red,Red,,https://www.tms-lite.com/dlr3-serie.html
TMS LITE,DLR3-45-080-1-X,table_1,extra_5,Green,Green,,https://www.tms-lite.com/dlr3-serie.html
TMS LITE,DLR3-45-080-1-X,table_1,extra_6,Blue,Blue,,https://www.tms-lite.com/dlr3-serie.html
TMS LITE,DLR3-45-080-1-X,table_1,extra_7,White,White,,https://www.tms-lite.com/dlr3-serie.html
TMS LITE,DLR3-45-080-1-X,table_2,Current,180mA 180mA,180mA 180mA,mA,https://www.tms-lite.com/dlr3-serie.html
TMS LITE,DLR3-45-080-1-X,table_2,Voltage (V) / Watt (W),24V / 4.30W 24V / 4.30W,24V / 4.30W 24V / 4.30W,V,https://www.tms-lite.com/dlr3-serie.html
TMS LITE,DLR3-45-080-1-X,table_2,Weight (g),145,145,g,https://www.tms-lite.com/dlr3-serie.html
TMS LITE,DLR3-45-080-1-X,table_3,E° (mm),45,45,mm,https://www.tms-lite.com/dlr3-serie.html
TMS LITE,DLR3-45-080-1-X,table_3,ØA (mm),81,81,mm,https://www.tms-lite.com/dlr3-serie.html
TMS LITE,DLR3-45-080-1-X,table_3,ØB (mm),30.5,30.5,mm,https://www.tms-lite.com/dlr3-serie.html
TMS LITE,DLR3-45-080-1-X,table_3,ØC (mm),54,54,mm,https://www.tms-lite.com/dlr3-serie.html
TMS LITE,DLR3-45-080-1-X,table_3,ØD (mm),56,56,mm,https://www.tms-lite.com/dlr3-serie.html
TMS LITE,DLR3-45-100-1-RGBW,table_1,Datasheet,3D View,3D View,,https://www.tms-lite.com/dlr3-serie.html
TMS LITE,DLR3-45-100-1-RGBW,table_1,Drawing (2D),RGBW PDF,RGBW PDF,,https://www.tms-lite.com/dlr3-serie.html
TMS LITE,DLR3-45-100-1-RGBW,table_1,STEP (3D),RGBW DXF,RGBW DXF,,https://www.tms-lite.com/dlr3-serie.html
TMS LITE,DLR3-45-100-1-RGBW,table_1,extra_4,RGBW,RGBW,,https://www.tms-lite.com/dlr3-serie.html
TMS LITE,DLR3-45-100-1-RGBW,table_2,Current,120mA,120mA,mA,https://www.tms-lite.com/dlr3-serie.html
TMS LITE,DLR3-45-100-1-RGBW,table_2,Voltage (V) / Watt (W),24V / 2.88W,24V / 2.88W,V,https://www.tms-lite.com/dlr3-serie.html
TMS LITE,DLR3-45-100-1-RGBW,table_2,Weight (g),225,225,g,https://www.tms-lite.com/dlr3-serie.html
TMS LITE,DLR3-45-100-1-RGBW,table_3,E° (mm),45,45,mm,https://www.tms-lite.com/dlr3-serie.html
TMS LITE,DLR3-45-100-1-RGBW,table_3,ØA (mm),105.2,105.2,mm,https://www.tms-lite.com/dlr3-serie.html
TMS LITE,DLR3-45-100-1-RGBW,table_3,ØB (mm),45.6,45.6,mm,https://www.tms-lite.com/dlr3-serie.html
TMS LITE,DLR3-45-100-1-RGBW,table_3,ØC (mm),80,80,mm,https://www.tms-lite.com/dlr3-serie.html
TMS LITE,DLR3-45-100-1-RGBW,table_3,ØD (mm),95,95,mm,https://www.tms-lite.com/dlr3-serie.html
TMS LITE,DLR3-45-100-1-RGBW-24V,table_1,COLOUR,RGBW,RGBW,,https://www.tms-lite.com/rgbw-illumination-dlr3.html
TMS LITE,DLR3-45-100-1-RGBW-24V,table_1,Current,120mA,120mA,mA,https://www.tms-lite.com/rgbw-illumination-dlr3.html
TMS LITE,DLR3-45-100-1-RGBW-24V,table_1,Voltage (V)/Watt (W),24V / 2.88W,24V / 2.88W,V,https://www.tms-lite.com/rgbw-illumination-dlr3.html
TMS LITE,DLR3-45-100-1-RGBW-24V,table_1,Weight (g),225,225,g,https://www.tms-lite.com/rgbw-illumination-dlr3.html
TMS LITE,DLR3-45-100-1-RGBW-24V,table_2,Datasheet,3D View,3D View,,https://www.tms-lite.com/rgbw-illumination-dlr3.html
TMS LITE,DLR3-45-100-1-RGBW-24V,table_2,Drawing (2D),PDF,PDF,,https://www.tms-lite.com/rgbw-illumination-dlr3.html
TMS LITE,DLR3-45-100-1-RGBW-24V,table_2,STEP (3D),DXF,DXF,,https://www.tms-lite.com/rgbw-illumination-dlr3.html
TMS LITE,DLR3-45-100-1-RGBW-24V,table_2,extra_4,RGBW,RGBW,,https://www.tms-lite.com/rgbw-illumination-dlr3.html
TMS LITE,DLR3-45-100-1-X,table_1,Datasheet,3D View,3D View,,https://www.tms-lite.com/dlr3-serie.html
TMS LITE,DLR3-45-100-1-X,table_1,Drawing (2D),PDF,PDF,,https://www.tms-lite.com/dlr3-serie.html
TMS LITE,DLR3-45-100-1-X,table_1,STEP (3D),DXF,DXF,,https://www.tms-lite.com/dlr3-serie.html
TMS LITE,DLR3-45-100-1-X,table_1,extra_4,Red,Red,,https://www.tms-lite.com/dlr3-serie.html
TMS LITE,DLR3-45-100-1-X,table_1,extra_5,Green,Green,,https://www.tms-lite.com/dlr3-serie.html
TMS LITE,DLR3-45-100-1-X,table_1,extra_6,Blue,Blue,,https://www.tms-lite.com/dlr3-serie.html
TMS LITE,DLR3-45-100-1-X,table_1,extra_7,White,White,,https://www.tms-lite.com/dlr3-serie.html
TMS LITE,DLR3-45-100-1-X,table_2,Current,270mA 270mA,270mA 270mA,mA,https://www.tms-lite.com/dlr3-serie.html
TMS LITE,DLR3-45-100-1-X,table_2,Voltage (V) / Watt (W),24V / 6.50W 24V / 6.50W,24V / 6.50W 24V / 6.50W,V,https://www.tms-lite.com/dlr3-serie.html
TMS LITE,DLR3-45-100-1-X,table_2,Weight (g),225,225,g,https://www.tms-lite.com/dlr3-serie.html
TMS LITE,DLR3-45-100-1-X,table_3,E° (mm),45,45,mm,https://www.tms-lite.com/dlr3-serie.html
TMS LITE,DLR3-45-100-1-X,table_3,ØA (mm),105.2,105.2,mm,https://www.tms-lite.com/dlr3-serie.html
TMS LITE,DLR3-45-100-1-X,table_3,ØB (mm),45.6,45.6,mm,https://www.tms-lite.com/dlr3-serie.html
TMS LITE,DLR3-45-100-1-X,table_3,ØC (mm),80,80,mm,https://www.tms-lite.com/dlr3-serie.html
TMS LITE,DLR3-45-100-1-X,table_3,ØD (mm),95,95,mm,https://www.tms-lite.com/dlr3-serie.html
TMS LITE,DLR3-45-130-1-X,table_1,Datasheet,3D View,3D View,,https://www.tms-lite.com/dlr3-serie.html
TMS LITE,DLR3-45-130-1-X,table_1,Drawing (2D),PDF,PDF,,https://www.tms-lite.com/dlr3-serie.html
TMS LITE,DLR3-45-130-1-X,table_1,STEP (3D),DXF,DXF,,https://www.tms-lite.com/dlr3-serie.html
TMS LITE,DLR3-45-130-1-X,table_1,extra_4,Red,Red,,https://www.tms-lite.com/dlr3-serie.html
TMS LITE,DLR3-45-130-1-X,table_1,extra_5,Green,Green,,https://www.tms-lite.com/dlr3-serie.html
TMS LITE,DLR3-45-130-1-X,table_1,extra_6,Blue,Blue,,https://www.tms-lite.com/dlr3-serie.html
TMS LITE,DLR3-45-130-1-X,table_1,extra_7,White,White,,https://www.tms-lite.com/dlr3-serie.html
TMS LITE,DLR3-45-130-1-X,table_2,Current,360mA 360mA,360mA 360mA,mA,https://www.tms-lite.com/dlr3-serie.html
TMS LITE,DLR3-45-130-1-X,table_2,Voltage (V) / Watt (W),24V / 8.60W 24V / 8.60W,24V / 8.60W 24V / 8.60W,V,https://www.tms-lite.com/dlr3-serie.html
TMS LITE,DLR3-45-130-1-X,table_2,Weight (g),280,280,g,https://www.tms-lite.com/dlr3-serie.html
TMS LITE,DLR3-45-130-1-X,table_3,E° (mm),45,45,mm,https://www.tms-lite.com/dlr3-serie.html
TMS LITE,DLR3-45-130-1-X,table_3,ØA (mm),131.5,131.5,mm,https://www.tms-lite.com/dlr3-serie.html
TMS LITE,DLR3-45-130-1-X,table_3,ØB (mm),74,74,mm,https://www.tms-lite.com/dlr3-serie.html
TMS LITE,DLR3-45-130-1-X,table_3,ØC (mm),106,106,mm,https://www.tms-lite.com/dlr3-serie.html
TMS LITE,DLR3-45-130-1-X,table_3,ØD (mm),95,95,mm,https://www.tms-lite.com/dlr3-serie.html
TMS LITE,DLR3-60-050-1-X,table_1,Datasheet,3D View,3D View,,https://www.tms-lite.com/dlr3-serie.html
TMS LITE,DLR3-60-050-1-X,table_1,Drawing (2D),PDF,PDF,,https://www.tms-lite.com/dlr3-serie.html
TMS LITE,DLR3-60-050-1-X,table_1,STEP (3D),DXF,DXF,,https://www.tms-lite.com/dlr3-serie.html
TMS LITE,DLR3-60-050-1-X,table_1,extra_4,Red,Red,,https://www.tms-lite.com/dlr3-serie.html
TMS LITE,DLR3-60-050-1-X,table_1,extra_5,Green,Green,,https://www.tms-lite.com/dlr3-serie.html
TMS LITE,DLR3-60-050-1-X,table_1,extra_6,Blue,Blue,,https://www.tms-lite.com/dlr3-serie.html
TMS LITE,DLR3-60-050-1-X,table_1,extra_7,White,White,,https://www.tms-lite.com/dlr3-serie.html
TMS LITE,DLR3-60-050-1-X,table_2,Current,120mA 120mA,120mA 120mA,mA,https://www.tms-lite.com/dlr3-serie.html
TMS LITE,DLR3-60-050-1-X,table_2,Voltage (V) / Watt (W),24V / 2.90W 24V / 2.90W,24V / 2.90W 24V / 2.90W,V,https://www.tms-lite.com/dlr3-serie.html
TMS LITE,DLR3-60-050-1-X,table_2,Weight (g),100,100,g,https://www.tms-lite.com/dlr3-serie.html
TMS LITE,DLR3-60-050-1-X,table_3,E° (mm),60,60,mm,https://www.tms-lite.com/dlr3-serie.html
TMS LITE,DLR3-60-050-1-X,table_3,ØA (mm),56.4,56.4,mm,https://www.tms-lite.com/dlr3-serie.html
TMS LITE,DLR3-60-050-1-X,table_3,ØB (mm),10,10,mm,https://www.tms-lite.com/dlr3-serie.html
TMS LITE,DLR3-60-050-1-X,table_3,ØC (mm),25,25,mm,https://www.tms-lite.com/dlr3-serie.html
TMS LITE,DLR3-60-050-1-X,table_3,ØD (mm),35,35,mm,https://www.tms-lite.com/dlr3-serie.html
TMS LITE,DLR3-60-080-1-X,table_1,Datasheet,3D View,3D View,,https://www.tms-lite.com/dlr3-serie.html
TMS LITE,DLR3-60-080-1-X,table_1,Drawing (2D),PDF,PDF,,https://www.tms-lite.com/dlr3-serie.html
TMS LITE,DLR3-60-080-1-X,table_1,STEP (3D),DXF,DXF,,https://www.tms-lite.com/dlr3-serie.html
TMS LITE,DLR3-60-080-1-X,table_1,extra_4,Red,Red,,https://www.tms-lite.com/dlr3-serie.html
TMS LITE,DLR3-60-080-1-X,table_1,extra_5,Green,Green,,https://www.tms-lite.com/dlr3-serie.html
TMS LITE,DLR3-60-080-1-X,table_1,extra_6,Blue,Blue,,https://www.tms-lite.com/dlr3-serie.html
TMS LITE,DLR3-60-080-1-X,table_1,extra_7,White,White,,https://www.tms-lite.com/dlr3-serie.html
TMS LITE,DLR3-60-080-1-X,table_2,Current,180mA 180mA,180mA 180mA,mA,https://www.tms-lite.com/dlr3-serie.html
TMS LITE,DLR3-60-080-1-X,table_2,Voltage (V) / Watt (W),24V / 4.30W 24V / 4.30W,24V / 4.30W 24V / 4.30W,V,https://www.tms-lite.com/dlr3-serie.html
TMS LITE,DLR3-60-080-1-X,table_2,Weight (g),145,145,g,https://www.tms-lite.com/dlr3-serie.html
TMS LITE,DLR3-60-080-1-X,table_3,E° (mm),60,60,mm,https://www.tms-lite.com/dlr3-serie.html
TMS LITE,DLR3-60-080-1-X,table_3,ØA (mm),81,81,mm,https://www.tms-lite.com/dlr3-serie.html
TMS LITE,DLR3-60-080-1-X,table_3,ØB (mm),36.2,36.2,mm,https://www.tms-lite.com/dlr3-serie.html
TMS LITE,DLR3-60-080-1-X,table_3,ØC (mm),54,54,mm,https://www.tms-lite.com/dlr3-serie.html
TMS LITE,DLR3-60-080-1-X,table_3,ØD (mm),56,56,mm,https://www.tms-lite.com/dlr3-serie.html
TMS LITE,DLR3-60-100-1-RGBW,table_1,Datasheet,3D View,3D View,,https://www.tms-lite.com/dlr3-serie.html
TMS LITE,DLR3-60-100-1-RGBW,table_1,Drawing (2D),RGBW PDF,RGBW PDF,,https://www.tms-lite.com/dlr3-serie.html
TMS LITE,DLR3-60-100-1-RGBW,table_1,STEP (3D),RGBW DXF,RGBW DXF,,https://www.tms-lite.com/dlr3-serie.html
TMS LITE,DLR3-60-100-1-RGBW,table_1,extra_4,RGBW,RGBW,,https://www.tms-lite.com/dlr3-serie.html
TMS LITE,DLR3-60-100-1-RGBW,table_2,Current,120mA,120mA,mA,https://www.tms-lite.com/dlr3-serie.html
TMS LITE,DLR3-60-100-1-RGBW,table_2,Voltage (V) / Watt (W),24V / 2.88W,24V / 2.88W,V,https://www.tms-lite.com/dlr3-serie.html
TMS LITE,DLR3-60-100-1-RGBW,table_2,Weight (g),205,205,g,https://www.tms-lite.com/dlr3-serie.html
TMS LITE,DLR3-60-100-1-RGBW,table_3,E° (mm),60,60,mm,https://www.tms-lite.com/dlr3-serie.html
TMS LITE,DLR3-60-100-1-RGBW,table_3,ØA (mm),105.2,105.2,mm,https://www.tms-lite.com/dlr3-serie.html
TMS LITE,DLR3-60-100-1-RGBW,table_3,ØB (mm),57,57,mm,https://www.tms-lite.com/dlr3-serie.html
TMS LITE,DLR3-60-100-1-RGBW,table_3,ØC (mm),80,80,mm,https://www.tms-lite.com/dlr3-serie.html
TMS LITE,DLR3-60-100-1-RGBW,table_3,ØD (mm),95,95,mm,https://www.tms-lite.com/dlr3-serie.html
TMS LITE,DLR3-60-100-1-RGBW-24V,table_1,COLOUR,RGBW,RGBW,,https://www.tms-lite.com/rgbw-illumination-dlr3.html
TMS LITE,DLR3-60-100-1-RGBW-24V,table_1,Current,120mA,120mA,mA,https://www.tms-lite.com/rgbw-illumination-dlr3.html
TMS LITE,DLR3-60-100-1-RGBW-24V,table_1,Voltage (V)/Watt (W),24V / 2.88W,24V / 2.88W,V,https://www.tms-lite.com/rgbw-illumination-dlr3.html
TMS LITE,DLR3-60-100-1-RGBW-24V,table_1,Weight (g),205,205,g,https://www.tms-lite.com/rgbw-illumination-dlr3.html
TMS LITE,DLR3-60-100-1-RGBW-24V,table_2,Datasheet,3D View,3D View,,https://www.tms-lite.com/rgbw-illumination-dlr3.html
TMS LITE,DLR3-60-100-1-RGBW-24V,table_2,Drawing (2D),PDF,PDF,,https://www.tms-lite.com/rgbw-illumination-dlr3.html
TMS LITE,DLR3-60-100-1-RGBW-24V,table_2,STEP (3D),DXF,DXF,,https://www.tms-lite.com/rgbw-illumination-dlr3.html
TMS LITE,DLR3-60-100-1-RGBW-24V,table_2,extra_4,RGBW,RGBW,,https://www.tms-lite.com/rgbw-illumination-dlr3.html
TMS LITE,DLR3-60-100-1-X,table_1,Datasheet,3D View,3D View,,https://www.tms-lite.com/dlr3-serie.html
TMS LITE,DLR3-60-100-1-X,table_1,Drawing (2D),PDF,PDF,,https://www.tms-lite.com/dlr3-serie.html
TMS LITE,DLR3-60-100-1-X,table_1,STEP (3D),DXF,DXF,,https://www.tms-lite.com/dlr3-serie.html
TMS LITE,DLR3-60-100-1-X,table_1,extra_4,Red,Red,,https://www.tms-lite.com/dlr3-serie.html
TMS LITE,DLR3-60-100-1-X,table_1,extra_5,Green,Green,,https://www.tms-lite.com/dlr3-serie.html
TMS LITE,DLR3-60-100-1-X,table_1,extra_6,Blue,Blue,,https://www.tms-lite.com/dlr3-serie.html
TMS LITE,DLR3-60-100-1-X,table_1,extra_7,White,White,,https://www.tms-lite.com/dlr3-serie.html
TMS LITE,DLR3-60-100-1-X,table_2,Current,270mA 270mA,270mA 270mA,mA,https://www.tms-lite.com/dlr3-serie.html
TMS LITE,DLR3-60-100-1-X,table_2,Voltage (V) / Watt (W),24V / 6.50W 24V / 6.50W,24V / 6.50W 24V / 6.50W,V,https://www.tms-lite.com/dlr3-serie.html
TMS LITE,DLR3-60-100-1-X,table_2,Weight (g),205,205,g,https://www.tms-lite.com/dlr3-serie.html
TMS LITE,DLR3-60-100-1-X,table_3,E° (mm),60,60,mm,https://www.tms-lite.com/dlr3-serie.html
TMS LITE,DLR3-60-100-1-X,table_3,ØA (mm),105.2,105.2,mm,https://www.tms-lite.com/dlr3-serie.html
TMS LITE,DLR3-60-100-1-X,table_3,ØB (mm),57,57,mm,https://www.tms-lite.com/dlr3-serie.html
TMS LITE,DLR3-60-100-1-X,table_3,ØC (mm),80,80,mm,https://www.tms-lite.com/dlr3-serie.html
TMS LITE,DLR3-60-100-1-X,table_3,ØD (mm),95,95,mm,https://www.tms-lite.com/dlr3-serie.html
TMS LITE,DLR3-60-130-1-X,table_1,Datasheet,3D View,3D View,,https://www.tms-lite.com/dlr3-serie.html
TMS LITE,DLR3-60-130-1-X,table_1,Drawing (2D),PDF,PDF,,https://www.tms-lite.com/dlr3-serie.html
TMS LITE,DLR3-60-130-1-X,table_1,STEP (3D),DXF,DXF,,https://www.tms-lite.com/dlr3-serie.html
TMS LITE,DLR3-60-130-1-X,table_1,extra_4,Red,Red,,https://www.tms-lite.com/dlr3-serie.html
TMS LITE,DLR3-60-130-1-X,table_1,extra_5,Green,Green,,https://www.tms-lite.com/dlr3-serie.html
TMS LITE,DLR3-60-130-1-X,table_1,extra_6,Blue,Blue,,https://www.tms-lite.com/dlr3-serie.html
TMS LITE,DLR3-60-130-1-X,table_1,extra_7,White,White,,https://www.tms-lite.com/dlr3-serie.html
TMS LITE,DLR3-60-130-1-X,table_2,Current,360mA 360mA,360mA 360mA,mA,https://www.tms-lite.com/dlr3-serie.html
TMS LITE,DLR3-60-130-1-X,table_2,Voltage (V) / Watt (W),24V / 8.60W 24V / 8.60W,24V / 8.60W 24V / 8.60W,V,https://www.tms-lite.com/dlr3-serie.html
TMS LITE,DLR3-60-130-1-X,table_2,Weight (g),285,285,g,https://www.tms-lite.com/dlr3-serie.html
TMS LITE,DLR3-60-130-1-X,table_3,E° (mm),60,60,mm,https://www.tms-lite.com/dlr3-serie.html
TMS LITE,DLR3-60-130-1-X,table_3,ØA (mm),131.5,131.5,mm,https://www.tms-lite.com/dlr3-serie.html
TMS LITE,DLR3-60-130-1-X,table_3,ØB (mm),84,84,mm,https://www.tms-lite.com/dlr3-serie.html
TMS LITE,DLR3-60-130-1-X,table_3,ØC (mm),106,106,mm,https://www.tms-lite.com/dlr3-serie.html
TMS LITE,DLR3-60-130-1-X,table_3,ØD (mm),95,95,mm,https://www.tms-lite.com/dlr3-serie.html
TMS LITE,DLRC-60-130-1-X-24V,table_1,Colour,Please contact our sales team,Please contact our sales team,,https://www.tms-lite.com/iddc-llac-lswc-series.html
TMS LITE,DLRC-60-130-1-X-24V,table_1,Current,Please contact our sales team,Please contact our sales team,mA,https://www.tms-lite.com/iddc-llac-lswc-series.html
TMS LITE,DLRC-60-130-1-X-24V,table_1,Voltage (V) / Watt (W),Please contact our sales team,Please contact our sales team,V,https://www.tms-lite.com/iddc-llac-lswc-series.html
TMS LITE,DLRC-60-130-1-X-24V,table_1,Weight (g),Please contact our sales team,Please contact our sales team,g,https://www.tms-lite.com/iddc-llac-lswc-series.html
TMS LITE,DLRC-60-130-1-X-24V,table_3,Datasheet,For further details please contact us,For further details please contact us,,https://www.tms-lite.com/iddc-llac-lswc-series.html
TMS LITE,DLRC-60-130-1-X-24V,table_3,Drawing (2D),PDF,PDF,,https://www.tms-lite.com/iddc-llac-lswc-series.html
TMS LITE,DLRC-60-130-1-X-24V,table_3,STEP (3D),3D View,3D View,,https://www.tms-lite.com/iddc-llac-lswc-series.html
TMS LITE,DLS2-60-050-1-X,table_1,Datasheet,3D View,3D View,,https://www.tms-lite.com/dls2-serie.html
TMS LITE,DLS2-60-050-1-X,table_1,Drawing (2D),PDF,PDF,,https://www.tms-lite.com/dls2-serie.html
TMS LITE,DLS2-60-050-1-X,table_1,STEP (3D),DXF,DXF,,https://www.tms-lite.com/dls2-serie.html
TMS LITE,DLS2-60-050-1-X,table_1,extra_4,Red,Red,,https://www.tms-lite.com/dls2-serie.html
TMS LITE,DLS2-60-050-1-X,table_1,extra_5,Green,Green,,https://www.tms-lite.com/dls2-serie.html
TMS LITE,DLS2-60-050-1-X,table_1,extra_6,Blue,Blue,,https://www.tms-lite.com/dls2-serie.html
TMS LITE,DLS2-60-050-1-X,table_1,extra_7,White,White,,https://www.tms-lite.com/dls2-serie.html
TMS LITE,DLS2-60-050-1-X,table_2,Current,120mA 80mA,120mA 80mA,mA,https://www.tms-lite.com/dls2-serie.html
TMS LITE,DLS2-60-050-1-X,table_2,Voltage (V) / Watt (W),24V / 2.88W 24V / 1.92W,24V / 2.88W 24V / 1.92W,V,https://www.tms-lite.com/dls2-serie.html
TMS LITE,DLS2-60-050-1-X,table_2,Weight (g),120,120,g,https://www.tms-lite.com/dls2-serie.html
TMS LITE,DLS2-60-050-1-X,table_3,A (mm),50.8,50.8,mm,https://www.tms-lite.com/dls2-serie.html
TMS LITE,DLS2-60-050-1-X,table_3,B (mm),16.0,16.0,mm,https://www.tms-lite.com/dls2-serie.html
TMS LITE,DLS2-60-050-1-X,table_3,C (mm),40.0,40.0,mm,https://www.tms-lite.com/dls2-serie.html
TMS LITE,DLS2-60-050-1-X,table_3,D° (mm),60,60,mm,https://www.tms-lite.com/dls2-serie.html
TMS LITE,DLS2-60-070-1-X,table_1,Datasheet,3D View,3D View,,https://www.tms-lite.com/dls2-serie.html
TMS LITE,DLS2-60-070-1-X,table_1,Drawing (2D),PDF,PDF,,https://www.tms-lite.com/dls2-serie.html
TMS LITE,DLS2-60-070-1-X,table_1,STEP (3D),DXF,DXF,,https://www.tms-lite.com/dls2-serie.html
TMS LITE,DLS2-60-070-1-X,table_1,extra_4,Red,Red,,https://www.tms-lite.com/dls2-serie.html
TMS LITE,DLS2-60-070-1-X,table_1,extra_5,Green,Green,,https://www.tms-lite.com/dls2-serie.html
TMS LITE,DLS2-60-070-1-X,table_1,extra_6,Blue,Blue,,https://www.tms-lite.com/dls2-serie.html
TMS LITE,DLS2-60-070-1-X,table_1,extra_7,White,White,,https://www.tms-lite.com/dls2-serie.html
TMS LITE,DLS2-60-070-1-X,table_2,Current,120mA 180mA,120mA 180mA,mA,https://www.tms-lite.com/dls2-serie.html
TMS LITE,DLS2-60-070-1-X,table_2,Voltage (V) / Watt (W),24V / 2.88W 24V / 4.32W,24V / 2.88W 24V / 4.32W,V,https://www.tms-lite.com/dls2-serie.html
TMS LITE,DLS2-60-070-1-X,table_2,Weight (g),220,220,g,https://www.tms-lite.com/dls2-serie.html
TMS LITE,DLS2-60-070-1-X,table_3,A (mm),76.2,76.2,mm,https://www.tms-lite.com/dls2-serie.html
TMS LITE,DLS2-60-070-1-X,table_3,B (mm),20.0,20.0,mm,https://www.tms-lite.com/dls2-serie.html
TMS LITE,DLS2-60-070-1-X,table_3,C (mm),66.0,66.0,mm,https://www.tms-lite.com/dls2-serie.html
TMS LITE,DLS2-60-070-1-X,table_3,D° (mm),60,60,mm,https://www.tms-lite.com/dls2-serie.html
TMS LITE,DLS2-60-100-1-X,table_1,Datasheet,3D View,3D View,,https://www.tms-lite.com/dls2-serie.html
TMS LITE,DLS2-60-100-1-X,table_1,Drawing (2D),PDF,PDF,,https://www.tms-lite.com/dls2-serie.html
TMS LITE,DLS2-60-100-1-X,table_1,STEP (3D),DXF,DXF,,https://www.tms-lite.com/dls2-serie.html
TMS LITE,DLS2-60-100-1-X,table_1,extra_4,Red,Red,,https://www.tms-lite.com/dls2-serie.html
TMS LITE,DLS2-60-100-1-X,table_1,extra_5,Green,Green,,https://www.tms-lite.com/dls2-serie.html
TMS LITE,DLS2-60-100-1-X,table_1,extra_6,Blue,Blue,,https://www.tms-lite.com/dls2-serie.html
TMS LITE,DLS2-60-100-1-X,table_1,extra_7,White,White,,https://www.tms-lite.com/dls2-serie.html
TMS LITE,DLS2-60-100-1-X,table_2,Current,180mA 240mA,180mA 240mA,mA,https://www.tms-lite.com/dls2-serie.html
TMS LITE,DLS2-60-100-1-X,table_2,Voltage (V) / Watt (W),24V / 4.32W 24V / 5.76W,24V / 4.32W 24V / 5.76W,V,https://www.tms-lite.com/dls2-serie.html
TMS LITE,DLS2-60-100-1-X,table_2,Weight (g),300,300,g,https://www.tms-lite.com/dls2-serie.html
TMS LITE,DLS2-60-100-1-X,table_3,A (mm),101.6,101.6,mm,https://www.tms-lite.com/dls2-serie.html
TMS LITE,DLS2-60-100-1-X,table_3,B (mm),20.0,20.0,mm,https://www.tms-lite.com/dls2-serie.html
TMS LITE,DLS2-60-100-1-X,table_3,C (mm),91.5,91.5,mm,https://www.tms-lite.com/dls2-serie.html
TMS LITE,DLS2-60-100-1-X,table_3,D° (mm),60,60,mm,https://www.tms-lite.com/dls2-serie.html
TMS LITE,DLW2-60-070-1-X,table_1,Datasheet,3D View,3D View,,https://www.tms-lite.com/dlw2-serie.html
TMS LITE,DLW2-60-070-1-X,table_1,Drawing (2D),PDF,PDF,,https://www.tms-lite.com/dlw2-serie.html
TMS LITE,DLW2-60-070-1-X,table_1,STEP (3D),DXF,DXF,,https://www.tms-lite.com/dlw2-serie.html
TMS LITE,DLW2-60-070-1-X,table_1,extra_4,Red,Red,,https://www.tms-lite.com/dlw2-serie.html
TMS LITE,DLW2-60-070-1-X,table_1,extra_5,Green,Green,,https://www.tms-lite.com/dlw2-serie.html
TMS LITE,DLW2-60-070-1-X,table_1,extra_6,Blue,Blue,,https://www.tms-lite.com/dlw2-serie.html
TMS LITE,DLW2-60-070-1-X,table_1,extra_7,White,White,,https://www.tms-lite.com/dlw2-serie.html
TMS LITE,DLW2-60-070-1-X,table_2,Current,120mA 180mA,120mA 180mA,mA,https://www.tms-lite.com/dlw2-serie.html
TMS LITE,DLW2-60-070-1-X,table_2,Voltage (V) / Watt (W),24V / 2.88W 24V / 4.32W,24V / 2.88W 24V / 4.32W,V,https://www.tms-lite.com/dlw2-serie.html
TMS LITE,DLW2-60-070-1-X,table_2,Weight (g),190,190,g,https://www.tms-lite.com/dlw2-serie.html
TMS LITE,DLW2-60-070-1-X,table_3,A (mm),76.2,76.2,mm,https://www.tms-lite.com/dlw2-serie.html
TMS LITE,DLW2-60-070-1-X,table_3,B (mm),40.0,40.0,mm,https://www.tms-lite.com/dlw2-serie.html
TMS LITE,DLW2-60-070-1-X,table_3,C (mm),66.0,66.0,mm,https://www.tms-lite.com/dlw2-serie.html
TMS LITE,DLW2-60-070-1-X,table_3,D° (mm),60,60,mm,https://www.tms-lite.com/dlw2-serie.html
TMS LITE,DLW2-60-100-1-X,table_1,Datasheet,3D View,3D View,,https://www.tms-lite.com/dlw2-serie.html
TMS LITE,DLW2-60-100-1-X,table_1,Drawing (2D),PDF,PDF,,https://www.tms-lite.com/dlw2-serie.html
TMS LITE,DLW2-60-100-1-X,table_1,STEP (3D),DXF,DXF,,https://www.tms-lite.com/dlw2-serie.html
TMS LITE,DLW2-60-100-1-X,table_1,extra_4,Red,Red,,https://www.tms-lite.com/dlw2-serie.html
TMS LITE,DLW2-60-100-1-X,table_1,extra_5,Green,Green,,https://www.tms-lite.com/dlw2-serie.html
TMS LITE,DLW2-60-100-1-X,table_1,extra_6,Blue,Blue,,https://www.tms-lite.com/dlw2-serie.html
TMS LITE,DLW2-60-100-1-X,table_1,extra_7,White,White,,https://www.tms-lite.com/dlw2-serie.html
TMS LITE,DLW2-60-100-1-X,table_2,Current,180mA 240mA,180mA 240mA,mA,https://www.tms-lite.com/dlw2-serie.html
TMS LITE,DLW2-60-100-1-X,table_2,Voltage (V) / Watt (W),24V / 4.32W 24V / 5.76W,24V / 4.32W 24V / 5.76W,V,https://www.tms-lite.com/dlw2-serie.html
TMS LITE,DLW2-60-100-1-X,table_2,Weight (g),280,280,g,https://www.tms-lite.com/dlw2-serie.html
TMS LITE,DLW2-60-100-1-X,table_3,A (mm),101.6,101.6,mm,https://www.tms-lite.com/dlw2-serie.html
TMS LITE,DLW2-60-100-1-X,table_3,B (mm),66.0,66.0,mm,https://www.tms-lite.com/dlw2-serie.html
TMS LITE,DLW2-60-100-1-X,table_3,C (mm),91.5,91.5,mm,https://www.tms-lite.com/dlw2-serie.html
TMS LITE,DLW2-60-100-1-X,table_3,D° (mm),60,60,mm,https://www.tms-lite.com/dlw2-serie.html
TMS LITE,DXX,page,Product Page Title,DIFFUSED SQUARE ILLUMINATION - F - DXX,DIFFUSED SQUARE ILLUMINATION - F - DXX,,https://www.tms-lite.com/diffused-square-illumination-dla
TMS LITE,F-DLC3-00-130-1-FWNB-24V,page,Product Page Title,DL-F-DLC3-00-130-1-FWNB-24V,DL-F-DLC3-00-130-1-FWNB-24V,,https://www.tms-lite.com/dl-f-dlc3-00-130-1-fwnb-24v-67359344
TMS LITE,F-DLC3-00-130-8-FWNA-24V,page,Product Page Title,DL-F-DLC3-00-130-8-FWNA-24V,DL-F-DLC3-00-130-8-FWNA-24V,,https://www.tms-lite.com/dl-f-dlc3-00-130-8-fwna-24v
TMS LITE,F-DLG-00-100-1-RGBW,table_1,Colour,RGBW,RGBW,,https://www.tms-lite.com/dlc-dlf-dls-45-60-dla-dlp-dlg-series.html
TMS LITE,F-DLG-00-100-1-RGBW,table_1,Current,240mA,240mA,mA,https://www.tms-lite.com/dlc-dlf-dls-45-60-dla-dlp-dlg-series.html
TMS LITE,F-DLG-00-100-1-RGBW,table_1,Voltage (V) / Watt (W),24V / 5.76W,24V / 5.76W,V,https://www.tms-lite.com/dlc-dlf-dls-45-60-dla-dlp-dlg-series.html
TMS LITE,F-DLG-00-100-1-RGBW,table_1,Weight (g),121,121,g,https://www.tms-lite.com/dlc-dlf-dls-45-60-dla-dlp-dlg-series.html
TMS LITE,F-DLG-00-100-1-RGBW,table_2,A (mm),-,-,mm,https://www.tms-lite.com/dlc-dlf-dls-45-60-dla-dlp-dlg-series.html
TMS LITE,F-DLG-00-100-1-RGBW,table_2,B (mm),-,-,mm,https://www.tms-lite.com/dlc-dlf-dls-45-60-dla-dlp-dlg-series.html
TMS LITE,F-DLG-00-100-1-RGBW,table_2,C (mm),-,-,mm,https://www.tms-lite.com/dlc-dlf-dls-45-60-dla-dlp-dlg-series.html
TMS LITE,F-DLG-00-100-1-RGBW,table_2,D° (mm),00,00,mm,https://www.tms-lite.com/dlc-dlf-dls-45-60-dla-dlp-dlg-series.html
TMS LITE,F-DLG-00-100-1-RGBW,table_3,Datasheet,DLG - RGBW,DLG - RGBW,,https://www.tms-lite.com/dlc-dlf-dls-45-60-dla-dlp-dlg-series.html
TMS LITE,F-DLG-00-100-1-RGBW,table_3,Drawing (2D),PDF,PDF,,https://www.tms-lite.com/dlc-dlf-dls-45-60-dla-dlp-dlg-series.html
TMS LITE,F-DLG-00-100-1-RGBW,table_3,STEP(3D),3D View,3D View,,https://www.tms-lite.com/dlc-dlf-dls-45-60-dla-dlp-dlg-series.html
TMS LITE,F-DLP-90-100-1-RGBW,table_1,Colour,RGBW,RGBW,,https://www.tms-lite.com/dlc-dlf-dls-45-60-dla-dlp-dlg-series.html
TMS LITE,F-DLP-90-100-1-RGBW,table_1,Current,240mA,240mA,mA,https://www.tms-lite.com/dlc-dlf-dls-45-60-dla-dlp-dlg-series.html
TMS LITE,F-DLP-90-100-1-RGBW,table_1,Voltage (V) / Watt (W),24V / 5.76W,24V / 5.76W,V,https://www.tms-lite.com/dlc-dlf-dls-45-60-dla-dlp-dlg-series.html
TMS LITE,F-DLP-90-100-1-RGBW,table_1,Weight (g),121,121,g,https://www.tms-lite.com/dlc-dlf-dls-45-60-dla-dlp-dlg-series.html
TMS LITE,F-DLP-90-100-1-RGBW,table_2,A (mm),101.2,101.2,mm,https://www.tms-lite.com/dlc-dlf-dls-45-60-dla-dlp-dlg-series.html
TMS LITE,F-DLP-90-100-1-RGBW,table_2,B (mm),56,56,mm,https://www.tms-lite.com/dlc-dlf-dls-45-60-dla-dlp-dlg-series.html
TMS LITE,F-DLP-90-100-1-RGBW,table_2,C (mm),86.9,86.9,mm,https://www.tms-lite.com/dlc-dlf-dls-45-60-dla-dlp-dlg-series.html
TMS LITE,F-DLP-90-100-1-RGBW,table_2,D° (mm),90,90,mm,https://www.tms-lite.com/dlc-dlf-dls-45-60-dla-dlp-dlg-series.html
TMS LITE,F-DLP-90-100-1-RGBW,table_3,Datasheet,DLP - RGBW,DLP - RGBW,,https://www.tms-lite.com/dlc-dlf-dls-45-60-dla-dlp-dlg-series.html
TMS LITE,F-DLP-90-100-1-RGBW,table_3,Drawing (2D),PDF,PDF,,https://www.tms-lite.com/dlc-dlf-dls-45-60-dla-dlp-dlg-series.html
TMS LITE,F-DLP-90-100-1-RGBW,table_3,STEP(3D),3D View,3D View,,https://www.tms-lite.com/dlc-dlf-dls-45-60-dla-dlp-dlg-series.html
TMS LITE,F-DXX-070-1-RGBW,table_1,Colour,(F-DLA2-00-070-DIFFUSER),(F-DLA2-00-070-DIFFUSER),,https://www.tms-lite.com/dlc-dlf-dls-45-60-dla-dlp-dlg-series.html
TMS LITE,F-DXX-070-1-RGBW,table_1,Current,24V / 2.88W,24V / 2.88W,mA,https://www.tms-lite.com/dlc-dlf-dls-45-60-dla-dlp-dlg-series.html
TMS LITE,F-DXX-070-1-RGBW,table_1,Voltage (V) / Watt (W),RGBW,RGBW,V,https://www.tms-lite.com/dlc-dlf-dls-45-60-dla-dlp-dlg-series.html
TMS LITE,F-DXX-070-1-RGBW,table_1,Weight (g),120mA,120mA,mA,https://www.tms-lite.com/dlc-dlf-dls-45-60-dla-dlp-dlg-series.html
TMS LITE,F-DXX-070-1-RGBW,table_1,extra_5,110,110,,https://www.tms-lite.com/dlc-dlf-dls-45-60-dla-dlp-dlg-series.html
TMS LITE,F-DXX-070-1-RGBW,table_2,A (mm),71.2,71.2,mm,https://www.tms-lite.com/dlc-dlf-dls-45-60-dla-dlp-dlg-series.html
TMS LITE,F-DXX-070-1-RGBW,table_2,B (mm),26,26,mm,https://www.tms-lite.com/dlc-dlf-dls-45-60-dla-dlp-dlg-series.html
TMS LITE,F-DXX-070-1-RGBW,table_2,C (mm),56.9,56.9,mm,https://www.tms-lite.com/dlc-dlf-dls-45-60-dla-dlp-dlg-series.html
TMS LITE,F-DXX-070-1-RGBW,table_2,D° (mm),-,-,mm,https://www.tms-lite.com/dlc-dlf-dls-45-60-dla-dlp-dlg-series.html
TMS LITE,F-DXX-070-1-RGBW,table_3,Datasheet,3D View,3D View,,https://www.tms-lite.com/dlc-dlf-dls-45-60-dla-dlp-dlg-series.html
TMS LITE,F-DXX-070-1-RGBW,table_3,Drawing (2D),(F-DLA2-00-070-DIFFUSER),(F-DLA2-00-070-DIFFUSER),,https://www.tms-lite.com/dlc-dlf-dls-45-60-dla-dlp-dlg-series.html
TMS LITE,F-DXX-070-1-RGBW,table_3,STEP(3D),PDF,PDF,,https://www.tms-lite.com/dlc-dlf-dls-45-60-dla-dlp-dlg-series.html
TMS LITE,F-DXX-070-1-RGBW,table_3,extra_4,DLA2 - RGBW,DLA2 - RGBW,,https://www.tms-lite.com/dlc-dlf-dls-45-60-dla-dlp-dlg-series.html
TMS LITE,F-DXX-070-100-120-V1,page,Product Page Title,DK-F-DXX-070-100-120-V1,DK-F-DXX-070-100-120-V1,,https://www.tms-lite.com/dk-f-dxx-070-100-120-v1
TMS LITE,F-DXX-100-1-RGBW,table_1,Colour,(F-DLA2-00-100-DIFFUSER),(F-DLA2-00-100-DIFFUSER),,https://www.tms-lite.com/dlc-dlf-dls-45-60-dla-dlp-dlg-series.html
TMS LITE,F-DXX-100-1-RGBW,table_1,Current,24V / 5.76W,24V / 5.76W,mA,https://www.tms-lite.com/dlc-dlf-dls-45-60-dla-dlp-dlg-series.html
TMS LITE,F-DXX-100-1-RGBW,table_1,Voltage (V) / Watt (W),RGBW,RGBW,V,https://www.tms-lite.com/dlc-dlf-dls-45-60-dla-dlp-dlg-series.html
TMS LITE,F-DXX-100-1-RGBW,table_1,Weight (g),240mA,240mA,mA,https://www.tms-lite.com/dlc-dlf-dls-45-60-dla-dlp-dlg-series.html
TMS LITE,F-DXX-100-1-RGBW,table_1,extra_5,121,121,,https://www.tms-lite.com/dlc-dlf-dls-45-60-dla-dlp-dlg-series.html
TMS LITE,F-DXX-100-1-RGBW,table_2,A (mm),101.2,101.2,mm,https://www.tms-lite.com/dlc-dlf-dls-45-60-dla-dlp-dlg-series.html
TMS LITE,F-DXX-100-1-RGBW,table_2,B (mm),56,56,mm,https://www.tms-lite.com/dlc-dlf-dls-45-60-dla-dlp-dlg-series.html
TMS LITE,F-DXX-100-1-RGBW,table_2,C (mm),86.9,86.9,mm,https://www.tms-lite.com/dlc-dlf-dls-45-60-dla-dlp-dlg-series.html
TMS LITE,F-DXX-100-1-RGBW,table_2,D° (mm),-,-,mm,https://www.tms-lite.com/dlc-dlf-dls-45-60-dla-dlp-dlg-series.html
TMS LITE,F-DXX-100-1-RGBW,table_3,Datasheet,3D View,3D View,,https://www.tms-lite.com/dlc-dlf-dls-45-60-dla-dlp-dlg-series.html
TMS LITE,F-DXX-100-1-RGBW,table_3,Drawing (2D),(F-DLA2-00-100-DIFFUSER),(F-DLA2-00-100-DIFFUSER),,https://www.tms-lite.com/dlc-dlf-dls-45-60-dla-dlp-dlg-series.html
TMS LITE,F-DXX-100-1-RGBW,table_3,STEP(3D),PDF,PDF,,https://www.tms-lite.com/dlc-dlf-dls-45-60-dla-dlp-dlg-series.html
TMS LITE,F-DXX-100-1-RGBW,table_3,extra_4,DLA2 - RGBW,DLA2 - RGBW,,https://www.tms-lite.com/dlc-dlf-dls-45-60-dla-dlp-dlg-series.html
TMS LITE,F-DXX-120-1-RGBW,table_1,Colour,(F-DLA2-00-120-DIFFUSER),(F-DLA2-00-120-DIFFUSER),,https://www.tms-lite.com/dlc-dlf-dls-45-60-dla-dlp-dlg-series.html
TMS LITE,F-DXX-120-1-RGBW,table_1,Current,24V / 5.76W,24V / 5.76W,mA,https://www.tms-lite.com/dlc-dlf-dls-45-60-dla-dlp-dlg-series.html
TMS LITE,F-DXX-120-1-RGBW,table_1,Voltage (V) / Watt (W),RGBW,RGBW,V,https://www.tms-lite.com/dlc-dlf-dls-45-60-dla-dlp-dlg-series.html
TMS LITE,F-DXX-120-1-RGBW,table_1,Weight (g),240mA,240mA,mA,https://www.tms-lite.com/dlc-dlf-dls-45-60-dla-dlp-dlg-series.html
TMS LITE,F-DXX-120-1-RGBW,table_1,extra_5,142,142,,https://www.tms-lite.com/dlc-dlf-dls-45-60-dla-dlp-dlg-series.html
TMS LITE,F-DXX-120-1-RGBW,table_2,A (mm),121.2,121.2,mm,https://www.tms-lite.com/dlc-dlf-dls-45-60-dla-dlp-dlg-series.html
TMS LITE,F-DXX-120-1-RGBW,table_2,B (mm),76,76,mm,https://www.tms-lite.com/dlc-dlf-dls-45-60-dla-dlp-dlg-series.html
TMS LITE,F-DXX-120-1-RGBW,table_2,C (mm),106.9,106.9,mm,https://www.tms-lite.com/dlc-dlf-dls-45-60-dla-dlp-dlg-series.html
TMS LITE,F-DXX-120-1-RGBW,table_2,D° (mm),-,-,mm,https://www.tms-lite.com/dlc-dlf-dls-45-60-dla-dlp-dlg-series.html
TMS LITE,F-DXX-120-1-RGBW,table_3,Datasheet,3D View,3D View,,https://www.tms-lite.com/dlc-dlf-dls-45-60-dla-dlp-dlg-series.html
TMS LITE,F-DXX-120-1-RGBW,table_3,Drawing (2D),(F-DLA2-00-120-DIFFUSER),(F-DLA2-00-120-DIFFUSER),,https://www.tms-lite.com/dlc-dlf-dls-45-60-dla-dlp-dlg-series.html
TMS LITE,F-DXX-120-1-RGBW,table_3,STEP(3D),PDF,PDF,,https://www.tms-lite.com/dlc-dlf-dls-45-60-dla-dlp-dlg-series.html
TMS LITE,F-DXX-120-1-RGBW,table_3,extra_4,DLA2 - RGBW,DLA2 - RGBW,,https://www.tms-lite.com/dlc-dlf-dls-45-60-dla-dlp-dlg-series.html
TMS LITE,F-DXX-D080-100-130-V1,page,Product Page Title,DK-F-DXX-D080-100-130-V1,DK-F-DXX-D080-100-130-V1,,https://www.tms-lite.com/dk-f-dxx-d080-100-130-v1
TMS LITE,F-HPD3-00-130-1-FWNB-24V,page,Product Page Title,DL-F-HPD3-00-130-1-FWNB-24V,DL-F-HPD3-00-130-1-FWNB-24V,,https://www.tms-lite.com/dl-f-hpd3-00-130-1-fwnb-24v
TMS LITE,F-HPD3-00-130-8-FWNA-24V,page,Product Page Title,DL-F-HPD3-00-130-8-FWNA-24V,DL-F-HPD3-00-130-8-FWNA-24V,,https://www.tms-lite.com/dl-f-hpd3-00-130-8-fwna-24v
TMS LITE,F-IDQ-00-130-1-FWNB-24V,page,Product Page Title,DL-F-IDQ-00-130-1-FWNB-24V,DL-F-IDQ-00-130-1-FWNB-24V,,https://www.tms-lite.com/dl-f-idq-00-130-1-fwnb-24v
TMS LITE,F-IDQ-00-130-8-FWNA-24V,page,Product Page Title,DL-F-IDQ-00-130-8-FWNA-24V,DL-F-IDQ-00-130-8-FWNA-24V,,https://www.tms-lite.com/dl-f-idq-00-130-8-fwna-24v
TMS LITE,F-IDQ-IDS5-HBL3-FWNA,page,Product Page Title,DK-F-IDQ-IDS5-HBL3-FWNA,DK-F-IDQ-IDS5-HBL3-FWNA,,https://www.tms-lite.com/dk-f-idq-ids5-hbl3-fwna
TMS LITE,F-IDS5-00-130-1-FWNB-24V,page,Product Page Title,DL-F-IDS5-00-130-1-FWNB-24V,DL-F-IDS5-00-130-1-FWNB-24V,,https://www.tms-lite.com/dl-f-ids5-00-130-1-fwnb-24v
TMS LITE,F-IDS5-00-130-8-FWNA-24V,page,Product Page Title,DL-F-IDS5-00-130-8-FWNA-24V,DL-F-IDS5-00-130-8-FWNA-24V,,https://www.tms-lite.com/dl-f-ids5-00-130-8-fwna-24v
TMS LITE,HBF-00-08-1-W-24V,table_1,Current,170mA,170mA,mA,https://www.tms-lite.com/hbf-serie-hbf-08.html
TMS LITE,HBF-00-08-1-W-24V,table_1,Drive Mode,Overdrive information,Overdrive information,mA,https://www.tms-lite.com/hbf-serie-hbf-08.html
TMS LITE,HBF-00-08-1-W-24V,table_1,Voltage (V) / Watt (W),24V / 4.08W,24V / 4.08W,V,https://www.tms-lite.com/hbf-serie-hbf-08.html
TMS LITE,HBF-00-08-1-W-24V,table_1,Weight (g),100,100,g,https://www.tms-lite.com/hbf-serie-hbf-08.html
TMS LITE,HBF-00-08-1-W-24V,table_2,Datasheet,3D View,3D View,,https://www.tms-lite.com/hbf-serie-hbf-08.html
TMS LITE,HBF-00-08-1-W-24V,table_2,Drawing (2D),PDF,PDF,,https://www.tms-lite.com/hbf-serie-hbf-08.html
TMS LITE,HBF-00-08-1-W-24V,table_2,STEP (3D),DXF,DXF,,https://www.tms-lite.com/hbf-serie-hbf-08.html
TMS LITE,HBF-00-08-1-W-24V,table_2,extra_4,White,White,,https://www.tms-lite.com/hbf-serie-hbf-08.html
TMS LITE,HBF-00-08-1-X-5V,table_1,COLOUR,R/G/B/W,R/G/B/W,W,https://www.tms-lite.com/hbf-serie-hbf-08.html
TMS LITE,HBF-00-08-1-X-5V,table_1,Current,600mA,600mA,mA,https://www.tms-lite.com/hbf-serie-hbf-08.html
TMS LITE,HBF-00-08-1-X-5V,table_1,Voltage (V) / Watt (W),5V / 3.0W,5V / 3.0W,V,https://www.tms-lite.com/hbf-serie-hbf-08.html
TMS LITE,HBF-00-08-1-X-5V,table_1,Weight (g),100,100,g,https://www.tms-lite.com/hbf-serie-hbf-08.html
TMS LITE,HBF-00-08-1-X-5V,table_2,Datasheet,3D View,3D View,,https://www.tms-lite.com/hbf-serie-hbf-08.html
TMS LITE,HBF-00-08-1-X-5V,table_2,Drawing (2D),PDF,PDF,,https://www.tms-lite.com/hbf-serie-hbf-08.html
TMS LITE,HBF-00-08-1-X-5V,table_2,STEP (3D),DXF,DXF,,https://www.tms-lite.com/hbf-serie-hbf-08.html
TMS LITE,HBF-00-08-1-X-5V,table_2,extra_4,Red,Red,,https://www.tms-lite.com/hbf-serie-hbf-08.html
TMS LITE,HBF-00-08-1-X-5V,table_2,extra_5,Green,Green,,https://www.tms-lite.com/hbf-serie-hbf-08.html
TMS LITE,HBF-00-08-1-X-5V,table_2,extra_6,Blue,Blue,,https://www.tms-lite.com/hbf-serie-hbf-08.html
TMS LITE,HBF-00-08-1-X-5V,table_2,extra_7,White,White,,https://www.tms-lite.com/hbf-serie-hbf-08.html
TMS LITE,HBF-00-16-1-W,table_1,Current,100mA,100mA,mA,https://www.tms-lite.com/hbf-serie-hbf-16.html
TMS LITE,HBF-00-16-1-W,table_1,Voltage (V) / Watt (W),24V / 2.4W,24V / 2.4W,V,https://www.tms-lite.com/hbf-serie-hbf-16.html
TMS LITE,HBF-00-16-1-W,table_1,Weight (g),120,120,g,https://www.tms-lite.com/hbf-serie-hbf-16.html
TMS LITE,HBF-00-16-1-W-24V,table_2,Datasheet,3D View,3D View,,https://www.tms-lite.com/hbf-serie-hbf-16.html
TMS LITE,HBF-00-16-1-W-24V,table_2,Drawing (2D),PDF,PDF,,https://www.tms-lite.com/hbf-serie-hbf-16.html
TMS LITE,HBF-00-16-1-W-24V,table_2,STEP (3D),DXF,DXF,,https://www.tms-lite.com/hbf-serie-hbf-16.html
TMS LITE,HBF-00-16-1-W-24V,table_2,extra_4,White,White,,https://www.tms-lite.com/hbf-serie-hbf-16.html
TMS LITE,HBF-00-16-1-X,table_1,COLOUR,R/G/B/W,R/G/B/W,W,https://www.tms-lite.com/hbf-serie-hbf-16.html
TMS LITE,HBF-00-16-1-X,table_1,Current,600mA,600mA,mA,https://www.tms-lite.com/hbf-serie-hbf-16.html
TMS LITE,HBF-00-16-1-X,table_1,Voltage (V) / Watt (W),5V / 3.0W,5V / 3.0W,V,https://www.tms-lite.com/hbf-serie-hbf-16.html
TMS LITE,HBF-00-16-1-X,table_1,Weight (g),120,120,g,https://www.tms-lite.com/hbf-serie-hbf-16.html
TMS LITE,HBF-00-16-1-X-5V,table_2,Datasheet,3D View,3D View,,https://www.tms-lite.com/hbf-serie-hbf-16.html
TMS LITE,HBF-00-16-1-X-5V,table_2,Drawing (2D),PDF,PDF,,https://www.tms-lite.com/hbf-serie-hbf-16.html
TMS LITE,HBF-00-16-1-X-5V,table_2,STEP (3D),DXF,DXF,,https://www.tms-lite.com/hbf-serie-hbf-16.html
TMS LITE,HBF-00-16-1-X-5V,table_2,extra_4,Red,Red,,https://www.tms-lite.com/hbf-serie-hbf-16.html
TMS LITE,HBF-00-16-1-X-5V,table_2,extra_5,Green,Green,,https://www.tms-lite.com/hbf-serie-hbf-16.html
TMS LITE,HBF-00-16-1-X-5V,table_2,extra_6,Blue,Blue,,https://www.tms-lite.com/hbf-serie-hbf-16.html
TMS LITE,HBF-00-16-1-X-5V,table_2,extra_7,White,White,,https://www.tms-lite.com/hbf-serie-hbf-16.html
TMS LITE,HBF2-00-08-1-W-24V,table_1,Current,170mA,170mA,mA,https://www.tms-lite.com/hbf2-series.html
TMS LITE,HBF2-00-08-1-W-24V,table_1,Drive Mode,Overdrive information,Overdrive information,mA,https://www.tms-lite.com/hbf2-series.html
TMS LITE,HBF2-00-08-1-W-24V,table_1,Voltage (V) / Watt (W),24V / 4.08W,24V / 4.08W,V,https://www.tms-lite.com/hbf2-series.html
TMS LITE,HBF2-00-08-1-W-24V,table_1,Weight (g),100,100,g,https://www.tms-lite.com/hbf2-series.html
TMS LITE,HBF2-00-08-1-W-24V,table_2,Datasheet,3D View,3D View,,https://www.tms-lite.com/hbf2-series.html
TMS LITE,HBF2-00-08-1-W-24V,table_2,Drawing (2D),PDF,PDF,,https://www.tms-lite.com/hbf2-series.html
TMS LITE,HBF2-00-08-1-W-24V,table_2,STEP (3D),DXF,DXF,,https://www.tms-lite.com/hbf2-series.html
TMS LITE,HBF2-00-08-1-W-24V,table_2,extra_4,White,White,,https://www.tms-lite.com/hbf2-series.html
TMS LITE,HBF2-00-08-1-X-5V,table_1,COLOUR,R/G/B/W,R/G/B/W,W,https://www.tms-lite.com/hbf2-series.html
TMS LITE,HBF2-00-08-1-X-5V,table_1,Current,600mA,600mA,mA,https://www.tms-lite.com/hbf2-series.html
TMS LITE,HBF2-00-08-1-X-5V,table_1,Voltage (V) / Watt (W),5V / 3.0W,5V / 3.0W,V,https://www.tms-lite.com/hbf2-series.html
TMS LITE,HBF2-00-08-1-X-5V,table_1,Weight (g),100,100,g,https://www.tms-lite.com/hbf2-series.html
TMS LITE,HBF2-00-08-1-X-5V,table_2,Datasheet,3D View,3D View,,https://www.tms-lite.com/hbf2-series.html
TMS LITE,HBF2-00-08-1-X-5V,table_2,Drawing (2D),PDF,PDF,,https://www.tms-lite.com/hbf2-series.html
TMS LITE,HBF2-00-08-1-X-5V,table_2,STEP (3D),DXF,DXF,,https://www.tms-lite.com/hbf2-series.html
TMS LITE,HBF2-00-08-1-X-5V,table_2,extra_4,Red,Red,,https://www.tms-lite.com/hbf2-series.html
TMS LITE,HBF2-00-08-1-X-5V,table_2,extra_5,Green,Green,,https://www.tms-lite.com/hbf2-series.html
TMS LITE,HBF2-00-08-1-X-5V,table_2,extra_6,Blue,Blue,,https://www.tms-lite.com/hbf2-series.html
TMS LITE,HBF2-00-08-1-X-5V,table_2,extra_7,White,White,,https://www.tms-lite.com/hbf2-series.html
TMS LITE,HBF2-00-16-1-W,table_1,Current,100mA,100mA,mA,https://www.tms-lite.com/hbf2-16-series.html
TMS LITE,HBF2-00-16-1-W,table_1,Voltage (V) / Watt (W),24V / 2.4W,24V / 2.4W,V,https://www.tms-lite.com/hbf2-16-series.html
TMS LITE,HBF2-00-16-1-W,table_1,Weight (g),120,120,g,https://www.tms-lite.com/hbf2-16-series.html
TMS LITE,HBF2-00-16-1-W-24V,table_2,Datasheet,3D View,3D View,,https://www.tms-lite.com/hbf2-16-series.html
TMS LITE,HBF2-00-16-1-W-24V,table_2,Drawing (2D),PDF,PDF,,https://www.tms-lite.com/hbf2-16-series.html
TMS LITE,HBF2-00-16-1-W-24V,table_2,STEP (3D),DXF,DXF,,https://www.tms-lite.com/hbf2-16-series.html
TMS LITE,HBF2-00-16-1-W-24V,table_2,extra_4,White,White,,https://www.tms-lite.com/hbf2-16-series.html
TMS LITE,HBF2-00-16-1-X,table_1,COLOUR,R/G/B/W,R/G/B/W,W,https://www.tms-lite.com/hbf2-16-series.html
TMS LITE,HBF2-00-16-1-X,table_1,Current,600mA,600mA,mA,https://www.tms-lite.com/hbf2-16-series.html
TMS LITE,HBF2-00-16-1-X,table_1,Voltage (V) / Watt (W),5V / 3.0W,5V / 3.0W,V,https://www.tms-lite.com/hbf2-16-series.html
TMS LITE,HBF2-00-16-1-X,table_1,Weight (g),120,120,g,https://www.tms-lite.com/hbf2-16-series.html
TMS LITE,HBF2-00-16-1-X-5V,table_2,Datasheet,3D View,3D View,,https://www.tms-lite.com/hbf2-16-series.html
TMS LITE,HBF2-00-16-1-X-5V,table_2,Drawing (2D),PDF,PDF,,https://www.tms-lite.com/hbf2-16-series.html
TMS LITE,HBF2-00-16-1-X-5V,table_2,STEP (3D),DXF,DXF,,https://www.tms-lite.com/hbf2-16-series.html
TMS LITE,HBF2-00-16-1-X-5V,table_2,extra_4,Red,Red,,https://www.tms-lite.com/hbf2-16-series.html
TMS LITE,HBF2-00-16-1-X-5V,table_2,extra_5,Green,Green,,https://www.tms-lite.com/hbf2-16-series.html
TMS LITE,HBF2-00-16-1-X-5V,table_2,extra_6,Blue,Blue,,https://www.tms-lite.com/hbf2-16-series.html
TMS LITE,HBF2-00-16-1-X-5V,table_2,extra_7,White,White,,https://www.tms-lite.com/hbf2-16-series.html
TMS LITE,HBFS-00-08-1-W,table_1,Current,50mA,50mA,mA,https://www.tms-lite.com/hbf-serie-hbfs.html
TMS LITE,HBFS-00-08-1-W,table_1,Drive Mode,Overdrive information,Overdrive information,mA,https://www.tms-lite.com/hbf-serie-hbfs.html
TMS LITE,HBFS-00-08-1-W,table_1,Voltage (V) / Watt (W),24V / 1.2W,24V / 1.2W,V,https://www.tms-lite.com/hbf-serie-hbfs.html
TMS LITE,HBFS-00-08-1-W,table_1,Weight (g),45,45,g,https://www.tms-lite.com/hbf-serie-hbfs.html
TMS LITE,HBFS-00-08-1-W-24V,table_2,Datasheet,3D View,3D View,,https://www.tms-lite.com/hbf-serie-hbfs.html
TMS LITE,HBFS-00-08-1-W-24V,table_2,Drawing (2D),PDF,PDF,,https://www.tms-lite.com/hbf-serie-hbfs.html
TMS LITE,HBFS-00-08-1-W-24V,table_2,STEP (3D),DXF,DXF,,https://www.tms-lite.com/hbf-serie-hbfs.html
TMS LITE,HBFS-00-08-1-W-24V,table_2,extra_4,White,White,,https://www.tms-lite.com/hbf-serie-hbfs.html
TMS LITE,HBFS-00-08-1-X,table_1,Current,110mA,110mA,mA,https://www.tms-lite.com/hbf-serie-hbfs.html
TMS LITE,HBFS-00-08-1-X,table_1,Voltage (V) / Watt (W),5V / 0.55W,5V / 0.55W,V,https://www.tms-lite.com/hbf-serie-hbfs.html
TMS LITE,HBFS-00-08-1-X,table_1,Weight (g),45,45,g,https://www.tms-lite.com/hbf-serie-hbfs.html
TMS LITE,HBFS-00-08-1-X-5V,table_2,Datasheet,3D View,3D View,,https://www.tms-lite.com/hbf-serie-hbfs.html
TMS LITE,HBFS-00-08-1-X-5V,table_2,Drawing (2D),PDF,PDF,,https://www.tms-lite.com/hbf-serie-hbfs.html
TMS LITE,HBFS-00-08-1-X-5V,table_2,STEP (3D),DXF,DXF,,https://www.tms-lite.com/hbf-serie-hbfs.html
TMS LITE,HBFS-00-08-1-X-5V,table_2,extra_4,Red,Red,,https://www.tms-lite.com/hbf-serie-hbfs.html
TMS LITE,HBFS-00-08-1-X-5V,table_2,extra_5,Green,Green,,https://www.tms-lite.com/hbf-serie-hbfs.html
TMS LITE,HBFS-00-08-1-X-5V,table_2,extra_6,Blue,Blue,,https://www.tms-lite.com/hbf-serie-hbfs.html
TMS LITE,HBFS-00-08-1-X-5V,table_2,extra_7,White,White,,https://www.tms-lite.com/hbf-serie-hbfs.html
TMS LITE,HBFS2-00-08-1-W,table_1,Current,50mA,50mA,mA,https://www.tms-lite.com/hbfs2-series.html
TMS LITE,HBFS2-00-08-1-W,table_1,Drive Mode,Overdrive information,Overdrive information,mA,https://www.tms-lite.com/hbfs2-series.html
TMS LITE,HBFS2-00-08-1-W,table_1,Voltage (V) / Watt (W),24V / 1.2W,24V / 1.2W,V,https://www.tms-lite.com/hbfs2-series.html
TMS LITE,HBFS2-00-08-1-W,table_1,Weight (g),45,45,g,https://www.tms-lite.com/hbfs2-series.html
TMS LITE,HBFS2-00-08-1-W-24V,table_2,Datasheet,3D View,3D View,,https://www.tms-lite.com/hbfs2-series.html
TMS LITE,HBFS2-00-08-1-W-24V,table_2,Drawing (2D),PDF,PDF,,https://www.tms-lite.com/hbfs2-series.html
TMS LITE,HBFS2-00-08-1-W-24V,table_2,STEP (3D),DXF,DXF,,https://www.tms-lite.com/hbfs2-series.html
TMS LITE,HBFS2-00-08-1-W-24V,table_2,extra_4,White,White,,https://www.tms-lite.com/hbfs2-series.html
TMS LITE,HBFS2-00-08-1-X,table_1,Current,110mA,110mA,mA,https://www.tms-lite.com/hbfs2-series.html
TMS LITE,HBFS2-00-08-1-X,table_1,Voltage (V) / Watt (W),5V / 0.55W,5V / 0.55W,V,https://www.tms-lite.com/hbfs2-series.html
TMS LITE,HBFS2-00-08-1-X,table_1,Weight (g),45,45,g,https://www.tms-lite.com/hbfs2-series.html
TMS LITE,HBFS2-00-08-1-X-5V,table_2,Datasheet,3D View,3D View,,https://www.tms-lite.com/hbfs2-series.html
TMS LITE,HBFS2-00-08-1-X-5V,table_2,Drawing (2D),PDF,PDF,,https://www.tms-lite.com/hbfs2-series.html
TMS LITE,HBFS2-00-08-1-X-5V,table_2,STEP (3D),DXF,DXF,,https://www.tms-lite.com/hbfs2-series.html
TMS LITE,HBFS2-00-08-1-X-5V,table_2,extra_4,Red,Red,,https://www.tms-lite.com/hbfs2-series.html
TMS LITE,HBFS2-00-08-1-X-5V,table_2,extra_5,Green,Green,,https://www.tms-lite.com/hbfs2-series.html
TMS LITE,HBFS2-00-08-1-X-5V,table_2,extra_6,Blue,Blue,,https://www.tms-lite.com/hbfs2-series.html
TMS LITE,HBFS2-00-08-1-X-5V,table_2,extra_7,White,White,,https://www.tms-lite.com/hbfs2-series.html
TMS LITE,HCAS2-00-035-X-X,table_1,Current,320mA 380mA,320mA 380mA,mA,https://www.tms-lite.com/hcas2-serie.html
TMS LITE,HCAS2-00-035-X-X,table_1,Voltage (V) / Watt (W),24V / 7.68W 24V / 9.12W,24V / 7.68W 24V / 9.12W,V,https://www.tms-lite.com/hcas2-serie.html
TMS LITE,HCAS2-00-035-X-X,table_1,Weight (g),286,286,g,https://www.tms-lite.com/hcas2-serie.html
TMS LITE,HCAS2-00-035-X-X,table_2,A (mm),46.6,46.6,mm,https://www.tms-lite.com/hcas2-serie.html
TMS LITE,HCAS2-00-035-X-X,table_2,B (mm),47,47,mm,https://www.tms-lite.com/hcas2-serie.html
TMS LITE,HCAS2-00-035-X-X,table_2,C (mm),140,140,mm,https://www.tms-lite.com/hcas2-serie.html
TMS LITE,HCAS2-00-035-X-X,table_2,D (mm),99,99,mm,https://www.tms-lite.com/hcas2-serie.html
TMS LITE,HCAS2-00-035-X-X,table_2,E (mm),35,35,mm,https://www.tms-lite.com/hcas2-serie.html
TMS LITE,HCAS2-00-035-X-X,table_2,F (mm),35,35,mm,https://www.tms-lite.com/hcas2-serie.html
TMS LITE,HCAS2-00-035-X-X,table_2,G (mm),22,22,g,https://www.tms-lite.com/hcas2-serie.html
TMS LITE,HCAS2-00-035-X-X,table_2,H (mm),22,22,mm,https://www.tms-lite.com/hcas2-serie.html
TMS LITE,HCAS2-00-035-X-X,table_2,I (mm),44,44,mm,https://www.tms-lite.com/hcas2-serie.html
TMS LITE,HCAS2-00-035-X-X,table_2,J (mm),33,33,mm,https://www.tms-lite.com/hcas2-serie.html
TMS LITE,HCAS2-00-070-X-X,table_1,Current,700mA 750mA,700mA 750mA,mA,https://www.tms-lite.com/hcas2-serie.html
TMS LITE,HCAS2-00-070-X-X,table_1,Voltage (V) / Watt (W),24V / 16.80W 24V / 18.0W,24V / 16.80W 24V / 18.0W,V,https://www.tms-lite.com/hcas2-serie.html
TMS LITE,HCAS2-00-070-X-X,table_1,Weight (g),796,796,g,https://www.tms-lite.com/hcas2-serie.html
TMS LITE,HCAS2-00-070-X-X,table_2,A (mm),76.5,76.5,mm,https://www.tms-lite.com/hcas2-serie.html
TMS LITE,HCAS2-00-070-X-X,table_2,B (mm),77.5,77.5,mm,https://www.tms-lite.com/hcas2-serie.html
TMS LITE,HCAS2-00-070-X-X,table_2,C (mm),170,170,mm,https://www.tms-lite.com/hcas2-serie.html
TMS LITE,HCAS2-00-070-X-X,table_2,D (mm),99,99,mm,https://www.tms-lite.com/hcas2-serie.html
TMS LITE,HCAS2-00-070-X-X,table_2,E (mm),65,65,mm,https://www.tms-lite.com/hcas2-serie.html
TMS LITE,HCAS2-00-070-X-X,table_2,F (mm),65,65,mm,https://www.tms-lite.com/hcas2-serie.html
TMS LITE,HCAS2-00-070-X-X,table_2,G (mm),52,52,g,https://www.tms-lite.com/hcas2-serie.html
TMS LITE,HCAS2-00-070-X-X,table_2,H (mm),22,22,mm,https://www.tms-lite.com/hcas2-serie.html
TMS LITE,HCAS2-00-070-X-X,table_2,I (mm),74,74,mm,https://www.tms-lite.com/hcas2-serie.html
TMS LITE,HCAS2-00-070-X-X,table_2,J (mm),63.5,63.5,mm,https://www.tms-lite.com/hcas2-serie.html
TMS LITE,HDLB-00-065-1-X,table_1,Datasheet,3D View,3D View,,https://www.tms-lite.com/hdlb-serie.html
TMS LITE,HDLB-00-065-1-X,table_1,Drawing (2D),PDF,PDF,,https://www.tms-lite.com/hdlb-serie.html
TMS LITE,HDLB-00-065-1-X,table_1,STEP (3D),DXF,DXF,,https://www.tms-lite.com/hdlb-serie.html
TMS LITE,HDLB-00-065-1-X,table_1,extra_4,Red,Red,,https://www.tms-lite.com/hdlb-serie.html
TMS LITE,HDLB-00-065-1-X,table_1,extra_5,Green,Green,,https://www.tms-lite.com/hdlb-serie.html
TMS LITE,HDLB-00-065-1-X,table_1,extra_6,Blue,Blue,,https://www.tms-lite.com/hdlb-serie.html
TMS LITE,HDLB-00-065-1-X,table_1,extra_7,White,White,,https://www.tms-lite.com/hdlb-serie.html
TMS LITE,HDLB-00-065-1-X,table_2,Current,150mA 150mA,150mA 150mA,mA,https://www.tms-lite.com/hdlb-serie.html
TMS LITE,HDLB-00-065-1-X,table_2,Voltage (V) / Watt (W),24V / 3.6W 24V / 3.6W,24V / 3.6W 24V / 3.6W,V,https://www.tms-lite.com/hdlb-serie.html
TMS LITE,HDLB-00-065-1-X,table_2,Weight (g),52,52,g,https://www.tms-lite.com/hdlb-serie.html
TMS LITE,HDLB-00-065-1-X,table_3,A (mm),68,68,mm,https://www.tms-lite.com/hdlb-serie.html
TMS LITE,HDLB-00-065-1-X,table_3,B (mm),66,66,mm,https://www.tms-lite.com/hdlb-serie.html
TMS LITE,HDLB-00-130-1-X,table_1,Datasheet,3D View,3D View,,https://www.tms-lite.com/hdlb-serie.html
TMS LITE,HDLB-00-130-1-X,table_1,Drawing (2D),PDF,PDF,,https://www.tms-lite.com/hdlb-serie.html
TMS LITE,HDLB-00-130-1-X,table_1,STEP (3D),DXF,DXF,,https://www.tms-lite.com/hdlb-serie.html
TMS LITE,HDLB-00-130-1-X,table_1,extra_4,Red,Red,,https://www.tms-lite.com/hdlb-serie.html
TMS LITE,HDLB-00-130-1-X,table_1,extra_5,Green,Green,,https://www.tms-lite.com/hdlb-serie.html
TMS LITE,HDLB-00-130-1-X,table_1,extra_6,Blue,Blue,,https://www.tms-lite.com/hdlb-serie.html
TMS LITE,HDLB-00-130-1-X,table_1,extra_7,White,White,,https://www.tms-lite.com/hdlb-serie.html
TMS LITE,HDLB-00-130-1-X,table_2,Current,160mA 160mA,160mA 160mA,mA,https://www.tms-lite.com/hdlb-serie.html
TMS LITE,HDLB-00-130-1-X,table_2,Voltage (V) / Watt (W),24V / 3.84W 24V / 3.84W,24V / 3.84W 24V / 3.84W,V,https://www.tms-lite.com/hdlb-serie.html
TMS LITE,HDLB-00-130-1-X,table_2,Weight (g),89,89,g,https://www.tms-lite.com/hdlb-serie.html
TMS LITE,HDLB-00-130-1-X,table_3,A (mm),131,131,mm,https://www.tms-lite.com/hdlb-serie.html
TMS LITE,HDLB-00-130-1-X,table_3,B (mm),133,133,mm,https://www.tms-lite.com/hdlb-serie.html
TMS LITE,HDLBQ-00-065-1-X,table_1,Datasheet,3D View,3D View,,https://www.tms-lite.com/hdlbq-serie.html
TMS LITE,HDLBQ-00-065-1-X,table_1,Drawing (2D),PDF,PDF,,https://www.tms-lite.com/hdlbq-serie.html
TMS LITE,HDLBQ-00-065-1-X,table_1,STEP (3D),DXF,DXF,,https://www.tms-lite.com/hdlbq-serie.html
TMS LITE,HDLBQ-00-065-1-X,table_1,extra_4,Red,Red,,https://www.tms-lite.com/hdlbq-serie.html
TMS LITE,HDLBQ-00-065-1-X,table_1,extra_5,Green,Green,,https://www.tms-lite.com/hdlbq-serie.html
TMS LITE,HDLBQ-00-065-1-X,table_1,extra_6,Blue,Blue,,https://www.tms-lite.com/hdlbq-serie.html
TMS LITE,HDLBQ-00-065-1-X,table_1,extra_7,White,White,,https://www.tms-lite.com/hdlbq-serie.html
TMS LITE,HDLBQ-00-065-1-X,table_2,Current,600mA 600mA,600mA 600mA,mA,https://www.tms-lite.com/hdlbq-serie.html
TMS LITE,HDLBQ-00-065-1-X,table_2,Voltage (V) / Watt (W),24V / 14.4W 24V / 14.4W,24V / 14.4W 24V / 14.4W,V,https://www.tms-lite.com/hdlbq-serie.html
TMS LITE,HDLBQ-00-065-1-X,table_2,Weight (g),386,386,g,https://www.tms-lite.com/hdlbq-serie.html
TMS LITE,HDLBQ-00-065-1-X,table_3,A (mm),128.2,128.2,mm,https://www.tms-lite.com/hdlbq-serie.html
TMS LITE,HDLBQ-00-065-1-X,table_3,B (mm),104,104,mm,https://www.tms-lite.com/hdlbq-serie.html
TMS LITE,HDLBQ-00-065-1-X,table_3,C (mm),70.2,70.2,mm,https://www.tms-lite.com/hdlbq-serie.html
TMS LITE,HDLBQ-00-130-1-X,table_1,Datasheet,3D View,3D View,,https://www.tms-lite.com/hdlbq-serie.html
TMS LITE,HDLBQ-00-130-1-X,table_1,Drawing (2D),PDF,PDF,,https://www.tms-lite.com/hdlbq-serie.html
TMS LITE,HDLBQ-00-130-1-X,table_1,STEP (3D),DXF,DXF,,https://www.tms-lite.com/hdlbq-serie.html
TMS LITE,HDLBQ-00-130-1-X,table_1,extra_4,Red,Red,,https://www.tms-lite.com/hdlbq-serie.html
TMS LITE,HDLBQ-00-130-1-X,table_1,extra_5,Green,Green,,https://www.tms-lite.com/hdlbq-serie.html
TMS LITE,HDLBQ-00-130-1-X,table_1,extra_6,Blue,Blue,,https://www.tms-lite.com/hdlbq-serie.html
TMS LITE,HDLBQ-00-130-1-X,table_1,extra_7,White,White,,https://www.tms-lite.com/hdlbq-serie.html
TMS LITE,HDLBQ-00-130-1-X,table_2,Current,640mA 640mA,640mA 640mA,mA,https://www.tms-lite.com/hdlbq-serie.html
TMS LITE,HDLBQ-00-130-1-X,table_2,Voltage (V) / Watt (W),24V / 15.36W 24V / 15.36W,24V / 15.36W 24V / 15.36W,V,https://www.tms-lite.com/hdlbq-serie.html
TMS LITE,HDLBQ-00-130-1-X,table_2,Weight (g),587,587,g,https://www.tms-lite.com/hdlbq-serie.html
TMS LITE,HDLBQ-00-130-1-X,table_3,A (mm),136,136,mm,https://www.tms-lite.com/hdlbq-serie.html
TMS LITE,HDLBQ-00-130-1-X,table_3,B (mm),170,170,mm,https://www.tms-lite.com/hdlbq-serie.html
TMS LITE,HDLBQ-00-130-1-X,table_3,C (mm),194,194,mm,https://www.tms-lite.com/hdlbq-serie.html
TMS LITE,HLBQ2-00-065-1-X,table_1,Datasheet,Data Sheet - Red,Data Sheet - Red,,https://www.tms-lite.com/hlbq2-serie.html
TMS LITE,HLBQ2-00-065-1-X,table_1,Drawing (2D),PDF DXF,PDF DXF,,https://www.tms-lite.com/hlbq2-serie.html
TMS LITE,HLBQ2-00-065-1-X,table_1,STEP (3D),3D View,3D View,,https://www.tms-lite.com/hlbq2-serie.html
TMS LITE,HLBQ2-00-065-1-X,table_1,extra_4,For further details please contact us,For further details please contact us,,https://www.tms-lite.com/hlbq2-serie.html
TMS LITE,HLBQ2-00-065-1-X,table_1,extra_5,For further details please contact us,For further details please contact us,,https://www.tms-lite.com/hlbq2-serie.html
TMS LITE,HLBQ2-00-065-1-X,table_1,extra_6,Data Sheet - White,Data Sheet - White,,https://www.tms-lite.com/hlbq2-serie.html
TMS LITE,HLBQ2-00-065-1-X,table_2,Current,600mA 600mA,600mA 600mA,mA,https://www.tms-lite.com/hlbq2-serie.html
TMS LITE,HLBQ2-00-065-1-X,table_2,Voltage (V) / Watt (W),24V / 14.4W 24V / 14.4W,24V / 14.4W 24V / 14.4W,V,https://www.tms-lite.com/hlbq2-serie.html
TMS LITE,HLBQ2-00-065-1-X,table_2,Weight (g),386,386,g,https://www.tms-lite.com/hlbq2-serie.html
TMS LITE,HLBQ2-00-065-1-X,table_3,A (mm),128.2,128.2,mm,https://www.tms-lite.com/hlbq2-serie.html
TMS LITE,HLBQ2-00-065-1-X,table_3,B (mm),104,104,mm,https://www.tms-lite.com/hlbq2-serie.html
TMS LITE,HLBQ2-00-065-1-X,table_3,C (mm),70.2,70.2,mm,https://www.tms-lite.com/hlbq2-serie.html
TMS LITE,HLBQ2-00-130-1-X,table_1,Datasheet,Data Sheet - Red,Data Sheet - Red,,https://www.tms-lite.com/hlbq2-serie.html
TMS LITE,HLBQ2-00-130-1-X,table_1,Drawing (2D),PDF DXF,PDF DXF,,https://www.tms-lite.com/hlbq2-serie.html
TMS LITE,HLBQ2-00-130-1-X,table_1,STEP (3D),3D View,3D View,,https://www.tms-lite.com/hlbq2-serie.html
TMS LITE,HLBQ2-00-130-1-X,table_1,extra_4,For further details please contact us,For further details please contact us,,https://www.tms-lite.com/hlbq2-serie.html
TMS LITE,HLBQ2-00-130-1-X,table_1,extra_5,For further details please contact us,For further details please contact us,,https://www.tms-lite.com/hlbq2-serie.html
TMS LITE,HLBQ2-00-130-1-X,table_1,extra_6,Data Sheet - White,Data Sheet - White,,https://www.tms-lite.com/hlbq2-serie.html
TMS LITE,HLBQ2-00-130-1-X,table_2,Current,640mA 640mA,640mA 640mA,mA,https://www.tms-lite.com/hlbq2-serie.html
TMS LITE,HLBQ2-00-130-1-X,table_2,Voltage (V) / Watt (W),24V / 15.36W 24V / 15.36W,24V / 15.36W 24V / 15.36W,V,https://www.tms-lite.com/hlbq2-serie.html
TMS LITE,HLBQ2-00-130-1-X,table_2,Weight (g),587,587,g,https://www.tms-lite.com/hlbq2-serie.html
TMS LITE,HLBQ2-00-130-1-X,table_3,A (mm),136,136,mm,https://www.tms-lite.com/hlbq2-serie.html
TMS LITE,HLBQ2-00-130-1-X,table_3,B (mm),170,170,mm,https://www.tms-lite.com/hlbq2-serie.html
TMS LITE,HLBQ2-00-130-1-X,table_3,C (mm),194,194,mm,https://www.tms-lite.com/hlbq2-serie.html
TMS LITE,HLBQ3-00-065-1-X,table_1,Current,600mA 600mA,600mA 600mA,mA,https://www.tms-lite.com/hlbq3-series.html
TMS LITE,HLBQ3-00-065-1-X,table_1,Voltage (V) / Watt (W),24V / 14.4W 24V / 14.4W,24V / 14.4W 24V / 14.4W,V,https://www.tms-lite.com/hlbq3-series.html
TMS LITE,HLBQ3-00-065-1-X,table_1,Weight (g),386,386,g,https://www.tms-lite.com/hlbq3-series.html
TMS LITE,HLBQ3-00-065-1-X,table_2,A (mm),128.2,128.2,mm,https://www.tms-lite.com/hlbq3-series.html
TMS LITE,HLBQ3-00-065-1-X,table_2,B (mm),104,104,mm,https://www.tms-lite.com/hlbq3-series.html
TMS LITE,HLBQ3-00-065-1-X,table_2,C (mm),70.2,70.2,mm,https://www.tms-lite.com/hlbq3-series.html
TMS LITE,HLBQ3-00-130-1-X,table_1,Current,640mA 640mA,640mA 640mA,mA,https://www.tms-lite.com/hlbq3-series.html
TMS LITE,HLBQ3-00-130-1-X,table_1,Voltage (V) / Watt (W),24V / 15.36W 24V / 15.36W,24V / 15.36W 24V / 15.36W,V,https://www.tms-lite.com/hlbq3-series.html
TMS LITE,HLBQ3-00-130-1-X,table_1,Weight (g),587,587,g,https://www.tms-lite.com/hlbq3-series.html
TMS LITE,HLBQ3-00-130-1-X,table_2,A (mm),136,136,mm,https://www.tms-lite.com/hlbq3-series.html
TMS LITE,HLBQ3-00-130-1-X,table_2,B (mm),170,170,mm,https://www.tms-lite.com/hlbq3-series.html
TMS LITE,HLBQ3-00-130-1-X,table_2,C (mm),194,194,mm,https://www.tms-lite.com/hlbq3-series.html
TMS LITE,HLBRX-00-040-3-X,table_1,Datasheet,3D View,3D View,,https://www.tms-lite.com/hlbrx-serie.html
TMS LITE,HLBRX-00-040-3-X,table_1,Drawing (2D),PDF,PDF,,https://www.tms-lite.com/hlbrx-serie.html
TMS LITE,HLBRX-00-040-3-X,table_1,STEP (3D),DXF,DXF,,https://www.tms-lite.com/hlbrx-serie.html
TMS LITE,HLBRX-00-040-3-X,table_1,extra_4,Red,Red,,https://www.tms-lite.com/hlbrx-serie.html
TMS LITE,HLBRX-00-040-3-X,table_1,extra_5,Green,Green,,https://www.tms-lite.com/hlbrx-serie.html
TMS LITE,HLBRX-00-040-3-X,table_1,extra_6,Blue,Blue,,https://www.tms-lite.com/hlbrx-serie.html
TMS LITE,HLBRX-00-040-3-X,table_1,extra_7,White,White,,https://www.tms-lite.com/hlbrx-serie.html
TMS LITE,HLBRX-00-040-3-X,table_2,Current,120mA 140mA,120mA 140mA,mA,https://www.tms-lite.com/hlbrx-serie.html
TMS LITE,HLBRX-00-040-3-X,table_2,Voltage (V) / Watt (W),24V / 2.88W 24V / 3.36W,24V / 2.88W 24V / 3.36W,V,https://www.tms-lite.com/hlbrx-serie.html
TMS LITE,HLBRX-00-040-3-X,table_2,Weight (g),46,46,g,https://www.tms-lite.com/hlbrx-serie.html
TMS LITE,HLBRX-00-040-3-X,table_3,A (mm),52,52,mm,https://www.tms-lite.com/hlbrx-serie.html
TMS LITE,HLBRX-00-040-3-X,table_3,B (mm),40,40,mm,https://www.tms-lite.com/hlbrx-serie.html
TMS LITE,HLBRX-00-040-3-X,table_3,C (mm),34.6,34.6,mm,https://www.tms-lite.com/hlbrx-serie.html
TMS LITE,HLBRX-00-080-3-X,table_1,Datasheet,3D View,3D View,,https://www.tms-lite.com/hlbrx-serie.html
TMS LITE,HLBRX-00-080-3-X,table_1,Drawing (2D),PDF,PDF,,https://www.tms-lite.com/hlbrx-serie.html
TMS LITE,HLBRX-00-080-3-X,table_1,STEP (3D),DXF,DXF,,https://www.tms-lite.com/hlbrx-serie.html
TMS LITE,HLBRX-00-080-3-X,table_1,extra_4,Red,Red,,https://www.tms-lite.com/hlbrx-serie.html
TMS LITE,HLBRX-00-080-3-X,table_1,extra_5,Green,Green,,https://www.tms-lite.com/hlbrx-serie.html
TMS LITE,HLBRX-00-080-3-X,table_1,extra_6,Blue,Blue,,https://www.tms-lite.com/hlbrx-serie.html
TMS LITE,HLBRX-00-080-3-X,table_1,extra_7,White,White,,https://www.tms-lite.com/hlbrx-serie.html
TMS LITE,HLBRX-00-080-3-X,table_2,Current,240mA 280mA,240mA 280mA,mA,https://www.tms-lite.com/hlbrx-serie.html
TMS LITE,HLBRX-00-080-3-X,table_2,Voltage (V) / Watt (W),24V / 5.76W 24V / 6.72W,24V / 5.76W 24V / 6.72W,V,https://www.tms-lite.com/hlbrx-serie.html
TMS LITE,HLBRX-00-080-3-X,table_2,Weight (g),65,65,g,https://www.tms-lite.com/hlbrx-serie.html
TMS LITE,HLBRX-00-080-3-X,table_3,A (mm),92,92,mm,https://www.tms-lite.com/hlbrx-serie.html
TMS LITE,HLBRX-00-080-3-X,table_3,B (mm),80,80,mm,https://www.tms-lite.com/hlbrx-serie.html
TMS LITE,HLBRX-00-080-3-X,table_3,C (mm),74.6,74.6,mm,https://www.tms-lite.com/hlbrx-serie.html
TMS LITE,HLBS2-00-065-1-X,table_1,Current,80mA 80mA,80mA 80mA,mA,https://www.tms-lite.com/hlbs2-1row-series.html
TMS LITE,HLBS2-00-065-1-X,table_1,Voltage (V) / Watt (W),24V / 1.92W 24V / 1.92W,24V / 1.92W 24V / 1.92W,V,https://www.tms-lite.com/hlbs2-1row-series.html
TMS LITE,HLBS2-00-065-1-X,table_1,Weight (g),52,52,g,https://www.tms-lite.com/hlbs2-1row-series.html
TMS LITE,HLBS2-00-065-1-X,table_2,A (mm),68,68,mm,https://www.tms-lite.com/hlbs2-1row-series.html
TMS LITE,HLBS2-00-065-1-X,table_2,B (mm),66,66,mm,https://www.tms-lite.com/hlbs2-1row-series.html
TMS LITE,HLBS2-00-065-1-X,table_3,Datasheet,3D View,3D View,,https://www.tms-lite.com/hlbs2-1row-series.html
TMS LITE,HLBS2-00-065-1-X,table_3,Drawing (2D),PDF,PDF,,https://www.tms-lite.com/hlbs2-1row-series.html
TMS LITE,HLBS2-00-065-1-X,table_3,STEP (3D),DXF,DXF,,https://www.tms-lite.com/hlbs2-1row-series.html
TMS LITE,HLBS2-00-065-1-X,table_3,extra_4,Red,Red,,https://www.tms-lite.com/hlbs2-1row-series.html
TMS LITE,HLBS2-00-065-1-X,table_3,extra_5,Green,Green,,https://www.tms-lite.com/hlbs2-1row-series.html
TMS LITE,HLBS2-00-065-1-X,table_3,extra_6,Blue,Blue,,https://www.tms-lite.com/hlbs2-1row-series.html
TMS LITE,HLBS2-00-065-1-X,table_3,extra_7,White,White,,https://www.tms-lite.com/hlbs2-1row-series.html
TMS LITE,HLBS2-00-065-2-X,table_1,Current,160mA 160mA,160mA 160mA,mA,https://www.tms-lite.com/hlbs2-2-rows-series.html
TMS LITE,HLBS2-00-065-2-X,table_1,Voltage (V) / Watt (W),24V / 3.84W 24V / 3.84W,24V / 3.84W 24V / 3.84W,V,https://www.tms-lite.com/hlbs2-2-rows-series.html
TMS LITE,HLBS2-00-065-2-X,table_1,Weight (g),73,73,g,https://www.tms-lite.com/hlbs2-2-rows-series.html
TMS LITE,HLBS2-00-065-2-X,table_2,A (mm),68,68,mm,https://www.tms-lite.com/hlbs2-2-rows-series.html
TMS LITE,HLBS2-00-065-2-X,table_2,B (mm),66,66,mm,https://www.tms-lite.com/hlbs2-2-rows-series.html
TMS LITE,HLBS2-00-065-2-X,table_3,Datasheet,3D View,3D View,,https://www.tms-lite.com/hlbs2-2-rows-series.html
TMS LITE,HLBS2-00-065-2-X,table_3,Drawing (2D),PDF,PDF,,https://www.tms-lite.com/hlbs2-2-rows-series.html
TMS LITE,HLBS2-00-065-2-X,table_3,STEP (3D),DXF,DXF,,https://www.tms-lite.com/hlbs2-2-rows-series.html
TMS LITE,HLBS2-00-065-2-X,table_3,extra_4,Red,Red,,https://www.tms-lite.com/hlbs2-2-rows-series.html
TMS LITE,HLBS2-00-065-2-X,table_3,extra_5,White,White,,https://www.tms-lite.com/hlbs2-2-rows-series.html
TMS LITE,HLBS2-00-130-1-X,table_1,Current,160mA 160mA,160mA 160mA,mA,https://www.tms-lite.com/hlbs2-1row-series.html
TMS LITE,HLBS2-00-130-1-X,table_1,Voltage (V) / Watt (W),24V / 3.84W 24V / 3.84W,24V / 3.84W 24V / 3.84W,V,https://www.tms-lite.com/hlbs2-1row-series.html
TMS LITE,HLBS2-00-130-1-X,table_1,Weight (g),89,89,g,https://www.tms-lite.com/hlbs2-1row-series.html
TMS LITE,HLBS2-00-130-1-X,table_2,A (mm),131,131,mm,https://www.tms-lite.com/hlbs2-1row-series.html
TMS LITE,HLBS2-00-130-1-X,table_2,B (mm),133,133,mm,https://www.tms-lite.com/hlbs2-1row-series.html
TMS LITE,HLBS2-00-130-1-X,table_3,Datasheet,3D View,3D View,,https://www.tms-lite.com/hlbs2-1row-series.html
TMS LITE,HLBS2-00-130-1-X,table_3,Drawing (2D),PDF,PDF,,https://www.tms-lite.com/hlbs2-1row-series.html
TMS LITE,HLBS2-00-130-1-X,table_3,STEP (3D),DXF,DXF,,https://www.tms-lite.com/hlbs2-1row-series.html
TMS LITE,HLBS2-00-130-1-X,table_3,extra_4,Red,Red,,https://www.tms-lite.com/hlbs2-1row-series.html
TMS LITE,HLBS2-00-130-1-X,table_3,extra_5,Green,Green,,https://www.tms-lite.com/hlbs2-1row-series.html
TMS LITE,HLBS2-00-130-1-X,table_3,extra_6,Blue,Blue,,https://www.tms-lite.com/hlbs2-1row-series.html
TMS LITE,HLBS2-00-130-1-X,table_3,extra_7,White,White,,https://www.tms-lite.com/hlbs2-1row-series.html
TMS LITE,HLBS2-00-130-2-X,table_1,Current,320mA 320mA,320mA 320mA,mA,https://www.tms-lite.com/hlbs2-2-rows-series.html
TMS LITE,HLBS2-00-130-2-X,table_1,Voltage (V) / Watt (W),24V / 7.68W 24V / 7.68W,24V / 7.68W 24V / 7.68W,V,https://www.tms-lite.com/hlbs2-2-rows-series.html
TMS LITE,HLBS2-00-130-2-X,table_1,Weight (g),118,118,g,https://www.tms-lite.com/hlbs2-2-rows-series.html
TMS LITE,HLBS2-00-130-2-X,table_2,A (mm),133,133,mm,https://www.tms-lite.com/hlbs2-2-rows-series.html
TMS LITE,HLBS2-00-130-2-X,table_2,B (mm),131,131,mm,https://www.tms-lite.com/hlbs2-2-rows-series.html
TMS LITE,HLBS2-00-130-2-X,table_3,Datasheet,3D View,3D View,,https://www.tms-lite.com/hlbs2-2-rows-series.html
TMS LITE,HLBS2-00-130-2-X,table_3,Drawing (2D),PDF,PDF,,https://www.tms-lite.com/hlbs2-2-rows-series.html
TMS LITE,HLBS2-00-130-2-X,table_3,STEP (3D),DXF,DXF,,https://www.tms-lite.com/hlbs2-2-rows-series.html
TMS LITE,HLBS2-00-130-2-X,table_3,extra_4,Red,Red,,https://www.tms-lite.com/hlbs2-2-rows-series.html
TMS LITE,HLBS2-00-130-2-X,table_3,extra_5,White,White,,https://www.tms-lite.com/hlbs2-2-rows-series.html
TMS LITE,HLBS3-00-065-1-X,table_1,Current,150mA 150mA,150mA 150mA,mA,https://www.tms-lite.com/hlbs3-series.html
TMS LITE,HLBS3-00-065-1-X,table_1,Voltage (V) / Watt (W),24V / 3.6W 24V / 3.6W,24V / 3.6W 24V / 3.6W,V,https://www.tms-lite.com/hlbs3-series.html
TMS LITE,HLBS3-00-065-1-X,table_1,Weight (g),52,52,g,https://www.tms-lite.com/hlbs3-series.html
TMS LITE,HLBS3-00-065-1-X,table_2,A (mm),68,68,mm,https://www.tms-lite.com/hlbs3-series.html
TMS LITE,HLBS3-00-065-1-X,table_2,B (mm),66,66,mm,https://www.tms-lite.com/hlbs3-series.html
TMS LITE,HLBS3-00-065-1-X,table_3,Datasheet,Red,Red,,https://www.tms-lite.com/hlbs3-series.html
TMS LITE,HLBS3-00-065-1-X,table_3,Drawing (2D),PDF,PDF,,https://www.tms-lite.com/hlbs3-series.html
TMS LITE,HLBS3-00-065-1-X,table_3,STEP (3D),3D View,3D View,,https://www.tms-lite.com/hlbs3-series.html
TMS LITE,HLBS3-00-065-1-X,table_3,extra_4,Green,Green,,https://www.tms-lite.com/hlbs3-series.html
TMS LITE,HLBS3-00-065-1-X,table_3,extra_5,Blue,Blue,,https://www.tms-lite.com/hlbs3-series.html
TMS LITE,HLBS3-00-065-1-X,table_3,extra_6,White,White,,https://www.tms-lite.com/hlbs3-series.html
TMS LITE,HLBS3-00-065-2-X,table_1,Current,160mA 160mA,160mA 160mA,mA,https://www.tms-lite.com/hlbs3-2-rows-series.html
TMS LITE,HLBS3-00-065-2-X,table_1,Voltage (V) / Watt (W),24V / 3.84W 24V / 3.84W,24V / 3.84W 24V / 3.84W,V,https://www.tms-lite.com/hlbs3-2-rows-series.html
TMS LITE,HLBS3-00-065-2-X,table_1,Weight (g),73,73,g,https://www.tms-lite.com/hlbs3-2-rows-series.html
TMS LITE,HLBS3-00-065-2-X,table_2,A (mm),68,68,mm,https://www.tms-lite.com/hlbs3-2-rows-series.html
TMS LITE,HLBS3-00-065-2-X,table_2,B (mm),66,66,mm,https://www.tms-lite.com/hlbs3-2-rows-series.html
TMS LITE,HLBS3-00-065-2-X,table_3,Datasheet,Red,Red,,https://www.tms-lite.com/hlbs3-2-rows-series.html
TMS LITE,HLBS3-00-065-2-X,table_3,Drawing (2D),PDF,PDF,,https://www.tms-lite.com/hlbs3-2-rows-series.html
TMS LITE,HLBS3-00-065-2-X,table_3,STEP (3D),3D View,3D View,,https://www.tms-lite.com/hlbs3-2-rows-series.html
TMS LITE,HLBS3-00-065-2-X,table_3,extra_4,Green,Green,,https://www.tms-lite.com/hlbs3-2-rows-series.html
TMS LITE,HLBS3-00-065-2-X,table_3,extra_5,Blue,Blue,,https://www.tms-lite.com/hlbs3-2-rows-series.html
TMS LITE,HLBS3-00-065-2-X,table_3,extra_6,White,White,,https://www.tms-lite.com/hlbs3-2-rows-series.html
TMS LITE,HLBS3-00-130-1-X,table_1,Current,160mA 160mA,160mA 160mA,mA,https://www.tms-lite.com/hlbs3-series.html
TMS LITE,HLBS3-00-130-1-X,table_1,Voltage (V) / Watt (W),24V / 3.84W 24V / 3.84W,24V / 3.84W 24V / 3.84W,V,https://www.tms-lite.com/hlbs3-series.html
TMS LITE,HLBS3-00-130-1-X,table_1,Weight (g),89,89,g,https://www.tms-lite.com/hlbs3-series.html
TMS LITE,HLBS3-00-130-1-X,table_2,A (mm),131,131,mm,https://www.tms-lite.com/hlbs3-series.html
TMS LITE,HLBS3-00-130-1-X,table_2,B (mm),133,133,mm,https://www.tms-lite.com/hlbs3-series.html
TMS LITE,HLBS3-00-130-1-X,table_3,Datasheet,Red,Red,,https://www.tms-lite.com/hlbs3-series.html
TMS LITE,HLBS3-00-130-1-X,table_3,Drawing (2D),PDF,PDF,,https://www.tms-lite.com/hlbs3-series.html
TMS LITE,HLBS3-00-130-1-X,table_3,STEP (3D),3D View,3D View,,https://www.tms-lite.com/hlbs3-series.html
TMS LITE,HLBS3-00-130-1-X,table_3,extra_4,Green,Green,,https://www.tms-lite.com/hlbs3-series.html
TMS LITE,HLBS3-00-130-1-X,table_3,extra_5,Blue,Blue,,https://www.tms-lite.com/hlbs3-series.html
TMS LITE,HLBS3-00-130-1-X,table_3,extra_6,White,White,,https://www.tms-lite.com/hlbs3-series.html
TMS LITE,HLBS3-00-130-2-X,table_1,Current,320mA 320mA,320mA 320mA,mA,https://www.tms-lite.com/hlbs3-2-rows-series.html
TMS LITE,HLBS3-00-130-2-X,table_1,Voltage (V) / Watt (W),24V / 7.68W 24V / 7.68W,24V / 7.68W 24V / 7.68W,V,https://www.tms-lite.com/hlbs3-2-rows-series.html
TMS LITE,HLBS3-00-130-2-X,table_1,Weight (g),118,118,g,https://www.tms-lite.com/hlbs3-2-rows-series.html
TMS LITE,HLBS3-00-130-2-X,table_2,A (mm),133,133,mm,https://www.tms-lite.com/hlbs3-2-rows-series.html
TMS LITE,HLBS3-00-130-2-X,table_2,B (mm),131,131,mm,https://www.tms-lite.com/hlbs3-2-rows-series.html
TMS LITE,HLBS3-00-130-2-X,table_3,Datasheet,Red,Red,,https://www.tms-lite.com/hlbs3-2-rows-series.html
TMS LITE,HLBS3-00-130-2-X,table_3,Drawing (2D),PDF,PDF,,https://www.tms-lite.com/hlbs3-2-rows-series.html
TMS LITE,HLBS3-00-130-2-X,table_3,STEP (3D),3D View,3D View,,https://www.tms-lite.com/hlbs3-2-rows-series.html
TMS LITE,HLBS3-00-130-2-X,table_3,extra_4,Green,Green,,https://www.tms-lite.com/hlbs3-2-rows-series.html
TMS LITE,HLBS3-00-130-2-X,table_3,extra_5,Blue,Blue,,https://www.tms-lite.com/hlbs3-2-rows-series.html
TMS LITE,HLBS3-00-130-2-X,table_3,extra_6,White,White,,https://www.tms-lite.com/hlbs3-2-rows-series.html
TMS LITE,HPD,page,Product Page Title,RGBW ILLUMINATION - HPD,RGBW ILLUMINATION - HPD,,https://www.tms-lite.com/rgbw-illumination-hpd
TMS LITE,HPD,page,Product Page Title,UV ILLUMINATION - HPD,UV ILLUMINATION - HPD,,https://www.tms-lite.com/uv-illumination-hpd
TMS LITE,HPD-00-070-1-RGBW,table_1,COLOUR,RGBW,RGBW,,https://www.tms-lite.com/rgbw-illumination-hpd.html
TMS LITE,HPD-00-070-1-RGBW,table_1,Current,60mA,60mA,mA,https://www.tms-lite.com/rgbw-illumination-hpd.html
TMS LITE,HPD-00-070-1-RGBW,table_1,Voltage (V) / Watt (W),4V / 1.44W,4V / 1.44W,V,https://www.tms-lite.com/rgbw-illumination-hpd.html
TMS LITE,HPD-00-070-1-RGBW,table_1,Weight (g),380,380,g,https://www.tms-lite.com/rgbw-illumination-hpd.html
TMS LITE,HPD-00-070-1-RGBW,table_2,D (mm),22,22,mm,https://www.tms-lite.com/rgbw-illumination-hpd.html
TMS LITE,HPD-00-070-1-RGBW,table_2,ØA (mm),75.4,75.4,mm,https://www.tms-lite.com/rgbw-illumination-hpd.html
TMS LITE,HPD-00-070-1-RGBW,table_2,ØB (mm),42,42,mm,https://www.tms-lite.com/rgbw-illumination-hpd.html
TMS LITE,HPD-00-070-1-RGBW,table_2,ØC (mm),51,51,mm,https://www.tms-lite.com/rgbw-illumination-hpd.html
TMS LITE,HPD-00-070-1-RGBW,table_3,Datasheet,3D View,3D View,,https://www.tms-lite.com/rgbw-illumination-hpd.html
TMS LITE,HPD-00-070-1-RGBW,table_3,Datasheet,3D View,3D View,,https://www.tms-lite.com/hpd-serie.html
TMS LITE,HPD-00-070-1-RGBW,table_3,Drawing (2D),PDF,PDF,,https://www.tms-lite.com/rgbw-illumination-hpd.html
TMS LITE,HPD-00-070-1-RGBW,table_3,Drawing (2D),PDF,PDF,,https://www.tms-lite.com/hpd-serie.html
TMS LITE,HPD-00-070-1-RGBW,table_3,STEP (3D),DXF,DXF,,https://www.tms-lite.com/rgbw-illumination-hpd.html
TMS LITE,HPD-00-070-1-RGBW,table_3,STEP (3D),DXF,DXF,,https://www.tms-lite.com/hpd-serie.html
TMS LITE,HPD-00-070-1-RGBW,table_3,extra_4,RGBW,RGBW,,https://www.tms-lite.com/rgbw-illumination-hpd.html
TMS LITE,HPD-00-070-1-RGBW,table_3,extra_4,RGBW,RGBW,,https://www.tms-lite.com/hpd-serie.html
TMS LITE,HPD-00-070-1-RGBW,table_7,Current,60mA,60mA,mA,https://www.tms-lite.com/hpd-serie.html
TMS LITE,HPD-00-070-1-RGBW,table_7,Voltage (V) / Watt (W),24V / 1.44W,24V / 1.44W,V,https://www.tms-lite.com/hpd-serie.html
TMS LITE,HPD-00-070-1-RGBW,table_7,Weight (g),380,380,g,https://www.tms-lite.com/hpd-serie.html
TMS LITE,HPD-00-070-1-RGBW,table_9,D (mm),22,22,mm,https://www.tms-lite.com/hpd-serie.html
TMS LITE,HPD-00-070-1-RGBW,table_9,ØA (mm),74.5,74.5,mm,https://www.tms-lite.com/hpd-serie.html
TMS LITE,HPD-00-070-1-RGBW,table_9,ØB (mm),42,42,mm,https://www.tms-lite.com/hpd-serie.html
TMS LITE,HPD-00-070-1-RGBW,table_9,ØC (mm),51,51,mm,https://www.tms-lite.com/hpd-serie.html
TMS LITE,HPD-00-070-1-RGBW-24V-4CH,table_1,DATASHEET (ID),For further details please contact us,For further details please contact us,,https://www.tms-lite.com/4-section-led-illumination-series-1091998366.html
TMS LITE,HPD-00-070-1-RGBW-24V-4CH,table_1,DXF (2D),2D View,2D View,,https://www.tms-lite.com/4-section-led-illumination-series-1091998366.html
TMS LITE,HPD-00-070-1-RGBW-24V-4CH,table_1,PDF (2D),2D View,2D View,,https://www.tms-lite.com/4-section-led-illumination-series-1091998366.html
TMS LITE,HPD-00-070-1-RGBW-24V-4CH,table_1,STEP (3D),3D View,3D View,,https://www.tms-lite.com/4-section-led-illumination-series-1091998366.html
TMS LITE,HPD-00-070-1-X-24V,table_1,Current,240mA,240mA,mA,https://www.tms-lite.com/uv-illumination-hpd.html
TMS LITE,HPD-00-070-1-X-24V,table_1,UV,UV365,UV365,,https://www.tms-lite.com/uv-illumination-hpd.html
TMS LITE,HPD-00-070-1-X-24V,table_1,Voltage (V) /Watt (W),24V / 5.76W,24V / 5.76W,V,https://www.tms-lite.com/uv-illumination-hpd.html
TMS LITE,HPD-00-070-1-X-24V,table_1,Weight (g),130,130,g,https://www.tms-lite.com/uv-illumination-hpd.html
TMS LITE,HPD-00-070-1-X-24V,table_2,Datasheet,3D-view,3D-view,,https://www.tms-lite.com/uv-illumination-hpd.html
TMS LITE,HPD-00-070-1-X-24V,table_2,Drawing (2D),PDF,PDF,,https://www.tms-lite.com/uv-illumination-hpd.html
TMS LITE,HPD-00-070-1-X-24V,table_2,STEP (3D),DXF,DXF,,https://www.tms-lite.com/uv-illumination-hpd.html
TMS LITE,HPD-00-070-1-X-24V,table_2,UV,UV365,UV365,,https://www.tms-lite.com/uv-illumination-hpd.html
TMS LITE,HPD-00-070-1-X-24V,table_2,extra_5,UV365,UV365,,https://www.tms-lite.com/uv-illumination-hpd.html
TMS LITE,HPD-00-170-1-X,table_1,Datasheet,3D View,3D View,,https://www.tms-lite.com/hpd-serie.html
TMS LITE,HPD-00-170-1-X,table_1,Drawing (2D),PDF,PDF,,https://www.tms-lite.com/hpd-serie.html
TMS LITE,HPD-00-170-1-X,table_1,STEP (3D),DXF,DXF,,https://www.tms-lite.com/hpd-serie.html
TMS LITE,HPD-00-170-1-X,table_1,extra_4,Red,Red,,https://www.tms-lite.com/hpd-serie.html
TMS LITE,HPD-00-170-1-X,table_1,extra_5,Green,Green,,https://www.tms-lite.com/hpd-serie.html
TMS LITE,HPD-00-170-1-X,table_1,extra_6,Blue,Blue,,https://www.tms-lite.com/hpd-serie.html
TMS LITE,HPD-00-170-1-X,table_1,extra_7,White,White,,https://www.tms-lite.com/hpd-serie.html
TMS LITE,HPD-00-170-1-X,table_5,Current,750mA 750mA,750mA 750mA,mA,https://www.tms-lite.com/hpd-serie.html
TMS LITE,HPD-00-170-1-X,table_5,Voltage (V) / Watt (W),24V / 18.00W 24V / 18.00W,24V / 18.00W 24V / 18.00W,V,https://www.tms-lite.com/hpd-serie.html
TMS LITE,HPD-00-170-1-X,table_5,Weight (g),535,535,g,https://www.tms-lite.com/hpd-serie.html
TMS LITE,HPD-00-170-1-X,table_9,D (mm),29.6,29.6,mm,https://www.tms-lite.com/hpd-serie.html
TMS LITE,HPD-00-170-1-X,table_9,ØA (mm),176.6,176.6,mm,https://www.tms-lite.com/hpd-serie.html
TMS LITE,HPD-00-170-1-X,table_9,ØB (mm),111.0,111.0,mm,https://www.tms-lite.com/hpd-serie.html
TMS LITE,HPD-00-170-1-X,table_9,ØC (mm),150,150,mm,https://www.tms-lite.com/hpd-serie.html
TMS LITE,HPD-00-240-1-RGBW,table_1,COLOUR,RGBW,RGBW,,https://www.tms-lite.com/rgbw-illumination-hpd.html
TMS LITE,HPD-00-240-1-RGBW,table_1,Current,480mA,480mA,mA,https://www.tms-lite.com/rgbw-illumination-hpd.html
TMS LITE,HPD-00-240-1-RGBW,table_1,Voltage (V) / Watt (W),24V / 11.52W,24V / 11.52W,V,https://www.tms-lite.com/rgbw-illumination-hpd.html
TMS LITE,HPD-00-240-1-RGBW,table_1,Weight (g),1180,1180,g,https://www.tms-lite.com/rgbw-illumination-hpd.html
TMS LITE,HPD-00-240-1-RGBW,table_2,D (mm),38,38,mm,https://www.tms-lite.com/rgbw-illumination-hpd.html
TMS LITE,HPD-00-240-1-RGBW,table_2,ØA (mm),245,245,mm,https://www.tms-lite.com/rgbw-illumination-hpd.html
TMS LITE,HPD-00-240-1-RGBW,table_2,ØB (mm),158.5,158.5,mm,https://www.tms-lite.com/rgbw-illumination-hpd.html
TMS LITE,HPD-00-240-1-RGBW,table_2,ØC (mm),200,200,mm,https://www.tms-lite.com/rgbw-illumination-hpd.html
TMS LITE,HPD-00-240-1-RGBW,table_3,Datasheet,3D View,3D View,,https://www.tms-lite.com/rgbw-illumination-hpd.html
TMS LITE,HPD-00-240-1-RGBW,table_3,Datasheet,3D View,3D View,,https://www.tms-lite.com/hpd-serie.html
TMS LITE,HPD-00-240-1-RGBW,table_3,Drawing (2D),PDF,PDF,,https://www.tms-lite.com/rgbw-illumination-hpd.html
TMS LITE,HPD-00-240-1-RGBW,table_3,Drawing (2D),PDF,PDF,,https://www.tms-lite.com/hpd-serie.html
TMS LITE,HPD-00-240-1-RGBW,table_3,STEP (3D),DXF,DXF,,https://www.tms-lite.com/rgbw-illumination-hpd.html
TMS LITE,HPD-00-240-1-RGBW,table_3,STEP (3D),DXF,DXF,,https://www.tms-lite.com/hpd-serie.html
TMS LITE,HPD-00-240-1-RGBW,table_3,extra_4,RGBW,RGBW,,https://www.tms-lite.com/rgbw-illumination-hpd.html
TMS LITE,HPD-00-240-1-RGBW,table_3,extra_4,RGBW,RGBW,,https://www.tms-lite.com/hpd-serie.html
TMS LITE,HPD-00-240-1-RGBW,table_7,Current,1180mA,1180mA,mA,https://www.tms-lite.com/hpd-serie.html
TMS LITE,HPD-00-240-1-RGBW,table_7,Voltage (V) / Watt (W),24V / 11.52W,24V / 11.52W,V,https://www.tms-lite.com/hpd-serie.html
TMS LITE,HPD-00-240-1-RGBW,table_7,Weight (g),1180,1180,g,https://www.tms-lite.com/hpd-serie.html
TMS LITE,HPD-00-240-1-RGBW,table_9,D (mm),38,38,mm,https://www.tms-lite.com/hpd-serie.html
TMS LITE,HPD-00-240-1-RGBW,table_9,ØA (mm),245,245,mm,https://www.tms-lite.com/hpd-serie.html
TMS LITE,HPD-00-240-1-RGBW,table_9,ØB (mm),158.5,158.5,mm,https://www.tms-lite.com/hpd-serie.html
TMS LITE,HPD-00-240-1-RGBW,table_9,ØC (mm),200,200,mm,https://www.tms-lite.com/hpd-serie.html
TMS LITE,HPD-00-240-1-UV365,table_4,Datasheet,UV365,UV365,,https://www.tms-lite.com/hpd-serie.html
TMS LITE,HPD-00-240-1-UV365,table_4,Drawing (2D),PDF,PDF,,https://www.tms-lite.com/hpd-serie.html
TMS LITE,HPD-00-240-1-UV365,table_4,STEP (3D),3D View,3D View,,https://www.tms-lite.com/hpd-serie.html
TMS LITE,HPD-00-240-1-UV365,table_8,COLOUR,UV365,UV365,,https://www.tms-lite.com/hpd-serie.html
TMS LITE,HPD-00-240-1-UV365,table_8,Current,mA,mA,mA,https://www.tms-lite.com/hpd-serie.html
TMS LITE,HPD-00-240-1-UV365,table_8,Voltage (V) / Watt (W),24V / W,24V / W,V,https://www.tms-lite.com/hpd-serie.html
TMS LITE,HPD-00-240-1-X,table_1,Datasheet,3D View,3D View,,https://www.tms-lite.com/hpd-serie.html
TMS LITE,HPD-00-240-1-X,table_1,Drawing (2D),PDF,PDF,,https://www.tms-lite.com/hpd-serie.html
TMS LITE,HPD-00-240-1-X,table_1,STEP (3D),DXF,DXF,,https://www.tms-lite.com/hpd-serie.html
TMS LITE,HPD-00-240-1-X,table_1,extra_4,Red,Red,,https://www.tms-lite.com/hpd-serie.html
TMS LITE,HPD-00-240-1-X,table_1,extra_5,Green,Green,,https://www.tms-lite.com/hpd-serie.html
TMS LITE,HPD-00-240-1-X,table_1,extra_6,Blue,Blue,,https://www.tms-lite.com/hpd-serie.html
TMS LITE,HPD-00-240-1-X,table_1,extra_7,White,White,,https://www.tms-lite.com/hpd-serie.html
TMS LITE,HPD-00-240-1-X,table_5,Current,1050mA 1120mA,1050mA 1120mA,mA,https://www.tms-lite.com/hpd-serie.html
TMS LITE,HPD-00-240-1-X,table_5,Voltage (V) / Watt (W),24V / 25.20W 24V / 26.88W,24V / 25.20W 24V / 26.88W,V,https://www.tms-lite.com/hpd-serie.html
TMS LITE,HPD-00-240-1-X,table_5,Weight (g),1180,1180,g,https://www.tms-lite.com/hpd-serie.html
TMS LITE,HPD-00-240-1-X,table_9,D (mm),38.0,38.0,mm,https://www.tms-lite.com/hpd-serie.html
TMS LITE,HPD-00-240-1-X,table_9,ØA (mm),245.0,245.0,mm,https://www.tms-lite.com/hpd-serie.html
TMS LITE,HPD-00-240-1-X,table_9,ØB (mm),158.5,158.5,mm,https://www.tms-lite.com/hpd-serie.html
TMS LITE,HPD-00-240-1-X,table_9,ØC (mm),200,200,mm,https://www.tms-lite.com/hpd-serie.html
TMS LITE,HPD-00-240-1-X-24V-4CH,table_1,DATASHEET (ID),Datasheet - Red,Datasheet - Red,,https://www.tms-lite.com/4-section-led-illumination-series-1091998366.html
TMS LITE,HPD-00-240-1-X-24V-4CH,table_1,DXF (2D),2D View,2D View,,https://www.tms-lite.com/4-section-led-illumination-series-1091998366.html
TMS LITE,HPD-00-240-1-X-24V-4CH,table_1,PDF (2D),2D View,2D View,,https://www.tms-lite.com/4-section-led-illumination-series-1091998366.html
TMS LITE,HPD-00-240-1-X-24V-4CH,table_1,STEP (3D),3D View,3D View,,https://www.tms-lite.com/4-section-led-illumination-series-1091998366.html
TMS LITE,HPD-00-240-1-X-24V-4CH,table_1,extra_5,For further details please contact us,For further details please contact us,,https://www.tms-lite.com/4-section-led-illumination-series-1091998366.html
TMS LITE,HPD-00-240-1-X-24V-4CH,table_1,extra_6,For further details please contact us,For further details please contact us,,https://www.tms-lite.com/4-section-led-illumination-series-1091998366.html
TMS LITE,HPD-00-240-1-X-24V-4CH,table_1,extra_7,Datasheet - White,Datasheet - White,,https://www.tms-lite.com/4-section-led-illumination-series-1091998366.html
TMS LITE,HPD-00-240-3-RGB,table_1,Current,910mA 630mA 700mA,910mA 630mA 700mA,mA,https://www.tms-lite.com/rgb-illumination-hpd.html
TMS LITE,HPD-00-240-3-RGB,table_1,Voltage (V) / Watt (W),24V / 21.84W 24V / 15.12W 24V / 16.80W,24V / 21.84W 24V / 15.12W 24V / 16.80W,V,https://www.tms-lite.com/rgb-illumination-hpd.html
TMS LITE,HPD-00-240-3-RGB,table_1,Weight (g),1180,1180,g,https://www.tms-lite.com/rgb-illumination-hpd.html
TMS LITE,HPD-00-240-3-RGB,table_2,D (mm),38.0,38.0,mm,https://www.tms-lite.com/rgb-illumination-hpd.html
TMS LITE,HPD-00-240-3-RGB,table_2,Datasheet,3D View,3D View,,https://www.tms-lite.com/hpd-serie.html
TMS LITE,HPD-00-240-3-RGB,table_2,Drawing (2D),PDF,PDF,,https://www.tms-lite.com/hpd-serie.html
TMS LITE,HPD-00-240-3-RGB,table_2,STEP (3D),DXF,DXF,,https://www.tms-lite.com/hpd-serie.html
TMS LITE,HPD-00-240-3-RGB,table_2,extra_4,RGB,RGB,,https://www.tms-lite.com/hpd-serie.html
TMS LITE,HPD-00-240-3-RGB,table_2,ØA (mm),245.0,245.0,mm,https://www.tms-lite.com/rgb-illumination-hpd.html
TMS LITE,HPD-00-240-3-RGB,table_2,ØB (mm),158.5,158.5,mm,https://www.tms-lite.com/rgb-illumination-hpd.html
TMS LITE,HPD-00-240-3-RGB,table_2,ØC (mm),200,200,mm,https://www.tms-lite.com/rgb-illumination-hpd.html
TMS LITE,HPD-00-240-3-RGB,table_3,Datasheet,3D View,3D View,,https://www.tms-lite.com/rgb-illumination-hpd.html
TMS LITE,HPD-00-240-3-RGB,table_3,Drawing (2D),PDF,PDF,,https://www.tms-lite.com/rgb-illumination-hpd.html
TMS LITE,HPD-00-240-3-RGB,table_3,STEP (3D),DXF,DXF,,https://www.tms-lite.com/rgb-illumination-hpd.html
TMS LITE,HPD-00-240-3-RGB,table_3,extra_4,RGB,RGB,,https://www.tms-lite.com/rgb-illumination-hpd.html
TMS LITE,HPD-00-240-3-RGB,table_6,Current,910mA 630mA 700mA,910mA 630mA 700mA,mA,https://www.tms-lite.com/hpd-serie.html
TMS LITE,HPD-00-240-3-RGB,table_6,Voltage (V) / Watt (W),24V / 21.84W 24V / 15.12W 24V / 16.80W,24V / 21.84W 24V / 15.12W 24V / 16.80W,V,https://www.tms-lite.com/hpd-serie.html
TMS LITE,HPD-00-240-3-RGB,table_6,Weight (g),1180,1180,g,https://www.tms-lite.com/hpd-serie.html
TMS LITE,HPD-00-240-3-RGB,table_9,D (mm),38.0,38.0,mm,https://www.tms-lite.com/hpd-serie.html
TMS LITE,HPD-00-240-3-RGB,table_9,ØA (mm),245.0,245.0,mm,https://www.tms-lite.com/hpd-serie.html
TMS LITE,HPD-00-240-3-RGB,table_9,ØB (mm),158.5,158.5,mm,https://www.tms-lite.com/hpd-serie.html
TMS LITE,HPD-00-240-3-RGB,table_9,ØC (mm),200,200,mm,https://www.tms-lite.com/hpd-serie.html
TMS LITE,HPD-4CH,table_1,DATASHEET (ID),3D View,3D View,,https://www.tms-lite.com/4-section-led-illumination-series-1091998366.html
TMS LITE,HPD-4CH,table_1,DXF (2D),2D View,2D View,,https://www.tms-lite.com/4-section-led-illumination-series-1091998366.html
TMS LITE,HPD-4CH,table_1,PDF (2D),HPD-00-170-1-X-24V-4CH,HPD-00-170-1-X-24V-4CH,,https://www.tms-lite.com/4-section-led-illumination-series-1091998366.html
TMS LITE,HPD-4CH,table_1,STEP (3D),2D View,2D View,,https://www.tms-lite.com/4-section-led-illumination-series-1091998366.html
TMS LITE,HPD-4CH,table_1,extra_5,Datasheet - Red,Datasheet - Red,,https://www.tms-lite.com/4-section-led-illumination-series-1091998366.html
TMS LITE,HPD-4CH,table_1,extra_6,For further details please contact us,For further details please contact us,,https://www.tms-lite.com/4-section-led-illumination-series-1091998366.html
TMS LITE,HPD-4CH,table_1,extra_7,For further details please contact us,For further details please contact us,,https://www.tms-lite.com/4-section-led-illumination-series-1091998366.html
TMS LITE,HPD-4CH,table_1,extra_8,Datasheet - White,Datasheet - White,,https://www.tms-lite.com/4-section-led-illumination-series-1091998366.html
TMS LITE,HPD-75-170-1-IR850,table_4,Datasheet,IR850,IR850,,https://www.tms-lite.com/hpd-serie.html
TMS LITE,HPD-75-170-1-IR850,table_4,Drawing (2D),PDF,PDF,,https://www.tms-lite.com/hpd-serie.html
TMS LITE,HPD-75-170-1-IR850,table_4,STEP (3D),3D View,3D View,,https://www.tms-lite.com/hpd-serie.html
TMS LITE,HPD-75-170-1-IR850,table_8,COLOUR,IR850,IR850,,https://www.tms-lite.com/hpd-serie.html
TMS LITE,HPD-75-170-1-IR850,table_8,Current,mA,mA,mA,https://www.tms-lite.com/hpd-serie.html
TMS LITE,HPD-75-170-1-IR850,table_8,Voltage (V) / Watt (W),24V / W,24V / W,V,https://www.tms-lite.com/hpd-serie.html
TMS LITE,HPD-75-170-1-UV365,table_4,Datasheet,UV365,UV365,,https://www.tms-lite.com/hpd-serie.html
TMS LITE,HPD-75-170-1-UV365,table_4,Drawing (2D),PDF,PDF,,https://www.tms-lite.com/hpd-serie.html
TMS LITE,HPD-75-170-1-UV365,table_4,STEP (3D),3D View,3D View,,https://www.tms-lite.com/hpd-serie.html
TMS LITE,HPD-75-170-1-UV365,table_8,COLOUR,UV365,UV365,,https://www.tms-lite.com/hpd-serie.html
TMS LITE,HPD-75-170-1-UV365,table_8,Current,mA,mA,mA,https://www.tms-lite.com/hpd-serie.html
TMS LITE,HPD-75-170-1-UV365,table_8,Voltage (V) / Watt (W),24V / W,24V / W,V,https://www.tms-lite.com/hpd-serie.html
TMS LITE,HPD2,page,Product Page Title,RGBW ILLUMINATION - HPD2,RGBW ILLUMINATION - HPD2,,https://www.tms-lite.com/rgbw-illumination-hpd2
TMS LITE,HPD2-00-050-1-RGBW,table_1,Current,60mA,60mA,mA,https://www.tms-lite.com/rgbw-illumination-hpd2.html
TMS LITE,HPD2-00-050-1-RGBW,table_1,RGBW,RGBW,RGBW,,https://www.tms-lite.com/rgbw-illumination-hpd2.html
TMS LITE,HPD2-00-050-1-RGBW,table_1,Voltage (V)/Watt (W),24V / 1.44W,24V / 1.44W,V,https://www.tms-lite.com/rgbw-illumination-hpd2.html
TMS LITE,HPD2-00-050-1-RGBW,table_1,Weight (g),100,100,g,https://www.tms-lite.com/rgbw-illumination-hpd2.html
TMS LITE,HPD2-00-050-1-RGBW,table_2,Datasheet,3D View,3D View,,https://www.tms-lite.com/hpd2-serie.html
TMS LITE,HPD2-00-050-1-RGBW,table_2,Drawing (2D),PDF,PDF,,https://www.tms-lite.com/hpd2-serie.html
TMS LITE,HPD2-00-050-1-RGBW,table_2,E (mm),35,35,mm,https://www.tms-lite.com/rgbw-illumination-hpd2.html
TMS LITE,HPD2-00-050-1-RGBW,table_2,STEP (3D),DXF,DXF,,https://www.tms-lite.com/hpd2-serie.html
TMS LITE,HPD2-00-050-1-RGBW,table_2,extra_4,RGBW,RGBW,,https://www.tms-lite.com/hpd2-serie.html
TMS LITE,HPD2-00-050-1-RGBW,table_2,ØA (mm),56,56,mm,https://www.tms-lite.com/rgbw-illumination-hpd2.html
TMS LITE,HPD2-00-050-1-RGBW,table_2,ØB (mm),15.5,15.5,mm,https://www.tms-lite.com/rgbw-illumination-hpd2.html
TMS LITE,HPD2-00-050-1-RGBW,table_2,ØC (mm),25,25,mm,https://www.tms-lite.com/rgbw-illumination-hpd2.html
TMS LITE,HPD2-00-050-1-RGBW,table_2,ØD (mm),35,35,mm,https://www.tms-lite.com/rgbw-illumination-hpd2.html
TMS LITE,HPD2-00-050-1-RGBW,table_3,Current,60mA,60mA,mA,https://www.tms-lite.com/hpd2-serie.html
TMS LITE,HPD2-00-050-1-RGBW,table_3,Datasheet,3D-view,3D-view,,https://www.tms-lite.com/rgbw-illumination-hpd2.html
TMS LITE,HPD2-00-050-1-RGBW,table_3,Drawing (2D),PDF,PDF,,https://www.tms-lite.com/rgbw-illumination-hpd2.html
TMS LITE,HPD2-00-050-1-RGBW,table_3,STEP (3D),DXF,DXF,,https://www.tms-lite.com/rgbw-illumination-hpd2.html
TMS LITE,HPD2-00-050-1-RGBW,table_3,Voltage (V) / Watt (W),24V / 1.44W,24V / 1.44W,V,https://www.tms-lite.com/hpd2-serie.html
TMS LITE,HPD2-00-050-1-RGBW,table_3,Weight (g),100,100,g,https://www.tms-lite.com/hpd2-serie.html
TMS LITE,HPD2-00-050-1-RGBW,table_3,extra_4,RGBW,RGBW,,https://www.tms-lite.com/rgbw-illumination-hpd2.html
TMS LITE,HPD2-00-050-1-RGBW,table_4,E (mm),35,35,mm,https://www.tms-lite.com/hpd2-serie.html
TMS LITE,HPD2-00-050-1-RGBW,table_4,ØA (mm),56,56,mm,https://www.tms-lite.com/hpd2-serie.html
TMS LITE,HPD2-00-050-1-RGBW,table_4,ØB (mm),15.5,15.5,mm,https://www.tms-lite.com/hpd2-serie.html
TMS LITE,HPD2-00-050-1-RGBW,table_4,ØC (mm),25,25,mm,https://www.tms-lite.com/hpd2-serie.html
TMS LITE,HPD2-00-050-1-RGBW,table_4,ØD (mm),35,35,mm,https://www.tms-lite.com/hpd2-serie.html
TMS LITE,HPD2-00-050-1-X,table_1,Datasheet,3D View,3D View,,https://www.tms-lite.com/hpd2-serie.html
TMS LITE,HPD2-00-050-1-X,table_1,Drawing (2D),PDF,PDF,,https://www.tms-lite.com/hpd2-serie.html
TMS LITE,HPD2-00-050-1-X,table_1,STEP (3D),DXF,DXF,,https://www.tms-lite.com/hpd2-serie.html
TMS LITE,HPD2-00-050-1-X,table_1,extra_4,Red,Red,,https://www.tms-lite.com/hpd2-serie.html
TMS LITE,HPD2-00-050-1-X,table_1,extra_5,Green,Green,,https://www.tms-lite.com/hpd2-serie.html
TMS LITE,HPD2-00-050-1-X,table_1,extra_6,Blue,Blue,,https://www.tms-lite.com/hpd2-serie.html
TMS LITE,HPD2-00-050-1-X,table_1,extra_7,White,White,,https://www.tms-lite.com/hpd2-serie.html
TMS LITE,HPD2-00-050-1-X,table_3,Current,120mA 120mA,120mA 120mA,mA,https://www.tms-lite.com/hpd2-serie.html
TMS LITE,HPD2-00-050-1-X,table_3,Voltage (V) / Watt (W),24V / 2.88W 24V / 2.88W,24V / 2.88W 24V / 2.88W,V,https://www.tms-lite.com/hpd2-serie.html
TMS LITE,HPD2-00-050-1-X,table_3,Weight (g),100,100,g,https://www.tms-lite.com/hpd2-serie.html
TMS LITE,HPD2-00-050-1-X,table_4,E (mm),35,35,mm,https://www.tms-lite.com/hpd2-serie.html
TMS LITE,HPD2-00-050-1-X,table_4,ØA (mm),56,56,mm,https://www.tms-lite.com/hpd2-serie.html
TMS LITE,HPD2-00-050-1-X,table_4,ØB (mm),15.5,15.5,mm,https://www.tms-lite.com/hpd2-serie.html
TMS LITE,HPD2-00-050-1-X,table_4,ØC (mm),25,25,mm,https://www.tms-lite.com/hpd2-serie.html
TMS LITE,HPD2-00-050-1-X,table_4,ØD (mm),35,35,mm,https://www.tms-lite.com/hpd2-serie.html
TMS LITE,HPD2-00-080-1-RGBW,table_1,Current,90mA,90mA,mA,https://www.tms-lite.com/rgbw-illumination-hpd2.html
TMS LITE,HPD2-00-080-1-RGBW,table_1,RGBW,RGBW,RGBW,,https://www.tms-lite.com/rgbw-illumination-hpd2.html
TMS LITE,HPD2-00-080-1-RGBW,table_1,Voltage (V)/Watt (W),24V / 2.16W,24V / 2.16W,V,https://www.tms-lite.com/rgbw-illumination-hpd2.html
TMS LITE,HPD2-00-080-1-RGBW,table_1,Weight (g),155,155,g,https://www.tms-lite.com/rgbw-illumination-hpd2.html
TMS LITE,HPD2-00-080-1-RGBW,table_2,Datasheet,3D View,3D View,,https://www.tms-lite.com/hpd2-serie.html
TMS LITE,HPD2-00-080-1-RGBW,table_2,Drawing (2D),PDF,PDF,,https://www.tms-lite.com/hpd2-serie.html
TMS LITE,HPD2-00-080-1-RGBW,table_2,E (mm),35,35,mm,https://www.tms-lite.com/rgbw-illumination-hpd2.html
TMS LITE,HPD2-00-080-1-RGBW,table_2,STEP (3D),DXF,DXF,,https://www.tms-lite.com/hpd2-serie.html
TMS LITE,HPD2-00-080-1-RGBW,table_2,extra_4,RGBW,RGBW,,https://www.tms-lite.com/hpd2-serie.html
TMS LITE,HPD2-00-080-1-RGBW,table_2,ØA (mm),81,81,mm,https://www.tms-lite.com/rgbw-illumination-hpd2.html
TMS LITE,HPD2-00-080-1-RGBW,table_2,ØB (mm),34.2,34.2,mm,https://www.tms-lite.com/rgbw-illumination-hpd2.html
TMS LITE,HPD2-00-080-1-RGBW,table_2,ØC (mm),54,54,mm,https://www.tms-lite.com/rgbw-illumination-hpd2.html
TMS LITE,HPD2-00-080-1-RGBW,table_2,ØD (mm),56,56,mm,https://www.tms-lite.com/rgbw-illumination-hpd2.html
TMS LITE,HPD2-00-080-1-RGBW,table_3,Current,90mA,90mA,mA,https://www.tms-lite.com/hpd2-serie.html
TMS LITE,HPD2-00-080-1-RGBW,table_3,Datasheet,3D-view,3D-view,,https://www.tms-lite.com/rgbw-illumination-hpd2.html
TMS LITE,HPD2-00-080-1-RGBW,table_3,Drawing (2D),PDF,PDF,,https://www.tms-lite.com/rgbw-illumination-hpd2.html
TMS LITE,HPD2-00-080-1-RGBW,table_3,STEP (3D),DXF,DXF,,https://www.tms-lite.com/rgbw-illumination-hpd2.html
TMS LITE,HPD2-00-080-1-RGBW,table_3,Voltage (V) / Watt (W),24V / 2.16W,24V / 2.16W,V,https://www.tms-lite.com/hpd2-serie.html
TMS LITE,HPD2-00-080-1-RGBW,table_3,Weight (g),155,155,g,https://www.tms-lite.com/hpd2-serie.html
TMS LITE,HPD2-00-080-1-RGBW,table_3,extra_4,RGBW,RGBW,,https://www.tms-lite.com/rgbw-illumination-hpd2.html
TMS LITE,HPD2-00-080-1-RGBW,table_4,E (mm),35,35,mm,https://www.tms-lite.com/hpd2-serie.html
TMS LITE,HPD2-00-080-1-RGBW,table_4,ØA (mm),81,81,mm,https://www.tms-lite.com/hpd2-serie.html
TMS LITE,HPD2-00-080-1-RGBW,table_4,ØB (mm),34.2,34.2,mm,https://www.tms-lite.com/hpd2-serie.html
TMS LITE,HPD2-00-080-1-RGBW,table_4,ØC (mm),54,54,mm,https://www.tms-lite.com/hpd2-serie.html
TMS LITE,HPD2-00-080-1-RGBW,table_4,ØD (mm),56,56,mm,https://www.tms-lite.com/hpd2-serie.html
TMS LITE,HPD2-00-080-1-X,table_1,Datasheet,3D View,3D View,,https://www.tms-lite.com/hpd2-serie.html
TMS LITE,HPD2-00-080-1-X,table_1,Drawing (2D),PDF,PDF,,https://www.tms-lite.com/hpd2-serie.html
TMS LITE,HPD2-00-080-1-X,table_1,STEP (3D),DXF,DXF,,https://www.tms-lite.com/hpd2-serie.html
TMS LITE,HPD2-00-080-1-X,table_1,extra_4,Red,Red,,https://www.tms-lite.com/hpd2-serie.html
TMS LITE,HPD2-00-080-1-X,table_1,extra_5,Green,Green,,https://www.tms-lite.com/hpd2-serie.html
TMS LITE,HPD2-00-080-1-X,table_1,extra_6,Blue,Blue,,https://www.tms-lite.com/hpd2-serie.html
TMS LITE,HPD2-00-080-1-X,table_1,extra_7,White,White,,https://www.tms-lite.com/hpd2-serie.html
TMS LITE,HPD2-00-080-1-X,table_3,Current,180mA 180mA,180mA 180mA,mA,https://www.tms-lite.com/hpd2-serie.html
TMS LITE,HPD2-00-080-1-X,table_3,Voltage (V) / Watt (W),24V / 4.32W 24V / 4.32W,24V / 4.32W 24V / 4.32W,V,https://www.tms-lite.com/hpd2-serie.html
TMS LITE,HPD2-00-080-1-X,table_3,Weight (g),155,155,g,https://www.tms-lite.com/hpd2-serie.html
TMS LITE,HPD2-00-080-1-X,table_4,E (mm),35,35,mm,https://www.tms-lite.com/hpd2-serie.html
TMS LITE,HPD2-00-080-1-X,table_4,ØA (mm),81,81,mm,https://www.tms-lite.com/hpd2-serie.html
TMS LITE,HPD2-00-080-1-X,table_4,ØB (mm),34.2,34.2,mm,https://www.tms-lite.com/hpd2-serie.html
TMS LITE,HPD2-00-080-1-X,table_4,ØC (mm),54,54,mm,https://www.tms-lite.com/hpd2-serie.html
TMS LITE,HPD2-00-080-1-X,table_4,ØD (mm),56,56,mm,https://www.tms-lite.com/hpd2-serie.html
TMS LITE,HPD2-00-100-1-RGBW,table_1,Current,120mA,120mA,mA,https://www.tms-lite.com/rgbw-illumination-hpd2.html
TMS LITE,HPD2-00-100-1-RGBW,table_1,RGBW,RGBW,RGBW,,https://www.tms-lite.com/rgbw-illumination-hpd2.html
TMS LITE,HPD2-00-100-1-RGBW,table_1,Voltage (V)/Watt (W),24V / 2.88W,24V / 2.88W,V,https://www.tms-lite.com/rgbw-illumination-hpd2.html
TMS LITE,HPD2-00-100-1-RGBW,table_1,Weight (g),210,210,g,https://www.tms-lite.com/rgbw-illumination-hpd2.html
TMS LITE,HPD2-00-100-1-RGBW,table_2,Datasheet,3D View,3D View,,https://www.tms-lite.com/hpd2-serie.html
TMS LITE,HPD2-00-100-1-RGBW,table_2,Drawing (2D),PDF,PDF,,https://www.tms-lite.com/hpd2-serie.html
TMS LITE,HPD2-00-100-1-RGBW,table_2,E (mm),35,35,mm,https://www.tms-lite.com/rgbw-illumination-hpd2.html
TMS LITE,HPD2-00-100-1-RGBW,table_2,STEP (3D),DXF,DXF,,https://www.tms-lite.com/hpd2-serie.html
TMS LITE,HPD2-00-100-1-RGBW,table_2,extra_4,RGBW,RGBW,,https://www.tms-lite.com/hpd2-serie.html
TMS LITE,HPD2-00-100-1-RGBW,table_2,ØA (mm),105.2,105.2,mm,https://www.tms-lite.com/rgbw-illumination-hpd2.html
TMS LITE,HPD2-00-100-1-RGBW,table_2,ØB (mm),57,57,mm,https://www.tms-lite.com/rgbw-illumination-hpd2.html
TMS LITE,HPD2-00-100-1-RGBW,table_2,ØC (mm),80,80,mm,https://www.tms-lite.com/rgbw-illumination-hpd2.html
TMS LITE,HPD2-00-100-1-RGBW,table_2,ØD (mm),95,95,mm,https://www.tms-lite.com/rgbw-illumination-hpd2.html
TMS LITE,HPD2-00-100-1-RGBW,table_3,Current,120mA,120mA,mA,https://www.tms-lite.com/hpd2-serie.html
TMS LITE,HPD2-00-100-1-RGBW,table_3,Datasheet,3D-view,3D-view,,https://www.tms-lite.com/rgbw-illumination-hpd2.html
TMS LITE,HPD2-00-100-1-RGBW,table_3,Drawing (2D),PDF,PDF,,https://www.tms-lite.com/rgbw-illumination-hpd2.html
TMS LITE,HPD2-00-100-1-RGBW,table_3,STEP (3D),DXF,DXF,,https://www.tms-lite.com/rgbw-illumination-hpd2.html
TMS LITE,HPD2-00-100-1-RGBW,table_3,Voltage (V) / Watt (W),24V / 2.88W,24V / 2.88W,V,https://www.tms-lite.com/hpd2-serie.html
TMS LITE,HPD2-00-100-1-RGBW,table_3,Weight (g),210,210,g,https://www.tms-lite.com/hpd2-serie.html
TMS LITE,HPD2-00-100-1-RGBW,table_3,extra_4,RGBW,RGBW,,https://www.tms-lite.com/rgbw-illumination-hpd2.html
TMS LITE,HPD2-00-100-1-RGBW,table_4,E (mm),35,35,mm,https://www.tms-lite.com/hpd2-serie.html
TMS LITE,HPD2-00-100-1-RGBW,table_4,ØA (mm),105.2,105.2,mm,https://www.tms-lite.com/hpd2-serie.html
TMS LITE,HPD2-00-100-1-RGBW,table_4,ØB (mm),57,57,mm,https://www.tms-lite.com/hpd2-serie.html
TMS LITE,HPD2-00-100-1-RGBW,table_4,ØC (mm),80,80,mm,https://www.tms-lite.com/hpd2-serie.html
TMS LITE,HPD2-00-100-1-RGBW,table_4,ØD (mm),95,95,mm,https://www.tms-lite.com/hpd2-serie.html
TMS LITE,HPD2-00-100-1-X,table_1,Datasheet,3D View,3D View,,https://www.tms-lite.com/hpd2-serie.html
TMS LITE,HPD2-00-100-1-X,table_1,Drawing (2D),PDF,PDF,,https://www.tms-lite.com/hpd2-serie.html
TMS LITE,HPD2-00-100-1-X,table_1,STEP (3D),DXF,DXF,,https://www.tms-lite.com/hpd2-serie.html
TMS LITE,HPD2-00-100-1-X,table_1,extra_4,Red,Red,,https://www.tms-lite.com/hpd2-serie.html
TMS LITE,HPD2-00-100-1-X,table_1,extra_5,Green,Green,,https://www.tms-lite.com/hpd2-serie.html
TMS LITE,HPD2-00-100-1-X,table_1,extra_6,Blue,Blue,,https://www.tms-lite.com/hpd2-serie.html
TMS LITE,HPD2-00-100-1-X,table_1,extra_7,White,White,,https://www.tms-lite.com/hpd2-serie.html
TMS LITE,HPD2-00-100-1-X,table_3,Current,270mA 270mA,270mA 270mA,mA,https://www.tms-lite.com/hpd2-serie.html
TMS LITE,HPD2-00-100-1-X,table_3,Voltage (V) / Watt (W),24V / 6.48W 24V / 6.48W,24V / 6.48W 24V / 6.48W,V,https://www.tms-lite.com/hpd2-serie.html
TMS LITE,HPD2-00-100-1-X,table_3,Weight (g),210,210,g,https://www.tms-lite.com/hpd2-serie.html
TMS LITE,HPD2-00-100-1-X,table_4,E (mm),35,35,mm,https://www.tms-lite.com/hpd2-serie.html
TMS LITE,HPD2-00-100-1-X,table_4,ØA (mm),105.2,105.2,mm,https://www.tms-lite.com/hpd2-serie.html
TMS LITE,HPD2-00-100-1-X,table_4,ØB (mm),57,57,mm,https://www.tms-lite.com/hpd2-serie.html
TMS LITE,HPD2-00-100-1-X,table_4,ØC (mm),80,80,mm,https://www.tms-lite.com/hpd2-serie.html
TMS LITE,HPD2-00-100-1-X,table_4,ØD (mm),95,95,mm,https://www.tms-lite.com/hpd2-serie.html
TMS LITE,HPD2-00-130-1-RGBW,table_1,Current,180mA,180mA,mA,https://www.tms-lite.com/rgbw-illumination-hpd2.html
TMS LITE,HPD2-00-130-1-RGBW,table_1,RGBW,RGBW,RGBW,,https://www.tms-lite.com/rgbw-illumination-hpd2.html
TMS LITE,HPD2-00-130-1-RGBW,table_1,Voltage (V)/Watt (W),24V / 4.32W,24V / 4.32W,V,https://www.tms-lite.com/rgbw-illumination-hpd2.html
TMS LITE,HPD2-00-130-1-RGBW,table_1,Weight (g),275,275,g,https://www.tms-lite.com/rgbw-illumination-hpd2.html
TMS LITE,HPD2-00-130-1-RGBW,table_2,Datasheet,3D View,3D View,,https://www.tms-lite.com/hpd2-serie.html
TMS LITE,HPD2-00-130-1-RGBW,table_2,Drawing (2D),PDF,PDF,,https://www.tms-lite.com/hpd2-serie.html
TMS LITE,HPD2-00-130-1-RGBW,table_2,E (mm),35,35,mm,https://www.tms-lite.com/rgbw-illumination-hpd2.html
TMS LITE,HPD2-00-130-1-RGBW,table_2,STEP (3D),DXF,DXF,,https://www.tms-lite.com/hpd2-serie.html
TMS LITE,HPD2-00-130-1-RGBW,table_2,extra_4,RGBW,RGBW,,https://www.tms-lite.com/hpd2-serie.html
TMS LITE,HPD2-00-130-1-RGBW,table_2,ØA (mm),131.5,131.5,mm,https://www.tms-lite.com/rgbw-illumination-hpd2.html
TMS LITE,HPD2-00-130-1-RGBW,table_2,ØB (mm),84,84,mm,https://www.tms-lite.com/rgbw-illumination-hpd2.html
TMS LITE,HPD2-00-130-1-RGBW,table_2,ØC (mm),106,106,mm,https://www.tms-lite.com/rgbw-illumination-hpd2.html
TMS LITE,HPD2-00-130-1-RGBW,table_2,ØD (mm),95,95,mm,https://www.tms-lite.com/rgbw-illumination-hpd2.html
TMS LITE,HPD2-00-130-1-RGBW,table_3,Current,180mA,180mA,mA,https://www.tms-lite.com/hpd2-serie.html
TMS LITE,HPD2-00-130-1-RGBW,table_3,Datasheet,3D-view,3D-view,,https://www.tms-lite.com/rgbw-illumination-hpd2.html
TMS LITE,HPD2-00-130-1-RGBW,table_3,Drawing (2D),PDF,PDF,,https://www.tms-lite.com/rgbw-illumination-hpd2.html
TMS LITE,HPD2-00-130-1-RGBW,table_3,STEP (3D),DXF,DXF,,https://www.tms-lite.com/rgbw-illumination-hpd2.html
TMS LITE,HPD2-00-130-1-RGBW,table_3,Voltage (V) / Watt (W),24V / 4.32W,24V / 4.32W,V,https://www.tms-lite.com/hpd2-serie.html
TMS LITE,HPD2-00-130-1-RGBW,table_3,Weight (g),275,275,g,https://www.tms-lite.com/hpd2-serie.html
TMS LITE,HPD2-00-130-1-RGBW,table_3,extra_4,RGBW,RGBW,,https://www.tms-lite.com/rgbw-illumination-hpd2.html
TMS LITE,HPD2-00-130-1-RGBW,table_4,E (mm),35,35,mm,https://www.tms-lite.com/hpd2-serie.html
TMS LITE,HPD2-00-130-1-RGBW,table_4,ØA (mm),131.5,131.5,mm,https://www.tms-lite.com/hpd2-serie.html
TMS LITE,HPD2-00-130-1-RGBW,table_4,ØB (mm),84,84,mm,https://www.tms-lite.com/hpd2-serie.html
TMS LITE,HPD2-00-130-1-RGBW,table_4,ØC (mm),106,106,mm,https://www.tms-lite.com/hpd2-serie.html
TMS LITE,HPD2-00-130-1-RGBW,table_4,ØD (mm),95,95,mm,https://www.tms-lite.com/hpd2-serie.html
TMS LITE,HPD2-00-130-1-X,table_1,Datasheet,3D View,3D View,,https://www.tms-lite.com/hpd2-serie.html
TMS LITE,HPD2-00-130-1-X,table_1,Drawing (2D),PDF,PDF,,https://www.tms-lite.com/hpd2-serie.html
TMS LITE,HPD2-00-130-1-X,table_1,STEP (3D),DXF,DXF,,https://www.tms-lite.com/hpd2-serie.html
TMS LITE,HPD2-00-130-1-X,table_1,extra_4,Red,Red,,https://www.tms-lite.com/hpd2-serie.html
TMS LITE,HPD2-00-130-1-X,table_1,extra_5,Green,Green,,https://www.tms-lite.com/hpd2-serie.html
TMS LITE,HPD2-00-130-1-X,table_1,extra_6,Blue,Blue,,https://www.tms-lite.com/hpd2-serie.html
TMS LITE,HPD2-00-130-1-X,table_1,extra_7,White,White,,https://www.tms-lite.com/hpd2-serie.html
TMS LITE,HPD2-00-130-1-X,table_3,Current,360mA 360mA,360mA 360mA,mA,https://www.tms-lite.com/hpd2-serie.html
TMS LITE,HPD2-00-130-1-X,table_3,Voltage (V) / Watt (W),24V / 8.64W 24V / 8.64W,24V / 8.64W 24V / 8.64W,V,https://www.tms-lite.com/hpd2-serie.html
TMS LITE,HPD2-00-130-1-X,table_3,Weight (g),275,275,g,https://www.tms-lite.com/hpd2-serie.html
TMS LITE,HPD2-00-130-1-X,table_4,E (mm),35,35,mm,https://www.tms-lite.com/hpd2-serie.html
TMS LITE,HPD2-00-130-1-X,table_4,ØA (mm),131.5,131.5,mm,https://www.tms-lite.com/hpd2-serie.html
TMS LITE,HPD2-00-130-1-X,table_4,ØB (mm),84,84,mm,https://www.tms-lite.com/hpd2-serie.html
TMS LITE,HPD2-00-130-1-X,table_4,ØC (mm),106,106,mm,https://www.tms-lite.com/hpd2-serie.html
TMS LITE,HPD2-00-130-1-X,table_4,ØD (mm),95,95,mm,https://www.tms-lite.com/hpd2-serie.html
TMS LITE,HPDP-00-070-1-X,table_1,Current,75mA 90mA,75mA 90mA,mA,https://www.tms-lite.com/hpdp-serie.html
TMS LITE,HPDP-00-070-1-X,table_1,Voltage (V) / Watt (W),24V / 1.80W 24V / 2.16W,24V / 1.80W 24V / 2.16W,V,https://www.tms-lite.com/hpdp-serie.html
TMS LITE,HPDP-00-070-1-X,table_1,Weight (g),130,130,g,https://www.tms-lite.com/hpdp-serie.html
TMS LITE,HPDP-00-070-1-X,table_2,ØA (mm),78.0,78.0,mm,https://www.tms-lite.com/hpdp-serie.html
TMS LITE,HPDP-00-070-1-X,table_2,ØB (mm),42,42,mm,https://www.tms-lite.com/hpdp-serie.html
TMS LITE,HPDP-00-070-1-X,table_2,ØC (mm),60.0,60.0,mm,https://www.tms-lite.com/hpdp-serie.html
TMS LITE,HPDP-00-110-2-X,table_1,Current,165mA 182mA,165mA 182mA,mA,https://www.tms-lite.com/hpdp-serie.html
TMS LITE,HPDP-00-110-2-X,table_1,Voltage (V) / Watt (W),24V / 3.96W 24V / 4.37W,24V / 3.96W 24V / 4.37W,V,https://www.tms-lite.com/hpdp-serie.html
TMS LITE,HPDP-00-110-2-X,table_1,Weight (g),200,200,g,https://www.tms-lite.com/hpdp-serie.html
TMS LITE,HPDP-00-110-2-X,table_2,ØA (mm),116.4,116.4,mm,https://www.tms-lite.com/hpdp-serie.html
TMS LITE,HPDP-00-110-2-X,table_2,ØB (mm),68,68,mm,https://www.tms-lite.com/hpdp-serie.html
TMS LITE,HPDP-00-110-2-X,table_2,ØC (mm),90.0,90.0,mm,https://www.tms-lite.com/hpdp-serie.html
TMS LITE,HPF-00-190-1-IR850,table_1,Colour,IR850,IR850,,https://www.tms-lite.com/hpf-series.html
TMS LITE,HPF-00-190-1-IR850,table_1,Current,600mA,600mA,mA,https://www.tms-lite.com/hpf-series.html
TMS LITE,HPF-00-190-1-IR850,table_1,Voltage (V) / Watt (W),24V / 14.4W,24V / 14.4W,V,https://www.tms-lite.com/hpf-series.html
TMS LITE,HPF-00-190-1-IR850,table_1,Weight (g),TBA,TBA,g,https://www.tms-lite.com/hpf-series.html
TMS LITE,HPF-00-190-1-IR850,table_2,Datasheet,IR850,IR850,,https://www.tms-lite.com/hpf-series.html
TMS LITE,HPF-00-190-1-IR850,table_2,Drawing (2D),PDF,PDF,,https://www.tms-lite.com/hpf-series.html
TMS LITE,HPF-00-190-1-IR850,table_2,STEP (3D),3D View,3D View,,https://www.tms-lite.com/hpf-series.html
TMS LITE,HPF-00-190-1-UV365,table_1,Colour,UV365,UV365,,https://www.tms-lite.com/hpf-series.html
TMS LITE,HPF-00-190-1-UV365,table_1,Current,480mA,480mA,mA,https://www.tms-lite.com/hpf-series.html
TMS LITE,HPF-00-190-1-UV365,table_1,Voltage (V) / Watt (W),24V / 11.52W,24V / 11.52W,V,https://www.tms-lite.com/hpf-series.html
TMS LITE,HPF-00-190-1-UV365,table_1,Weight (g),TBA,TBA,g,https://www.tms-lite.com/hpf-series.html
TMS LITE,HPF-00-190-1-UV365,table_2,Datasheet,UV365,UV365,,https://www.tms-lite.com/hpf-series.html
TMS LITE,HPF-00-190-1-UV365,table_2,Drawing (2D),PDF,PDF,,https://www.tms-lite.com/hpf-series.html
TMS LITE,HPF-00-190-1-UV365,table_2,STEP (3D),3D View,3D View,,https://www.tms-lite.com/hpf-series.html
TMS LITE,IDD-00-045-4-X,table_1,Datasheet,3D View,3D View,,https://www.tms-lite.com/idd-series.html
TMS LITE,IDD-00-045-4-X,table_1,Drawing (2D),PDF,PDF,,https://www.tms-lite.com/idd-series.html
TMS LITE,IDD-00-045-4-X,table_1,STEP (3D),DXF,DXF,,https://www.tms-lite.com/idd-series.html
TMS LITE,IDD-00-045-4-X,table_1,extra_4,Red,Red,,https://www.tms-lite.com/idd-series.html
TMS LITE,IDD-00-045-4-X,table_1,extra_5,Green,Green,,https://www.tms-lite.com/idd-series.html
TMS LITE,IDD-00-045-4-X,table_1,extra_6,Blue,Blue,,https://www.tms-lite.com/idd-series.html
TMS LITE,IDD-00-045-4-X,table_1,extra_7,White,White,,https://www.tms-lite.com/idd-series.html
TMS LITE,IDD-00-045-4-X,table_2,Current,120mA 150mA,120mA 150mA,mA,https://www.tms-lite.com/idd-series.html
TMS LITE,IDD-00-045-4-X,table_2,Voltage (V) / Watt (W),24V / 2.88W 24V / 3.60W,24V / 2.88W 24V / 3.60W,V,https://www.tms-lite.com/idd-series.html
TMS LITE,IDD-00-045-4-X,table_2,Weight (g),80,80,g,https://www.tms-lite.com/idd-series.html
TMS LITE,IDD-00-045-4-X,table_3,D (mm),23.5,23.5,mm,https://www.tms-lite.com/idd-series.html
TMS LITE,IDD-00-045-4-X,table_3,E (mm),40.0,40.0,mm,https://www.tms-lite.com/idd-series.html
TMS LITE,IDD-00-045-4-X,table_3,ØA (mm),55.0,55.0,mm,https://www.tms-lite.com/idd-series.html
TMS LITE,IDD-00-045-4-X,table_3,ØB (mm),12.0,12.0,mm,https://www.tms-lite.com/idd-series.html
TMS LITE,IDD-00-045-4-X,table_3,ØC (mm),40.0,40.0,mm,https://www.tms-lite.com/idd-series.html
TMS LITE,IDD-00-045-4-X,table_3,ØF (mm),40.0,40.0,mm,https://www.tms-lite.com/idd-series.html
TMS LITE,IDD-00-075-7-X,table_1,Datasheet,3D View,3D View,,https://www.tms-lite.com/idd-series.html
TMS LITE,IDD-00-075-7-X,table_1,Drawing (2D),PDF,PDF,,https://www.tms-lite.com/idd-series.html
TMS LITE,IDD-00-075-7-X,table_1,STEP (3D),DXF,DXF,,https://www.tms-lite.com/idd-series.html
TMS LITE,IDD-00-075-7-X,table_1,extra_4,Red,Red,,https://www.tms-lite.com/idd-series.html
TMS LITE,IDD-00-075-7-X,table_1,extra_5,Green,Green,,https://www.tms-lite.com/idd-series.html
TMS LITE,IDD-00-075-7-X,table_1,extra_6,Blue,Blue,,https://www.tms-lite.com/idd-series.html
TMS LITE,IDD-00-075-7-X,table_1,extra_7,White,White,,https://www.tms-lite.com/idd-series.html
TMS LITE,IDD-00-075-7-X,table_2,Current,330mA 420mA,330mA 420mA,mA,https://www.tms-lite.com/idd-series.html
TMS LITE,IDD-00-075-7-X,table_2,Voltage (V) / Watt (W),24V / 7.92W 24V / 10.08W,24V / 7.92W 24V / 10.08W,V,https://www.tms-lite.com/idd-series.html
TMS LITE,IDD-00-075-7-X,table_2,Weight (g),195,195,g,https://www.tms-lite.com/idd-series.html
TMS LITE,IDD-00-075-7-X,table_3,D (mm),42.5,42.5,mm,https://www.tms-lite.com/idd-series.html
TMS LITE,IDD-00-075-7-X,table_3,E (mm),60.0,60.0,mm,https://www.tms-lite.com/idd-series.html
TMS LITE,IDD-00-075-7-X,table_3,ØA (mm),80.0,80.0,mm,https://www.tms-lite.com/idd-series.html
TMS LITE,IDD-00-075-7-X,table_3,ØB (mm),11.0,11.0,mm,https://www.tms-lite.com/idd-series.html
TMS LITE,IDD-00-075-7-X,table_3,ØC (mm),50.0,50.0,mm,https://www.tms-lite.com/idd-series.html
TMS LITE,IDD-00-075-7-X,table_3,ØF (mm),60.0,60.0,mm,https://www.tms-lite.com/idd-series.html
TMS LITE,IDDC,page,Product Page Title,HALF CIRCLE ILLUMINATION - IDDC,HALF CIRCLE ILLUMINATION - IDDC,,https://www.tms-lite.com/half-circle-illumination-iddc
TMS LITE,IDDC-00-080-9-RGB,table_1,Current,60mA 140mA 160mA,60mA 140mA 160mA,mA,https://www.tms-lite.com/iddc-llac-lswc-series.html
TMS LITE,IDDC-00-080-9-RGB,table_1,Voltage (V) / Watt (W),24V / 1.44W 24V / 3.36W 24V / 3.86W,24V / 1.44W 24V / 3.36W 24V / 3.86W,V,https://www.tms-lite.com/iddc-llac-lswc-series.html
TMS LITE,IDDC-00-080-9-RGB,table_1,Weight (g),150,150,g,https://www.tms-lite.com/iddc-llac-lswc-series.html
TMS LITE,IDDC-00-080-9-RGB,table_2,A (mm),81,81,mm,https://www.tms-lite.com/iddc-llac-lswc-series.html
TMS LITE,IDDC-00-080-9-RGB,table_2,B (mm),10.8,10.8,mm,https://www.tms-lite.com/iddc-llac-lswc-series.html
TMS LITE,IDDC-00-080-9-RGB,table_2,C (mm),54,54,mm,https://www.tms-lite.com/iddc-llac-lswc-series.html
TMS LITE,IDDC-00-080-9-RGB,table_2,D (mm),54,54,mm,https://www.tms-lite.com/iddc-llac-lswc-series.html
TMS LITE,IDDC-00-080-9-RGB,table_2,E (mm),41.5,41.5,mm,https://www.tms-lite.com/iddc-llac-lswc-series.html
TMS LITE,IDDC-00-080-9-RGB,table_3,Datasheet,3D View,3D View,,https://www.tms-lite.com/iddc-llac-lswc-series.html
TMS LITE,IDDC-00-080-9-RGB,table_3,Drawing (2D),PDF,PDF,,https://www.tms-lite.com/iddc-llac-lswc-series.html
TMS LITE,IDDC-00-080-9-RGB,table_3,STEP (3D),DXF,DXF,,https://www.tms-lite.com/iddc-llac-lswc-series.html
TMS LITE,IDDC-00-080-9-RGB,table_3,extra_4,RGB,RGB,,https://www.tms-lite.com/iddc-llac-lswc-series.html
TMS LITE,IDQ3-00-120-1-RGB,table_2,A (mm),210.0,210.0,mm,https://www.tms-lite.com/rgb-illumination-idq3.html
TMS LITE,IDQ3-00-120-1-RGB,table_2,B (mm),169.6,169.6,mm,https://www.tms-lite.com/rgb-illumination-idq3.html
TMS LITE,IDQ3-00-120-1-RGB,table_2,C (mm),110.9,110.9,mm,https://www.tms-lite.com/rgb-illumination-idq3.html
TMS LITE,IDQ3-00-120-1-RGB,table_2,D (mm),126.2,126.2,mm,https://www.tms-lite.com/rgb-illumination-idq3.html
TMS LITE,IDQ3-00-120-1-RGB,table_2,E (mm),240,240,mm,https://www.tms-lite.com/rgb-illumination-idq3.html
TMS LITE,IDQ3-00-120-1-RGB,table_2,F (mm),218.0,218.0,mm,https://www.tms-lite.com/rgb-illumination-idq3.html
TMS LITE,IDQ3-00-120-1-RGB,table_2,G (mm),226.0,226.0,g,https://www.tms-lite.com/rgb-illumination-idq3.html
TMS LITE,IDQ3-00-120-1-RGB,table_2,H (mm),74.0,74.0,mm,https://www.tms-lite.com/rgb-illumination-idq3.html
TMS LITE,IDQ3-00-120-1-RGB,table_2,I (mm),138.2,138.2,mm,https://www.tms-lite.com/rgb-illumination-idq3.html
TMS LITE,IDQ3-00-120-1-RGB,table_2,ØJ (mm),35.0,35.0,mm,https://www.tms-lite.com/rgb-illumination-idq3.html
TMS LITE,IDQ3-00-120-1-RGB,table_4,A (mm),210.0,210.0,mm,https://www.tms-lite.com/idq-serie.html
TMS LITE,IDQ3-00-120-1-RGB,table_4,B (mm),169.6,169.6,mm,https://www.tms-lite.com/idq-serie.html
TMS LITE,IDQ3-00-120-1-RGB,table_4,C (mm),110.9,110.9,mm,https://www.tms-lite.com/idq-serie.html
TMS LITE,IDQ3-00-120-1-RGB,table_4,D (mm),126.2,126.2,mm,https://www.tms-lite.com/idq-serie.html
TMS LITE,IDQ3-00-120-1-RGB,table_4,E (mm),240,240,mm,https://www.tms-lite.com/idq-serie.html
TMS LITE,IDQ3-00-120-1-RGB,table_4,F (mm),218.0,218.0,mm,https://www.tms-lite.com/idq-serie.html
TMS LITE,IDQ3-00-120-1-RGB,table_4,G (mm),226.0,226.0,g,https://www.tms-lite.com/idq-serie.html
TMS LITE,IDQ3-00-120-1-RGB,table_4,H (mm),74.0,74.0,mm,https://www.tms-lite.com/idq-serie.html
TMS LITE,IDQ3-00-120-1-RGB,table_4,I (mm),138.2,138.2,mm,https://www.tms-lite.com/idq-serie.html
TMS LITE,IDQ3-00-120-1-RGB,table_4,ØJ (mm),35.0,35.0,mm,https://www.tms-lite.com/idq-serie.html
TMS LITE,IDQ3-00-120-1-X,table_4,A (mm),210.0,210.0,mm,https://www.tms-lite.com/idq-serie.html
TMS LITE,IDQ3-00-120-1-X,table_4,B (mm),169.6,169.6,mm,https://www.tms-lite.com/idq-serie.html
TMS LITE,IDQ3-00-120-1-X,table_4,C (mm),110.9,110.9,mm,https://www.tms-lite.com/idq-serie.html
TMS LITE,IDQ3-00-120-1-X,table_4,D (mm),126.2,126.2,mm,https://www.tms-lite.com/idq-serie.html
TMS LITE,IDQ3-00-120-1-X,table_4,E (mm),240,240,mm,https://www.tms-lite.com/idq-serie.html
TMS LITE,IDQ3-00-120-1-X,table_4,F (mm),218.0,218.0,mm,https://www.tms-lite.com/idq-serie.html
TMS LITE,IDQ3-00-120-1-X,table_4,G (mm),226.0,226.0,g,https://www.tms-lite.com/idq-serie.html
TMS LITE,IDQ3-00-120-1-X,table_4,H (mm),74.0,74.0,mm,https://www.tms-lite.com/idq-serie.html
TMS LITE,IDQ3-00-120-1-X,table_4,I (mm),138.2,138.2,mm,https://www.tms-lite.com/idq-serie.html
TMS LITE,IDQ3-00-120-1-X,table_4,ØJ (mm),35.0,35.0,mm,https://www.tms-lite.com/idq-serie.html
TMS LITE,IDQ3-00-120-X-RGB,table_1,Current,400mA 320mA 320mA,400mA 320mA 320mA,mA,https://www.tms-lite.com/rgb-illumination-idq3.html
TMS LITE,IDQ3-00-120-X-RGB,table_1,Datasheet,3D View,3D View,,https://www.tms-lite.com/idq-serie.html
TMS LITE,IDQ3-00-120-X-RGB,table_1,Drawing (2D),RGB: PDF,RGB: PDF,,https://www.tms-lite.com/idq-serie.html
TMS LITE,IDQ3-00-120-X-RGB,table_1,STEP (3D),RGB: DXF,RGB: DXF,,https://www.tms-lite.com/idq-serie.html
TMS LITE,IDQ3-00-120-X-RGB,table_1,Voltage (V) / Watt (W),24V / 9.60W 24V / 7.68W 24V / 7.68W,24V / 9.60W 24V / 7.68W 24V / 7.68W,V,https://www.tms-lite.com/rgb-illumination-idq3.html
TMS LITE,IDQ3-00-120-X-RGB,table_1,Weight (g),1420,1420,g,https://www.tms-lite.com/rgb-illumination-idq3.html
TMS LITE,IDQ3-00-120-X-RGB,table_1,extra_4,RGB,RGB,,https://www.tms-lite.com/idq-serie.html
TMS LITE,IDQ3-00-120-X-RGB,table_3,Current,400mA 320mA 320mA,400mA 320mA 320mA,mA,https://www.tms-lite.com/idq-serie.html
TMS LITE,IDQ3-00-120-X-RGB,table_3,Datasheet,3D View,3D View,,https://www.tms-lite.com/rgb-illumination-idq3.html
TMS LITE,IDQ3-00-120-X-RGB,table_3,Drawing (2D),RGB: PDF,RGB: PDF,,https://www.tms-lite.com/rgb-illumination-idq3.html
TMS LITE,IDQ3-00-120-X-RGB,table_3,STEP (3D),RGB: DXF,RGB: DXF,,https://www.tms-lite.com/rgb-illumination-idq3.html
TMS LITE,IDQ3-00-120-X-RGB,table_3,Voltage (V) / Watt (W),24V / 9.60W 24V / 7.68W 24V / 7.68W,24V / 9.60W 24V / 7.68W 24V / 7.68W,V,https://www.tms-lite.com/idq-serie.html
TMS LITE,IDQ3-00-120-X-RGB,table_3,Weight (g),1420,1420,g,https://www.tms-lite.com/idq-serie.html
TMS LITE,IDQ3-00-120-X-RGB,table_3,extra_4,RGB,RGB,,https://www.tms-lite.com/rgb-illumination-idq3.html
TMS LITE,IDQ3-00-120-X-X,table_1,Datasheet,3D View,3D View,,https://www.tms-lite.com/idq-serie.html
TMS LITE,IDQ3-00-120-X-X,table_1,Drawing (2D),PDF,PDF,,https://www.tms-lite.com/idq-serie.html
TMS LITE,IDQ3-00-120-X-X,table_1,STEP (3D),DXF,DXF,,https://www.tms-lite.com/idq-serie.html
TMS LITE,IDQ3-00-120-X-X,table_1,extra_4,Red,Red,,https://www.tms-lite.com/idq-serie.html
TMS LITE,IDQ3-00-120-X-X,table_1,extra_5,Green,Green,,https://www.tms-lite.com/idq-serie.html
TMS LITE,IDQ3-00-120-X-X,table_1,extra_6,Blue,Blue,,https://www.tms-lite.com/idq-serie.html
TMS LITE,IDQ3-00-120-X-X,table_1,extra_7,White,White,,https://www.tms-lite.com/idq-serie.html
TMS LITE,IDQ3-00-120-X-X,table_2,Current,720mA 640mA,720mA 640mA,mA,https://www.tms-lite.com/idq-serie.html
TMS LITE,IDQ3-00-120-X-X,table_2,Voltage (V) / Watt (W),24V / 17.28W 24V / 15.36W,24V / 17.28W 24V / 15.36W,V,https://www.tms-lite.com/idq-serie.html
TMS LITE,IDQ3-00-120-X-X,table_2,Weight (g),1420,1420,g,https://www.tms-lite.com/idq-serie.html
TMS LITE,IDQ3-00-190-1-RGB,table_2,A (mm),270.0,270.0,mm,https://www.tms-lite.com/rgb-illumination-idq3.html
TMS LITE,IDQ3-00-190-1-RGB,table_2,B (mm),215.7,215.7,mm,https://www.tms-lite.com/rgb-illumination-idq3.html
TMS LITE,IDQ3-00-190-1-RGB,table_2,C (mm),131.1,131.1,mm,https://www.tms-lite.com/rgb-illumination-idq3.html
TMS LITE,IDQ3-00-190-1-RGB,table_2,D (mm),156.0,156.0,mm,https://www.tms-lite.com/rgb-illumination-idq3.html
TMS LITE,IDQ3-00-190-1-RGB,table_2,E (mm),300.2,300.2,mm,https://www.tms-lite.com/rgb-illumination-idq3.html
TMS LITE,IDQ3-00-190-1-RGB,table_2,F (mm),278.0,278.0,mm,https://www.tms-lite.com/rgb-illumination-idq3.html
TMS LITE,IDQ3-00-190-1-RGB,table_2,G (mm),286.2,286.2,g,https://www.tms-lite.com/rgb-illumination-idq3.html
TMS LITE,IDQ3-00-190-1-RGB,table_2,H (mm),134.0,134.0,mm,https://www.tms-lite.com/rgb-illumination-idq3.html
TMS LITE,IDQ3-00-190-1-RGB,table_2,I (mm),198.0,198.0,mm,https://www.tms-lite.com/rgb-illumination-idq3.html
TMS LITE,IDQ3-00-190-1-RGB,table_2,ØJ (mm),35.0,35.0,mm,https://www.tms-lite.com/rgb-illumination-idq3.html
TMS LITE,IDQ3-00-190-1-RGB,table_4,A (mm),270.0,270.0,mm,https://www.tms-lite.com/idq-serie.html
TMS LITE,IDQ3-00-190-1-RGB,table_4,B (mm),215.7,215.7,mm,https://www.tms-lite.com/idq-serie.html
TMS LITE,IDQ3-00-190-1-RGB,table_4,C (mm),131.1,131.1,mm,https://www.tms-lite.com/idq-serie.html
TMS LITE,IDQ3-00-190-1-RGB,table_4,D (mm),156.0,156.0,mm,https://www.tms-lite.com/idq-serie.html
TMS LITE,IDQ3-00-190-1-RGB,table_4,E (mm),300.2,300.2,mm,https://www.tms-lite.com/idq-serie.html
TMS LITE,IDQ3-00-190-1-RGB,table_4,F (mm),278.0,278.0,mm,https://www.tms-lite.com/idq-serie.html
TMS LITE,IDQ3-00-190-1-RGB,table_4,G (mm),286.2,286.2,g,https://www.tms-lite.com/idq-serie.html
TMS LITE,IDQ3-00-190-1-RGB,table_4,H (mm),134.0,134.0,mm,https://www.tms-lite.com/idq-serie.html
TMS LITE,IDQ3-00-190-1-RGB,table_4,I (mm),198.0,198.0,mm,https://www.tms-lite.com/idq-serie.html
TMS LITE,IDQ3-00-190-1-RGB,table_4,ØJ (mm),35.0,35.0,mm,https://www.tms-lite.com/idq-serie.html
TMS LITE,IDQ3-00-190-1-X,table_4,A (mm),270.0,270.0,mm,https://www.tms-lite.com/idq-serie.html
TMS LITE,IDQ3-00-190-1-X,table_4,B (mm),215.7,215.7,mm,https://www.tms-lite.com/idq-serie.html
TMS LITE,IDQ3-00-190-1-X,table_4,C (mm),131.1,131.1,mm,https://www.tms-lite.com/idq-serie.html
TMS LITE,IDQ3-00-190-1-X,table_4,D (mm),156.0,156.0,mm,https://www.tms-lite.com/idq-serie.html
TMS LITE,IDQ3-00-190-1-X,table_4,E (mm),300.2,300.2,mm,https://www.tms-lite.com/idq-serie.html
TMS LITE,IDQ3-00-190-1-X,table_4,F (mm),278.0,278.0,mm,https://www.tms-lite.com/idq-serie.html
TMS LITE,IDQ3-00-190-1-X,table_4,G (mm),286.2,286.2,g,https://www.tms-lite.com/idq-serie.html
TMS LITE,IDQ3-00-190-1-X,table_4,H (mm),134.0,134.0,mm,https://www.tms-lite.com/idq-serie.html
TMS LITE,IDQ3-00-190-1-X,table_4,I (mm),198.0,198.0,mm,https://www.tms-lite.com/idq-serie.html
TMS LITE,IDQ3-00-190-1-X,table_4,ØJ (mm),35.0,35.0,mm,https://www.tms-lite.com/idq-serie.html
TMS LITE,IDQ3-00-190-X-RGB,table_1,Current,600mA 480mA 480mA,600mA 480mA 480mA,mA,https://www.tms-lite.com/rgb-illumination-idq3.html
TMS LITE,IDQ3-00-190-X-RGB,table_1,Datasheet,3D View,3D View,,https://www.tms-lite.com/idq-serie.html
TMS LITE,IDQ3-00-190-X-RGB,table_1,Drawing (2D),RGB: PDF,RGB: PDF,,https://www.tms-lite.com/idq-serie.html
TMS LITE,IDQ3-00-190-X-RGB,table_1,STEP (3D),RGB: DXF,RGB: DXF,,https://www.tms-lite.com/idq-serie.html
TMS LITE,IDQ3-00-190-X-RGB,table_1,Voltage (V) / Watt (W),24V / 14.40W 24V / 11.52W 24V / 11.52W,24V / 14.40W 24V / 11.52W 24V / 11.52W,V,https://www.tms-lite.com/rgb-illumination-idq3.html
TMS LITE,IDQ3-00-190-X-RGB,table_1,Weight (g),1980,1980,g,https://www.tms-lite.com/rgb-illumination-idq3.html
TMS LITE,IDQ3-00-190-X-RGB,table_1,extra_4,RGB,RGB,,https://www.tms-lite.com/idq-serie.html
TMS LITE,IDQ3-00-190-X-RGB,table_3,Current,600mA 480mA 480mA,600mA 480mA 480mA,mA,https://www.tms-lite.com/idq-serie.html
TMS LITE,IDQ3-00-190-X-RGB,table_3,Datasheet,3D View,3D View,,https://www.tms-lite.com/rgb-illumination-idq3.html
TMS LITE,IDQ3-00-190-X-RGB,table_3,Drawing (2D),RGB: PDF,RGB: PDF,,https://www.tms-lite.com/rgb-illumination-idq3.html
TMS LITE,IDQ3-00-190-X-RGB,table_3,STEP (3D),RGB: DXF,RGB: DXF,,https://www.tms-lite.com/rgb-illumination-idq3.html
TMS LITE,IDQ3-00-190-X-RGB,table_3,Voltage (V) / Watt (W),24V / 14.40W 24V / 11.52W 24V / 11.52W,24V / 14.40W 24V / 11.52W 24V / 11.52W,V,https://www.tms-lite.com/idq-serie.html
TMS LITE,IDQ3-00-190-X-RGB,table_3,Weight (g),1980,1980,g,https://www.tms-lite.com/idq-serie.html
TMS LITE,IDQ3-00-190-X-RGB,table_3,extra_4,RGB,RGB,,https://www.tms-lite.com/rgb-illumination-idq3.html
TMS LITE,IDQ3-00-190-X-X,table_1,Datasheet,3D View,3D View,,https://www.tms-lite.com/idq-serie.html
TMS LITE,IDQ3-00-190-X-X,table_1,Drawing (2D),PDF,PDF,,https://www.tms-lite.com/idq-serie.html
TMS LITE,IDQ3-00-190-X-X,table_1,STEP (3D),DXF,DXF,,https://www.tms-lite.com/idq-serie.html
TMS LITE,IDQ3-00-190-X-X,table_1,extra_4,Red,Red,,https://www.tms-lite.com/idq-serie.html
TMS LITE,IDQ3-00-190-X-X,table_1,extra_5,Green,Green,,https://www.tms-lite.com/idq-serie.html
TMS LITE,IDQ3-00-190-X-X,table_1,extra_6,Blue,Blue,,https://www.tms-lite.com/idq-serie.html
TMS LITE,IDQ3-00-190-X-X,table_1,extra_7,White,White,,https://www.tms-lite.com/idq-serie.html
TMS LITE,IDQ3-00-190-X-X,table_2,Current,1080mA 960mA,1080mA 960mA,mA,https://www.tms-lite.com/idq-serie.html
TMS LITE,IDQ3-00-190-X-X,table_2,Voltage (V) / Watt (W),24V / 25.92W 24V / 23.04W,24V / 25.92W 24V / 23.04W,V,https://www.tms-lite.com/idq-serie.html
TMS LITE,IDQ3-00-190-X-X,table_2,Weight (g),1980,1980,g,https://www.tms-lite.com/idq-serie.html
TMS LITE,IDQ3-00-300-1-RGB,table_2,A (mm),390.0,390.0,mm,https://www.tms-lite.com/rgb-illumination-idq3.html
TMS LITE,IDQ3-00-300-1-RGB,table_2,B (mm),335.5,335.5,mm,https://www.tms-lite.com/rgb-illumination-idq3.html
TMS LITE,IDQ3-00-300-1-RGB,table_2,C (mm),251.3,251.3,mm,https://www.tms-lite.com/rgb-illumination-idq3.html
TMS LITE,IDQ3-00-300-1-RGB,table_2,D (mm),156.0,156.0,mm,https://www.tms-lite.com/rgb-illumination-idq3.html
TMS LITE,IDQ3-00-300-1-RGB,table_2,E (mm),419.4,419.4,mm,https://www.tms-lite.com/rgb-illumination-idq3.html
TMS LITE,IDQ3-00-300-1-RGB,table_2,F (mm),398.0,398.0,mm,https://www.tms-lite.com/rgb-illumination-idq3.html
TMS LITE,IDQ3-00-300-1-RGB,table_2,G (mm),405.4,405.4,g,https://www.tms-lite.com/rgb-illumination-idq3.html
TMS LITE,IDQ3-00-300-1-RGB,table_2,H (mm),254.0,254.0,mm,https://www.tms-lite.com/rgb-illumination-idq3.html
TMS LITE,IDQ3-00-300-1-RGB,table_2,I (mm),318.2,318.2,mm,https://www.tms-lite.com/rgb-illumination-idq3.html
TMS LITE,IDQ3-00-300-1-RGB,table_2,ØJ (mm),35.0,35.0,mm,https://www.tms-lite.com/rgb-illumination-idq3.html
TMS LITE,IDQ3-00-300-1-RGB,table_4,A (mm),390.0,390.0,mm,https://www.tms-lite.com/idq-serie.html
TMS LITE,IDQ3-00-300-1-RGB,table_4,B (mm),335.5,335.5,mm,https://www.tms-lite.com/idq-serie.html
TMS LITE,IDQ3-00-300-1-RGB,table_4,C (mm),251.3,251.3,mm,https://www.tms-lite.com/idq-serie.html
TMS LITE,IDQ3-00-300-1-RGB,table_4,D (mm),156.0,156.0,mm,https://www.tms-lite.com/idq-serie.html
TMS LITE,IDQ3-00-300-1-RGB,table_4,E (mm),419.4,419.4,mm,https://www.tms-lite.com/idq-serie.html
TMS LITE,IDQ3-00-300-1-RGB,table_4,F (mm),398.0,398.0,mm,https://www.tms-lite.com/idq-serie.html
TMS LITE,IDQ3-00-300-1-RGB,table_4,G (mm),405.4,405.4,g,https://www.tms-lite.com/idq-serie.html
TMS LITE,IDQ3-00-300-1-RGB,table_4,H (mm),254.0,254.0,mm,https://www.tms-lite.com/idq-serie.html
TMS LITE,IDQ3-00-300-1-RGB,table_4,I (mm),318.2,318.2,mm,https://www.tms-lite.com/idq-serie.html
TMS LITE,IDQ3-00-300-1-RGB,table_4,ØJ (mm),35.0,35.0,mm,https://www.tms-lite.com/idq-serie.html
TMS LITE,IDQ3-00-300-1-X,table_4,A (mm),390.0,390.0,mm,https://www.tms-lite.com/idq-serie.html
TMS LITE,IDQ3-00-300-1-X,table_4,B (mm),335.5,335.5,mm,https://www.tms-lite.com/idq-serie.html
TMS LITE,IDQ3-00-300-1-X,table_4,C (mm),251.3,251.3,mm,https://www.tms-lite.com/idq-serie.html
TMS LITE,IDQ3-00-300-1-X,table_4,D (mm),156.0,156.0,mm,https://www.tms-lite.com/idq-serie.html
TMS LITE,IDQ3-00-300-1-X,table_4,E (mm),419.4,419.4,mm,https://www.tms-lite.com/idq-serie.html
TMS LITE,IDQ3-00-300-1-X,table_4,F (mm),398.0,398.0,mm,https://www.tms-lite.com/idq-serie.html
TMS LITE,IDQ3-00-300-1-X,table_4,G (mm),405.4,405.4,g,https://www.tms-lite.com/idq-serie.html
TMS LITE,IDQ3-00-300-1-X,table_4,H (mm),254.0,254.0,mm,https://www.tms-lite.com/idq-serie.html
TMS LITE,IDQ3-00-300-1-X,table_4,I (mm),318.2,318.2,mm,https://www.tms-lite.com/idq-serie.html
TMS LITE,IDQ3-00-300-1-X,table_4,ØJ (mm),35.0,35.0,mm,https://www.tms-lite.com/idq-serie.html
TMS LITE,IDQ3-00-300-X-RGB,table_1,Current,1000mA 800mA 800mA,1000mA 800mA 800mA,mA,https://www.tms-lite.com/rgb-illumination-idq3.html
TMS LITE,IDQ3-00-300-X-RGB,table_1,Datasheet,3D View,3D View,,https://www.tms-lite.com/idq-serie.html
TMS LITE,IDQ3-00-300-X-RGB,table_1,Drawing (2D),RGB: PDF,RGB: PDF,,https://www.tms-lite.com/idq-serie.html
TMS LITE,IDQ3-00-300-X-RGB,table_1,STEP (3D),RGB: DXF,RGB: DXF,,https://www.tms-lite.com/idq-serie.html
TMS LITE,IDQ3-00-300-X-RGB,table_1,Voltage (V) / Watt (W),24V / 24.00W 24V / 19.20W 24V / 19.20W,24V / 24.00W 24V / 19.20W 24V / 19.20W,V,https://www.tms-lite.com/rgb-illumination-idq3.html
TMS LITE,IDQ3-00-300-X-RGB,table_1,Weight (g),3000,3000,g,https://www.tms-lite.com/rgb-illumination-idq3.html
TMS LITE,IDQ3-00-300-X-RGB,table_1,extra_4,RGB,RGB,,https://www.tms-lite.com/idq-serie.html
TMS LITE,IDQ3-00-300-X-RGB,table_3,Current,1000mA 800mA 800mA,1000mA 800mA 800mA,mA,https://www.tms-lite.com/idq-serie.html
TMS LITE,IDQ3-00-300-X-RGB,table_3,Datasheet,3D View,3D View,,https://www.tms-lite.com/rgb-illumination-idq3.html
TMS LITE,IDQ3-00-300-X-RGB,table_3,Drawing (2D),RGB: PDF,RGB: PDF,,https://www.tms-lite.com/rgb-illumination-idq3.html
TMS LITE,IDQ3-00-300-X-RGB,table_3,STEP (3D),RGB: DXF,RGB: DXF,,https://www.tms-lite.com/rgb-illumination-idq3.html
TMS LITE,IDQ3-00-300-X-RGB,table_3,Voltage (V) / Watt (W),24V / 24.00W 24V / 19.20W 24V / 19.20W,24V / 24.00W 24V / 19.20W 24V / 19.20W,V,https://www.tms-lite.com/idq-serie.html
TMS LITE,IDQ3-00-300-X-RGB,table_3,Weight (g),3000,3000,g,https://www.tms-lite.com/idq-serie.html
TMS LITE,IDQ3-00-300-X-RGB,table_3,extra_4,RGB,RGB,,https://www.tms-lite.com/rgb-illumination-idq3.html
TMS LITE,IDQ3-00-300-X-X,table_1,Datasheet,3D View,3D View,,https://www.tms-lite.com/idq-serie.html
TMS LITE,IDQ3-00-300-X-X,table_1,Drawing (2D),PDF,PDF,,https://www.tms-lite.com/idq-serie.html
TMS LITE,IDQ3-00-300-X-X,table_1,STEP (3D),DXF,DXF,,https://www.tms-lite.com/idq-serie.html
TMS LITE,IDQ3-00-300-X-X,table_1,extra_4,Red,Red,,https://www.tms-lite.com/idq-serie.html
TMS LITE,IDQ3-00-300-X-X,table_1,extra_5,Green,Green,,https://www.tms-lite.com/idq-serie.html
TMS LITE,IDQ3-00-300-X-X,table_1,extra_6,Blue,Blue,,https://www.tms-lite.com/idq-serie.html
TMS LITE,IDQ3-00-300-X-X,table_1,extra_7,White,White,,https://www.tms-lite.com/idq-serie.html
TMS LITE,IDQ3-00-300-X-X,table_2,Current,1800mA 1600mA,1800mA 1600mA,mA,https://www.tms-lite.com/idq-serie.html
TMS LITE,IDQ3-00-300-X-X,table_2,Voltage (V) / Watt (W),24V / 43.20W 24V / 38.40W,24V / 43.20W 24V / 38.40W,V,https://www.tms-lite.com/idq-serie.html
TMS LITE,IDQ3-00-300-X-X,table_2,Weight (g),3000,3000,g,https://www.tms-lite.com/idq-serie.html
TMS LITE,IDS4-00-150-1-RGB,table_1,Current,300mA 280mA 280mA,300mA 280mA 280mA,mA,https://www.tms-lite.com/rgb-illumination-ids4.html
TMS LITE,IDS4-00-150-1-RGB,table_1,Datasheet,3D View,3D View,,https://www.tms-lite.com/ids5-serie.html
TMS LITE,IDS4-00-150-1-RGB,table_1,Drawing (2D),PDF,PDF,,https://www.tms-lite.com/ids5-serie.html
TMS LITE,IDS4-00-150-1-RGB,table_1,STEP (3D),DXF,DXF,,https://www.tms-lite.com/ids5-serie.html
TMS LITE,IDS4-00-150-1-RGB,table_1,Voltage (V) / Watt (W),24V / 7.20W 24V / 6.72W 24V / 6.72W,24V / 7.20W 24V / 6.72W 24V / 6.72W,V,https://www.tms-lite.com/rgb-illumination-ids4.html
TMS LITE,IDS4-00-150-1-RGB,table_1,Weight (g),483,483,g,https://www.tms-lite.com/rgb-illumination-ids4.html
TMS LITE,IDS4-00-150-1-RGB,table_1,extra_4,RGB,RGB,,https://www.tms-lite.com/ids5-serie.html
TMS LITE,IDS4-00-150-1-RGB,table_2,D (mm),89.8,89.8,mm,https://www.tms-lite.com/rgb-illumination-ids4.html
TMS LITE,IDS4-00-150-1-RGB,table_2,G (mm),12,12,g,https://www.tms-lite.com/rgb-illumination-ids4.html
TMS LITE,IDS4-00-150-1-RGB,table_2,ØA (mm),185,185,mm,https://www.tms-lite.com/rgb-illumination-ids4.html
TMS LITE,IDS4-00-150-1-RGB,table_2,ØB (mm),40,40,mm,https://www.tms-lite.com/rgb-illumination-ids4.html
TMS LITE,IDS4-00-150-1-RGB,table_2,ØC (mm),172,172,mm,https://www.tms-lite.com/rgb-illumination-ids4.html
TMS LITE,IDS4-00-150-1-RGB,table_2,ØE (mm),165,165,mm,https://www.tms-lite.com/rgb-illumination-ids4.html
TMS LITE,IDS4-00-150-1-RGB,table_2,ØF (mm),113,113,mm,https://www.tms-lite.com/rgb-illumination-ids4.html
TMS LITE,IDS4-00-150-1-RGB,table_3,Current,300mA 280mA 280mA,300mA 280mA 280mA,mA,https://www.tms-lite.com/ids5-serie.html
TMS LITE,IDS4-00-150-1-RGB,table_3,Datasheet,3D View,3D View,,https://www.tms-lite.com/rgb-illumination-ids4.html
TMS LITE,IDS4-00-150-1-RGB,table_3,Drawing (2D),PDF,PDF,,https://www.tms-lite.com/rgb-illumination-ids4.html
TMS LITE,IDS4-00-150-1-RGB,table_3,STEP (3D),DXF,DXF,,https://www.tms-lite.com/rgb-illumination-ids4.html
TMS LITE,IDS4-00-150-1-RGB,table_3,Voltage (V) / Watt (W),24V / 7.20W 24V / 6.72W 24V / 6.72W,24V / 7.20W 24V / 6.72W 24V / 6.72W,V,https://www.tms-lite.com/ids5-serie.html
TMS LITE,IDS4-00-150-1-RGB,table_3,Weight (g),483,483,g,https://www.tms-lite.com/ids5-serie.html
TMS LITE,IDS4-00-150-1-RGB,table_3,extra_4,RGB,RGB,,https://www.tms-lite.com/rgb-illumination-ids4.html
TMS LITE,IDS4-00-150-1-RGB,table_5,D (mm),89.8,89.8,mm,https://www.tms-lite.com/ids5-serie.html
TMS LITE,IDS4-00-150-1-RGB,table_5,G (mm),12,12,g,https://www.tms-lite.com/ids5-serie.html
TMS LITE,IDS4-00-150-1-RGB,table_5,ØA (mm),185,185,mm,https://www.tms-lite.com/ids5-serie.html
TMS LITE,IDS4-00-150-1-RGB,table_5,ØB (mm),40,40,mm,https://www.tms-lite.com/ids5-serie.html
TMS LITE,IDS4-00-150-1-RGB,table_5,ØC (mm),172,172,mm,https://www.tms-lite.com/ids5-serie.html
TMS LITE,IDS4-00-150-1-RGB,table_5,ØE (mm),165,165,mm,https://www.tms-lite.com/ids5-serie.html
TMS LITE,IDS4-00-150-1-RGB,table_5,ØF (mm),113,113,mm,https://www.tms-lite.com/ids5-serie.html
TMS LITE,IDS4-00-200-1-RGB,table_1,Current,280mA 280mA 280mA,280mA 280mA 280mA,mA,https://www.tms-lite.com/rgb-illumination-ids4.html
TMS LITE,IDS4-00-200-1-RGB,table_1,Datasheet,3D View,3D View,,https://www.tms-lite.com/ids5-serie.html
TMS LITE,IDS4-00-200-1-RGB,table_1,Drawing (2D),PDF,PDF,,https://www.tms-lite.com/ids5-serie.html
TMS LITE,IDS4-00-200-1-RGB,table_1,STEP (3D),DXF,DXF,,https://www.tms-lite.com/ids5-serie.html
TMS LITE,IDS4-00-200-1-RGB,table_1,Voltage (V) / Watt (W),24V / 6.72W 24V / 6.72W 24V / 6.72W,24V / 6.72W 24V / 6.72W 24V / 6.72W,V,https://www.tms-lite.com/rgb-illumination-ids4.html
TMS LITE,IDS4-00-200-1-RGB,table_1,Weight (g),520,520,g,https://www.tms-lite.com/rgb-illumination-ids4.html
TMS LITE,IDS4-00-200-1-RGB,table_1,extra_4,RGB,RGB,,https://www.tms-lite.com/ids5-serie.html
TMS LITE,IDS4-00-200-1-RGB,table_2,D (mm),112.8,112.8,mm,https://www.tms-lite.com/rgb-illumination-ids4.html
TMS LITE,IDS4-00-200-1-RGB,table_2,G (mm),12,12,g,https://www.tms-lite.com/rgb-illumination-ids4.html
TMS LITE,IDS4-00-200-1-RGB,table_2,ØA (mm),232,232,mm,https://www.tms-lite.com/rgb-illumination-ids4.html
TMS LITE,IDS4-00-200-1-RGB,table_2,ØB (mm),50,50,mm,https://www.tms-lite.com/rgb-illumination-ids4.html
TMS LITE,IDS4-00-200-1-RGB,table_2,ØC (mm),222,222,mm,https://www.tms-lite.com/rgb-illumination-ids4.html
TMS LITE,IDS4-00-200-1-RGB,table_2,ØE (mm),212,212,mm,https://www.tms-lite.com/rgb-illumination-ids4.html
TMS LITE,IDS4-00-200-1-RGB,table_2,ØF (mm),160,160,mm,https://www.tms-lite.com/rgb-illumination-ids4.html
TMS LITE,IDS4-00-200-1-RGB,table_3,Current,280mA 280mA 280mA,280mA 280mA 280mA,mA,https://www.tms-lite.com/ids5-serie.html
TMS LITE,IDS4-00-200-1-RGB,table_3,Datasheet,3D View,3D View,,https://www.tms-lite.com/rgb-illumination-ids4.html
TMS LITE,IDS4-00-200-1-RGB,table_3,Drawing (2D),PDF,PDF,,https://www.tms-lite.com/rgb-illumination-ids4.html
TMS LITE,IDS4-00-200-1-RGB,table_3,STEP (3D),DXF,DXF,,https://www.tms-lite.com/rgb-illumination-ids4.html
TMS LITE,IDS4-00-200-1-RGB,table_3,Voltage (V) / Watt (W),24V / 6.72W 24V / 6.72W 24V / 6.72W,24V / 6.72W 24V / 6.72W 24V / 6.72W,V,https://www.tms-lite.com/ids5-serie.html
TMS LITE,IDS4-00-200-1-RGB,table_3,Weight (g),520,520,g,https://www.tms-lite.com/ids5-serie.html
TMS LITE,IDS4-00-200-1-RGB,table_3,extra_4,RGB,RGB,,https://www.tms-lite.com/rgb-illumination-ids4.html
TMS LITE,IDS4-00-200-1-RGB,table_5,D (mm),112.8,112.8,mm,https://www.tms-lite.com/ids5-serie.html
TMS LITE,IDS4-00-200-1-RGB,table_5,G (mm),12,12,g,https://www.tms-lite.com/ids5-serie.html
TMS LITE,IDS4-00-200-1-RGB,table_5,ØA (mm),232,232,mm,https://www.tms-lite.com/ids5-serie.html
TMS LITE,IDS4-00-200-1-RGB,table_5,ØB (mm),50,50,mm,https://www.tms-lite.com/ids5-serie.html
TMS LITE,IDS4-00-200-1-RGB,table_5,ØC (mm),222,222,mm,https://www.tms-lite.com/ids5-serie.html
TMS LITE,IDS4-00-200-1-RGB,table_5,ØE (mm),212,212,mm,https://www.tms-lite.com/ids5-serie.html
TMS LITE,IDS4-00-200-1-RGB,table_5,ØF (mm),160,160,mm,https://www.tms-lite.com/ids5-serie.html
TMS LITE,IDS4-00-360-1-X,table_1,Datasheet,3D View,3D View,,https://www.tms-lite.com/ids5-serie.html
TMS LITE,IDS4-00-360-1-X,table_1,Drawing (2D),PDF,PDF,,https://www.tms-lite.com/ids5-serie.html
TMS LITE,IDS4-00-360-1-X,table_1,STEP (3D),DXF,DXF,,https://www.tms-lite.com/ids5-serie.html
TMS LITE,IDS4-00-360-1-X,table_1,extra_4,Red,Red,,https://www.tms-lite.com/ids5-serie.html
TMS LITE,IDS4-00-360-1-X,table_1,extra_5,Green,Green,,https://www.tms-lite.com/ids5-serie.html
TMS LITE,IDS4-00-360-1-X,table_1,extra_6,Blue,Blue,,https://www.tms-lite.com/ids5-serie.html
TMS LITE,IDS4-00-360-1-X,table_1,extra_7,White,White,,https://www.tms-lite.com/ids5-serie.html
TMS LITE,IDS4-00-360-1-X,table_2,Current,1550mA 1550mA,1550mA 1550mA,mA,https://www.tms-lite.com/ids5-serie.html
TMS LITE,IDS4-00-360-1-X,table_2,Voltage (V) / Watt (W),24V / 37.2W 24V / 37.2W,24V / 37.2W 24V / 37.2W,V,https://www.tms-lite.com/ids5-serie.html
TMS LITE,IDS4-00-360-1-X,table_2,Weight (g),1800,1800,g,https://www.tms-lite.com/ids5-serie.html
TMS LITE,IDS4-00-360-1-X,table_5,D (mm),189,189,mm,https://www.tms-lite.com/ids5-serie.html
TMS LITE,IDS4-00-360-1-X,table_5,G (mm),12,12,g,https://www.tms-lite.com/ids5-serie.html
TMS LITE,IDS4-00-360-1-X,table_5,ØA (mm),381,381,mm,https://www.tms-lite.com/ids5-serie.html
TMS LITE,IDS4-00-360-1-X,table_5,ØB (mm),36.5,36.5,mm,https://www.tms-lite.com/ids5-serie.html
TMS LITE,IDS4-00-360-1-X,table_5,ØC (mm),369,369,mm,https://www.tms-lite.com/ids5-serie.html
TMS LITE,IDS4-00-360-1-X,table_5,ØE (mm),360,360,mm,https://www.tms-lite.com/ids5-serie.html
TMS LITE,IDS4-00-360-1-X,table_5,ØF (mm),300,300,mm,https://www.tms-lite.com/ids5-serie.html
TMS LITE,IDS4-00-360-1-X-24V-4CH,table_1,DATASHEET (ID),Datasheet - Red,Datasheet - Red,,https://www.tms-lite.com/4-section-led-illumination-series-1091998366.html
TMS LITE,IDS4-00-360-1-X-24V-4CH,table_1,DXF (2D),2D View,2D View,,https://www.tms-lite.com/4-section-led-illumination-series-1091998366.html
TMS LITE,IDS4-00-360-1-X-24V-4CH,table_1,PDF (2D),2D View,2D View,,https://www.tms-lite.com/4-section-led-illumination-series-1091998366.html
TMS LITE,IDS4-00-360-1-X-24V-4CH,table_1,STEP (3D),3D View,3D View,,https://www.tms-lite.com/4-section-led-illumination-series-1091998366.html
TMS LITE,IDS4-00-360-1-X-24V-4CH,table_1,extra_5,For further details please contact us,For further details please contact us,,https://www.tms-lite.com/4-section-led-illumination-series-1091998366.html
TMS LITE,IDS4-00-360-1-X-24V-4CH,table_1,extra_6,For further details please contact us,For further details please contact us,,https://www.tms-lite.com/4-section-led-illumination-series-1091998366.html
TMS LITE,IDS4-00-360-1-X-24V-4CH,table_1,extra_7,Datasheet - White,Datasheet - White,,https://www.tms-lite.com/4-section-led-illumination-series-1091998366.html
TMS LITE,IDS5,page,Product Page Title,RGBW ILLUMINATION - IDS5,RGBW ILLUMINATION - IDS5,,https://www.tms-lite.com/rgbw-illumination-ids5
TMS LITE,IDS5-00-050-1-X,table_1,Current,240mA,240mA,mA,https://www.tms-lite.com/ir-illumination-ids5.html
TMS LITE,IDS5-00-050-1-X,table_1,Datasheet,3D View,3D View,,https://www.tms-lite.com/ids5-serie.html
TMS LITE,IDS5-00-050-1-X,table_1,Drawing (2D),R/G/B/W: PDF,R/G/B/W: PDF,W,https://www.tms-lite.com/ids5-serie.html
TMS LITE,IDS5-00-050-1-X,table_1,IR,IR850,IR850,,https://www.tms-lite.com/ir-illumination-ids5.html
TMS LITE,IDS5-00-050-1-X,table_1,STEP (3D),R/G/B/W: DXF,R/G/B/W: DXF,W,https://www.tms-lite.com/ids5-serie.html
TMS LITE,IDS5-00-050-1-X,table_1,Voltage (V) / Watt (W),24V / 5.76W,24V / 5.76W,V,https://www.tms-lite.com/ir-illumination-ids5.html
TMS LITE,IDS5-00-050-1-X,table_1,Weight (g),78,78,g,https://www.tms-lite.com/ir-illumination-ids5.html
TMS LITE,IDS5-00-050-1-X,table_1,extra_4,Red,Red,,https://www.tms-lite.com/ids5-serie.html
TMS LITE,IDS5-00-050-1-X,table_1,extra_5,Green,Green,,https://www.tms-lite.com/ids5-serie.html
TMS LITE,IDS5-00-050-1-X,table_1,extra_6,Blue,Blue,,https://www.tms-lite.com/ids5-serie.html
TMS LITE,IDS5-00-050-1-X,table_1,extra_7,White,White,,https://www.tms-lite.com/ids5-serie.html
TMS LITE,IDS5-00-050-1-X,table_2,Colour,IR850,IR850,,https://www.tms-lite.com/ids5-serie.html
TMS LITE,IDS5-00-050-1-X,table_2,Current,243mA 315mA 240mA,243mA 315mA 240mA,mA,https://www.tms-lite.com/ids5-serie.html
TMS LITE,IDS5-00-050-1-X,table_2,D (mm),33.8,33.8,mm,https://www.tms-lite.com/ir-illumination-ids5.html
TMS LITE,IDS5-00-050-1-X,table_2,G (mm),9,9,g,https://www.tms-lite.com/ir-illumination-ids5.html
TMS LITE,IDS5-00-050-1-X,table_2,Voltage (V) / Watt (W),24V / 5.83W 24V / 7.56W 24V / 5.76W,24V / 5.83W 24V / 7.56W 24V / 5.76W,V,https://www.tms-lite.com/ids5-serie.html
TMS LITE,IDS5-00-050-1-X,table_2,Weight (g),78,78,g,https://www.tms-lite.com/ids5-serie.html
TMS LITE,IDS5-00-050-1-X,table_2,ØA (mm),68,68,mm,https://www.tms-lite.com/ir-illumination-ids5.html
TMS LITE,IDS5-00-050-1-X,table_2,ØB (mm),10,10,mm,https://www.tms-lite.com/ir-illumination-ids5.html
TMS LITE,IDS5-00-050-1-X,table_2,ØC (mm),60,60,mm,https://www.tms-lite.com/ir-illumination-ids5.html
TMS LITE,IDS5-00-050-1-X,table_2,ØE (mm),53,53,mm,https://www.tms-lite.com/ir-illumination-ids5.html
TMS LITE,IDS5-00-050-1-X,table_2,ØF (mm),27.4,27.4,mm,https://www.tms-lite.com/ir-illumination-ids5.html
TMS LITE,IDS5-00-050-1-X,table_3,Datasheet,3D-view,3D-view,,https://www.tms-lite.com/ir-illumination-ids5.html
TMS LITE,IDS5-00-050-1-X,table_3,Drawing (2D),PDF,PDF,,https://www.tms-lite.com/ir-illumination-ids5.html
TMS LITE,IDS5-00-050-1-X,table_3,STEP (3D),DXF,DXF,,https://www.tms-lite.com/ir-illumination-ids5.html
TMS LITE,IDS5-00-050-1-X,table_3,extra_4,IR850,IR850,,https://www.tms-lite.com/ir-illumination-ids5.html
TMS LITE,IDS5-00-050-1-X,table_5,D (mm),33.8,33.8,mm,https://www.tms-lite.com/ids5-serie.html
TMS LITE,IDS5-00-050-1-X,table_5,G (mm),9,9,g,https://www.tms-lite.com/ids5-serie.html
TMS LITE,IDS5-00-050-1-X,table_5,ØA (mm),68,68,mm,https://www.tms-lite.com/ids5-serie.html
TMS LITE,IDS5-00-050-1-X,table_5,ØB (mm),10,10,mm,https://www.tms-lite.com/ids5-serie.html
TMS LITE,IDS5-00-050-1-X,table_5,ØC (mm),60,60,mm,https://www.tms-lite.com/ids5-serie.html
TMS LITE,IDS5-00-050-1-X,table_5,ØE (mm),53,53,mm,https://www.tms-lite.com/ids5-serie.html
TMS LITE,IDS5-00-050-1-X,table_5,ØF (mm),37.4,37.4,mm,https://www.tms-lite.com/ids5-serie.html
TMS LITE,IDS5-00-070-1-X,table_1,Current,360mA,360mA,mA,https://www.tms-lite.com/ir-illumination-ids5.html
TMS LITE,IDS5-00-070-1-X,table_1,Datasheet,3D View,3D View,,https://www.tms-lite.com/ids5-serie.html
TMS LITE,IDS5-00-070-1-X,table_1,Drawing (2D),R/G/B/W: PDF,R/G/B/W: PDF,W,https://www.tms-lite.com/ids5-serie.html
TMS LITE,IDS5-00-070-1-X,table_1,IR,IR850,IR850,,https://www.tms-lite.com/ir-illumination-ids5.html
TMS LITE,IDS5-00-070-1-X,table_1,STEP (3D),R/G/B/W: DXF,R/G/B/W: DXF,W,https://www.tms-lite.com/ids5-serie.html
TMS LITE,IDS5-00-070-1-X,table_1,Voltage (V) / Watt (W),24V / 8.64W,24V / 8.64W,V,https://www.tms-lite.com/ir-illumination-ids5.html
TMS LITE,IDS5-00-070-1-X,table_1,Weight (g),115,115,g,https://www.tms-lite.com/ir-illumination-ids5.html
TMS LITE,IDS5-00-070-1-X,table_1,extra_4,Red,Red,,https://www.tms-lite.com/ids5-serie.html
TMS LITE,IDS5-00-070-1-X,table_1,extra_5,Green,Green,,https://www.tms-lite.com/ids5-serie.html
TMS LITE,IDS5-00-070-1-X,table_1,extra_6,Blue,Blue,,https://www.tms-lite.com/ids5-serie.html
TMS LITE,IDS5-00-070-1-X,table_1,extra_7,White,White,,https://www.tms-lite.com/ids5-serie.html
TMS LITE,IDS5-00-070-1-X,table_2,Colour,IR850,IR850,,https://www.tms-lite.com/ids5-serie.html
TMS LITE,IDS5-00-070-1-X,table_2,Current,378mA 490mA 360mA,378mA 490mA 360mA,mA,https://www.tms-lite.com/ids5-serie.html
TMS LITE,IDS5-00-070-1-X,table_2,D (mm),44.5,44.5,mm,https://www.tms-lite.com/ir-illumination-ids5.html
TMS LITE,IDS5-00-070-1-X,table_2,G (mm),9,9,g,https://www.tms-lite.com/ir-illumination-ids5.html
TMS LITE,IDS5-00-070-1-X,table_2,Voltage (V) / Watt (W),24V / 9.07W 24V / 11.76W 24V / 8.64W,24V / 9.07W 24V / 11.76W 24V / 8.64W,V,https://www.tms-lite.com/ids5-serie.html
TMS LITE,IDS5-00-070-1-X,table_2,Weight (g),115,115,g,https://www.tms-lite.com/ids5-serie.html
TMS LITE,IDS5-00-070-1-X,table_2,ØA (mm),95,95,mm,https://www.tms-lite.com/ir-illumination-ids5.html
TMS LITE,IDS5-00-070-1-X,table_2,ØB (mm),20,20,mm,https://www.tms-lite.com/ir-illumination-ids5.html
TMS LITE,IDS5-00-070-1-X,table_2,ØC (mm),85,85,mm,https://www.tms-lite.com/ir-illumination-ids5.html
TMS LITE,IDS5-00-070-1-X,table_2,ØE (mm),78,78,mm,https://www.tms-lite.com/ir-illumination-ids5.html
TMS LITE,IDS5-00-070-1-X,table_2,ØF (mm),61,61,mm,https://www.tms-lite.com/ir-illumination-ids5.html
TMS LITE,IDS5-00-070-1-X,table_3,Datasheet,3D-view,3D-view,,https://www.tms-lite.com/ir-illumination-ids5.html
TMS LITE,IDS5-00-070-1-X,table_3,Drawing (2D),PDF,PDF,,https://www.tms-lite.com/ir-illumination-ids5.html
TMS LITE,IDS5-00-070-1-X,table_3,STEP (3D),DXF,DXF,,https://www.tms-lite.com/ir-illumination-ids5.html
TMS LITE,IDS5-00-070-1-X,table_3,extra_4,IR850,IR850,,https://www.tms-lite.com/ir-illumination-ids5.html
TMS LITE,IDS5-00-070-1-X,table_5,D (mm),44.5,44.5,mm,https://www.tms-lite.com/ids5-serie.html
TMS LITE,IDS5-00-070-1-X,table_5,G (mm),9,9,g,https://www.tms-lite.com/ids5-serie.html
TMS LITE,IDS5-00-070-1-X,table_5,ØA (mm),95,95,mm,https://www.tms-lite.com/ids5-serie.html
TMS LITE,IDS5-00-070-1-X,table_5,ØB (mm),20,20,mm,https://www.tms-lite.com/ids5-serie.html
TMS LITE,IDS5-00-070-1-X,table_5,ØC (mm),85,85,mm,https://www.tms-lite.com/ids5-serie.html
TMS LITE,IDS5-00-070-1-X,table_5,ØE (mm),78,78,mm,https://www.tms-lite.com/ids5-serie.html
TMS LITE,IDS5-00-070-1-X,table_5,ØF (mm),61,61,mm,https://www.tms-lite.com/ids5-serie.html
TMS LITE,IDS5-00-070-1-X-24V-4CH,table_1,DATASHEET (ID),Datasheet - Red,Datasheet - Red,,https://www.tms-lite.com/4-section-led-illumination-series-1091998366.html
TMS LITE,IDS5-00-070-1-X-24V-4CH,table_1,DXF (2D),2D View,2D View,,https://www.tms-lite.com/4-section-led-illumination-series-1091998366.html
TMS LITE,IDS5-00-070-1-X-24V-4CH,table_1,PDF (2D),2D View,2D View,,https://www.tms-lite.com/4-section-led-illumination-series-1091998366.html
TMS LITE,IDS5-00-070-1-X-24V-4CH,table_1,STEP (3D),3D View,3D View,,https://www.tms-lite.com/4-section-led-illumination-series-1091998366.html
TMS LITE,IDS5-00-070-1-X-24V-4CH,table_1,extra_5,For further details please contact us,For further details please contact us,,https://www.tms-lite.com/4-section-led-illumination-series-1091998366.html
TMS LITE,IDS5-00-070-1-X-24V-4CH,table_1,extra_6,For further details please contact us,For further details please contact us,,https://www.tms-lite.com/4-section-led-illumination-series-1091998366.html
TMS LITE,IDS5-00-070-1-X-24V-4CH,table_1,extra_7,Datasheet - White,Datasheet - White,,https://www.tms-lite.com/4-section-led-illumination-series-1091998366.html
TMS LITE,IDS5-00-100-1-X,table_1,Current,480mA,480mA,mA,https://www.tms-lite.com/ir-illumination-ids5.html
TMS LITE,IDS5-00-100-1-X,table_1,Datasheet,3D View,3D View,,https://www.tms-lite.com/ids5-serie.html
TMS LITE,IDS5-00-100-1-X,table_1,Drawing (2D),R/G/B/W: PDF,R/G/B/W: PDF,W,https://www.tms-lite.com/ids5-serie.html
TMS LITE,IDS5-00-100-1-X,table_1,IR,IR850,IR850,,https://www.tms-lite.com/ir-illumination-ids5.html
TMS LITE,IDS5-00-100-1-X,table_1,STEP (3D),R/G/B/W: DXF,R/G/B/W: DXF,W,https://www.tms-lite.com/ids5-serie.html
TMS LITE,IDS5-00-100-1-X,table_1,Voltage (V) / Watt (W),24V / 11.52W,24V / 11.52W,V,https://www.tms-lite.com/ir-illumination-ids5.html
TMS LITE,IDS5-00-100-1-X,table_1,Weight (g),152,152,g,https://www.tms-lite.com/ir-illumination-ids5.html
TMS LITE,IDS5-00-100-1-X,table_1,extra_4,Red,Red,,https://www.tms-lite.com/ids5-serie.html
TMS LITE,IDS5-00-100-1-X,table_1,extra_5,Green,Green,,https://www.tms-lite.com/ids5-serie.html
TMS LITE,IDS5-00-100-1-X,table_1,extra_6,Blue,Blue,,https://www.tms-lite.com/ids5-serie.html
TMS LITE,IDS5-00-100-1-X,table_1,extra_7,White,White,,https://www.tms-lite.com/ids5-serie.html
TMS LITE,IDS5-00-100-1-X,table_2,Colour,IR850,IR850,,https://www.tms-lite.com/ids5-serie.html
TMS LITE,IDS5-00-100-1-X,table_2,Current,540mA 700mA 480mA,540mA 700mA 480mA,mA,https://www.tms-lite.com/ids5-serie.html
TMS LITE,IDS5-00-100-1-X,table_2,D (mm),56.8,56.8,mm,https://www.tms-lite.com/ir-illumination-ids5.html
TMS LITE,IDS5-00-100-1-X,table_2,G (mm),9,9,g,https://www.tms-lite.com/ir-illumination-ids5.html
TMS LITE,IDS5-00-100-1-X,table_2,Voltage (V) / Watt (W),24V / 12.96W 24V / 16.80W 24V / 11.52W,24V / 12.96W 24V / 16.80W 24V / 11.52W,V,https://www.tms-lite.com/ids5-serie.html
TMS LITE,IDS5-00-100-1-X,table_2,Weight (g),152,152,g,https://www.tms-lite.com/ids5-serie.html
TMS LITE,IDS5-00-100-1-X,table_2,ØA (mm),118,118,mm,https://www.tms-lite.com/ir-illumination-ids5.html
TMS LITE,IDS5-00-100-1-X,table_2,ØB (mm),25,25,mm,https://www.tms-lite.com/ir-illumination-ids5.html
TMS LITE,IDS5-00-100-1-X,table_2,ØC (mm),110,110,mm,https://www.tms-lite.com/ir-illumination-ids5.html
TMS LITE,IDS5-00-100-1-X,table_2,ØE (mm),103,103,mm,https://www.tms-lite.com/ir-illumination-ids5.html
TMS LITE,IDS5-00-100-1-X,table_2,ØF (mm),85.4,85.4,mm,https://www.tms-lite.com/ir-illumination-ids5.html
TMS LITE,IDS5-00-100-1-X,table_3,Datasheet,3D-view,3D-view,,https://www.tms-lite.com/ir-illumination-ids5.html
TMS LITE,IDS5-00-100-1-X,table_3,Drawing (2D),PDF,PDF,,https://www.tms-lite.com/ir-illumination-ids5.html
TMS LITE,IDS5-00-100-1-X,table_3,STEP (3D),DXF,DXF,,https://www.tms-lite.com/ir-illumination-ids5.html
TMS LITE,IDS5-00-100-1-X,table_3,extra_4,IR850,IR850,,https://www.tms-lite.com/ir-illumination-ids5.html
TMS LITE,IDS5-00-100-1-X,table_5,D (mm),56.8,56.8,mm,https://www.tms-lite.com/ids5-serie.html
TMS LITE,IDS5-00-100-1-X,table_5,G (mm),9,9,g,https://www.tms-lite.com/ids5-serie.html
TMS LITE,IDS5-00-100-1-X,table_5,ØA (mm),118,118,mm,https://www.tms-lite.com/ids5-serie.html
TMS LITE,IDS5-00-100-1-X,table_5,ØB (mm),25,25,mm,https://www.tms-lite.com/ids5-serie.html
TMS LITE,IDS5-00-100-1-X,table_5,ØC (mm),110,110,mm,https://www.tms-lite.com/ids5-serie.html
TMS LITE,IDS5-00-100-1-X,table_5,ØE (mm),103,103,mm,https://www.tms-lite.com/ids5-serie.html
TMS LITE,IDS5-00-100-1-X,table_5,ØF (mm),85.4,85.4,mm,https://www.tms-lite.com/ids5-serie.html
TMS LITE,IDS5-00-100-1-X-24V-4CH,table_1,DATASHEET (ID),Datasheet - Red,Datasheet - Red,,https://www.tms-lite.com/4-section-led-illumination-series-1091998366.html
TMS LITE,IDS5-00-100-1-X-24V-4CH,table_1,DXF (2D),2D View,2D View,,https://www.tms-lite.com/4-section-led-illumination-series-1091998366.html
TMS LITE,IDS5-00-100-1-X-24V-4CH,table_1,PDF (2D),2D View,2D View,,https://www.tms-lite.com/4-section-led-illumination-series-1091998366.html
TMS LITE,IDS5-00-100-1-X-24V-4CH,table_1,STEP (3D),3D View,3D View,,https://www.tms-lite.com/4-section-led-illumination-series-1091998366.html
TMS LITE,IDS5-00-100-1-X-24V-4CH,table_1,extra_5,For further details please contact us,For further details please contact us,,https://www.tms-lite.com/4-section-led-illumination-series-1091998366.html
TMS LITE,IDS5-00-100-1-X-24V-4CH,table_1,extra_6,For further details please contact us,For further details please contact us,,https://www.tms-lite.com/4-section-led-illumination-series-1091998366.html
TMS LITE,IDS5-00-100-1-X-24V-4CH,table_1,extra_7,Datasheet - White,Datasheet - White,,https://www.tms-lite.com/4-section-led-illumination-series-1091998366.html
TMS LITE,IDS5-00-150-1-RGBW,table_1,COLOUR,RGBW,RGBW,,https://www.tms-lite.com/ids5-rgbw-beleuchtungen.html
TMS LITE,IDS5-00-150-1-RGBW,table_1,Current,270mA,270mA,mA,https://www.tms-lite.com/ids5-rgbw-beleuchtungen.html
TMS LITE,IDS5-00-150-1-RGBW,table_1,Datasheet,3D View,3D View,,https://www.tms-lite.com/ids5-serie.html
TMS LITE,IDS5-00-150-1-RGBW,table_1,Drawing (2D),PDF,PDF,,https://www.tms-lite.com/ids5-serie.html
TMS LITE,IDS5-00-150-1-RGBW,table_1,STEP (3D),DXF,DXF,,https://www.tms-lite.com/ids5-serie.html
TMS LITE,IDS5-00-150-1-RGBW,table_1,Voltage (V)/Watt (W),24V / 6.48W,24V / 6.48W,V,https://www.tms-lite.com/ids5-rgbw-beleuchtungen.html
TMS LITE,IDS5-00-150-1-RGBW,table_1,Weight (g),483,483,g,https://www.tms-lite.com/ids5-rgbw-beleuchtungen.html
TMS LITE,IDS5-00-150-1-RGBW,table_1,extra_4,RGBW,RGBW,,https://www.tms-lite.com/ids5-serie.html
TMS LITE,IDS5-00-150-1-RGBW,table_2,G (mm),12,12,g,https://www.tms-lite.com/ids5-rgbw-beleuchtungen.html
TMS LITE,IDS5-00-150-1-RGBW,table_2,ØA (mm),185,185,mm,https://www.tms-lite.com/ids5-rgbw-beleuchtungen.html
TMS LITE,IDS5-00-150-1-RGBW,table_2,ØB (mm),40,40,mm,https://www.tms-lite.com/ids5-rgbw-beleuchtungen.html
TMS LITE,IDS5-00-150-1-RGBW,table_2,ØC (mm),172,172,mm,https://www.tms-lite.com/ids5-rgbw-beleuchtungen.html
TMS LITE,IDS5-00-150-1-RGBW,table_2,ØD (mm),89.8,89.8,mm,https://www.tms-lite.com/ids5-rgbw-beleuchtungen.html
TMS LITE,IDS5-00-150-1-RGBW,table_2,ØE (mm),165,165,mm,https://www.tms-lite.com/ids5-rgbw-beleuchtungen.html
TMS LITE,IDS5-00-150-1-RGBW,table_2,ØF (mm),138,138,mm,https://www.tms-lite.com/ids5-rgbw-beleuchtungen.html
TMS LITE,IDS5-00-150-1-RGBW,table_4,Current,270mA,270mA,mA,https://www.tms-lite.com/ids5-serie.html
TMS LITE,IDS5-00-150-1-RGBW,table_4,Voltage (V) / Watt (W),24V / 6.48W,24V / 6.48W,V,https://www.tms-lite.com/ids5-serie.html
TMS LITE,IDS5-00-150-1-RGBW,table_4,Weight (g),483,483,g,https://www.tms-lite.com/ids5-serie.html
TMS LITE,IDS5-00-150-1-RGBW,table_5,D (mm),89.8,89.8,mm,https://www.tms-lite.com/ids5-serie.html
TMS LITE,IDS5-00-150-1-RGBW,table_5,G (mm),12,12,g,https://www.tms-lite.com/ids5-serie.html
TMS LITE,IDS5-00-150-1-RGBW,table_5,ØA (mm),185,185,mm,https://www.tms-lite.com/ids5-serie.html
TMS LITE,IDS5-00-150-1-RGBW,table_5,ØB (mm),40,40,mm,https://www.tms-lite.com/ids5-serie.html
TMS LITE,IDS5-00-150-1-RGBW,table_5,ØC (mm),172,172,mm,https://www.tms-lite.com/ids5-serie.html
TMS LITE,IDS5-00-150-1-RGBW,table_5,ØE (mm),165,165,mm,https://www.tms-lite.com/ids5-serie.html
TMS LITE,IDS5-00-150-1-RGBW,table_5,ØF (mm),138,138,mm,https://www.tms-lite.com/ids5-serie.html
TMS LITE,IDS5-00-150-1-X,table_1,Current,840mA,840mA,mA,https://www.tms-lite.com/ir-illumination-ids5.html
TMS LITE,IDS5-00-150-1-X,table_1,Datasheet,3D View,3D View,,https://www.tms-lite.com/ids5-serie.html
TMS LITE,IDS5-00-150-1-X,table_1,Drawing (2D),R/G/B/W: PDF,R/G/B/W: PDF,W,https://www.tms-lite.com/ids5-serie.html
TMS LITE,IDS5-00-150-1-X,table_1,IR,IR850,IR850,,https://www.tms-lite.com/ir-illumination-ids5.html
TMS LITE,IDS5-00-150-1-X,table_1,STEP (3D),R/G/B/W: DXF,R/G/B/W: DXF,W,https://www.tms-lite.com/ids5-serie.html
TMS LITE,IDS5-00-150-1-X,table_1,Voltage (V) / Watt (W),24V / 20.16W,24V / 20.16W,V,https://www.tms-lite.com/ir-illumination-ids5.html
TMS LITE,IDS5-00-150-1-X,table_1,Weight (g),483,483,g,https://www.tms-lite.com/ir-illumination-ids5.html
TMS LITE,IDS5-00-150-1-X,table_1,extra_4,Red,Red,,https://www.tms-lite.com/ids5-serie.html
TMS LITE,IDS5-00-150-1-X,table_1,extra_5,Green,Green,,https://www.tms-lite.com/ids5-serie.html
TMS LITE,IDS5-00-150-1-X,table_1,extra_6,Blue,Blue,,https://www.tms-lite.com/ids5-serie.html
TMS LITE,IDS5-00-150-1-X,table_1,extra_7,White,White,,https://www.tms-lite.com/ids5-serie.html
TMS LITE,IDS5-00-150-1-X,table_2,Colour,IR850,IR850,,https://www.tms-lite.com/ids5-serie.html
TMS LITE,IDS5-00-150-1-X,table_2,Current,900mA 930mA 840mA,900mA 930mA 840mA,mA,https://www.tms-lite.com/ids5-serie.html
TMS LITE,IDS5-00-150-1-X,table_2,D (mm),89.8,89.8,mm,https://www.tms-lite.com/ir-illumination-ids5.html
TMS LITE,IDS5-00-150-1-X,table_2,G (mm),12,12,g,https://www.tms-lite.com/ir-illumination-ids5.html
TMS LITE,IDS5-00-150-1-X,table_2,Voltage (V) / Watt (W),24V / 21.60W 24V / 22.32W 24V / 20.16W,24V / 21.60W 24V / 22.32W 24V / 20.16W,V,https://www.tms-lite.com/ids5-serie.html
TMS LITE,IDS5-00-150-1-X,table_2,Weight (g),483,483,g,https://www.tms-lite.com/ids5-serie.html
TMS LITE,IDS5-00-150-1-X,table_2,ØA (mm),185,185,mm,https://www.tms-lite.com/ir-illumination-ids5.html
TMS LITE,IDS5-00-150-1-X,table_2,ØB (mm),40,40,mm,https://www.tms-lite.com/ir-illumination-ids5.html
TMS LITE,IDS5-00-150-1-X,table_2,ØC (mm),172,172,mm,https://www.tms-lite.com/ir-illumination-ids5.html
TMS LITE,IDS5-00-150-1-X,table_2,ØE (mm),165,165,mm,https://www.tms-lite.com/ir-illumination-ids5.html
TMS LITE,IDS5-00-150-1-X,table_2,ØF (mm),138,138,mm,https://www.tms-lite.com/ir-illumination-ids5.html
TMS LITE,IDS5-00-150-1-X,table_3,Datasheet,3D-view,3D-view,,https://www.tms-lite.com/ir-illumination-ids5.html
TMS LITE,IDS5-00-150-1-X,table_3,Drawing (2D),PDF,PDF,,https://www.tms-lite.com/ir-illumination-ids5.html
TMS LITE,IDS5-00-150-1-X,table_3,STEP (3D),DXF,DXF,,https://www.tms-lite.com/ir-illumination-ids5.html
TMS LITE,IDS5-00-150-1-X,table_3,extra_4,IR850,IR850,,https://www.tms-lite.com/ir-illumination-ids5.html
TMS LITE,IDS5-00-150-1-X,table_5,D (mm),89.8,89.8,mm,https://www.tms-lite.com/ids5-serie.html
TMS LITE,IDS5-00-150-1-X,table_5,G (mm),12,12,g,https://www.tms-lite.com/ids5-serie.html
TMS LITE,IDS5-00-150-1-X,table_5,ØA (mm),185,185,mm,https://www.tms-lite.com/ids5-serie.html
TMS LITE,IDS5-00-150-1-X,table_5,ØB (mm),40,40,mm,https://www.tms-lite.com/ids5-serie.html
TMS LITE,IDS5-00-150-1-X,table_5,ØC (mm),172,172,mm,https://www.tms-lite.com/ids5-serie.html
TMS LITE,IDS5-00-150-1-X,table_5,ØE (mm),165,165,mm,https://www.tms-lite.com/ids5-serie.html
TMS LITE,IDS5-00-150-1-X,table_5,ØF (mm),138,138,mm,https://www.tms-lite.com/ids5-serie.html
TMS LITE,IDS5-00-150-1-X-24V-4CH,table_1,DATASHEET (ID),Datasheet - Red,Datasheet - Red,,https://www.tms-lite.com/4-section-led-illumination-series-1091998366.html
TMS LITE,IDS5-00-150-1-X-24V-4CH,table_1,DXF (2D),2D View,2D View,,https://www.tms-lite.com/4-section-led-illumination-series-1091998366.html
TMS LITE,IDS5-00-150-1-X-24V-4CH,table_1,PDF (2D),2D View,2D View,,https://www.tms-lite.com/4-section-led-illumination-series-1091998366.html
TMS LITE,IDS5-00-150-1-X-24V-4CH,table_1,STEP (3D),3D View,3D View,,https://www.tms-lite.com/4-section-led-illumination-series-1091998366.html
TMS LITE,IDS5-00-150-1-X-24V-4CH,table_1,extra_5,For further details please contact us,For further details please contact us,,https://www.tms-lite.com/4-section-led-illumination-series-1091998366.html
TMS LITE,IDS5-00-150-1-X-24V-4CH,table_1,extra_6,For further details please contact us,For further details please contact us,,https://www.tms-lite.com/4-section-led-illumination-series-1091998366.html
TMS LITE,IDS5-00-150-1-X-24V-4CH,table_1,extra_7,Datasheet - White,Datasheet - White,,https://www.tms-lite.com/4-section-led-illumination-series-1091998366.html
TMS LITE,IDS5-00-200-1-RGBW,table_1,COLOUR,RGBW,RGBW,,https://www.tms-lite.com/ids5-rgbw-beleuchtungen.html
TMS LITE,IDS5-00-200-1-RGBW,table_1,Current,270mA,270mA,mA,https://www.tms-lite.com/ids5-rgbw-beleuchtungen.html
TMS LITE,IDS5-00-200-1-RGBW,table_1,Datasheet,3D View,3D View,,https://www.tms-lite.com/ids5-serie.html
TMS LITE,IDS5-00-200-1-RGBW,table_1,Drawing (2D),PDF,PDF,,https://www.tms-lite.com/ids5-serie.html
TMS LITE,IDS5-00-200-1-RGBW,table_1,STEP (3D),DXF,DXF,,https://www.tms-lite.com/ids5-serie.html
TMS LITE,IDS5-00-200-1-RGBW,table_1,Voltage (V)/Watt (W),24V / 6.48W,24V / 6.48W,V,https://www.tms-lite.com/ids5-rgbw-beleuchtungen.html
TMS LITE,IDS5-00-200-1-RGBW,table_1,Weight (g),520,520,g,https://www.tms-lite.com/ids5-rgbw-beleuchtungen.html
TMS LITE,IDS5-00-200-1-RGBW,table_1,extra_4,RGBW,RGBW,,https://www.tms-lite.com/ids5-serie.html
TMS LITE,IDS5-00-200-1-RGBW,table_2,G (mm),12,12,g,https://www.tms-lite.com/ids5-rgbw-beleuchtungen.html
TMS LITE,IDS5-00-200-1-RGBW,table_2,ØA (mm),232,232,mm,https://www.tms-lite.com/ids5-rgbw-beleuchtungen.html
TMS LITE,IDS5-00-200-1-RGBW,table_2,ØB (mm),50,50,mm,https://www.tms-lite.com/ids5-rgbw-beleuchtungen.html
TMS LITE,IDS5-00-200-1-RGBW,table_2,ØC (mm),222,222,mm,https://www.tms-lite.com/ids5-rgbw-beleuchtungen.html
TMS LITE,IDS5-00-200-1-RGBW,table_2,ØD (mm),112.8,112.8,mm,https://www.tms-lite.com/ids5-rgbw-beleuchtungen.html
TMS LITE,IDS5-00-200-1-RGBW,table_2,ØE (mm),212,212,mm,https://www.tms-lite.com/ids5-rgbw-beleuchtungen.html
TMS LITE,IDS5-00-200-1-RGBW,table_2,ØF (mm),193,193,mm,https://www.tms-lite.com/ids5-rgbw-beleuchtungen.html
TMS LITE,IDS5-00-200-1-RGBW,table_4,Current,270mA,270mA,mA,https://www.tms-lite.com/ids5-serie.html
TMS LITE,IDS5-00-200-1-RGBW,table_4,Voltage (V) / Watt (W),24V / 6.48W,24V / 6.48W,V,https://www.tms-lite.com/ids5-serie.html
TMS LITE,IDS5-00-200-1-RGBW,table_4,Weight (g),520,520,g,https://www.tms-lite.com/ids5-serie.html
TMS LITE,IDS5-00-200-1-RGBW,table_5,D (mm),112.8,112.8,mm,https://www.tms-lite.com/ids5-serie.html
TMS LITE,IDS5-00-200-1-RGBW,table_5,G (mm),12,12,g,https://www.tms-lite.com/ids5-serie.html
TMS LITE,IDS5-00-200-1-RGBW,table_5,ØA (mm),232,232,mm,https://www.tms-lite.com/ids5-serie.html
TMS LITE,IDS5-00-200-1-RGBW,table_5,ØB (mm),50,50,mm,https://www.tms-lite.com/ids5-serie.html
TMS LITE,IDS5-00-200-1-RGBW,table_5,ØC (mm),222,222,mm,https://www.tms-lite.com/ids5-serie.html
TMS LITE,IDS5-00-200-1-RGBW,table_5,ØE (mm),212,212,mm,https://www.tms-lite.com/ids5-serie.html
TMS LITE,IDS5-00-200-1-RGBW,table_5,ØF (mm),193,193,mm,https://www.tms-lite.com/ids5-serie.html
TMS LITE,IDS5-00-200-1-X,table_1,Current,1080mA,1080mA,mA,https://www.tms-lite.com/ir-illumination-ids5.html
TMS LITE,IDS5-00-200-1-X,table_1,Datasheet,3D View,3D View,,https://www.tms-lite.com/ids5-serie.html
TMS LITE,IDS5-00-200-1-X,table_1,Drawing (2D),R/G/B/W: PDF,R/G/B/W: PDF,W,https://www.tms-lite.com/ids5-serie.html
TMS LITE,IDS5-00-200-1-X,table_1,IR,IR850,IR850,,https://www.tms-lite.com/ir-illumination-ids5.html
TMS LITE,IDS5-00-200-1-X,table_1,STEP (3D),R/G/B/W: DXF,R/G/B/W: DXF,W,https://www.tms-lite.com/ids5-serie.html
TMS LITE,IDS5-00-200-1-X,table_1,Voltage (V) / Watt (W),24V / 25.92W,24V / 25.92W,V,https://www.tms-lite.com/ir-illumination-ids5.html
TMS LITE,IDS5-00-200-1-X,table_1,Weight (g),520,520,g,https://www.tms-lite.com/ir-illumination-ids5.html
TMS LITE,IDS5-00-200-1-X,table_1,extra_4,Red,Red,,https://www.tms-lite.com/ids5-serie.html
TMS LITE,IDS5-00-200-1-X,table_1,extra_5,Green,Green,,https://www.tms-lite.com/ids5-serie.html
TMS LITE,IDS5-00-200-1-X,table_1,extra_6,Blue,Blue,,https://www.tms-lite.com/ids5-serie.html
TMS LITE,IDS5-00-200-1-X,table_1,extra_7,White,White,,https://www.tms-lite.com/ids5-serie.html
TMS LITE,IDS5-00-200-1-X,table_2,Colour,IR850,IR850,,https://www.tms-lite.com/ids5-serie.html
TMS LITE,IDS5-00-200-1-X,table_2,Current,1330mA 1380mA 1080mA,1330mA 1380mA 1080mA,mA,https://www.tms-lite.com/ids5-serie.html
TMS LITE,IDS5-00-200-1-X,table_2,D (mm),112.8,112.8,mm,https://www.tms-lite.com/ir-illumination-ids5.html
TMS LITE,IDS5-00-200-1-X,table_2,G (mm),12,12,g,https://www.tms-lite.com/ir-illumination-ids5.html
TMS LITE,IDS5-00-200-1-X,table_2,Voltage (V) / Watt (W),24V / 31.92W 24V / 33.12W 24V / 25.92W,24V / 31.92W 24V / 33.12W 24V / 25.92W,V,https://www.tms-lite.com/ids5-serie.html
TMS LITE,IDS5-00-200-1-X,table_2,Weight (g),520,520,g,https://www.tms-lite.com/ids5-serie.html
TMS LITE,IDS5-00-200-1-X,table_2,ØA (mm),232,232,mm,https://www.tms-lite.com/ir-illumination-ids5.html
TMS LITE,IDS5-00-200-1-X,table_2,ØB (mm),50,50,mm,https://www.tms-lite.com/ir-illumination-ids5.html
TMS LITE,IDS5-00-200-1-X,table_2,ØC (mm),222,222,mm,https://www.tms-lite.com/ir-illumination-ids5.html
TMS LITE,IDS5-00-200-1-X,table_2,ØE (mm),212,212,mm,https://www.tms-lite.com/ir-illumination-ids5.html
TMS LITE,IDS5-00-200-1-X,table_2,ØF (mm),193,193,mm,https://www.tms-lite.com/ir-illumination-ids5.html
TMS LITE,IDS5-00-200-1-X,table_3,Datasheet,3D-view,3D-view,,https://www.tms-lite.com/ir-illumination-ids5.html
TMS LITE,IDS5-00-200-1-X,table_3,Drawing (2D),PDF,PDF,,https://www.tms-lite.com/ir-illumination-ids5.html
TMS LITE,IDS5-00-200-1-X,table_3,STEP (3D),DXF,DXF,,https://www.tms-lite.com/ir-illumination-ids5.html
TMS LITE,IDS5-00-200-1-X,table_3,extra_4,IR850,IR850,,https://www.tms-lite.com/ir-illumination-ids5.html
TMS LITE,IDS5-00-200-1-X,table_5,D (mm),112.8,112.8,mm,https://www.tms-lite.com/ids5-serie.html
TMS LITE,IDS5-00-200-1-X,table_5,G (mm),12,12,g,https://www.tms-lite.com/ids5-serie.html
TMS LITE,IDS5-00-200-1-X,table_5,ØA (mm),232,232,mm,https://www.tms-lite.com/ids5-serie.html
TMS LITE,IDS5-00-200-1-X,table_5,ØB (mm),50,50,mm,https://www.tms-lite.com/ids5-serie.html
TMS LITE,IDS5-00-200-1-X,table_5,ØC (mm),222,222,mm,https://www.tms-lite.com/ids5-serie.html
TMS LITE,IDS5-00-200-1-X,table_5,ØE (mm),212,212,mm,https://www.tms-lite.com/ids5-serie.html
TMS LITE,IDS5-00-200-1-X,table_5,ØF (mm),193,193,mm,https://www.tms-lite.com/ids5-serie.html
TMS LITE,IDS5-00-200-1-X-24V-4CH,table_1,DATASHEET (ID),Datasheet - Red,Datasheet - Red,,https://www.tms-lite.com/4-section-led-illumination-series-1091998366.html
TMS LITE,IDS5-00-200-1-X-24V-4CH,table_1,DXF (2D),2D View,2D View,,https://www.tms-lite.com/4-section-led-illumination-series-1091998366.html
TMS LITE,IDS5-00-200-1-X-24V-4CH,table_1,PDF (2D),2D View,2D View,,https://www.tms-lite.com/4-section-led-illumination-series-1091998366.html
TMS LITE,IDS5-00-200-1-X-24V-4CH,table_1,STEP (3D),3D View,3D View,,https://www.tms-lite.com/4-section-led-illumination-series-1091998366.html
TMS LITE,IDS5-00-200-1-X-24V-4CH,table_1,extra_5,For further details please contact us,For further details please contact us,,https://www.tms-lite.com/4-section-led-illumination-series-1091998366.html
TMS LITE,IDS5-00-200-1-X-24V-4CH,table_1,extra_6,For further details please contact us,For further details please contact us,,https://www.tms-lite.com/4-section-led-illumination-series-1091998366.html
TMS LITE,IDS5-00-200-1-X-24V-4CH,table_1,extra_7,Datasheet - White,Datasheet - White,,https://www.tms-lite.com/4-section-led-illumination-series-1091998366.html
TMS LITE,IDS5-00-250-1-RGBW,table_1,COLOUR,RGBW,RGBW,,https://www.tms-lite.com/ids5-rgbw-beleuchtungen.html
TMS LITE,IDS5-00-250-1-RGBW,table_1,Current,330mA,330mA,mA,https://www.tms-lite.com/ids5-rgbw-beleuchtungen.html
TMS LITE,IDS5-00-250-1-RGBW,table_1,Datasheet,3D View,3D View,,https://www.tms-lite.com/ids5-serie.html
TMS LITE,IDS5-00-250-1-RGBW,table_1,Drawing (2D),PDF,PDF,,https://www.tms-lite.com/ids5-serie.html
TMS LITE,IDS5-00-250-1-RGBW,table_1,STEP (3D),DXF,DXF,,https://www.tms-lite.com/ids5-serie.html
TMS LITE,IDS5-00-250-1-RGBW,table_1,Voltage (V)/Watt (W),24V / 7.92W,24V / 7.92W,V,https://www.tms-lite.com/ids5-rgbw-beleuchtungen.html
TMS LITE,IDS5-00-250-1-RGBW,table_1,Weight (g),780,780,g,https://www.tms-lite.com/ids5-rgbw-beleuchtungen.html
TMS LITE,IDS5-00-250-1-RGBW,table_1,extra_4,RGBW,RGBW,,https://www.tms-lite.com/ids5-serie.html
TMS LITE,IDS5-00-250-1-RGBW,table_2,G (mm),12,12,g,https://www.tms-lite.com/ids5-rgbw-beleuchtungen.html
TMS LITE,IDS5-00-250-1-RGBW,table_2,ØA (mm),284,284,mm,https://www.tms-lite.com/ids5-rgbw-beleuchtungen.html
TMS LITE,IDS5-00-250-1-RGBW,table_2,ØB (mm),50,50,mm,https://www.tms-lite.com/ids5-rgbw-beleuchtungen.html
TMS LITE,IDS5-00-250-1-RGBW,table_2,ØC (mm),272,272,mm,https://www.tms-lite.com/ids5-rgbw-beleuchtungen.html
TMS LITE,IDS5-00-250-1-RGBW,table_2,ØD (mm),139.4,139.4,mm,https://www.tms-lite.com/ids5-rgbw-beleuchtungen.html
TMS LITE,IDS5-00-250-1-RGBW,table_2,ØE (mm),261.6,261.6,mm,https://www.tms-lite.com/ids5-rgbw-beleuchtungen.html
TMS LITE,IDS5-00-250-1-RGBW,table_2,ØF (mm),240,240,mm,https://www.tms-lite.com/ids5-rgbw-beleuchtungen.html
TMS LITE,IDS5-00-250-1-RGBW,table_4,Current,330mA,330mA,mA,https://www.tms-lite.com/ids5-serie.html
TMS LITE,IDS5-00-250-1-RGBW,table_4,Voltage (V) / Watt (W),24V / 7.92W,24V / 7.92W,V,https://www.tms-lite.com/ids5-serie.html
TMS LITE,IDS5-00-250-1-RGBW,table_4,Weight (g),780,780,g,https://www.tms-lite.com/ids5-serie.html
TMS LITE,IDS5-00-250-1-RGBW,table_5,D (mm),139.4,139.4,mm,https://www.tms-lite.com/ids5-serie.html
TMS LITE,IDS5-00-250-1-RGBW,table_5,G (mm),12,12,g,https://www.tms-lite.com/ids5-serie.html
TMS LITE,IDS5-00-250-1-RGBW,table_5,ØA (mm),284,284,mm,https://www.tms-lite.com/ids5-serie.html
TMS LITE,IDS5-00-250-1-RGBW,table_5,ØB (mm),50,50,mm,https://www.tms-lite.com/ids5-serie.html
TMS LITE,IDS5-00-250-1-RGBW,table_5,ØC (mm),272,272,mm,https://www.tms-lite.com/ids5-serie.html
TMS LITE,IDS5-00-250-1-RGBW,table_5,ØE (mm),261.6,261.6,mm,https://www.tms-lite.com/ids5-serie.html
TMS LITE,IDS5-00-250-1-RGBW,table_5,ØF (mm),240,240,mm,https://www.tms-lite.com/ids5-serie.html
TMS LITE,IDS5-00-250-1-X,table_1,Current,1440mA,1440mA,mA,https://www.tms-lite.com/ir-illumination-ids5.html
TMS LITE,IDS5-00-250-1-X,table_1,Datasheet,3D View,3D View,,https://www.tms-lite.com/ids5-serie.html
TMS LITE,IDS5-00-250-1-X,table_1,Drawing (2D),R/G/B/W: PDF,R/G/B/W: PDF,W,https://www.tms-lite.com/ids5-serie.html
TMS LITE,IDS5-00-250-1-X,table_1,IR,IR850,IR850,,https://www.tms-lite.com/ir-illumination-ids5.html
TMS LITE,IDS5-00-250-1-X,table_1,STEP (3D),R/G/B/W: DXF,R/G/B/W: DXF,W,https://www.tms-lite.com/ids5-serie.html
TMS LITE,IDS5-00-250-1-X,table_1,Voltage (V) / Watt (W),24V / 34.56W,24V / 34.56W,V,https://www.tms-lite.com/ir-illumination-ids5.html
TMS LITE,IDS5-00-250-1-X,table_1,Weight (g),780,780,g,https://www.tms-lite.com/ir-illumination-ids5.html
TMS LITE,IDS5-00-250-1-X,table_1,extra_4,Red,Red,,https://www.tms-lite.com/ids5-serie.html
TMS LITE,IDS5-00-250-1-X,table_1,extra_5,Green,Green,,https://www.tms-lite.com/ids5-serie.html
TMS LITE,IDS5-00-250-1-X,table_1,extra_6,Blue,Blue,,https://www.tms-lite.com/ids5-serie.html
TMS LITE,IDS5-00-250-1-X,table_1,extra_7,White,White,,https://www.tms-lite.com/ids5-serie.html
TMS LITE,IDS5-00-250-1-X,table_2,Colour,IR850,IR850,,https://www.tms-lite.com/ids5-serie.html
TMS LITE,IDS5-00-250-1-X,table_2,Current,1500mA 1600mA 1440mA,1500mA 1600mA 1440mA,mA,https://www.tms-lite.com/ids5-serie.html
TMS LITE,IDS5-00-250-1-X,table_2,D (mm),139.8,139.8,mm,https://www.tms-lite.com/ir-illumination-ids5.html
TMS LITE,IDS5-00-250-1-X,table_2,G (mm),12,12,g,https://www.tms-lite.com/ir-illumination-ids5.html
TMS LITE,IDS5-00-250-1-X,table_2,Voltage (V) / Watt (W),24V / 36.0W 24V / 38.4W 24V / 34.56W,24V / 36.0W 24V / 38.4W 24V / 34.56W,V,https://www.tms-lite.com/ids5-serie.html
TMS LITE,IDS5-00-250-1-X,table_2,Weight (g),780,780,g,https://www.tms-lite.com/ids5-serie.html
TMS LITE,IDS5-00-250-1-X,table_2,ØA (mm),284,284,mm,https://www.tms-lite.com/ir-illumination-ids5.html
TMS LITE,IDS5-00-250-1-X,table_2,ØB (mm),50,50,mm,https://www.tms-lite.com/ir-illumination-ids5.html
TMS LITE,IDS5-00-250-1-X,table_2,ØC (mm),272,272,mm,https://www.tms-lite.com/ir-illumination-ids5.html
TMS LITE,IDS5-00-250-1-X,table_2,ØE (mm),261.6,261.6,mm,https://www.tms-lite.com/ir-illumination-ids5.html
TMS LITE,IDS5-00-250-1-X,table_2,ØF (mm),240,240,mm,https://www.tms-lite.com/ir-illumination-ids5.html
TMS LITE,IDS5-00-250-1-X,table_3,Datasheet,3D-view,3D-view,,https://www.tms-lite.com/ir-illumination-ids5.html
TMS LITE,IDS5-00-250-1-X,table_3,Drawing (2D),PDF,PDF,,https://www.tms-lite.com/ir-illumination-ids5.html
TMS LITE,IDS5-00-250-1-X,table_3,STEP (3D),DXF,DXF,,https://www.tms-lite.com/ir-illumination-ids5.html
TMS LITE,IDS5-00-250-1-X,table_3,extra_4,IR850,IR850,,https://www.tms-lite.com/ir-illumination-ids5.html
TMS LITE,IDS5-00-250-1-X,table_5,D (mm),139.4,139.4,mm,https://www.tms-lite.com/ids5-serie.html
TMS LITE,IDS5-00-250-1-X,table_5,G (mm),12,12,g,https://www.tms-lite.com/ids5-serie.html
TMS LITE,IDS5-00-250-1-X,table_5,ØA (mm),284,284,mm,https://www.tms-lite.com/ids5-serie.html
TMS LITE,IDS5-00-250-1-X,table_5,ØB (mm),50,50,mm,https://www.tms-lite.com/ids5-serie.html
TMS LITE,IDS5-00-250-1-X,table_5,ØC (mm),272,272,mm,https://www.tms-lite.com/ids5-serie.html
TMS LITE,IDS5-00-250-1-X,table_5,ØE (mm),261.6,261.6,mm,https://www.tms-lite.com/ids5-serie.html
TMS LITE,IDS5-00-250-1-X,table_5,ØF (mm),240,240,mm,https://www.tms-lite.com/ids5-serie.html
TMS LITE,IDS5-00-250-1-X-24V-4CH,table_1,DATASHEET (ID),Datasheet - Red,Datasheet - Red,,https://www.tms-lite.com/4-section-led-illumination-series-1091998366.html
TMS LITE,IDS5-00-250-1-X-24V-4CH,table_1,DXF (2D),2D View,2D View,,https://www.tms-lite.com/4-section-led-illumination-series-1091998366.html
TMS LITE,IDS5-00-250-1-X-24V-4CH,table_1,PDF (2D),2D View,2D View,,https://www.tms-lite.com/4-section-led-illumination-series-1091998366.html
TMS LITE,IDS5-00-250-1-X-24V-4CH,table_1,STEP (3D),3D View,3D View,,https://www.tms-lite.com/4-section-led-illumination-series-1091998366.html
TMS LITE,IDS5-00-250-1-X-24V-4CH,table_1,extra_5,For further details please contact us,For further details please contact us,,https://www.tms-lite.com/4-section-led-illumination-series-1091998366.html
TMS LITE,IDS5-00-250-1-X-24V-4CH,table_1,extra_6,For further details please contact us,For further details please contact us,,https://www.tms-lite.com/4-section-led-illumination-series-1091998366.html
TMS LITE,IDS5-00-250-1-X-24V-4CH,table_1,extra_7,Datasheet - White,Datasheet - White,,https://www.tms-lite.com/4-section-led-illumination-series-1091998366.html
TMS LITE,IDS5-4CH,table_1,DATASHEET (ID),3D View,3D View,,https://www.tms-lite.com/4-section-led-illumination-series-1091998366.html
TMS LITE,IDS5-4CH,table_1,DXF (2D),2D View,2D View,,https://www.tms-lite.com/4-section-led-illumination-series-1091998366.html
TMS LITE,IDS5-4CH,table_1,PDF (2D),IDS5-00-050-1-X-24V-4CH,IDS5-00-050-1-X-24V-4CH,,https://www.tms-lite.com/4-section-led-illumination-series-1091998366.html
TMS LITE,IDS5-4CH,table_1,STEP (3D),2D View,2D View,,https://www.tms-lite.com/4-section-led-illumination-series-1091998366.html
TMS LITE,IDS5-4CH,table_1,extra_5,Datasheet - Red,Datasheet - Red,,https://www.tms-lite.com/4-section-led-illumination-series-1091998366.html
TMS LITE,IDS5-4CH,table_1,extra_6,For further details please contact us,For further details please contact us,,https://www.tms-lite.com/4-section-led-illumination-series-1091998366.html
TMS LITE,IDS5-4CH,table_1,extra_7,For further details please contact us,For further details please contact us,,https://www.tms-lite.com/4-section-led-illumination-series-1091998366.html
TMS LITE,IDS5-4CH,table_1,extra_8,Datasheet - White,Datasheet - White,,https://www.tms-lite.com/4-section-led-illumination-series-1091998366.html
TMS LITE,IDSL-00-150-1-X-24V-4CH,table_1,DATASHEET (ID),Datasheet - Red,Datasheet - Red,,https://www.tms-lite.com/4-section-led-illumination-series-1091998366.html
TMS LITE,IDSL-00-150-1-X-24V-4CH,table_1,DXF (2D),2D View,2D View,,https://www.tms-lite.com/4-section-led-illumination-series-1091998366.html
TMS LITE,IDSL-00-150-1-X-24V-4CH,table_1,PDF (2D),2D View,2D View,,https://www.tms-lite.com/4-section-led-illumination-series-1091998366.html
TMS LITE,IDSL-00-150-1-X-24V-4CH,table_1,STEP (3D),3D View,3D View,,https://www.tms-lite.com/4-section-led-illumination-series-1091998366.html
TMS LITE,IDSL-00-150-1-X-24V-4CH,table_1,extra_5,For further details please contact us,For further details please contact us,,https://www.tms-lite.com/4-section-led-illumination-series-1091998366.html
TMS LITE,IDSL-00-150-1-X-24V-4CH,table_1,extra_6,For further details please contact us,For further details please contact us,,https://www.tms-lite.com/4-section-led-illumination-series-1091998366.html
TMS LITE,IDSL-00-150-1-X-24V-4CH,table_1,extra_7,Datasheet - White,Datasheet - White,,https://www.tms-lite.com/4-section-led-illumination-series-1091998366.html
TMS LITE,IDT3-00-120-1-RGB,table_1,Current,200mA 160mA 160mA,200mA 160mA 160mA,mA,https://www.tms-lite.com/rgb-illumination-idt3.html
TMS LITE,IDT3-00-120-1-RGB,table_1,Datasheet,3D View,3D View,,https://www.tms-lite.com/idt3-serie.html
TMS LITE,IDT3-00-120-1-RGB,table_1,Drawing (2D),RGB: PDF,RGB: PDF,,https://www.tms-lite.com/idt3-serie.html
TMS LITE,IDT3-00-120-1-RGB,table_1,STEP (3D),RGB: DXF,RGB: DXF,,https://www.tms-lite.com/idt3-serie.html
TMS LITE,IDT3-00-120-1-RGB,table_1,Voltage (V) / Watt (W),24V / 4.80W 24V / 3.84W 24V / 3.84W,24V / 4.80W 24V / 3.84W 24V / 3.84W,V,https://www.tms-lite.com/rgb-illumination-idt3.html
TMS LITE,IDT3-00-120-1-RGB,table_1,Weight (g),710,710,g,https://www.tms-lite.com/rgb-illumination-idt3.html
TMS LITE,IDT3-00-120-1-RGB,table_1,extra_4,RGB,RGB,,https://www.tms-lite.com/idt3-serie.html
TMS LITE,IDT3-00-120-1-RGB,table_2,A (mm),148.0,148.0,mm,https://www.tms-lite.com/rgb-illumination-idt3.html
TMS LITE,IDT3-00-120-1-RGB,table_2,B (mm),133.0,133.0,mm,https://www.tms-lite.com/rgb-illumination-idt3.html
TMS LITE,IDT3-00-120-1-RGB,table_2,D (mm),133.6,133.6,mm,https://www.tms-lite.com/rgb-illumination-idt3.html
TMS LITE,IDT3-00-120-1-RGB,table_2,E (mm),75.0,75.0,mm,https://www.tms-lite.com/rgb-illumination-idt3.html
TMS LITE,IDT3-00-120-1-RGB,table_2,F (mm),61.3,61.3,mm,https://www.tms-lite.com/rgb-illumination-idt3.html
TMS LITE,IDT3-00-120-1-RGB,table_2,G (mm),44.0,44.0,g,https://www.tms-lite.com/rgb-illumination-idt3.html
TMS LITE,IDT3-00-120-1-RGB,table_2,H (mm),91.5,91.5,mm,https://www.tms-lite.com/rgb-illumination-idt3.html
TMS LITE,IDT3-00-120-1-RGB,table_2,ØC (mm),25.0,25.0,mm,https://www.tms-lite.com/rgb-illumination-idt3.html
TMS LITE,IDT3-00-120-1-RGB,table_2,ØI (mm),122.5,122.5,mm,https://www.tms-lite.com/rgb-illumination-idt3.html
TMS LITE,IDT3-00-120-1-RGB,table_3,Current,200mA 160mA 160mA,200mA 160mA 160mA,mA,https://www.tms-lite.com/idt3-serie.html
TMS LITE,IDT3-00-120-1-RGB,table_3,Datasheet,3D View,3D View,,https://www.tms-lite.com/rgb-illumination-idt3.html
TMS LITE,IDT3-00-120-1-RGB,table_3,Drawing (2D),RGB: PDF,RGB: PDF,,https://www.tms-lite.com/rgb-illumination-idt3.html
TMS LITE,IDT3-00-120-1-RGB,table_3,STEP (3D),RGB: DXF,RGB: DXF,,https://www.tms-lite.com/rgb-illumination-idt3.html
TMS LITE,IDT3-00-120-1-RGB,table_3,Voltage (V) / Watt (W),24V / 4.80W 24V / 3.84W 24V / 3.84W,24V / 4.80W 24V / 3.84W 24V / 3.84W,V,https://www.tms-lite.com/idt3-serie.html
TMS LITE,IDT3-00-120-1-RGB,table_3,Weight (g),710,710,g,https://www.tms-lite.com/idt3-serie.html
TMS LITE,IDT3-00-120-1-RGB,table_3,extra_4,RGB,RGB,,https://www.tms-lite.com/rgb-illumination-idt3.html
TMS LITE,IDT3-00-120-1-RGB,table_4,A (mm),148.0,148.0,mm,https://www.tms-lite.com/idt3-serie.html
TMS LITE,IDT3-00-120-1-RGB,table_4,B (mm),133.0,133.0,mm,https://www.tms-lite.com/idt3-serie.html
TMS LITE,IDT3-00-120-1-RGB,table_4,D (mm),133.6,133.6,mm,https://www.tms-lite.com/idt3-serie.html
TMS LITE,IDT3-00-120-1-RGB,table_4,E (mm),75.0,75.0,mm,https://www.tms-lite.com/idt3-serie.html
TMS LITE,IDT3-00-120-1-RGB,table_4,F (mm),61.3,61.3,mm,https://www.tms-lite.com/idt3-serie.html
TMS LITE,IDT3-00-120-1-RGB,table_4,G (mm),44.0,44.0,g,https://www.tms-lite.com/idt3-serie.html
TMS LITE,IDT3-00-120-1-RGB,table_4,H (mm),91.5,91.5,mm,https://www.tms-lite.com/idt3-serie.html
TMS LITE,IDT3-00-120-1-RGB,table_4,ØC (mm),25.0,25.0,mm,https://www.tms-lite.com/idt3-serie.html
TMS LITE,IDT3-00-120-1-RGB,table_4,ØI (mm),122.5,122.5,mm,https://www.tms-lite.com/idt3-serie.html
TMS LITE,IDT3-00-120-1-X,table_1,Datasheet,3D View,3D View,,https://www.tms-lite.com/idt3-serie.html
TMS LITE,IDT3-00-120-1-X,table_1,Drawing (2D),PDF,PDF,,https://www.tms-lite.com/idt3-serie.html
TMS LITE,IDT3-00-120-1-X,table_1,STEP (3D),DXF,DXF,,https://www.tms-lite.com/idt3-serie.html
TMS LITE,IDT3-00-120-1-X,table_1,extra_4,Red,Red,,https://www.tms-lite.com/idt3-serie.html
TMS LITE,IDT3-00-120-1-X,table_1,extra_5,Green,Green,,https://www.tms-lite.com/idt3-serie.html
TMS LITE,IDT3-00-120-1-X,table_1,extra_6,Blue,Blue,,https://www.tms-lite.com/idt3-serie.html
TMS LITE,IDT3-00-120-1-X,table_1,extra_7,White,White,,https://www.tms-lite.com/idt3-serie.html
TMS LITE,IDT3-00-120-1-X,table_2,Current,360mA 320mA,360mA 320mA,mA,https://www.tms-lite.com/idt3-serie.html
TMS LITE,IDT3-00-120-1-X,table_2,Voltage (V) / Watt (W),24V / 8.64W 24V / 7.68W,24V / 8.64W 24V / 7.68W,V,https://www.tms-lite.com/idt3-serie.html
TMS LITE,IDT3-00-120-1-X,table_2,Weight (g),710,710,g,https://www.tms-lite.com/idt3-serie.html
TMS LITE,IDT3-00-120-1-X,table_4,A (mm),148.0,148.0,mm,https://www.tms-lite.com/idt3-serie.html
TMS LITE,IDT3-00-120-1-X,table_4,B (mm),133.0,133.0,mm,https://www.tms-lite.com/idt3-serie.html
TMS LITE,IDT3-00-120-1-X,table_4,D (mm),133.6,133.6,mm,https://www.tms-lite.com/idt3-serie.html
TMS LITE,IDT3-00-120-1-X,table_4,E (mm),75.0,75.0,mm,https://www.tms-lite.com/idt3-serie.html
TMS LITE,IDT3-00-120-1-X,table_4,F (mm),61.3,61.3,mm,https://www.tms-lite.com/idt3-serie.html
TMS LITE,IDT3-00-120-1-X,table_4,G (mm),44.0,44.0,g,https://www.tms-lite.com/idt3-serie.html
TMS LITE,IDT3-00-120-1-X,table_4,H (mm),91.5,91.5,mm,https://www.tms-lite.com/idt3-serie.html
TMS LITE,IDT3-00-120-1-X,table_4,ØC (mm),25.0,25.0,mm,https://www.tms-lite.com/idt3-serie.html
TMS LITE,IDT3-00-120-1-X,table_4,ØI (mm),122.5,122.5,mm,https://www.tms-lite.com/idt3-serie.html
TMS LITE,IDT3-00-150-1-RGB,table_1,Current,250mA 200mA 200mA,250mA 200mA 200mA,mA,https://www.tms-lite.com/rgb-illumination-idt3.html
TMS LITE,IDT3-00-150-1-RGB,table_1,Datasheet,3D View,3D View,,https://www.tms-lite.com/idt3-serie.html
TMS LITE,IDT3-00-150-1-RGB,table_1,Drawing (2D),RGB: PDF,RGB: PDF,,https://www.tms-lite.com/idt3-serie.html
TMS LITE,IDT3-00-150-1-RGB,table_1,STEP (3D),RGB: DXF,RGB: DXF,,https://www.tms-lite.com/idt3-serie.html
TMS LITE,IDT3-00-150-1-RGB,table_1,Voltage (V) / Watt (W),24V / 6.00W 24V / 4.80W 24V / 4.80W,24V / 6.00W 24V / 4.80W 24V / 4.80W,V,https://www.tms-lite.com/rgb-illumination-idt3.html
TMS LITE,IDT3-00-150-1-RGB,table_1,Weight (g),730,730,g,https://www.tms-lite.com/rgb-illumination-idt3.html
TMS LITE,IDT3-00-150-1-RGB,table_1,extra_4,RGB,RGB,,https://www.tms-lite.com/idt3-serie.html
TMS LITE,IDT3-00-150-1-RGB,table_2,A (mm),177.8,177.8,mm,https://www.tms-lite.com/rgb-illumination-idt3.html
TMS LITE,IDT3-00-150-1-RGB,table_2,B (mm),163.0,163.0,mm,https://www.tms-lite.com/rgb-illumination-idt3.html
TMS LITE,IDT3-00-150-1-RGB,table_2,D (mm),163.8,163.8,mm,https://www.tms-lite.com/rgb-illumination-idt3.html
TMS LITE,IDT3-00-150-1-RGB,table_2,E (mm),103.9,103.9,mm,https://www.tms-lite.com/rgb-illumination-idt3.html
TMS LITE,IDT3-00-150-1-RGB,table_2,F (mm),76.3,76.3,mm,https://www.tms-lite.com/rgb-illumination-idt3.html
TMS LITE,IDT3-00-150-1-RGB,table_2,G (mm),74.0,74.0,g,https://www.tms-lite.com/rgb-illumination-idt3.html
TMS LITE,IDT3-00-150-1-RGB,table_2,H (mm),106.5,106.5,mm,https://www.tms-lite.com/rgb-illumination-idt3.html
TMS LITE,IDT3-00-150-1-RGB,table_2,ØC (mm),25.0,25.0,mm,https://www.tms-lite.com/rgb-illumination-idt3.html
TMS LITE,IDT3-00-150-1-RGB,table_2,ØI (mm),152.5,152.5,mm,https://www.tms-lite.com/rgb-illumination-idt3.html
TMS LITE,IDT3-00-150-1-RGB,table_3,Current,250mA 200mA 200mA,250mA 200mA 200mA,mA,https://www.tms-lite.com/idt3-serie.html
TMS LITE,IDT3-00-150-1-RGB,table_3,Datasheet,3D View,3D View,,https://www.tms-lite.com/rgb-illumination-idt3.html
TMS LITE,IDT3-00-150-1-RGB,table_3,Drawing (2D),RGB: PDF,RGB: PDF,,https://www.tms-lite.com/rgb-illumination-idt3.html
TMS LITE,IDT3-00-150-1-RGB,table_3,STEP (3D),RGB: DXF,RGB: DXF,,https://www.tms-lite.com/rgb-illumination-idt3.html
TMS LITE,IDT3-00-150-1-RGB,table_3,Voltage (V) / Watt (W),24V / 6.00W 24V / 4.80W 24V / 4.80W,24V / 6.00W 24V / 4.80W 24V / 4.80W,V,https://www.tms-lite.com/idt3-serie.html
TMS LITE,IDT3-00-150-1-RGB,table_3,Weight (g),730,730,g,https://www.tms-lite.com/idt3-serie.html
TMS LITE,IDT3-00-150-1-RGB,table_3,extra_4,RGB,RGB,,https://www.tms-lite.com/rgb-illumination-idt3.html
TMS LITE,IDT3-00-150-1-RGB,table_4,A (mm),177.8,177.8,mm,https://www.tms-lite.com/idt3-serie.html
TMS LITE,IDT3-00-150-1-RGB,table_4,B (mm),163.0,163.0,mm,https://www.tms-lite.com/idt3-serie.html
TMS LITE,IDT3-00-150-1-RGB,table_4,D (mm),163.8,163.8,mm,https://www.tms-lite.com/idt3-serie.html
TMS LITE,IDT3-00-150-1-RGB,table_4,E (mm),103.9,103.9,mm,https://www.tms-lite.com/idt3-serie.html
TMS LITE,IDT3-00-150-1-RGB,table_4,F (mm),76.3,76.3,mm,https://www.tms-lite.com/idt3-serie.html
TMS LITE,IDT3-00-150-1-RGB,table_4,G (mm),74.0,74.0,g,https://www.tms-lite.com/idt3-serie.html
TMS LITE,IDT3-00-150-1-RGB,table_4,H (mm),106.5,106.5,mm,https://www.tms-lite.com/idt3-serie.html
TMS LITE,IDT3-00-150-1-RGB,table_4,ØC (mm),25.0,25.0,mm,https://www.tms-lite.com/idt3-serie.html
TMS LITE,IDT3-00-150-1-RGB,table_4,ØI (mm),152.5,152.5,mm,https://www.tms-lite.com/idt3-serie.html
TMS LITE,IDT3-00-150-1-X,table_1,Datasheet,3D View,3D View,,https://www.tms-lite.com/idt3-serie.html
TMS LITE,IDT3-00-150-1-X,table_1,Drawing (2D),PDF,PDF,,https://www.tms-lite.com/idt3-serie.html
TMS LITE,IDT3-00-150-1-X,table_1,STEP (3D),DXF,DXF,,https://www.tms-lite.com/idt3-serie.html
TMS LITE,IDT3-00-150-1-X,table_1,extra_4,Red,Red,,https://www.tms-lite.com/idt3-serie.html
TMS LITE,IDT3-00-150-1-X,table_1,extra_5,Green,Green,,https://www.tms-lite.com/idt3-serie.html
TMS LITE,IDT3-00-150-1-X,table_1,extra_6,Blue,Blue,,https://www.tms-lite.com/idt3-serie.html
TMS LITE,IDT3-00-150-1-X,table_1,extra_7,White,White,,https://www.tms-lite.com/idt3-serie.html
TMS LITE,IDT3-00-150-1-X,table_2,Current,450mA 400mA,450mA 400mA,mA,https://www.tms-lite.com/idt3-serie.html
TMS LITE,IDT3-00-150-1-X,table_2,Voltage (V) / Watt (W),24V / 10.80W 24V / 9.60W,24V / 10.80W 24V / 9.60W,V,https://www.tms-lite.com/idt3-serie.html
TMS LITE,IDT3-00-150-1-X,table_2,Weight (g),730,730,g,https://www.tms-lite.com/idt3-serie.html
TMS LITE,IDT3-00-150-1-X,table_4,A (mm),177.8,177.8,mm,https://www.tms-lite.com/idt3-serie.html
TMS LITE,IDT3-00-150-1-X,table_4,B (mm),163.0,163.0,mm,https://www.tms-lite.com/idt3-serie.html
TMS LITE,IDT3-00-150-1-X,table_4,D (mm),163.8,163.8,mm,https://www.tms-lite.com/idt3-serie.html
TMS LITE,IDT3-00-150-1-X,table_4,E (mm),103.9,103.9,mm,https://www.tms-lite.com/idt3-serie.html
TMS LITE,IDT3-00-150-1-X,table_4,F (mm),76.3,76.3,mm,https://www.tms-lite.com/idt3-serie.html
TMS LITE,IDT3-00-150-1-X,table_4,G (mm),74.0,74.0,g,https://www.tms-lite.com/idt3-serie.html
TMS LITE,IDT3-00-150-1-X,table_4,H (mm),106.5,106.5,mm,https://www.tms-lite.com/idt3-serie.html
TMS LITE,IDT3-00-150-1-X,table_4,ØC (mm),25.0,25.0,mm,https://www.tms-lite.com/idt3-serie.html
TMS LITE,IDT3-00-150-1-X,table_4,ØI (mm),152.5,152.5,mm,https://www.tms-lite.com/idt3-serie.html
TMS LITE,IDT3-00-200-1-RGB,table_1,Current,250mA 200mA 200mA,250mA 200mA 200mA,mA,https://www.tms-lite.com/rgb-illumination-idt3.html
TMS LITE,IDT3-00-200-1-RGB,table_1,Datasheet,3D View,3D View,,https://www.tms-lite.com/idt3-serie.html
TMS LITE,IDT3-00-200-1-RGB,table_1,Drawing (2D),RGB: PDF,RGB: PDF,,https://www.tms-lite.com/idt3-serie.html
TMS LITE,IDT3-00-200-1-RGB,table_1,STEP (3D),RGB: DXF,RGB: DXF,,https://www.tms-lite.com/idt3-serie.html
TMS LITE,IDT3-00-200-1-RGB,table_1,Voltage (V) / Watt (W),24V / 6.00W 24V / 4.80W 24V / 4.80W,24V / 6.00W 24V / 4.80W 24V / 4.80W,V,https://www.tms-lite.com/rgb-illumination-idt3.html
TMS LITE,IDT3-00-200-1-RGB,table_1,Weight (g),750,750,g,https://www.tms-lite.com/rgb-illumination-idt3.html
TMS LITE,IDT3-00-200-1-RGB,table_1,extra_4,RGB,RGB,,https://www.tms-lite.com/idt3-serie.html
TMS LITE,IDT3-00-200-1-RGB,table_2,A (mm),227.2,227.2,mm,https://www.tms-lite.com/rgb-illumination-idt3.html
TMS LITE,IDT3-00-200-1-RGB,table_2,B (mm),163.0,163.0,mm,https://www.tms-lite.com/rgb-illumination-idt3.html
TMS LITE,IDT3-00-200-1-RGB,table_2,D (mm),213.2,213.2,mm,https://www.tms-lite.com/rgb-illumination-idt3.html
TMS LITE,IDT3-00-200-1-RGB,table_2,E (mm),105.0,105.0,mm,https://www.tms-lite.com/rgb-illumination-idt3.html
TMS LITE,IDT3-00-200-1-RGB,table_2,F (mm),101.3,101.3,mm,https://www.tms-lite.com/rgb-illumination-idt3.html
TMS LITE,IDT3-00-200-1-RGB,table_2,G (mm),124.0,124.0,g,https://www.tms-lite.com/rgb-illumination-idt3.html
TMS LITE,IDT3-00-200-1-RGB,table_2,H (mm),131.5,131.5,mm,https://www.tms-lite.com/rgb-illumination-idt3.html
TMS LITE,IDT3-00-200-1-RGB,table_2,ØC (mm),25.0,25.0,mm,https://www.tms-lite.com/rgb-illumination-idt3.html
TMS LITE,IDT3-00-200-1-RGB,table_2,ØI (mm),202.5,202.5,mm,https://www.tms-lite.com/rgb-illumination-idt3.html
TMS LITE,IDT3-00-200-1-RGB,table_3,Current,250mA 200mA 200mA,250mA 200mA 200mA,mA,https://www.tms-lite.com/idt3-serie.html
TMS LITE,IDT3-00-200-1-RGB,table_3,Datasheet,3D View,3D View,,https://www.tms-lite.com/rgb-illumination-idt3.html
TMS LITE,IDT3-00-200-1-RGB,table_3,Drawing (2D),RGB: PDF,RGB: PDF,,https://www.tms-lite.com/rgb-illumination-idt3.html
TMS LITE,IDT3-00-200-1-RGB,table_3,STEP (3D),RGB: DXF,RGB: DXF,,https://www.tms-lite.com/rgb-illumination-idt3.html
TMS LITE,IDT3-00-200-1-RGB,table_3,Voltage (V) / Watt (W),24V / 6.00W 24V / 4.80W 24V / 4.80W,24V / 6.00W 24V / 4.80W 24V / 4.80W,V,https://www.tms-lite.com/idt3-serie.html
TMS LITE,IDT3-00-200-1-RGB,table_3,Weight (g),750,750,g,https://www.tms-lite.com/idt3-serie.html
TMS LITE,IDT3-00-200-1-RGB,table_3,extra_4,RGB,RGB,,https://www.tms-lite.com/rgb-illumination-idt3.html
TMS LITE,IDT3-00-200-1-RGB,table_4,A (mm),227.2,227.2,mm,https://www.tms-lite.com/idt3-serie.html
TMS LITE,IDT3-00-200-1-RGB,table_4,B (mm),163.0,163.0,mm,https://www.tms-lite.com/idt3-serie.html
TMS LITE,IDT3-00-200-1-RGB,table_4,D (mm),213.2,213.2,mm,https://www.tms-lite.com/idt3-serie.html
TMS LITE,IDT3-00-200-1-RGB,table_4,E (mm),105.0,105.0,mm,https://www.tms-lite.com/idt3-serie.html
TMS LITE,IDT3-00-200-1-RGB,table_4,F (mm),101.3,101.3,mm,https://www.tms-lite.com/idt3-serie.html
TMS LITE,IDT3-00-200-1-RGB,table_4,G (mm),124.0,124.0,g,https://www.tms-lite.com/idt3-serie.html
TMS LITE,IDT3-00-200-1-RGB,table_4,H (mm),131.5,131.5,mm,https://www.tms-lite.com/idt3-serie.html
TMS LITE,IDT3-00-200-1-RGB,table_4,ØC (mm),25.0,25.0,mm,https://www.tms-lite.com/idt3-serie.html
TMS LITE,IDT3-00-200-1-RGB,table_4,ØI (mm),202.5,202.5,mm,https://www.tms-lite.com/idt3-serie.html
TMS LITE,IDT3-00-200-1-X,table_1,Datasheet,3D View,3D View,,https://www.tms-lite.com/idt3-serie.html
TMS LITE,IDT3-00-200-1-X,table_1,Drawing (2D),PDF,PDF,,https://www.tms-lite.com/idt3-serie.html
TMS LITE,IDT3-00-200-1-X,table_1,STEP (3D),DXF,DXF,,https://www.tms-lite.com/idt3-serie.html
TMS LITE,IDT3-00-200-1-X,table_1,extra_4,Red,Red,,https://www.tms-lite.com/idt3-serie.html
TMS LITE,IDT3-00-200-1-X,table_1,extra_5,Green,Green,,https://www.tms-lite.com/idt3-serie.html
TMS LITE,IDT3-00-200-1-X,table_1,extra_6,Blue,Blue,,https://www.tms-lite.com/idt3-serie.html
TMS LITE,IDT3-00-200-1-X,table_1,extra_7,White,White,,https://www.tms-lite.com/idt3-serie.html
TMS LITE,IDT3-00-200-1-X,table_2,Current,450mA 400mA,450mA 400mA,mA,https://www.tms-lite.com/idt3-serie.html
TMS LITE,IDT3-00-200-1-X,table_2,Voltage (V) / Watt (W),24V / 10.80W 24V / 9.60W,24V / 10.80W 24V / 9.60W,V,https://www.tms-lite.com/idt3-serie.html
TMS LITE,IDT3-00-200-1-X,table_2,Weight (g),750,750,g,https://www.tms-lite.com/idt3-serie.html
TMS LITE,IDT3-00-200-1-X,table_4,A (mm),227.2,227.2,mm,https://www.tms-lite.com/idt3-serie.html
TMS LITE,IDT3-00-200-1-X,table_4,B (mm),163.0,163.0,mm,https://www.tms-lite.com/idt3-serie.html
TMS LITE,IDT3-00-200-1-X,table_4,D (mm),213.2,213.2,mm,https://www.tms-lite.com/idt3-serie.html
TMS LITE,IDT3-00-200-1-X,table_4,E (mm),105.0,105.0,mm,https://www.tms-lite.com/idt3-serie.html
TMS LITE,IDT3-00-200-1-X,table_4,F (mm),101.3,101.3,mm,https://www.tms-lite.com/idt3-serie.html
TMS LITE,IDT3-00-200-1-X,table_4,G (mm),124.0,124.0,g,https://www.tms-lite.com/idt3-serie.html
TMS LITE,IDT3-00-200-1-X,table_4,H (mm),131.5,131.5,mm,https://www.tms-lite.com/idt3-serie.html
TMS LITE,IDT3-00-200-1-X,table_4,ØC (mm),25.0,25.0,mm,https://www.tms-lite.com/idt3-serie.html
TMS LITE,IDT3-00-200-1-X,table_4,ØI (mm),202.5,202.5,mm,https://www.tms-lite.com/idt3-serie.html
TMS LITE,IR850,table_2,Colour,24V / 6.48W,24V / 6.48W,,https://www.tms-lite.com/lla-60-serie.html
TMS LITE,IR850,table_2,Voltage (V) / Watt (W),270mA,270mA,mA,https://www.tms-lite.com/lla-60-serie.html
TMS LITE,LBL3-00-100-X-X,table_1,Datasheet,3D View,3D View,,https://www.tms-lite.com/lbl3-serie.html
TMS LITE,LBL3-00-100-X-X,table_1,Drawing (2D),PDF,PDF,,https://www.tms-lite.com/lbl3-serie.html
TMS LITE,LBL3-00-100-X-X,table_1,STEP (3D),DXF,DXF,,https://www.tms-lite.com/lbl3-serie.html
TMS LITE,LBL3-00-100-X-X,table_1,extra_4,Red,Red,,https://www.tms-lite.com/lbl3-serie.html
TMS LITE,LBL3-00-100-X-X,table_1,extra_5,Green,Green,,https://www.tms-lite.com/lbl3-serie.html
TMS LITE,LBL3-00-100-X-X,table_1,extra_6,Blue,Blue,,https://www.tms-lite.com/lbl3-serie.html
TMS LITE,LBL3-00-100-X-X,table_1,extra_7,White,White,,https://www.tms-lite.com/lbl3-serie.html
TMS LITE,LBL3-00-100-X-X,table_2,Current,90mA 150mA,90mA 150mA,mA,https://www.tms-lite.com/lbl3-serie.html
TMS LITE,LBL3-00-100-X-X,table_2,Voltage (V) / Watt (W),24V / 2.16W 24V / 3.60W,24V / 2.16W 24V / 3.60W,V,https://www.tms-lite.com/lbl3-serie.html
TMS LITE,LBL3-00-100-X-X,table_2,Weight (g),150,150,g,https://www.tms-lite.com/lbl3-serie.html
TMS LITE,LBL3-00-100-X-X,table_3,A (mm),120.0,120.0,mm,https://www.tms-lite.com/lbl3-serie.html
TMS LITE,LBL3-00-100-X-X,table_3,B (mm),99.0,99.0,mm,https://www.tms-lite.com/lbl3-serie.html
TMS LITE,LBL3-00-100-X-X,table_3,C (mm),110.0,110.0,mm,https://www.tms-lite.com/lbl3-serie.html
TMS LITE,LBL3-00-1000-X-X,table_1,Datasheet,3D View,3D View,,https://www.tms-lite.com/lbl3-serie.html
TMS LITE,LBL3-00-1000-X-X,table_1,Drawing (2D),PDF,PDF,,https://www.tms-lite.com/lbl3-serie.html
TMS LITE,LBL3-00-1000-X-X,table_1,STEP (3D),DXF,DXF,,https://www.tms-lite.com/lbl3-serie.html
TMS LITE,LBL3-00-1000-X-X,table_1,extra_4,Red,Red,,https://www.tms-lite.com/lbl3-serie.html
TMS LITE,LBL3-00-1000-X-X,table_1,extra_5,Green,Green,,https://www.tms-lite.com/lbl3-serie.html
TMS LITE,LBL3-00-1000-X-X,table_1,extra_6,Blue,Blue,,https://www.tms-lite.com/lbl3-serie.html
TMS LITE,LBL3-00-1000-X-X,table_1,extra_7,White,White,,https://www.tms-lite.com/lbl3-serie.html
TMS LITE,LBL3-00-1000-X-X,table_2,Current,900mA 1500mA,900mA 1500mA,mA,https://www.tms-lite.com/lbl3-serie.html
TMS LITE,LBL3-00-1000-X-X,table_2,Voltage (V) / Watt (W),24V / 21.60W 24V / 36.00W,24V / 21.60W 24V / 36.00W,V,https://www.tms-lite.com/lbl3-serie.html
TMS LITE,LBL3-00-1000-X-X,table_2,Weight (g),930,930,g,https://www.tms-lite.com/lbl3-serie.html
TMS LITE,LBL3-00-1000-X-X,table_3,A (mm),1020.0,1020.0,mm,https://www.tms-lite.com/lbl3-serie.html
TMS LITE,LBL3-00-1000-X-X,table_3,B (mm),999.0,999.0,mm,https://www.tms-lite.com/lbl3-serie.html
TMS LITE,LBL3-00-1000-X-X,table_3,C (mm),1010.0,1010.0,mm,https://www.tms-lite.com/lbl3-serie.html
TMS LITE,LBL3-00-200-X-X,table_1,Datasheet,3D View,3D View,,https://www.tms-lite.com/lbl3-serie.html
TMS LITE,LBL3-00-200-X-X,table_1,Drawing (2D),PDF,PDF,,https://www.tms-lite.com/lbl3-serie.html
TMS LITE,LBL3-00-200-X-X,table_1,STEP (3D),DXF,DXF,,https://www.tms-lite.com/lbl3-serie.html
TMS LITE,LBL3-00-200-X-X,table_1,extra_4,Red,Red,,https://www.tms-lite.com/lbl3-serie.html
TMS LITE,LBL3-00-200-X-X,table_1,extra_5,Green,Green,,https://www.tms-lite.com/lbl3-serie.html
TMS LITE,LBL3-00-200-X-X,table_1,extra_6,Blue,Blue,,https://www.tms-lite.com/lbl3-serie.html
TMS LITE,LBL3-00-200-X-X,table_1,extra_7,White,White,,https://www.tms-lite.com/lbl3-serie.html
TMS LITE,LBL3-00-200-X-X,table_2,Current,180mA 300mA,180mA 300mA,mA,https://www.tms-lite.com/lbl3-serie.html
TMS LITE,LBL3-00-200-X-X,table_2,Voltage (V) / Watt (W),24V / 4.32W 24V / 7.20W,24V / 4.32W 24V / 7.20W,V,https://www.tms-lite.com/lbl3-serie.html
TMS LITE,LBL3-00-200-X-X,table_2,Weight (g),240,240,g,https://www.tms-lite.com/lbl3-serie.html
TMS LITE,LBL3-00-200-X-X,table_3,A (mm),220.0,220.0,mm,https://www.tms-lite.com/lbl3-serie.html
TMS LITE,LBL3-00-200-X-X,table_3,B (mm),200.0,200.0,mm,https://www.tms-lite.com/lbl3-serie.html
TMS LITE,LBL3-00-200-X-X,table_3,C (mm),210.0,210.0,mm,https://www.tms-lite.com/lbl3-serie.html
TMS LITE,LBL3-00-300-X-X,table_1,Datasheet,3D View,3D View,,https://www.tms-lite.com/lbl3-serie.html
TMS LITE,LBL3-00-300-X-X,table_1,Drawing (2D),PDF,PDF,,https://www.tms-lite.com/lbl3-serie.html
TMS LITE,LBL3-00-300-X-X,table_1,STEP (3D),DXF,DXF,,https://www.tms-lite.com/lbl3-serie.html
TMS LITE,LBL3-00-300-X-X,table_1,extra_4,Red,Red,,https://www.tms-lite.com/lbl3-serie.html
TMS LITE,LBL3-00-300-X-X,table_1,extra_5,Green,Green,,https://www.tms-lite.com/lbl3-serie.html
TMS LITE,LBL3-00-300-X-X,table_1,extra_6,Blue,Blue,,https://www.tms-lite.com/lbl3-serie.html
TMS LITE,LBL3-00-300-X-X,table_1,extra_7,White,White,,https://www.tms-lite.com/lbl3-serie.html
TMS LITE,LBL3-00-300-X-X,table_2,Current,270mA 450mA,270mA 450mA,mA,https://www.tms-lite.com/lbl3-serie.html
TMS LITE,LBL3-00-300-X-X,table_2,Voltage (V) / Watt (W),24V / 6.48W 24V / 10.80W,24V / 6.48W 24V / 10.80W,V,https://www.tms-lite.com/lbl3-serie.html
TMS LITE,LBL3-00-300-X-X,table_2,Weight (g),340,340,g,https://www.tms-lite.com/lbl3-serie.html
TMS LITE,LBL3-00-300-X-X,table_3,A (mm),300.0,300.0,mm,https://www.tms-lite.com/lbl3-serie.html
TMS LITE,LBL3-00-300-X-X,table_3,B (mm),300.0,300.0,mm,https://www.tms-lite.com/lbl3-serie.html
TMS LITE,LBL3-00-300-X-X,table_3,C (mm),310.0,310.0,mm,https://www.tms-lite.com/lbl3-serie.html
TMS LITE,LBL3-00-400-X-X,table_1,Datasheet,3D View,3D View,,https://www.tms-lite.com/lbl3-serie.html
TMS LITE,LBL3-00-400-X-X,table_1,Drawing (2D),PDF,PDF,,https://www.tms-lite.com/lbl3-serie.html
TMS LITE,LBL3-00-400-X-X,table_1,STEP (3D),DXF,DXF,,https://www.tms-lite.com/lbl3-serie.html
TMS LITE,LBL3-00-400-X-X,table_1,extra_4,Red,Red,,https://www.tms-lite.com/lbl3-serie.html
TMS LITE,LBL3-00-400-X-X,table_1,extra_5,Green,Green,,https://www.tms-lite.com/lbl3-serie.html
TMS LITE,LBL3-00-400-X-X,table_1,extra_6,Blue,Blue,,https://www.tms-lite.com/lbl3-serie.html
TMS LITE,LBL3-00-400-X-X,table_1,extra_7,White,White,,https://www.tms-lite.com/lbl3-serie.html
TMS LITE,LBL3-00-400-X-X,table_2,Current,360mA 600mA,360mA 600mA,mA,https://www.tms-lite.com/lbl3-serie.html
TMS LITE,LBL3-00-400-X-X,table_2,Voltage (V) / Watt (W),24V / 8.64W 24V / 14.40W,24V / 8.64W 24V / 14.40W,V,https://www.tms-lite.com/lbl3-serie.html
TMS LITE,LBL3-00-400-X-X,table_2,Weight (g),450,450,g,https://www.tms-lite.com/lbl3-serie.html
TMS LITE,LBL3-00-400-X-X,table_3,A (mm),420.0,420.0,mm,https://www.tms-lite.com/lbl3-serie.html
TMS LITE,LBL3-00-400-X-X,table_3,B (mm),400.0,400.0,mm,https://www.tms-lite.com/lbl3-serie.html
TMS LITE,LBL3-00-400-X-X,table_3,C (mm),410.0,410.0,mm,https://www.tms-lite.com/lbl3-serie.html
TMS LITE,LBL3-00-500-X-X,table_1,Datasheet,3D View,3D View,,https://www.tms-lite.com/lbl3-serie.html
TMS LITE,LBL3-00-500-X-X,table_1,Drawing (2D),PDF,PDF,,https://www.tms-lite.com/lbl3-serie.html
TMS LITE,LBL3-00-500-X-X,table_1,STEP (3D),DXF,DXF,,https://www.tms-lite.com/lbl3-serie.html
TMS LITE,LBL3-00-500-X-X,table_1,extra_4,Red,Red,,https://www.tms-lite.com/lbl3-serie.html
TMS LITE,LBL3-00-500-X-X,table_1,extra_5,Green,Green,,https://www.tms-lite.com/lbl3-serie.html
TMS LITE,LBL3-00-500-X-X,table_1,extra_6,Blue,Blue,,https://www.tms-lite.com/lbl3-serie.html
TMS LITE,LBL3-00-500-X-X,table_1,extra_7,White,White,,https://www.tms-lite.com/lbl3-serie.html
TMS LITE,LBL3-00-500-X-X,table_2,Current,450mA 750mA,450mA 750mA,mA,https://www.tms-lite.com/lbl3-serie.html
TMS LITE,LBL3-00-500-X-X,table_2,Voltage (V) / Watt (W),24V / 10.80W 24V / 18.00W,24V / 10.80W 24V / 18.00W,V,https://www.tms-lite.com/lbl3-serie.html
TMS LITE,LBL3-00-500-X-X,table_2,Weight (g),530,530,g,https://www.tms-lite.com/lbl3-serie.html
TMS LITE,LBL3-00-500-X-X,table_3,A (mm),520.0,520.0,mm,https://www.tms-lite.com/lbl3-serie.html
TMS LITE,LBL3-00-500-X-X,table_3,B (mm),499.0,499.0,mm,https://www.tms-lite.com/lbl3-serie.html
TMS LITE,LBL3-00-500-X-X,table_3,C (mm),510.0,510.0,mm,https://www.tms-lite.com/lbl3-serie.html
TMS LITE,LBL3-00-600-X-X,table_1,Datasheet,3D View,3D View,,https://www.tms-lite.com/lbl3-serie.html
TMS LITE,LBL3-00-600-X-X,table_1,Drawing (2D),PDF,PDF,,https://www.tms-lite.com/lbl3-serie.html
TMS LITE,LBL3-00-600-X-X,table_1,STEP (3D),DXF,DXF,,https://www.tms-lite.com/lbl3-serie.html
TMS LITE,LBL3-00-600-X-X,table_1,extra_4,Red,Red,,https://www.tms-lite.com/lbl3-serie.html
TMS LITE,LBL3-00-600-X-X,table_1,extra_5,Green,Green,,https://www.tms-lite.com/lbl3-serie.html
TMS LITE,LBL3-00-600-X-X,table_1,extra_6,Blue,Blue,,https://www.tms-lite.com/lbl3-serie.html
TMS LITE,LBL3-00-600-X-X,table_1,extra_7,White,White,,https://www.tms-lite.com/lbl3-serie.html
TMS LITE,LBL3-00-600-X-X,table_2,Current,540mA 900mA,540mA 900mA,mA,https://www.tms-lite.com/lbl3-serie.html
TMS LITE,LBL3-00-600-X-X,table_2,Voltage (V) / Watt (W),24V / 12.96W 24V / 21.60W,24V / 12.96W 24V / 21.60W,V,https://www.tms-lite.com/lbl3-serie.html
TMS LITE,LBL3-00-600-X-X,table_2,Weight (g),580,580,g,https://www.tms-lite.com/lbl3-serie.html
TMS LITE,LBL3-00-600-X-X,table_3,A (mm),620.0,620.0,mm,https://www.tms-lite.com/lbl3-serie.html
TMS LITE,LBL3-00-600-X-X,table_3,B (mm),599.0,599.0,mm,https://www.tms-lite.com/lbl3-serie.html
TMS LITE,LBL3-00-600-X-X,table_3,C (mm),610.0,610.0,mm,https://www.tms-lite.com/lbl3-serie.html
TMS LITE,LBL3-00-700-X-X,table_1,Datasheet,3D View,3D View,,https://www.tms-lite.com/lbl3-serie.html
TMS LITE,LBL3-00-700-X-X,table_1,Drawing (2D),PDF,PDF,,https://www.tms-lite.com/lbl3-serie.html
TMS LITE,LBL3-00-700-X-X,table_1,STEP (3D),DXF,DXF,,https://www.tms-lite.com/lbl3-serie.html
TMS LITE,LBL3-00-700-X-X,table_1,extra_4,Red,Red,,https://www.tms-lite.com/lbl3-serie.html
TMS LITE,LBL3-00-700-X-X,table_1,extra_5,Green,Green,,https://www.tms-lite.com/lbl3-serie.html
TMS LITE,LBL3-00-700-X-X,table_1,extra_6,Blue,Blue,,https://www.tms-lite.com/lbl3-serie.html
TMS LITE,LBL3-00-700-X-X,table_1,extra_7,White,White,,https://www.tms-lite.com/lbl3-serie.html
TMS LITE,LBL3-00-700-X-X,table_2,Current,630mA 1050mA,630mA 1050mA,mA,https://www.tms-lite.com/lbl3-serie.html
TMS LITE,LBL3-00-700-X-X,table_2,Voltage (V) / Watt (W),24V / 15.12W 24V / 25.20W,24V / 15.12W 24V / 25.20W,V,https://www.tms-lite.com/lbl3-serie.html
TMS LITE,LBL3-00-700-X-X,table_2,Weight (g),720,720,g,https://www.tms-lite.com/lbl3-serie.html
TMS LITE,LBL3-00-700-X-X,table_3,A (mm),720.0,720.0,mm,https://www.tms-lite.com/lbl3-serie.html
TMS LITE,LBL3-00-700-X-X,table_3,B (mm),699.0,699.0,mm,https://www.tms-lite.com/lbl3-serie.html
TMS LITE,LBL3-00-700-X-X,table_3,C (mm),710.0,710.0,mm,https://www.tms-lite.com/lbl3-serie.html
TMS LITE,LBL3-00-800-X-X,table_1,Datasheet,3D View,3D View,,https://www.tms-lite.com/lbl3-serie.html
TMS LITE,LBL3-00-800-X-X,table_1,Drawing (2D),PDF,PDF,,https://www.tms-lite.com/lbl3-serie.html
TMS LITE,LBL3-00-800-X-X,table_1,STEP (3D),DXF,DXF,,https://www.tms-lite.com/lbl3-serie.html
TMS LITE,LBL3-00-800-X-X,table_1,extra_4,Red,Red,,https://www.tms-lite.com/lbl3-serie.html
TMS LITE,LBL3-00-800-X-X,table_1,extra_5,Green,Green,,https://www.tms-lite.com/lbl3-serie.html
TMS LITE,LBL3-00-800-X-X,table_1,extra_6,Blue,Blue,,https://www.tms-lite.com/lbl3-serie.html
TMS LITE,LBL3-00-800-X-X,table_1,extra_7,White,White,,https://www.tms-lite.com/lbl3-serie.html
TMS LITE,LBL3-00-800-X-X,table_2,Current,720mA 1200mA,720mA 1200mA,mA,https://www.tms-lite.com/lbl3-serie.html
TMS LITE,LBL3-00-800-X-X,table_2,Voltage (V) / Watt (W),24V / 17.28W 24V / 28.80W,24V / 17.28W 24V / 28.80W,V,https://www.tms-lite.com/lbl3-serie.html
TMS LITE,LBL3-00-800-X-X,table_2,Weight (g),780,780,g,https://www.tms-lite.com/lbl3-serie.html
TMS LITE,LBL3-00-800-X-X,table_3,A (mm),820.0,820.0,mm,https://www.tms-lite.com/lbl3-serie.html
TMS LITE,LBL3-00-800-X-X,table_3,B (mm),799.0,799.0,mm,https://www.tms-lite.com/lbl3-serie.html
TMS LITE,LBL3-00-800-X-X,table_3,C (mm),810.0,810.0,mm,https://www.tms-lite.com/lbl3-serie.html
TMS LITE,LBL3-00-900-X-X,table_1,Datasheet,3D View,3D View,,https://www.tms-lite.com/lbl3-serie.html
TMS LITE,LBL3-00-900-X-X,table_1,Drawing (2D),PDF,PDF,,https://www.tms-lite.com/lbl3-serie.html
TMS LITE,LBL3-00-900-X-X,table_1,STEP (3D),DXF,DXF,,https://www.tms-lite.com/lbl3-serie.html
TMS LITE,LBL3-00-900-X-X,table_1,extra_4,Red,Red,,https://www.tms-lite.com/lbl3-serie.html
TMS LITE,LBL3-00-900-X-X,table_1,extra_5,Green,Green,,https://www.tms-lite.com/lbl3-serie.html
TMS LITE,LBL3-00-900-X-X,table_1,extra_6,Blue,Blue,,https://www.tms-lite.com/lbl3-serie.html
TMS LITE,LBL3-00-900-X-X,table_1,extra_7,White,White,,https://www.tms-lite.com/lbl3-serie.html
TMS LITE,LBL3-00-900-X-X,table_2,Current,810mA 1350mA,810mA 1350mA,mA,https://www.tms-lite.com/lbl3-serie.html
TMS LITE,LBL3-00-900-X-X,table_2,Voltage (V) / Watt (W),24V / 19.44W 24V / 32.40W,24V / 19.44W 24V / 32.40W,V,https://www.tms-lite.com/lbl3-serie.html
TMS LITE,LBL3-00-900-X-X,table_2,Weight (g),810,810,g,https://www.tms-lite.com/lbl3-serie.html
TMS LITE,LBL3-00-900-X-X,table_3,A (mm),920.0,920.0,mm,https://www.tms-lite.com/lbl3-serie.html
TMS LITE,LBL3-00-900-X-X,table_3,B (mm),899.0,899.0,mm,https://www.tms-lite.com/lbl3-serie.html
TMS LITE,LBL3-00-900-X-X,table_3,C (mm),910.0,910.0,mm,https://www.tms-lite.com/lbl3-serie.html
TMS LITE,LBM-00-040-1-X,table_1,Datasheet,3D View,3D View,,https://www.tms-lite.com/lbm-serie.html
TMS LITE,LBM-00-040-1-X,table_1,Drawing (2D),PDF,PDF,,https://www.tms-lite.com/lbm-serie.html
TMS LITE,LBM-00-040-1-X,table_1,STEP (3D),DXF,DXF,,https://www.tms-lite.com/lbm-serie.html
TMS LITE,LBM-00-040-1-X,table_1,extra_4,Red,Red,,https://www.tms-lite.com/lbm-serie.html
TMS LITE,LBM-00-040-1-X,table_1,extra_5,Green,Green,,https://www.tms-lite.com/lbm-serie.html
TMS LITE,LBM-00-040-1-X,table_1,extra_6,Blue,Blue,,https://www.tms-lite.com/lbm-serie.html
TMS LITE,LBM-00-040-1-X,table_1,extra_7,White,White,,https://www.tms-lite.com/lbm-serie.html
TMS LITE,LBM-00-040-1-X-24V,table_2,Current,13mA 26mA,13mA 26mA,mA,https://www.tms-lite.com/lbm-serie.html
TMS LITE,LBM-00-040-1-X-24V,table_2,Voltage (V) / Watt (W),24V / 0.31W 24V / 0.62W,24V / 0.31W 24V / 0.62W,V,https://www.tms-lite.com/lbm-serie.html
TMS LITE,LBM-00-040-1-X-24V,table_2,Weight (g),19,19,g,https://www.tms-lite.com/lbm-serie.html
TMS LITE,LBM-00-040-1-X-24V,table_3,A (mm),50,50,mm,https://www.tms-lite.com/lbm-serie.html
TMS LITE,LBM-00-040-1-X-24V,table_3,B (mm),9,9,mm,https://www.tms-lite.com/lbm-serie.html
TMS LITE,LBM-00-040-1-X-24V,table_3,C (mm),42.4,42.4,mm,https://www.tms-lite.com/lbm-serie.html
TMS LITE,LBM-00-040-1-X-24V,table_3,D (mm),5.6,5.6,mm,https://www.tms-lite.com/lbm-serie.html
TMS LITE,LBM-00-040-2-X,table_1,Datasheet,3D View,3D View,,https://www.tms-lite.com/lbm-serie.html
TMS LITE,LBM-00-040-2-X,table_1,Drawing (2D),PDF,PDF,,https://www.tms-lite.com/lbm-serie.html
TMS LITE,LBM-00-040-2-X,table_1,STEP (3D),DXF,DXF,,https://www.tms-lite.com/lbm-serie.html
TMS LITE,LBM-00-040-2-X,table_1,extra_4,Red,Red,,https://www.tms-lite.com/lbm-serie.html
TMS LITE,LBM-00-040-2-X,table_1,extra_5,Green,Green,,https://www.tms-lite.com/lbm-serie.html
TMS LITE,LBM-00-040-2-X,table_1,extra_6,Blue,Blue,,https://www.tms-lite.com/lbm-serie.html
TMS LITE,LBM-00-040-2-X,table_1,extra_7,White,White,,https://www.tms-lite.com/lbm-serie.html
TMS LITE,LBM-00-040-2-X-24V,table_2,Current,30mA 60mA,30mA 60mA,mA,https://www.tms-lite.com/lbm-serie.html
TMS LITE,LBM-00-040-2-X-24V,table_2,Voltage (V) / Watt (W),24V / 0.72W 24V / 1.44W,24V / 0.72W 24V / 1.44W,V,https://www.tms-lite.com/lbm-serie.html
TMS LITE,LBM-00-040-2-X-24V,table_2,Weight (g),21,21,g,https://www.tms-lite.com/lbm-serie.html
TMS LITE,LBM-00-040-2-X-24V,table_3,A (mm),50,50,mm,https://www.tms-lite.com/lbm-serie.html
TMS LITE,LBM-00-040-2-X-24V,table_3,B (mm),13,13,mm,https://www.tms-lite.com/lbm-serie.html
TMS LITE,LBM-00-040-2-X-24V,table_3,C (mm),42.4,42.4,mm,https://www.tms-lite.com/lbm-serie.html
TMS LITE,LBM-00-040-2-X-24V,table_3,D (mm),9.6,9.6,mm,https://www.tms-lite.com/lbm-serie.html
TMS LITE,LBM-00-040-3-X,table_1,Datasheet,3D View,3D View,,https://www.tms-lite.com/lbm-serie.html
TMS LITE,LBM-00-040-3-X,table_1,Drawing (2D),PDF,PDF,,https://www.tms-lite.com/lbm-serie.html
TMS LITE,LBM-00-040-3-X,table_1,STEP (3D),DXF,DXF,,https://www.tms-lite.com/lbm-serie.html
TMS LITE,LBM-00-040-3-X,table_1,extra_4,Red,Red,,https://www.tms-lite.com/lbm-serie.html
TMS LITE,LBM-00-040-3-X,table_1,extra_5,Green,Green,,https://www.tms-lite.com/lbm-serie.html
TMS LITE,LBM-00-040-3-X,table_1,extra_6,Blue,Blue,,https://www.tms-lite.com/lbm-serie.html
TMS LITE,LBM-00-040-3-X,table_1,extra_7,White,White,,https://www.tms-lite.com/lbm-serie.html
TMS LITE,LBM-00-040-3-X-24V,table_2,Current,45mA 90mA,45mA 90mA,mA,https://www.tms-lite.com/lbm-serie.html
TMS LITE,LBM-00-040-3-X-24V,table_2,Voltage (V) / Watt (W),24V / 1.08W 24V / 2.16W,24V / 1.08W 24V / 2.16W,V,https://www.tms-lite.com/lbm-serie.html
TMS LITE,LBM-00-040-3-X-24V,table_2,Weight (g),22,22,g,https://www.tms-lite.com/lbm-serie.html
TMS LITE,LBM-00-040-3-X-24V,table_3,A (mm),50,50,mm,https://www.tms-lite.com/lbm-serie.html
TMS LITE,LBM-00-040-3-X-24V,table_3,B (mm),16,16,mm,https://www.tms-lite.com/lbm-serie.html
TMS LITE,LBM-00-040-3-X-24V,table_3,C (mm),42.4,42.4,mm,https://www.tms-lite.com/lbm-serie.html
TMS LITE,LBM-00-040-3-X-24V,table_3,D (mm),12.6,12.6,mm,https://www.tms-lite.com/lbm-serie.html
TMS LITE,LBM-00-080-1-X,table_1,Datasheet,3D View,3D View,,https://www.tms-lite.com/lbm-serie.html
TMS LITE,LBM-00-080-1-X,table_1,Drawing (2D),PDF,PDF,,https://www.tms-lite.com/lbm-serie.html
TMS LITE,LBM-00-080-1-X,table_1,STEP (3D),DXF,DXF,,https://www.tms-lite.com/lbm-serie.html
TMS LITE,LBM-00-080-1-X,table_1,extra_4,Red,Red,,https://www.tms-lite.com/lbm-serie.html
TMS LITE,LBM-00-080-1-X,table_1,extra_5,Green,Green,,https://www.tms-lite.com/lbm-serie.html
TMS LITE,LBM-00-080-1-X,table_1,extra_6,Blue,Blue,,https://www.tms-lite.com/lbm-serie.html
TMS LITE,LBM-00-080-1-X,table_1,extra_7,White,White,,https://www.tms-lite.com/lbm-serie.html
TMS LITE,LBM-00-080-1-X-24V,table_2,Current,26mA 52mA,26mA 52mA,mA,https://www.tms-lite.com/lbm-serie.html
TMS LITE,LBM-00-080-1-X-24V,table_2,Voltage (V) / Watt (W),24V / 0.62W 24V / 1.25W,24V / 0.62W 24V / 1.25W,V,https://www.tms-lite.com/lbm-serie.html
TMS LITE,LBM-00-080-1-X-24V,table_2,Weight (g),24,24,g,https://www.tms-lite.com/lbm-serie.html
TMS LITE,LBM-00-080-1-X-24V,table_3,A (mm),92,92,mm,https://www.tms-lite.com/lbm-serie.html
TMS LITE,LBM-00-080-1-X-24V,table_3,B (mm),9,9,mm,https://www.tms-lite.com/lbm-serie.html
TMS LITE,LBM-00-080-1-X-24V,table_3,C (mm),84.4,84.4,mm,https://www.tms-lite.com/lbm-serie.html
TMS LITE,LBM-00-080-1-X-24V,table_3,D (mm),5.6,5.6,mm,https://www.tms-lite.com/lbm-serie.html
TMS LITE,LBM-00-080-2-X,table_1,Datasheet,3D View,3D View,,https://www.tms-lite.com/lbm-serie.html
TMS LITE,LBM-00-080-2-X,table_1,Drawing (2D),PDF,PDF,,https://www.tms-lite.com/lbm-serie.html
TMS LITE,LBM-00-080-2-X,table_1,STEP (3D),DXF,DXF,,https://www.tms-lite.com/lbm-serie.html
TMS LITE,LBM-00-080-2-X,table_1,extra_4,Red,Red,,https://www.tms-lite.com/lbm-serie.html
TMS LITE,LBM-00-080-2-X,table_1,extra_5,Green,Green,,https://www.tms-lite.com/lbm-serie.html
TMS LITE,LBM-00-080-2-X,table_1,extra_6,Blue,Blue,,https://www.tms-lite.com/lbm-serie.html
TMS LITE,LBM-00-080-2-X,table_1,extra_7,White,White,,https://www.tms-lite.com/lbm-serie.html
TMS LITE,LBM-00-080-2-X-24V,table_2,Current,52mA 104mA,52mA 104mA,mA,https://www.tms-lite.com/lbm-serie.html
TMS LITE,LBM-00-080-2-X-24V,table_2,Voltage (V) / Watt (W),24V / 1.25W 24V / 2.50W,24V / 1.25W 24V / 2.50W,V,https://www.tms-lite.com/lbm-serie.html
TMS LITE,LBM-00-080-2-X-24V,table_2,Weight (g),27,27,g,https://www.tms-lite.com/lbm-serie.html
TMS LITE,LBM-00-080-2-X-24V,table_3,A (mm),92,92,mm,https://www.tms-lite.com/lbm-serie.html
TMS LITE,LBM-00-080-2-X-24V,table_3,B (mm),13,13,mm,https://www.tms-lite.com/lbm-serie.html
TMS LITE,LBM-00-080-2-X-24V,table_3,C (mm),84.4,84.4,mm,https://www.tms-lite.com/lbm-serie.html
TMS LITE,LBM-00-080-2-X-24V,table_3,D (mm),9.6,9.6,mm,https://www.tms-lite.com/lbm-serie.html
TMS LITE,LBM-00-080-3-X,table_1,Datasheet,3D View,3D View,,https://www.tms-lite.com/lbm-serie.html
TMS LITE,LBM-00-080-3-X,table_1,Drawing (2D),PDF,PDF,,https://www.tms-lite.com/lbm-serie.html
TMS LITE,LBM-00-080-3-X,table_1,STEP (3D),DXF,DXF,,https://www.tms-lite.com/lbm-serie.html
TMS LITE,LBM-00-080-3-X,table_1,extra_4,Red,Red,,https://www.tms-lite.com/lbm-serie.html
TMS LITE,LBM-00-080-3-X,table_1,extra_5,Green,Green,,https://www.tms-lite.com/lbm-serie.html
TMS LITE,LBM-00-080-3-X,table_1,extra_6,Blue,Blue,,https://www.tms-lite.com/lbm-serie.html
TMS LITE,LBM-00-080-3-X,table_1,extra_7,White,White,,https://www.tms-lite.com/lbm-serie.html
TMS LITE,LBM-00-080-3-X-24V,table_2,Current,78mA 156mA,78mA 156mA,mA,https://www.tms-lite.com/lbm-serie.html
TMS LITE,LBM-00-080-3-X-24V,table_2,Voltage (V) / Watt (W),24V / 1.87W 24V / 3.74W,24V / 1.87W 24V / 3.74W,V,https://www.tms-lite.com/lbm-serie.html
TMS LITE,LBM-00-080-3-X-24V,table_2,Weight (g),29,29,g,https://www.tms-lite.com/lbm-serie.html
TMS LITE,LBM-00-080-3-X-24V,table_3,A (mm),92,92,mm,https://www.tms-lite.com/lbm-serie.html
TMS LITE,LBM-00-080-3-X-24V,table_3,B (mm),16,16,mm,https://www.tms-lite.com/lbm-serie.html
TMS LITE,LBM-00-080-3-X-24V,table_3,C (mm),84.4,84.4,mm,https://www.tms-lite.com/lbm-serie.html
TMS LITE,LBM-00-080-3-X-24V,table_3,D (mm),12.6,12.6,mm,https://www.tms-lite.com/lbm-serie.html
TMS LITE,LBMQ-00-040-1-X,table_1,Datasheet,3D View,3D View,,https://www.tms-lite.com/lbmq-serie.html
TMS LITE,LBMQ-00-040-1-X,table_1,Drawing (2D),PDF,PDF,,https://www.tms-lite.com/lbmq-serie.html
TMS LITE,LBMQ-00-040-1-X,table_1,STEP (3D),DXF,DXF,,https://www.tms-lite.com/lbmq-serie.html
TMS LITE,LBMQ-00-040-1-X,table_1,extra_4,Red,Red,,https://www.tms-lite.com/lbmq-serie.html
TMS LITE,LBMQ-00-040-1-X,table_1,extra_5,For further details please contact us,For further details please contact us,,https://www.tms-lite.com/lbmq-serie.html
TMS LITE,LBMQ-00-040-1-X,table_1,extra_6,For further details please contact us,For further details please contact us,,https://www.tms-lite.com/lbmq-serie.html
TMS LITE,LBMQ-00-040-1-X,table_1,extra_7,White,White,,https://www.tms-lite.com/lbmq-serie.html
TMS LITE,LBMQ-00-040-1-X-24V,table_2,Current,52mA 104mA,52mA 104mA,mA,https://www.tms-lite.com/lbmq-serie.html
TMS LITE,LBMQ-00-040-1-X-24V,table_2,Voltage (V) / Watt (W),24V / 1.25W 24V / 2.49W,24V / 1.25W 24V / 2.49W,V,https://www.tms-lite.com/lbmq-serie.html
TMS LITE,LBMQ-00-040-1-X-24V,table_2,Weight (g),102,102,g,https://www.tms-lite.com/lbmq-serie.html
TMS LITE,LBMQ-00-040-1-X-24V,table_3,A (mm),82,82,mm,https://www.tms-lite.com/lbmq-serie.html
TMS LITE,LBMQ-00-040-1-X-24V,table_3,B (mm),68,68,mm,https://www.tms-lite.com/lbmq-serie.html
TMS LITE,LBMQ-00-040-1-X-24V,table_3,C (mm),54,54,mm,https://www.tms-lite.com/lbmq-serie.html
TMS LITE,LBMQ-00-040-2-X,table_1,Datasheet,3D View,3D View,,https://www.tms-lite.com/lbmq-serie.html
TMS LITE,LBMQ-00-040-2-X,table_1,Drawing (2D),PDF,PDF,,https://www.tms-lite.com/lbmq-serie.html
TMS LITE,LBMQ-00-040-2-X,table_1,STEP (3D),DXF,DXF,,https://www.tms-lite.com/lbmq-serie.html
TMS LITE,LBMQ-00-040-2-X,table_1,extra_4,Red,Red,,https://www.tms-lite.com/lbmq-serie.html
TMS LITE,LBMQ-00-040-2-X,table_1,extra_5,For further details please contact us,For further details please contact us,,https://www.tms-lite.com/lbmq-serie.html
TMS LITE,LBMQ-00-040-2-X,table_1,extra_6,For further details please contact us,For further details please contact us,,https://www.tms-lite.com/lbmq-serie.html
TMS LITE,LBMQ-00-040-2-X,table_1,extra_7,White,White,,https://www.tms-lite.com/lbmq-serie.html
TMS LITE,LBMQ-00-040-2-X-24V,table_2,Current,120mA 208mA,120mA 208mA,mA,https://www.tms-lite.com/lbmq-serie.html
TMS LITE,LBMQ-00-040-2-X-24V,table_2,Voltage (V) / Watt (W),24V / 2.88W 24V / 4.99W,24V / 2.88W 24V / 4.99W,V,https://www.tms-lite.com/lbmq-serie.html
TMS LITE,LBMQ-00-040-2-X-24V,table_2,Weight (g),116,116,g,https://www.tms-lite.com/lbmq-serie.html
TMS LITE,LBMQ-00-040-2-X-24V,table_3,A (mm),86,86,mm,https://www.tms-lite.com/lbmq-serie.html
TMS LITE,LBMQ-00-040-2-X-24V,table_3,B (mm),68,68,mm,https://www.tms-lite.com/lbmq-serie.html
TMS LITE,LBMQ-00-040-2-X-24V,table_3,C (mm),54,54,mm,https://www.tms-lite.com/lbmq-serie.html
TMS LITE,LBMQ-00-040-3-X,table_1,Datasheet,3D View,3D View,,https://www.tms-lite.com/lbmq-serie.html
TMS LITE,LBMQ-00-040-3-X,table_1,Drawing (2D),PDF,PDF,,https://www.tms-lite.com/lbmq-serie.html
TMS LITE,LBMQ-00-040-3-X,table_1,STEP (3D),DXF,DXF,,https://www.tms-lite.com/lbmq-serie.html
TMS LITE,LBMQ-00-040-3-X,table_1,extra_4,Red,Red,,https://www.tms-lite.com/lbmq-serie.html
TMS LITE,LBMQ-00-040-3-X,table_1,extra_5,For further details please contact us,For further details please contact us,,https://www.tms-lite.com/lbmq-serie.html
TMS LITE,LBMQ-00-040-3-X,table_1,extra_6,For further details please contact us,For further details please contact us,,https://www.tms-lite.com/lbmq-serie.html
TMS LITE,LBMQ-00-040-3-X,table_1,extra_7,White,White,,https://www.tms-lite.com/lbmq-serie.html
TMS LITE,LBMQ-00-040-3-X-24V,table_2,Current,156mA 360mA,156mA 360mA,mA,https://www.tms-lite.com/lbmq-serie.html
TMS LITE,LBMQ-00-040-3-X-24V,table_2,Voltage (V) / Watt (W),24V / 3.74W 24V / 8.64W,24V / 3.74W 24V / 8.64W,V,https://www.tms-lite.com/lbmq-serie.html
TMS LITE,LBMQ-00-040-3-X-24V,table_2,Weight (g),120,120,g,https://www.tms-lite.com/lbmq-serie.html
TMS LITE,LBMQ-00-040-3-X-24V,table_3,A (mm),89,89,mm,https://www.tms-lite.com/lbmq-serie.html
TMS LITE,LBMQ-00-040-3-X-24V,table_3,B (mm),68,68,mm,https://www.tms-lite.com/lbmq-serie.html
TMS LITE,LBMQ-00-040-3-X-24V,table_3,C (mm),54,54,mm,https://www.tms-lite.com/lbmq-serie.html
TMS LITE,LBQ25-00-050-3-X,table_1,Datasheet,3D View,3D View,,https://www.tms-lite.com/lbq-serie.html
TMS LITE,LBQ25-00-050-3-X,table_1,Drawing (2D),PDF,PDF,,https://www.tms-lite.com/lbq-serie.html
TMS LITE,LBQ25-00-050-3-X,table_1,STEP (3D),DXF,DXF,,https://www.tms-lite.com/lbq-serie.html
TMS LITE,LBQ25-00-050-3-X,table_1,extra_4,Red,Red,,https://www.tms-lite.com/lbq-serie.html
TMS LITE,LBQ25-00-050-3-X,table_1,extra_5,Green,Green,,https://www.tms-lite.com/lbq-serie.html
TMS LITE,LBQ25-00-050-3-X,table_1,extra_6,Blue,Blue,,https://www.tms-lite.com/lbq-serie.html
TMS LITE,LBQ25-00-050-3-X,table_1,extra_7,White,White,,https://www.tms-lite.com/lbq-serie.html
TMS LITE,LBQ25-00-050-3-X,table_2,Current,240mA 360mA,240mA 360mA,mA,https://www.tms-lite.com/lbq-serie.html
TMS LITE,LBQ25-00-050-3-X,table_2,Voltage (V) / Watt (W),24V/5.76W 24V/8.64W,24V/5.76W 24V/8.64W,V,https://www.tms-lite.com/lbq-serie.html
TMS LITE,LBQ25-00-050-3-X,table_2,Weight (g),375,375,g,https://www.tms-lite.com/lbq-serie.html
TMS LITE,LBQ25-00-050-3-X,table_3,A (mm),120,120,mm,https://www.tms-lite.com/lbq-serie.html
TMS LITE,LBQ25-00-050-3-X,table_3,B (mm),95.8,95.8,mm,https://www.tms-lite.com/lbq-serie.html
TMS LITE,LBQ25-00-050-3-X,table_3,C (mm),70,70,mm,https://www.tms-lite.com/lbq-serie.html
TMS LITE,LBQ30-00-060-3-X,table_1,Datasheet,3D View,3D View,,https://www.tms-lite.com/lbq-serie.html
TMS LITE,LBQ30-00-060-3-X,table_1,Drawing (2D),PDF,PDF,,https://www.tms-lite.com/lbq-serie.html
TMS LITE,LBQ30-00-060-3-X,table_1,STEP (3D),DXF,DXF,,https://www.tms-lite.com/lbq-serie.html
TMS LITE,LBQ30-00-060-3-X,table_1,extra_4,Red,Red,,https://www.tms-lite.com/lbq-serie.html
TMS LITE,LBQ30-00-060-3-X,table_1,extra_5,Green,Green,,https://www.tms-lite.com/lbq-serie.html
TMS LITE,LBQ30-00-060-3-X,table_1,extra_6,Blue,Blue,,https://www.tms-lite.com/lbq-serie.html
TMS LITE,LBQ30-00-060-3-X,table_1,extra_7,White,White,,https://www.tms-lite.com/lbq-serie.html
TMS LITE,LBQ30-00-060-3-X,table_2,Current,360mA 360mA,360mA 360mA,mA,https://www.tms-lite.com/lbq-serie.html
TMS LITE,LBQ30-00-060-3-X,table_2,Voltage (V) / Watt (W),24V/8.64W 24V/8.64W,24V/8.64W 24V/8.64W,V,https://www.tms-lite.com/lbq-serie.html
TMS LITE,LBQ30-00-060-3-X,table_2,Weight (g),425,425,g,https://www.tms-lite.com/lbq-serie.html
TMS LITE,LBQ30-00-060-3-X,table_3,A (mm),130,130,mm,https://www.tms-lite.com/lbq-serie.html
TMS LITE,LBQ30-00-060-3-X,table_3,B (mm),105.8,105.8,mm,https://www.tms-lite.com/lbq-serie.html
TMS LITE,LBQ30-00-060-3-X,table_3,C (mm),80,80,mm,https://www.tms-lite.com/lbq-serie.html
TMS LITE,LBQ40-00-080-3-X,table_1,Datasheet,3D View,3D View,,https://www.tms-lite.com/lbq-serie.html
TMS LITE,LBQ40-00-080-3-X,table_1,Drawing (2D),PDF,PDF,,https://www.tms-lite.com/lbq-serie.html
TMS LITE,LBQ40-00-080-3-X,table_1,STEP (3D),DXF,DXF,,https://www.tms-lite.com/lbq-serie.html
TMS LITE,LBQ40-00-080-3-X,table_1,extra_4,Red,Red,,https://www.tms-lite.com/lbq-serie.html
TMS LITE,LBQ40-00-080-3-X,table_1,extra_5,Green,Green,,https://www.tms-lite.com/lbq-serie.html
TMS LITE,LBQ40-00-080-3-X,table_1,extra_6,Blue,Blue,,https://www.tms-lite.com/lbq-serie.html
TMS LITE,LBQ40-00-080-3-X,table_1,extra_7,White,White,,https://www.tms-lite.com/lbq-serie.html
TMS LITE,LBQ40-00-080-3-X,table_2,Current,360mA 600mA,360mA 600mA,mA,https://www.tms-lite.com/lbq-serie.html
TMS LITE,LBQ40-00-080-3-X,table_2,Voltage (V) / Watt (W),24V/8.64W 24V/14.4W,24V/8.64W 24V/14.4W,V,https://www.tms-lite.com/lbq-serie.html
TMS LITE,LBQ40-00-080-3-X,table_2,Weight (g),505,505,g,https://www.tms-lite.com/lbq-serie.html
TMS LITE,LBQ40-00-080-3-X,table_3,A (mm),150,150,mm,https://www.tms-lite.com/lbq-serie.html
TMS LITE,LBQ40-00-080-3-X,table_3,B (mm),125.8,125.8,mm,https://www.tms-lite.com/lbq-serie.html
TMS LITE,LBQ40-00-080-3-X,table_3,C (mm),100,100,mm,https://www.tms-lite.com/lbq-serie.html
TMS LITE,LBQ45-00-090-3-X,table_1,Datasheet,3D View,3D View,,https://www.tms-lite.com/lbq-serie.html
TMS LITE,LBQ45-00-090-3-X,table_1,Drawing (2D),PDF,PDF,,https://www.tms-lite.com/lbq-serie.html
TMS LITE,LBQ45-00-090-3-X,table_1,STEP (3D),DXF,DXF,,https://www.tms-lite.com/lbq-serie.html
TMS LITE,LBQ45-00-090-3-X,table_1,extra_4,Red,Red,,https://www.tms-lite.com/lbq-serie.html
TMS LITE,LBQ45-00-090-3-X,table_1,extra_5,Green,Green,,https://www.tms-lite.com/lbq-serie.html
TMS LITE,LBQ45-00-090-3-X,table_1,extra_6,Blue,Blue,,https://www.tms-lite.com/lbq-serie.html
TMS LITE,LBQ45-00-090-3-X,table_1,extra_7,White,White,,https://www.tms-lite.com/lbq-serie.html
TMS LITE,LBQ45-00-090-3-X,table_2,Current,720mA 900mA,720mA 900mA,mA,https://www.tms-lite.com/lbq-serie.html
TMS LITE,LBQ45-00-090-3-X,table_2,Voltage (V) / Watt (W),24V/17.28W 24V/21.6W,24V/17.28W 24V/21.6W,V,https://www.tms-lite.com/lbq-serie.html
TMS LITE,LBQ45-00-090-3-X,table_2,Weight (g),595,595,g,https://www.tms-lite.com/lbq-serie.html
TMS LITE,LBQ45-00-090-3-X,table_3,A (mm),160,160,mm,https://www.tms-lite.com/lbq-serie.html
TMS LITE,LBQ45-00-090-3-X,table_3,B (mm),135.8,135.8,mm,https://www.tms-lite.com/lbq-serie.html
TMS LITE,LBQ45-00-090-3-X,table_3,C (mm),110,110,mm,https://www.tms-lite.com/lbq-serie.html
TMS LITE,LBRP-00-040-3-X,table_1,Current,60mA 80mA,60mA 80mA,mA,https://www.tms-lite.com/lbrp-serie.html
TMS LITE,LBRP-00-040-3-X,table_1,Voltage (V) / Watt (W),24V / 1.44W 24V / 1.92W,24V / 1.44W 24V / 1.92W,V,https://www.tms-lite.com/lbrp-serie.html
TMS LITE,LBRP-00-040-3-X,table_1,Weight (g),61,61,g,https://www.tms-lite.com/lbrp-serie.html
TMS LITE,LBRP-00-040-3-X,table_2,A (mm),57.8,57.8,mm,https://www.tms-lite.com/lbrp-serie.html
TMS LITE,LBRP-00-040-3-X,table_2,B (mm),47.8,47.8,mm,https://www.tms-lite.com/lbrp-serie.html
TMS LITE,LBRP-00-040-3-X,table_2,C (mm),40,40,mm,https://www.tms-lite.com/lbrp-serie.html
TMS LITE,LBRP-00-080-3-X,table_1,Current,120mA 160mA,120mA 160mA,mA,https://www.tms-lite.com/lbrp-serie.html
TMS LITE,LBRP-00-080-3-X,table_1,Voltage (V) / Watt (W),24V / 2.88W 24V / 3.84W,24V / 2.88W 24V / 3.84W,V,https://www.tms-lite.com/lbrp-serie.html
TMS LITE,LBRP-00-080-3-X,table_1,Weight (g),80,80,g,https://www.tms-lite.com/lbrp-serie.html
TMS LITE,LBRP-00-080-3-X,table_2,A (mm),97.8,97.8,mm,https://www.tms-lite.com/lbrp-serie.html
TMS LITE,LBRP-00-080-3-X,table_2,B (mm),87.8,87.8,mm,https://www.tms-lite.com/lbrp-serie.html
TMS LITE,LBRP-00-080-3-X,table_2,C (mm),80,80,mm,https://www.tms-lite.com/lbrp-serie.html
TMS LITE,LBRQ-00-040-3-IR850,table_5,Datasheet,3D-view,3D-view,,https://www.tms-lite.com/lbrq-ir-beleuchtungsserie.html
TMS LITE,LBRQ-00-040-3-IR850,table_5,Drawing (2D),PDF,PDF,,https://www.tms-lite.com/lbrq-ir-beleuchtungsserie.html
TMS LITE,LBRQ-00-040-3-IR850,table_5,STEP (3D),DXF,DXF,,https://www.tms-lite.com/lbrq-ir-beleuchtungsserie.html
TMS LITE,LBRQ-00-040-3-IR850,table_5,extra_4,IR850,IR850,,https://www.tms-lite.com/lbrq-ir-beleuchtungsserie.html
TMS LITE,LBRQ-00-040-3-X,table_1,Current,180mA,180mA,mA,https://www.tms-lite.com/lbrq-ir-beleuchtungsserie.html
TMS LITE,LBRQ-00-040-3-X,table_1,Datasheet,3D View,3D View,,https://www.tms-lite.com/lbrq-3-rows.html
TMS LITE,LBRQ-00-040-3-X,table_1,Drawing (2D),R/G/B/W PDF,R/G/B/W PDF,W,https://www.tms-lite.com/lbrq-3-rows.html
TMS LITE,LBRQ-00-040-3-X,table_1,IR,IR850,IR850,,https://www.tms-lite.com/lbrq-ir-beleuchtungsserie.html
TMS LITE,LBRQ-00-040-3-X,table_1,STEP (3D),R/G/B/W DXF,R/G/B/W DXF,W,https://www.tms-lite.com/lbrq-3-rows.html
TMS LITE,LBRQ-00-040-3-X,table_1,Voltage (V) / Watt (W),24V /4.32W,24V /4.32W,V,https://www.tms-lite.com/lbrq-ir-beleuchtungsserie.html
TMS LITE,LBRQ-00-040-3-X,table_1,Weight (g),385,385,g,https://www.tms-lite.com/lbrq-ir-beleuchtungsserie.html
TMS LITE,LBRQ-00-040-3-X,table_1,extra_4,Red,Red,,https://www.tms-lite.com/lbrq-3-rows.html
TMS LITE,LBRQ-00-040-3-X,table_1,extra_5,Green,Green,,https://www.tms-lite.com/lbrq-3-rows.html
TMS LITE,LBRQ-00-040-3-X,table_1,extra_6,Blue,Blue,,https://www.tms-lite.com/lbrq-3-rows.html
TMS LITE,LBRQ-00-040-3-X,table_1,extra_7,White,White,,https://www.tms-lite.com/lbrq-3-rows.html
TMS LITE,LBRQ-00-040-3-X,table_2,A (mm),120,120,mm,https://www.tms-lite.com/lbrq-ir-beleuchtungsserie.html
TMS LITE,LBRQ-00-040-3-X,table_2,B (mm),95.8,95.8,mm,https://www.tms-lite.com/lbrq-ir-beleuchtungsserie.html
TMS LITE,LBRQ-00-040-3-X,table_2,C (mm),70,70,mm,https://www.tms-lite.com/lbrq-ir-beleuchtungsserie.html
TMS LITE,LBRQ-00-040-3-X,table_2,Colour,IR850,IR850,,https://www.tms-lite.com/lbrq-3-rows.html
TMS LITE,LBRQ-00-040-3-X,table_2,Current,300mA 300mA 300mA,300mA 300mA 300mA,mA,https://www.tms-lite.com/lbrq-3-rows.html
TMS LITE,LBRQ-00-040-3-X,table_2,Voltage (V) / Watt (W),24V / 7.20W 24V / 7.20W 24V / 7.20W,24V / 7.20W 24V / 7.20W 24V / 7.20W,V,https://www.tms-lite.com/lbrq-3-rows.html
TMS LITE,LBRQ-00-040-3-X,table_2,Weight (g),385,385,g,https://www.tms-lite.com/lbrq-3-rows.html
TMS LITE,LBRQ-00-040-3-X,table_3,A (mm),120.0,120.0,mm,https://www.tms-lite.com/lbrq-3-rows.html
TMS LITE,LBRQ-00-040-3-X,table_3,B (mm),95.8,95.8,mm,https://www.tms-lite.com/lbrq-3-rows.html
TMS LITE,LBRQ-00-040-3-X,table_3,C (mm),70.0,70.0,mm,https://www.tms-lite.com/lbrq-3-rows.html
TMS LITE,LBRQ-00-040-6-IR850,table_6,Datasheet,3D-view,3D-view,,https://www.tms-lite.com/lbrq-ir-beleuchtungsserie.html
TMS LITE,LBRQ-00-040-6-IR850,table_6,Drawing (2D),PDF,PDF,,https://www.tms-lite.com/lbrq-ir-beleuchtungsserie.html
TMS LITE,LBRQ-00-040-6-IR850,table_6,STEP (3D),DXF,DXF,,https://www.tms-lite.com/lbrq-ir-beleuchtungsserie.html
TMS LITE,LBRQ-00-040-6-IR850,table_6,extra_4,IR850,IR850,,https://www.tms-lite.com/lbrq-ir-beleuchtungsserie.html
TMS LITE,LBRQ-00-040-6-X,table_1,Datasheet,3D View,3D View,,https://www.tms-lite.com/lbrq-6-rows.html
TMS LITE,LBRQ-00-040-6-X,table_1,Drawing (2D),R/G/B/W PDF,R/G/B/W PDF,W,https://www.tms-lite.com/lbrq-6-rows.html
TMS LITE,LBRQ-00-040-6-X,table_1,STEP (3D),R/G/B/W DXF,R/G/B/W DXF,W,https://www.tms-lite.com/lbrq-6-rows.html
TMS LITE,LBRQ-00-040-6-X,table_1,extra_4,Red,Red,,https://www.tms-lite.com/lbrq-6-rows.html
TMS LITE,LBRQ-00-040-6-X,table_1,extra_5,Green,Green,,https://www.tms-lite.com/lbrq-6-rows.html
TMS LITE,LBRQ-00-040-6-X,table_1,extra_6,Blue,Blue,,https://www.tms-lite.com/lbrq-6-rows.html
TMS LITE,LBRQ-00-040-6-X,table_1,extra_7,White,White,,https://www.tms-lite.com/lbrq-6-rows.html
TMS LITE,LBRQ-00-040-6-X,table_2,Colour,IR850,IR850,,https://www.tms-lite.com/lbrq-6-rows.html
TMS LITE,LBRQ-00-040-6-X,table_2,Current,400mA 320mA 360mA,400mA 320mA 360mA,mA,https://www.tms-lite.com/lbrq-6-rows.html
TMS LITE,LBRQ-00-040-6-X,table_2,Voltage (V) / Watt (W),24V / 9.60W 24V / 7.68W 24V / 8.64W,24V / 9.60W 24V / 7.68W 24V / 8.64W,V,https://www.tms-lite.com/lbrq-6-rows.html
TMS LITE,LBRQ-00-040-6-X,table_2,Weight (g),355,355,g,https://www.tms-lite.com/lbrq-6-rows.html
TMS LITE,LBRQ-00-040-6-X,table_3,A (mm),120.0,120.0,mm,https://www.tms-lite.com/lbrq-6-rows.html
TMS LITE,LBRQ-00-040-6-X,table_3,B (mm),95.8,95.8,mm,https://www.tms-lite.com/lbrq-6-rows.html
TMS LITE,LBRQ-00-040-6-X,table_3,C (mm),70.0,70.0,mm,https://www.tms-lite.com/lbrq-6-rows.html
TMS LITE,LBRQ-00-040-6-X,table_3,Current,288mA,288mA,mA,https://www.tms-lite.com/lbrq-ir-beleuchtungsserie.html
TMS LITE,LBRQ-00-040-6-X,table_3,IR,IR850,IR850,,https://www.tms-lite.com/lbrq-ir-beleuchtungsserie.html
TMS LITE,LBRQ-00-040-6-X,table_3,Voltage (V) / Watt (W),24V / 6.91W,24V / 6.91W,V,https://www.tms-lite.com/lbrq-ir-beleuchtungsserie.html
TMS LITE,LBRQ-00-040-6-X,table_3,Weight (g),355,355,g,https://www.tms-lite.com/lbrq-ir-beleuchtungsserie.html
TMS LITE,LBRQ-00-040-6-X,table_4,A (mm),120,120,mm,https://www.tms-lite.com/lbrq-ir-beleuchtungsserie.html
TMS LITE,LBRQ-00-040-6-X,table_4,B (mm),95.8,95.8,mm,https://www.tms-lite.com/lbrq-ir-beleuchtungsserie.html
TMS LITE,LBRQ-00-040-6-X,table_4,C (mm),70,70,mm,https://www.tms-lite.com/lbrq-ir-beleuchtungsserie.html
TMS LITE,LBRQ-00-080-1-X,table_1,Color,UV365,UV365,,https://www.tms-lite.com/uv-illumination-lbrq.html
TMS LITE,LBRQ-00-080-1-X,table_1,Current,400mA,400mA,mA,https://www.tms-lite.com/uv-illumination-lbrq.html
TMS LITE,LBRQ-00-080-1-X,table_1,Voltage (V)/Watt (W),24V / 9.6W,24V / 9.6W,V,https://www.tms-lite.com/uv-illumination-lbrq.html
TMS LITE,LBRQ-00-080-1-X,table_1,Weight (g),500,500,g,https://www.tms-lite.com/uv-illumination-lbrq.html
TMS LITE,LBRQ-00-080-1-X,table_2,Datasheet,3D-view,3D-view,,https://www.tms-lite.com/uv-illumination-lbrq.html
TMS LITE,LBRQ-00-080-1-X,table_2,Drawing (2D),PDF,PDF,,https://www.tms-lite.com/uv-illumination-lbrq.html
TMS LITE,LBRQ-00-080-1-X,table_2,STEP (3D),DXF,DXF,,https://www.tms-lite.com/uv-illumination-lbrq.html
TMS LITE,LBRQ-00-080-1-X,table_2,UV,UV365,UV365,,https://www.tms-lite.com/uv-illumination-lbrq.html
TMS LITE,LBRQ-00-080-1-X,table_2,extra_5,UV365,UV365,,https://www.tms-lite.com/uv-illumination-lbrq.html
TMS LITE,LBRQ-00-080-3-IR850,table_5,Datasheet,3D-view,3D-view,,https://www.tms-lite.com/lbrq-ir-beleuchtungsserie.html
TMS LITE,LBRQ-00-080-3-IR850,table_5,Drawing (2D),PDF,PDF,,https://www.tms-lite.com/lbrq-ir-beleuchtungsserie.html
TMS LITE,LBRQ-00-080-3-IR850,table_5,STEP (3D),DXF,DXF,,https://www.tms-lite.com/lbrq-ir-beleuchtungsserie.html
TMS LITE,LBRQ-00-080-3-IR850,table_5,extra_4,IR850,IR850,,https://www.tms-lite.com/lbrq-ir-beleuchtungsserie.html
TMS LITE,LBRQ-00-080-3-X,table_1,Current,360mA,360mA,mA,https://www.tms-lite.com/lbrq-ir-beleuchtungsserie.html
TMS LITE,LBRQ-00-080-3-X,table_1,Datasheet,3D View,3D View,,https://www.tms-lite.com/lbrq-3-rows.html
TMS LITE,LBRQ-00-080-3-X,table_1,Drawing (2D),R/G/B/W PDF,R/G/B/W PDF,W,https://www.tms-lite.com/lbrq-3-rows.html
TMS LITE,LBRQ-00-080-3-X,table_1,IR,IR850,IR850,,https://www.tms-lite.com/lbrq-ir-beleuchtungsserie.html
TMS LITE,LBRQ-00-080-3-X,table_1,STEP (3D),R/G/B/W DXF,R/G/B/W DXF,W,https://www.tms-lite.com/lbrq-3-rows.html
TMS LITE,LBRQ-00-080-3-X,table_1,Voltage (V) / Watt (W),24V / 8.64W,24V / 8.64W,V,https://www.tms-lite.com/lbrq-ir-beleuchtungsserie.html
TMS LITE,LBRQ-00-080-3-X,table_1,Weight (g),510,510,g,https://www.tms-lite.com/lbrq-ir-beleuchtungsserie.html
TMS LITE,LBRQ-00-080-3-X,table_1,extra_4,Red,Red,,https://www.tms-lite.com/lbrq-3-rows.html
TMS LITE,LBRQ-00-080-3-X,table_1,extra_5,Green,Green,,https://www.tms-lite.com/lbrq-3-rows.html
TMS LITE,LBRQ-00-080-3-X,table_1,extra_6,Blue,Blue,,https://www.tms-lite.com/lbrq-3-rows.html
TMS LITE,LBRQ-00-080-3-X,table_1,extra_7,White,White,,https://www.tms-lite.com/lbrq-3-rows.html
TMS LITE,LBRQ-00-080-3-X,table_2,A (mm),160,160,mm,https://www.tms-lite.com/lbrq-ir-beleuchtungsserie.html
TMS LITE,LBRQ-00-080-3-X,table_2,B (mm),135.8,135.8,mm,https://www.tms-lite.com/lbrq-ir-beleuchtungsserie.html
TMS LITE,LBRQ-00-080-3-X,table_2,C (mm),110,110,mm,https://www.tms-lite.com/lbrq-ir-beleuchtungsserie.html
TMS LITE,LBRQ-00-080-3-X,table_2,Colour,IR850,IR850,,https://www.tms-lite.com/lbrq-3-rows.html
TMS LITE,LBRQ-00-080-3-X,table_2,Current,600mA 600mA 600mA,600mA 600mA 600mA,mA,https://www.tms-lite.com/lbrq-3-rows.html
TMS LITE,LBRQ-00-080-3-X,table_2,Voltage (V) / Watt (W),24V / 14.40W 24V / 14.40W 24V / 14.40W,24V / 14.40W 24V / 14.40W 24V / 14.40W,V,https://www.tms-lite.com/lbrq-3-rows.html
TMS LITE,LBRQ-00-080-3-X,table_2,Weight (g),510,510,g,https://www.tms-lite.com/lbrq-3-rows.html
TMS LITE,LBRQ-00-080-3-X,table_3,A (mm),160.0,160.0,mm,https://www.tms-lite.com/lbrq-3-rows.html
TMS LITE,LBRQ-00-080-3-X,table_3,B (mm),135.8,135.8,mm,https://www.tms-lite.com/lbrq-3-rows.html
TMS LITE,LBRQ-00-080-3-X,table_3,C (mm),110.0,110.0,mm,https://www.tms-lite.com/lbrq-3-rows.html
TMS LITE,LBRQ-00-080-6-IR850,table_6,Datasheet,3D-view,3D-view,,https://www.tms-lite.com/lbrq-ir-beleuchtungsserie.html
TMS LITE,LBRQ-00-080-6-IR850,table_6,Drawing (2D),PDF,PDF,,https://www.tms-lite.com/lbrq-ir-beleuchtungsserie.html
TMS LITE,LBRQ-00-080-6-IR850,table_6,STEP (3D),DXF,DXF,,https://www.tms-lite.com/lbrq-ir-beleuchtungsserie.html
TMS LITE,LBRQ-00-080-6-IR850,table_6,extra_4,IR850,IR850,,https://www.tms-lite.com/lbrq-ir-beleuchtungsserie.html
TMS LITE,LBRQ-00-080-6-X,table_1,Datasheet,3D View,3D View,,https://www.tms-lite.com/lbrq-6-rows.html
TMS LITE,LBRQ-00-080-6-X,table_1,Drawing (2D),R/G/B/W PDF,R/G/B/W PDF,W,https://www.tms-lite.com/lbrq-6-rows.html
TMS LITE,LBRQ-00-080-6-X,table_1,STEP (3D),R/G/B/W DXF,R/G/B/W DXF,W,https://www.tms-lite.com/lbrq-6-rows.html
TMS LITE,LBRQ-00-080-6-X,table_1,extra_4,Red,Red,,https://www.tms-lite.com/lbrq-6-rows.html
TMS LITE,LBRQ-00-080-6-X,table_1,extra_5,Green,Green,,https://www.tms-lite.com/lbrq-6-rows.html
TMS LITE,LBRQ-00-080-6-X,table_1,extra_6,Blue,Blue,,https://www.tms-lite.com/lbrq-6-rows.html
TMS LITE,LBRQ-00-080-6-X,table_1,extra_7,White,White,,https://www.tms-lite.com/lbrq-6-rows.html
TMS LITE,LBRQ-00-080-6-X,table_2,Colour,IR850,IR850,,https://www.tms-lite.com/lbrq-6-rows.html
TMS LITE,LBRQ-00-080-6-X,table_2,Current,800mA 640mA 720mA,800mA 640mA 720mA,mA,https://www.tms-lite.com/lbrq-6-rows.html
TMS LITE,LBRQ-00-080-6-X,table_2,Voltage (V) / Watt (W),24V / 19.20W 24V / 15.36W 24V / 17.28W,24V / 19.20W 24V / 15.36W 24V / 17.28W,V,https://www.tms-lite.com/lbrq-6-rows.html
TMS LITE,LBRQ-00-080-6-X,table_2,Weight (g),500,500,g,https://www.tms-lite.com/lbrq-6-rows.html
TMS LITE,LBRQ-00-080-6-X,table_3,A (mm),160.0,160.0,mm,https://www.tms-lite.com/lbrq-6-rows.html
TMS LITE,LBRQ-00-080-6-X,table_3,B (mm),135.8,135.8,mm,https://www.tms-lite.com/lbrq-6-rows.html
TMS LITE,LBRQ-00-080-6-X,table_3,C (mm),110.0,110.0,mm,https://www.tms-lite.com/lbrq-6-rows.html
TMS LITE,LBRQ-00-080-6-X,table_3,Current,576mA,576mA,mA,https://www.tms-lite.com/lbrq-ir-beleuchtungsserie.html
TMS LITE,LBRQ-00-080-6-X,table_3,IR,IR850,IR850,,https://www.tms-lite.com/lbrq-ir-beleuchtungsserie.html
TMS LITE,LBRQ-00-080-6-X,table_3,Voltage (V) / Watt (W),24V / 13.82W,24V / 13.82W,V,https://www.tms-lite.com/lbrq-ir-beleuchtungsserie.html
TMS LITE,LBRQ-00-080-6-X,table_3,Weight (g),500,500,g,https://www.tms-lite.com/lbrq-ir-beleuchtungsserie.html
TMS LITE,LBRQ-00-080-6-X,table_4,A (mm),160,160,mm,https://www.tms-lite.com/lbrq-ir-beleuchtungsserie.html
TMS LITE,LBRQ-00-080-6-X,table_4,B (mm),135.8,135.8,mm,https://www.tms-lite.com/lbrq-ir-beleuchtungsserie.html
TMS LITE,LBRQ-00-080-6-X,table_4,C (mm),110,110,mm,https://www.tms-lite.com/lbrq-ir-beleuchtungsserie.html
TMS LITE,LBRQ-00-120-3-IR850,table_5,Datasheet,3D-view,3D-view,,https://www.tms-lite.com/lbrq-ir-beleuchtungsserie.html
TMS LITE,LBRQ-00-120-3-IR850,table_5,Drawing (2D),PDF,PDF,,https://www.tms-lite.com/lbrq-ir-beleuchtungsserie.html
TMS LITE,LBRQ-00-120-3-IR850,table_5,STEP (3D),DXF,DXF,,https://www.tms-lite.com/lbrq-ir-beleuchtungsserie.html
TMS LITE,LBRQ-00-120-3-IR850,table_5,extra_4,IR850,IR850,,https://www.tms-lite.com/lbrq-ir-beleuchtungsserie.html
TMS LITE,LBRQ-00-120-3-X,table_1,Current,540mA,540mA,mA,https://www.tms-lite.com/lbrq-ir-beleuchtungsserie.html
TMS LITE,LBRQ-00-120-3-X,table_1,Datasheet,3D View,3D View,,https://www.tms-lite.com/lbrq-3-rows.html
TMS LITE,LBRQ-00-120-3-X,table_1,Drawing (2D),R/G/B/W PDF,R/G/B/W PDF,W,https://www.tms-lite.com/lbrq-3-rows.html
TMS LITE,LBRQ-00-120-3-X,table_1,IR,IR850,IR850,,https://www.tms-lite.com/lbrq-ir-beleuchtungsserie.html
TMS LITE,LBRQ-00-120-3-X,table_1,STEP (3D),R/G/B/W DXF,R/G/B/W DXF,W,https://www.tms-lite.com/lbrq-3-rows.html
TMS LITE,LBRQ-00-120-3-X,table_1,Voltage (V) / Watt (W),24V / 12.96W,24V / 12.96W,V,https://www.tms-lite.com/lbrq-ir-beleuchtungsserie.html
TMS LITE,LBRQ-00-120-3-X,table_1,Weight (g),595,595,g,https://www.tms-lite.com/lbrq-ir-beleuchtungsserie.html
TMS LITE,LBRQ-00-120-3-X,table_1,extra_4,Red,Red,,https://www.tms-lite.com/lbrq-3-rows.html
TMS LITE,LBRQ-00-120-3-X,table_1,extra_5,Green,Green,,https://www.tms-lite.com/lbrq-3-rows.html
TMS LITE,LBRQ-00-120-3-X,table_1,extra_6,Blue,Blue,,https://www.tms-lite.com/lbrq-3-rows.html
TMS LITE,LBRQ-00-120-3-X,table_1,extra_7,White,White,,https://www.tms-lite.com/lbrq-3-rows.html
TMS LITE,LBRQ-00-120-3-X,table_2,A (mm),200,200,mm,https://www.tms-lite.com/lbrq-ir-beleuchtungsserie.html
TMS LITE,LBRQ-00-120-3-X,table_2,B (mm),175.8,175.8,mm,https://www.tms-lite.com/lbrq-ir-beleuchtungsserie.html
TMS LITE,LBRQ-00-120-3-X,table_2,C (mm),150,150,mm,https://www.tms-lite.com/lbrq-ir-beleuchtungsserie.html
TMS LITE,LBRQ-00-120-3-X,table_2,Colour,IR850,IR850,,https://www.tms-lite.com/lbrq-3-rows.html
TMS LITE,LBRQ-00-120-3-X,table_2,Current,900mA 900mA 900mA,900mA 900mA 900mA,mA,https://www.tms-lite.com/lbrq-3-rows.html
TMS LITE,LBRQ-00-120-3-X,table_2,Voltage (V) / Watt (W),24V / 21.60W 24V / 21.60W 24V / 21.60W,24V / 21.60W 24V / 21.60W 24V / 21.60W,V,https://www.tms-lite.com/lbrq-3-rows.html
TMS LITE,LBRQ-00-120-3-X,table_2,Weight (g),595,595,g,https://www.tms-lite.com/lbrq-3-rows.html
TMS LITE,LBRQ-00-120-3-X,table_3,A (mm),200.0,200.0,mm,https://www.tms-lite.com/lbrq-3-rows.html
TMS LITE,LBRQ-00-120-3-X,table_3,B (mm),175.8,175.8,mm,https://www.tms-lite.com/lbrq-3-rows.html
TMS LITE,LBRQ-00-120-3-X,table_3,C (mm),150.0,150.0,mm,https://www.tms-lite.com/lbrq-3-rows.html
TMS LITE,LBRQ-00-120-6-IR850,table_6,Datasheet,3D-view,3D-view,,https://www.tms-lite.com/lbrq-ir-beleuchtungsserie.html
TMS LITE,LBRQ-00-120-6-IR850,table_6,Drawing (2D),PDF,PDF,,https://www.tms-lite.com/lbrq-ir-beleuchtungsserie.html
TMS LITE,LBRQ-00-120-6-IR850,table_6,STEP (3D),DXF,DXF,,https://www.tms-lite.com/lbrq-ir-beleuchtungsserie.html
TMS LITE,LBRQ-00-120-6-IR850,table_6,extra_4,IR850,IR850,,https://www.tms-lite.com/lbrq-ir-beleuchtungsserie.html
TMS LITE,LBRQ-00-120-6-X,table_1,Datasheet,3D View,3D View,,https://www.tms-lite.com/lbrq-6-rows.html
TMS LITE,LBRQ-00-120-6-X,table_1,Drawing (2D),R/G/B/W PDF,R/G/B/W PDF,W,https://www.tms-lite.com/lbrq-6-rows.html
TMS LITE,LBRQ-00-120-6-X,table_1,STEP (3D),R/G/B/W DXF,R/G/B/W DXF,W,https://www.tms-lite.com/lbrq-6-rows.html
TMS LITE,LBRQ-00-120-6-X,table_1,extra_4,Red,Red,,https://www.tms-lite.com/lbrq-6-rows.html
TMS LITE,LBRQ-00-120-6-X,table_1,extra_5,Green,Green,,https://www.tms-lite.com/lbrq-6-rows.html
TMS LITE,LBRQ-00-120-6-X,table_1,extra_6,Blue,Blue,,https://www.tms-lite.com/lbrq-6-rows.html
TMS LITE,LBRQ-00-120-6-X,table_1,extra_7,White,White,,https://www.tms-lite.com/lbrq-6-rows.html
TMS LITE,LBRQ-00-120-6-X,table_2,Colour,IR850,IR850,,https://www.tms-lite.com/lbrq-6-rows.html
TMS LITE,LBRQ-00-120-6-X,table_2,Current,1200mA 960mA 1080mA,1200mA 960mA 1080mA,mA,https://www.tms-lite.com/lbrq-6-rows.html
TMS LITE,LBRQ-00-120-6-X,table_2,Voltage (V) / Watt (W),24V / 28.80W 24V / 23.04W 24V / 25.92W,24V / 28.80W 24V / 23.04W 24V / 25.92W,V,https://www.tms-lite.com/lbrq-6-rows.html
TMS LITE,LBRQ-00-120-6-X,table_2,Weight (g),600,600,g,https://www.tms-lite.com/lbrq-6-rows.html
TMS LITE,LBRQ-00-120-6-X,table_3,A (mm),200.0,200.0,mm,https://www.tms-lite.com/lbrq-6-rows.html
TMS LITE,LBRQ-00-120-6-X,table_3,B (mm),175.8,175.8,mm,https://www.tms-lite.com/lbrq-6-rows.html
TMS LITE,LBRQ-00-120-6-X,table_3,C (mm),150.0,150.0,mm,https://www.tms-lite.com/lbrq-6-rows.html
TMS LITE,LBRQ-00-120-6-X,table_3,Current,864mA,864mA,mA,https://www.tms-lite.com/lbrq-ir-beleuchtungsserie.html
TMS LITE,LBRQ-00-120-6-X,table_3,IR,IR850,IR850,,https://www.tms-lite.com/lbrq-ir-beleuchtungsserie.html
TMS LITE,LBRQ-00-120-6-X,table_3,Voltage (V) / Watt (W),24V / 20.74W,24V / 20.74W,V,https://www.tms-lite.com/lbrq-ir-beleuchtungsserie.html
TMS LITE,LBRQ-00-120-6-X,table_3,Weight (g),600,600,g,https://www.tms-lite.com/lbrq-ir-beleuchtungsserie.html
TMS LITE,LBRQ-00-120-6-X,table_4,A (mm),200,200,mm,https://www.tms-lite.com/lbrq-ir-beleuchtungsserie.html
TMS LITE,LBRQ-00-120-6-X,table_4,B (mm),175.8,175.8,mm,https://www.tms-lite.com/lbrq-ir-beleuchtungsserie.html
TMS LITE,LBRQ-00-120-6-X,table_4,C (mm),150,150,mm,https://www.tms-lite.com/lbrq-ir-beleuchtungsserie.html
TMS LITE,LBRQ-00-160-3-IR850,table_5,Datasheet,3D-view,3D-view,,https://www.tms-lite.com/lbrq-ir-beleuchtungsserie.html
TMS LITE,LBRQ-00-160-3-IR850,table_5,Drawing (2D),PDF,PDF,,https://www.tms-lite.com/lbrq-ir-beleuchtungsserie.html
TMS LITE,LBRQ-00-160-3-IR850,table_5,STEP (3D),DXF,DXF,,https://www.tms-lite.com/lbrq-ir-beleuchtungsserie.html
TMS LITE,LBRQ-00-160-3-IR850,table_5,extra_4,IR850,IR850,,https://www.tms-lite.com/lbrq-ir-beleuchtungsserie.html
TMS LITE,LBRQ-00-160-3-X,table_1,Current,720mA,720mA,mA,https://www.tms-lite.com/lbrq-ir-beleuchtungsserie.html
TMS LITE,LBRQ-00-160-3-X,table_1,Datasheet,3D View,3D View,,https://www.tms-lite.com/lbrq-3-rows.html
TMS LITE,LBRQ-00-160-3-X,table_1,Drawing (2D),R/G/B/W PDF,R/G/B/W PDF,W,https://www.tms-lite.com/lbrq-3-rows.html
TMS LITE,LBRQ-00-160-3-X,table_1,IR,IR850,IR850,,https://www.tms-lite.com/lbrq-ir-beleuchtungsserie.html
TMS LITE,LBRQ-00-160-3-X,table_1,STEP (3D),R/G/B/W DXF,R/G/B/W DXF,W,https://www.tms-lite.com/lbrq-3-rows.html
TMS LITE,LBRQ-00-160-3-X,table_1,Voltage (V) / Watt (W),24V / 17.28W,24V / 17.28W,V,https://www.tms-lite.com/lbrq-ir-beleuchtungsserie.html
TMS LITE,LBRQ-00-160-3-X,table_1,Weight (g),740,740,g,https://www.tms-lite.com/lbrq-ir-beleuchtungsserie.html
TMS LITE,LBRQ-00-160-3-X,table_1,extra_4,Red,Red,,https://www.tms-lite.com/lbrq-3-rows.html
TMS LITE,LBRQ-00-160-3-X,table_1,extra_5,Green,Green,,https://www.tms-lite.com/lbrq-3-rows.html
TMS LITE,LBRQ-00-160-3-X,table_1,extra_6,Blue,Blue,,https://www.tms-lite.com/lbrq-3-rows.html
TMS LITE,LBRQ-00-160-3-X,table_1,extra_7,White,White,,https://www.tms-lite.com/lbrq-3-rows.html
TMS LITE,LBRQ-00-160-3-X,table_2,A (mm),240,240,mm,https://www.tms-lite.com/lbrq-ir-beleuchtungsserie.html
TMS LITE,LBRQ-00-160-3-X,table_2,B (mm),215.8,215.8,mm,https://www.tms-lite.com/lbrq-ir-beleuchtungsserie.html
TMS LITE,LBRQ-00-160-3-X,table_2,C (mm),190,190,mm,https://www.tms-lite.com/lbrq-ir-beleuchtungsserie.html
TMS LITE,LBRQ-00-160-3-X,table_2,Colour,IR850,IR850,,https://www.tms-lite.com/lbrq-3-rows.html
TMS LITE,LBRQ-00-160-3-X,table_2,Current,1200mA 1200mA 1200mA,1200mA 1200mA 1200mA,mA,https://www.tms-lite.com/lbrq-3-rows.html
TMS LITE,LBRQ-00-160-3-X,table_2,Voltage (V) / Watt (W),24V / 28.80W 24V / 28.80W 24V / 28.80W,24V / 28.80W 24V / 28.80W 24V / 28.80W,V,https://www.tms-lite.com/lbrq-3-rows.html
TMS LITE,LBRQ-00-160-3-X,table_2,Weight (g),740,740,g,https://www.tms-lite.com/lbrq-3-rows.html
TMS LITE,LBRQ-00-160-3-X,table_3,A (mm),240.0,240.0,mm,https://www.tms-lite.com/lbrq-3-rows.html
TMS LITE,LBRQ-00-160-3-X,table_3,B (mm),215.8,215.8,mm,https://www.tms-lite.com/lbrq-3-rows.html
TMS LITE,LBRQ-00-160-3-X,table_3,C (mm),190.0,190.0,mm,https://www.tms-lite.com/lbrq-3-rows.html
TMS LITE,LBRQ-00-160-6-IR850,table_6,Datasheet,3D-view,3D-view,,https://www.tms-lite.com/lbrq-ir-beleuchtungsserie.html
TMS LITE,LBRQ-00-160-6-IR850,table_6,Drawing (2D),PDF,PDF,,https://www.tms-lite.com/lbrq-ir-beleuchtungsserie.html
TMS LITE,LBRQ-00-160-6-IR850,table_6,STEP (3D),DXF,DXF,,https://www.tms-lite.com/lbrq-ir-beleuchtungsserie.html
TMS LITE,LBRQ-00-160-6-IR850,table_6,extra_4,IR850,IR850,,https://www.tms-lite.com/lbrq-ir-beleuchtungsserie.html
TMS LITE,LBRQ-00-160-6-X,table_1,Datasheet,3D View,3D View,,https://www.tms-lite.com/lbrq-6-rows.html
TMS LITE,LBRQ-00-160-6-X,table_1,Drawing (2D),R/G/B/W PDF,R/G/B/W PDF,W,https://www.tms-lite.com/lbrq-6-rows.html
TMS LITE,LBRQ-00-160-6-X,table_1,STEP (3D),R/G/B/W DXF,R/G/B/W DXF,W,https://www.tms-lite.com/lbrq-6-rows.html
TMS LITE,LBRQ-00-160-6-X,table_1,extra_4,Red,Red,,https://www.tms-lite.com/lbrq-6-rows.html
TMS LITE,LBRQ-00-160-6-X,table_1,extra_5,Green,Green,,https://www.tms-lite.com/lbrq-6-rows.html
TMS LITE,LBRQ-00-160-6-X,table_1,extra_6,Blue,Blue,,https://www.tms-lite.com/lbrq-6-rows.html
TMS LITE,LBRQ-00-160-6-X,table_1,extra_7,White,White,,https://www.tms-lite.com/lbrq-6-rows.html
TMS LITE,LBRQ-00-160-6-X,table_2,Colour,IR850,IR850,,https://www.tms-lite.com/lbrq-6-rows.html
TMS LITE,LBRQ-00-160-6-X,table_2,Current,1600mA 1280mA 1440mA,1600mA 1280mA 1440mA,mA,https://www.tms-lite.com/lbrq-6-rows.html
TMS LITE,LBRQ-00-160-6-X,table_2,Voltage (V) / Watt (W),24V / 38.40W 24V / 30.72W 24V / 34.56W,24V / 38.40W 24V / 30.72W 24V / 34.56W,V,https://www.tms-lite.com/lbrq-6-rows.html
TMS LITE,LBRQ-00-160-6-X,table_2,Weight (g),800,800,g,https://www.tms-lite.com/lbrq-6-rows.html
TMS LITE,LBRQ-00-160-6-X,table_3,A (mm),240.0,240.0,mm,https://www.tms-lite.com/lbrq-6-rows.html
TMS LITE,LBRQ-00-160-6-X,table_3,B (mm),215.8,215.8,mm,https://www.tms-lite.com/lbrq-6-rows.html
TMS LITE,LBRQ-00-160-6-X,table_3,C (mm),190.0,190.0,mm,https://www.tms-lite.com/lbrq-6-rows.html
TMS LITE,LBRQ-00-160-6-X,table_3,Current,1152mA,1152mA,mA,https://www.tms-lite.com/lbrq-ir-beleuchtungsserie.html
TMS LITE,LBRQ-00-160-6-X,table_3,IR,IR850,IR850,,https://www.tms-lite.com/lbrq-ir-beleuchtungsserie.html
TMS LITE,LBRQ-00-160-6-X,table_3,Voltage (V) / Watt (W),24V / 27.65W,24V / 27.65W,V,https://www.tms-lite.com/lbrq-ir-beleuchtungsserie.html
TMS LITE,LBRQ-00-160-6-X,table_3,Weight (g),800,800,g,https://www.tms-lite.com/lbrq-ir-beleuchtungsserie.html
TMS LITE,LBRQ-00-160-6-X,table_4,A (mm),240,240,mm,https://www.tms-lite.com/lbrq-ir-beleuchtungsserie.html
TMS LITE,LBRQ-00-160-6-X,table_4,B (mm),215.8,215.8,mm,https://www.tms-lite.com/lbrq-ir-beleuchtungsserie.html
TMS LITE,LBRQ-00-160-6-X,table_4,C (mm),190,190,mm,https://www.tms-lite.com/lbrq-ir-beleuchtungsserie.html
TMS LITE,LBRQ-00-200-3-IR850,table_5,Datasheet,3D-view,3D-view,,https://www.tms-lite.com/lbrq-ir-beleuchtungsserie.html
TMS LITE,LBRQ-00-200-3-IR850,table_5,Drawing (2D),PDF,PDF,,https://www.tms-lite.com/lbrq-ir-beleuchtungsserie.html
TMS LITE,LBRQ-00-200-3-IR850,table_5,STEP (3D),DXF,DXF,,https://www.tms-lite.com/lbrq-ir-beleuchtungsserie.html
TMS LITE,LBRQ-00-200-3-IR850,table_5,extra_4,IR850,IR850,,https://www.tms-lite.com/lbrq-ir-beleuchtungsserie.html
TMS LITE,LBRQ-00-200-3-X,table_1,Current,900mA,900mA,mA,https://www.tms-lite.com/lbrq-ir-beleuchtungsserie.html
TMS LITE,LBRQ-00-200-3-X,table_1,Datasheet,3D View,3D View,,https://www.tms-lite.com/lbrq-3-rows.html
TMS LITE,LBRQ-00-200-3-X,table_1,Drawing (2D),R/G/B/W PDF,R/G/B/W PDF,W,https://www.tms-lite.com/lbrq-3-rows.html
TMS LITE,LBRQ-00-200-3-X,table_1,IR,IR850,IR850,,https://www.tms-lite.com/lbrq-ir-beleuchtungsserie.html
TMS LITE,LBRQ-00-200-3-X,table_1,STEP (3D),R/G/B/W DXF,R/G/B/W DXF,W,https://www.tms-lite.com/lbrq-3-rows.html
TMS LITE,LBRQ-00-200-3-X,table_1,Voltage (V) / Watt (W),24V / 21.60W,24V / 21.60W,V,https://www.tms-lite.com/lbrq-ir-beleuchtungsserie.html
TMS LITE,LBRQ-00-200-3-X,table_1,Weight (g),900,900,g,https://www.tms-lite.com/lbrq-ir-beleuchtungsserie.html
TMS LITE,LBRQ-00-200-3-X,table_1,extra_4,Red,Red,,https://www.tms-lite.com/lbrq-3-rows.html
TMS LITE,LBRQ-00-200-3-X,table_1,extra_5,Green,Green,,https://www.tms-lite.com/lbrq-3-rows.html
TMS LITE,LBRQ-00-200-3-X,table_1,extra_6,Blue,Blue,,https://www.tms-lite.com/lbrq-3-rows.html
TMS LITE,LBRQ-00-200-3-X,table_1,extra_7,White,White,,https://www.tms-lite.com/lbrq-3-rows.html
TMS LITE,LBRQ-00-200-3-X,table_2,A (mm),280,280,mm,https://www.tms-lite.com/lbrq-ir-beleuchtungsserie.html
TMS LITE,LBRQ-00-200-3-X,table_2,B (mm),255.8,255.8,mm,https://www.tms-lite.com/lbrq-ir-beleuchtungsserie.html
TMS LITE,LBRQ-00-200-3-X,table_2,C (mm),230,230,mm,https://www.tms-lite.com/lbrq-ir-beleuchtungsserie.html
TMS LITE,LBRQ-00-200-3-X,table_2,Colour,IR850,IR850,,https://www.tms-lite.com/lbrq-3-rows.html
TMS LITE,LBRQ-00-200-3-X,table_2,Current,1500mA 1500mA 1500mA,1500mA 1500mA 1500mA,mA,https://www.tms-lite.com/lbrq-3-rows.html
TMS LITE,LBRQ-00-200-3-X,table_2,Voltage (V) / Watt (W),24V / 36.00W 24V / 36.00W 24V / 36.00W,24V / 36.00W 24V / 36.00W 24V / 36.00W,V,https://www.tms-lite.com/lbrq-3-rows.html
TMS LITE,LBRQ-00-200-3-X,table_2,Weight (g),900,900,g,https://www.tms-lite.com/lbrq-3-rows.html
TMS LITE,LBRQ-00-200-3-X,table_3,A (mm),280.0,280.0,mm,https://www.tms-lite.com/lbrq-3-rows.html
TMS LITE,LBRQ-00-200-3-X,table_3,B (mm),255.8,255.8,mm,https://www.tms-lite.com/lbrq-3-rows.html
TMS LITE,LBRQ-00-200-3-X,table_3,C (mm),230.0,230.0,mm,https://www.tms-lite.com/lbrq-3-rows.html
TMS LITE,LBRQ-00-200-6-IR850,table_6,Datasheet,3D-view,3D-view,,https://www.tms-lite.com/lbrq-ir-beleuchtungsserie.html
TMS LITE,LBRQ-00-200-6-IR850,table_6,Drawing (2D),PDF,PDF,,https://www.tms-lite.com/lbrq-ir-beleuchtungsserie.html
TMS LITE,LBRQ-00-200-6-IR850,table_6,STEP (3D),DXF,DXF,,https://www.tms-lite.com/lbrq-ir-beleuchtungsserie.html
TMS LITE,LBRQ-00-200-6-IR850,table_6,extra_4,IR850,IR850,,https://www.tms-lite.com/lbrq-ir-beleuchtungsserie.html
TMS LITE,LBRQ-00-200-6-X,table_1,Datasheet,3D View,3D View,,https://www.tms-lite.com/lbrq-6-rows.html
TMS LITE,LBRQ-00-200-6-X,table_1,Drawing (2D),R/G/B/W PDF,R/G/B/W PDF,W,https://www.tms-lite.com/lbrq-6-rows.html
TMS LITE,LBRQ-00-200-6-X,table_1,STEP (3D),R/G/B/W DXF,R/G/B/W DXF,W,https://www.tms-lite.com/lbrq-6-rows.html
TMS LITE,LBRQ-00-200-6-X,table_1,extra_4,Red,Red,,https://www.tms-lite.com/lbrq-6-rows.html
TMS LITE,LBRQ-00-200-6-X,table_1,extra_5,Green,Green,,https://www.tms-lite.com/lbrq-6-rows.html
TMS LITE,LBRQ-00-200-6-X,table_1,extra_6,Blue,Blue,,https://www.tms-lite.com/lbrq-6-rows.html
TMS LITE,LBRQ-00-200-6-X,table_1,extra_7,White,White,,https://www.tms-lite.com/lbrq-6-rows.html
TMS LITE,LBRQ-00-200-6-X,table_2,Colour,IR850,IR850,,https://www.tms-lite.com/lbrq-6-rows.html
TMS LITE,LBRQ-00-200-6-X,table_2,Current,2000mA 1600mA 1800mA,2000mA 1600mA 1800mA,mA,https://www.tms-lite.com/lbrq-6-rows.html
TMS LITE,LBRQ-00-200-6-X,table_2,Voltage (V) / Watt (W),24V / 48.00W 24V / 38.40W 24V / 43.20W,24V / 48.00W 24V / 38.40W 24V / 43.20W,V,https://www.tms-lite.com/lbrq-6-rows.html
TMS LITE,LBRQ-00-200-6-X,table_2,Weight (g),900,900,g,https://www.tms-lite.com/lbrq-6-rows.html
TMS LITE,LBRQ-00-200-6-X,table_3,A (mm),280.0,280.0,mm,https://www.tms-lite.com/lbrq-6-rows.html
TMS LITE,LBRQ-00-200-6-X,table_3,B (mm),255.8,255.8,mm,https://www.tms-lite.com/lbrq-6-rows.html
TMS LITE,LBRQ-00-200-6-X,table_3,C (mm),230.0,230.0,mm,https://www.tms-lite.com/lbrq-6-rows.html
TMS LITE,LBRQ-00-200-6-X,table_3,Current,1440mA,1440mA,mA,https://www.tms-lite.com/lbrq-ir-beleuchtungsserie.html
TMS LITE,LBRQ-00-200-6-X,table_3,IR,IR850,IR850,,https://www.tms-lite.com/lbrq-ir-beleuchtungsserie.html
TMS LITE,LBRQ-00-200-6-X,table_3,Voltage (V) / Watt (W),24V / 34.56W,24V / 34.56W,V,https://www.tms-lite.com/lbrq-ir-beleuchtungsserie.html
TMS LITE,LBRQ-00-200-6-X,table_3,Weight (g),900,900,g,https://www.tms-lite.com/lbrq-ir-beleuchtungsserie.html
TMS LITE,LBRQ-00-200-6-X,table_4,A (mm),280,280,mm,https://www.tms-lite.com/lbrq-ir-beleuchtungsserie.html
TMS LITE,LBRQ-00-200-6-X,table_4,B (mm),255.8,255.8,mm,https://www.tms-lite.com/lbrq-ir-beleuchtungsserie.html
TMS LITE,LBRQ-00-200-6-X,table_4,C (mm),230,230,mm,https://www.tms-lite.com/lbrq-ir-beleuchtungsserie.html
TMS LITE,LBRQ-1,page,Product Page Title,UV ILLUMINATION - LBRQ 1 ROW,UV ILLUMINATION - LBRQ 1 ROW,,https://www.tms-lite.com/uv-illumination-lbrq-1-row
TMS LITE,LBRQ-4CH,table_1,DATASHEET (ID),3D View,3D View,,https://www.tms-lite.com/4-section-led-illumination-series-1091998366.html
TMS LITE,LBRQ-4CH,table_1,DXF (2D),2D View,2D View,,https://www.tms-lite.com/4-section-led-illumination-series-1091998366.html
TMS LITE,LBRQ-4CH,table_1,PDF (2D),LBRQ-00-080-3-X-24V-4CH,LBRQ-00-080-3-X-24V-4CH,,https://www.tms-lite.com/4-section-led-illumination-series-1091998366.html
TMS LITE,LBRQ-4CH,table_1,STEP (3D),2D View,2D View,,https://www.tms-lite.com/4-section-led-illumination-series-1091998366.html
TMS LITE,LBRQ-4CH,table_1,extra_5,Datasheet - Red,Datasheet - Red,,https://www.tms-lite.com/4-section-led-illumination-series-1091998366.html
TMS LITE,LBRQ-4CH,table_1,extra_6,For further details please contact us,For further details please contact us,,https://www.tms-lite.com/4-section-led-illumination-series-1091998366.html
TMS LITE,LBRQ-4CH,table_1,extra_7,For further details please contact us,For further details please contact us,,https://www.tms-lite.com/4-section-led-illumination-series-1091998366.html
TMS LITE,LBRQ-4CH,table_1,extra_8,Datasheet - White,Datasheet - White,,https://www.tms-lite.com/4-section-led-illumination-series-1091998366.html
TMS LITE,LBRX-00-040-3-IR850,table_5,Datasheet,3D-view,3D-view,,https://www.tms-lite.com/lbrx-ir-beleuchtungsserie.html
TMS LITE,LBRX-00-040-3-IR850,table_5,Drawing (2D),PDF,PDF,,https://www.tms-lite.com/lbrx-ir-beleuchtungsserie.html
TMS LITE,LBRX-00-040-3-IR850,table_5,STEP (3D),DXF,DXF,,https://www.tms-lite.com/lbrx-ir-beleuchtungsserie.html
TMS LITE,LBRX-00-040-3-IR850,table_5,extra_4,IR850,IR850,,https://www.tms-lite.com/lbrx-ir-beleuchtungsserie.html
TMS LITE,LBRX-00-040-3-X,table_1,Current,45mA,45mA,mA,https://www.tms-lite.com/lbrx-ir-beleuchtungsserie.html
TMS LITE,LBRX-00-040-3-X,table_1,Datasheet,3D View,3D View,,https://www.tms-lite.com/lbrx-3-rows.html
TMS LITE,LBRX-00-040-3-X,table_1,Drawing (2D),R/G/B/W PDF,R/G/B/W PDF,W,https://www.tms-lite.com/lbrx-3-rows.html
TMS LITE,LBRX-00-040-3-X,table_1,IR,IR850,IR850,,https://www.tms-lite.com/lbrx-ir-beleuchtungsserie.html
TMS LITE,LBRX-00-040-3-X,table_1,STEP (3D),R/G/B/W DXF,R/G/B/W DXF,W,https://www.tms-lite.com/lbrx-3-rows.html
TMS LITE,LBRX-00-040-3-X,table_1,Voltage (V) / Watt (W),24V / 1.08W,24V / 1.08W,V,https://www.tms-lite.com/lbrx-ir-beleuchtungsserie.html
TMS LITE,LBRX-00-040-3-X,table_1,Weight (g),50,50,g,https://www.tms-lite.com/lbrx-ir-beleuchtungsserie.html
TMS LITE,LBRX-00-040-3-X,table_1,extra_4,Red,Red,,https://www.tms-lite.com/lbrx-3-rows.html
TMS LITE,LBRX-00-040-3-X,table_1,extra_5,Green,Green,,https://www.tms-lite.com/lbrx-3-rows.html
TMS LITE,LBRX-00-040-3-X,table_1,extra_6,Blue,Blue,,https://www.tms-lite.com/lbrx-3-rows.html
TMS LITE,LBRX-00-040-3-X,table_1,extra_7,White,White,,https://www.tms-lite.com/lbrx-3-rows.html
TMS LITE,LBRX-00-040-3-X,table_2,A (mm),52,52,mm,https://www.tms-lite.com/lbrx-ir-beleuchtungsserie.html
TMS LITE,LBRX-00-040-3-X,table_2,B (mm),40,40,mm,https://www.tms-lite.com/lbrx-ir-beleuchtungsserie.html
TMS LITE,LBRX-00-040-3-X,table_2,Colour,IR850,IR850,,https://www.tms-lite.com/lbrx-3-rows.html
TMS LITE,LBRX-00-040-3-X,table_2,Current,75mA 75mA 75mA,75mA 75mA 75mA,mA,https://www.tms-lite.com/lbrx-3-rows.html
TMS LITE,LBRX-00-040-3-X,table_2,Voltage (V) / Watt (W),24V / 1.80W 24V / 1.80W 24V / 1.80W,24V / 1.80W 24V / 1.80W 24V / 1.80W,V,https://www.tms-lite.com/lbrx-3-rows.html
TMS LITE,LBRX-00-040-3-X,table_2,Weight (g),50,50,g,https://www.tms-lite.com/lbrx-3-rows.html
TMS LITE,LBRX-00-040-3-X,table_3,A (mm),52.0,52.0,mm,https://www.tms-lite.com/lbrx-3-rows.html
TMS LITE,LBRX-00-040-3-X,table_3,B (mm),40.0,40.0,mm,https://www.tms-lite.com/lbrx-3-rows.html
TMS LITE,LBRX-00-040-6-IR850,table_6,Datasheet,3D-view,3D-view,,https://www.tms-lite.com/lbrx-ir-beleuchtungsserie.html
TMS LITE,LBRX-00-040-6-IR850,table_6,Drawing (2D),PDF,PDF,,https://www.tms-lite.com/lbrx-ir-beleuchtungsserie.html
TMS LITE,LBRX-00-040-6-IR850,table_6,STEP (3D),DXF,DXF,,https://www.tms-lite.com/lbrx-ir-beleuchtungsserie.html
TMS LITE,LBRX-00-040-6-IR850,table_6,extra_4,IR850,IR850,,https://www.tms-lite.com/lbrx-ir-beleuchtungsserie.html
TMS LITE,LBRX-00-040-6-X,table_1,Datasheet,3D View,3D View,,https://www.tms-lite.com/lbrx-6-rows.html
TMS LITE,LBRX-00-040-6-X,table_1,Drawing (2D),R/G/B/W PDF,R/G/B/W PDF,W,https://www.tms-lite.com/lbrx-6-rows.html
TMS LITE,LBRX-00-040-6-X,table_1,STEP (3D),R/G/B/W DXF,R/G/B/W DXF,W,https://www.tms-lite.com/lbrx-6-rows.html
TMS LITE,LBRX-00-040-6-X,table_1,extra_4,Red,Red,,https://www.tms-lite.com/lbrx-6-rows.html
TMS LITE,LBRX-00-040-6-X,table_1,extra_5,Green,Green,,https://www.tms-lite.com/lbrx-6-rows.html
TMS LITE,LBRX-00-040-6-X,table_1,extra_6,Blue,Blue,,https://www.tms-lite.com/lbrx-6-rows.html
TMS LITE,LBRX-00-040-6-X,table_1,extra_7,White,White,,https://www.tms-lite.com/lbrx-6-rows.html
TMS LITE,LBRX-00-040-6-X,table_2,Colour,IR850,IR850,,https://www.tms-lite.com/lbrx-6-rows.html
TMS LITE,LBRX-00-040-6-X,table_2,Current,100mA 80mA 90mA,100mA 80mA 90mA,mA,https://www.tms-lite.com/lbrx-6-rows.html
TMS LITE,LBRX-00-040-6-X,table_2,Voltage (V) / Watt (W),24V / 2.40W 24V / 1.92W 24V / 2.16W,24V / 2.40W 24V / 1.92W 24V / 2.16W,V,https://www.tms-lite.com/lbrx-6-rows.html
TMS LITE,LBRX-00-040-6-X,table_2,Weight (g),70,70,g,https://www.tms-lite.com/lbrx-6-rows.html
TMS LITE,LBRX-00-040-6-X,table_3,A (mm),52.0,52.0,mm,https://www.tms-lite.com/lbrx-6-rows.html
TMS LITE,LBRX-00-040-6-X,table_3,B (mm),40.0,40.0,mm,https://www.tms-lite.com/lbrx-6-rows.html
TMS LITE,LBRX-00-040-6-X,table_3,Current,72mA,72mA,mA,https://www.tms-lite.com/lbrx-ir-beleuchtungsserie.html
TMS LITE,LBRX-00-040-6-X,table_3,IR,IR850,IR850,,https://www.tms-lite.com/lbrx-ir-beleuchtungsserie.html
TMS LITE,LBRX-00-040-6-X,table_3,Voltage (V) / Watt (W),24V / 1.72W,24V / 1.72W,V,https://www.tms-lite.com/lbrx-ir-beleuchtungsserie.html
TMS LITE,LBRX-00-040-6-X,table_3,Weight (g),70,70,g,https://www.tms-lite.com/lbrx-ir-beleuchtungsserie.html
TMS LITE,LBRX-00-040-6-X,table_4,A (mm),52,52,mm,https://www.tms-lite.com/lbrx-ir-beleuchtungsserie.html
TMS LITE,LBRX-00-040-6-X,table_4,B (mm),40,40,mm,https://www.tms-lite.com/lbrx-ir-beleuchtungsserie.html
TMS LITE,LBRX-00-080-1-X,table_1,Color,UV365,UV365,,https://www.tms-lite.com/lbrx-uv-illumination-serie.html
TMS LITE,LBRX-00-080-1-X,table_1,Current,100mA,100mA,mA,https://www.tms-lite.com/lbrx-uv-illumination-serie.html
TMS LITE,LBRX-00-080-1-X,table_1,Voltage (V)/Watt (W),24V / 2.4W,24V / 2.4W,V,https://www.tms-lite.com/lbrx-uv-illumination-serie.html
TMS LITE,LBRX-00-080-1-X,table_1,Weight (g),95,95,g,https://www.tms-lite.com/lbrx-uv-illumination-serie.html
TMS LITE,LBRX-00-080-1-X,table_2,A (mm),92,92,mm,https://www.tms-lite.com/lbrx-uv-illumination-serie.html
TMS LITE,LBRX-00-080-1-X,table_2,B (mm),80,80,mm,https://www.tms-lite.com/lbrx-uv-illumination-serie.html
TMS LITE,LBRX-00-080-1-X,table_3,Datasheet,3D-view,3D-view,,https://www.tms-lite.com/lbrx-uv-illumination-serie.html
TMS LITE,LBRX-00-080-1-X,table_3,Drawing (2D),PDF,PDF,,https://www.tms-lite.com/lbrx-uv-illumination-serie.html
TMS LITE,LBRX-00-080-1-X,table_3,STEP (3D),DXF,DXF,,https://www.tms-lite.com/lbrx-uv-illumination-serie.html
TMS LITE,LBRX-00-080-1-X,table_3,UV,UV365,UV365,,https://www.tms-lite.com/lbrx-uv-illumination-serie.html
TMS LITE,LBRX-00-080-1-X,table_3,extra_5,UV365,UV365,,https://www.tms-lite.com/lbrx-uv-illumination-serie.html
TMS LITE,LBRX-00-080-12-X,table_1,Current,300mA 280mA,300mA 280mA,mA,https://www.tms-lite.com/lbrx-12-rows-series.html
TMS LITE,LBRX-00-080-12-X,table_1,Voltage (V) / Watt (W),24V / 7.2W 24V / 6.72W,24V / 7.2W 24V / 6.72W,V,https://www.tms-lite.com/lbrx-12-rows-series.html
TMS LITE,LBRX-00-080-12-X,table_1,Weight (g),121,121,g,https://www.tms-lite.com/lbrx-12-rows-series.html
TMS LITE,LBRX-00-080-12-X,table_2,A (mm),89,89,mm,https://www.tms-lite.com/lbrx-12-rows-series.html
TMS LITE,LBRX-00-080-12-X,table_2,B (mm),80,80,mm,https://www.tms-lite.com/lbrx-12-rows-series.html
TMS LITE,LBRX-00-080-12-X,table_3,Datasheet,3D View,3D View,,https://www.tms-lite.com/lbrx-12-rows-series.html
TMS LITE,LBRX-00-080-12-X,table_3,Drawing (2D),PDF,PDF,,https://www.tms-lite.com/lbrx-12-rows-series.html
TMS LITE,LBRX-00-080-12-X,table_3,STEP (3D),DXF,DXF,,https://www.tms-lite.com/lbrx-12-rows-series.html
TMS LITE,LBRX-00-080-12-X,table_3,extra_4,Red,Red,,https://www.tms-lite.com/lbrx-12-rows-series.html
TMS LITE,LBRX-00-080-12-X,table_3,extra_5,White,White,,https://www.tms-lite.com/lbrx-12-rows-series.html
TMS LITE,LBRX-00-080-3-IR850,table_5,Datasheet,3D-view,3D-view,,https://www.tms-lite.com/lbrx-ir-beleuchtungsserie.html
TMS LITE,LBRX-00-080-3-IR850,table_5,Drawing (2D),PDF,PDF,,https://www.tms-lite.com/lbrx-ir-beleuchtungsserie.html
TMS LITE,LBRX-00-080-3-IR850,table_5,STEP (3D),DXF,DXF,,https://www.tms-lite.com/lbrx-ir-beleuchtungsserie.html
TMS LITE,LBRX-00-080-3-IR850,table_5,extra_4,IR850,IR850,,https://www.tms-lite.com/lbrx-ir-beleuchtungsserie.html
TMS LITE,LBRX-00-080-3-X,table_1,Current,90mA,90mA,mA,https://www.tms-lite.com/lbrx-ir-beleuchtungsserie.html
TMS LITE,LBRX-00-080-3-X,table_1,Datasheet,3D View,3D View,,https://www.tms-lite.com/lbrx-3-rows.html
TMS LITE,LBRX-00-080-3-X,table_1,Drawing (2D),R/G/B/W PDF,R/G/B/W PDF,W,https://www.tms-lite.com/lbrx-3-rows.html
TMS LITE,LBRX-00-080-3-X,table_1,IR,IR850,IR850,,https://www.tms-lite.com/lbrx-ir-beleuchtungsserie.html
TMS LITE,LBRX-00-080-3-X,table_1,STEP (3D),R/G/B/W DXF,R/G/B/W DXF,W,https://www.tms-lite.com/lbrx-3-rows.html
TMS LITE,LBRX-00-080-3-X,table_1,Voltage (V) / Watt (W),24V / 2.16W,24V / 2.16W,V,https://www.tms-lite.com/lbrx-ir-beleuchtungsserie.html
TMS LITE,LBRX-00-080-3-X,table_1,Weight (g),70,70,g,https://www.tms-lite.com/lbrx-ir-beleuchtungsserie.html
TMS LITE,LBRX-00-080-3-X,table_1,extra_4,Red,Red,,https://www.tms-lite.com/lbrx-3-rows.html
TMS LITE,LBRX-00-080-3-X,table_1,extra_5,Green,Green,,https://www.tms-lite.com/lbrx-3-rows.html
TMS LITE,LBRX-00-080-3-X,table_1,extra_6,Blue,Blue,,https://www.tms-lite.com/lbrx-3-rows.html
TMS LITE,LBRX-00-080-3-X,table_1,extra_7,White,White,,https://www.tms-lite.com/lbrx-3-rows.html
TMS LITE,LBRX-00-080-3-X,table_2,A (mm),92,92,mm,https://www.tms-lite.com/lbrx-ir-beleuchtungsserie.html
TMS LITE,LBRX-00-080-3-X,table_2,B (mm),80,80,mm,https://www.tms-lite.com/lbrx-ir-beleuchtungsserie.html
TMS LITE,LBRX-00-080-3-X,table_2,Colour,IR850,IR850,,https://www.tms-lite.com/lbrx-3-rows.html
TMS LITE,LBRX-00-080-3-X,table_2,Current,150mA 150mA 150mA,150mA 150mA 150mA,mA,https://www.tms-lite.com/lbrx-3-rows.html
TMS LITE,LBRX-00-080-3-X,table_2,Voltage (V) / Watt (W),24V / 3.60W 24V / 3.60W 24V / 3.60W,24V / 3.60W 24V / 3.60W 24V / 3.60W,V,https://www.tms-lite.com/lbrx-3-rows.html
TMS LITE,LBRX-00-080-3-X,table_2,Weight (g),70,70,g,https://www.tms-lite.com/lbrx-3-rows.html
TMS LITE,LBRX-00-080-3-X,table_3,A (mm),92.0,92.0,mm,https://www.tms-lite.com/lbrx-3-rows.html
TMS LITE,LBRX-00-080-3-X,table_3,B (mm),80.0,80.0,mm,https://www.tms-lite.com/lbrx-3-rows.html
TMS LITE,LBRX-00-080-6-IR850,table_6,Datasheet,3D-view,3D-view,,https://www.tms-lite.com/lbrx-ir-beleuchtungsserie.html
TMS LITE,LBRX-00-080-6-IR850,table_6,Drawing (2D),PDF,PDF,,https://www.tms-lite.com/lbrx-ir-beleuchtungsserie.html
TMS LITE,LBRX-00-080-6-IR850,table_6,STEP (3D),DXF,DXF,,https://www.tms-lite.com/lbrx-ir-beleuchtungsserie.html
TMS LITE,LBRX-00-080-6-IR850,table_6,extra_4,IR850,IR850,,https://www.tms-lite.com/lbrx-ir-beleuchtungsserie.html
TMS LITE,LBRX-00-080-6-X,table_1,Datasheet,3D View,3D View,,https://www.tms-lite.com/lbrx-6-rows.html
TMS LITE,LBRX-00-080-6-X,table_1,Drawing (2D),R/G/B/W PDF,R/G/B/W PDF,W,https://www.tms-lite.com/lbrx-6-rows.html
TMS LITE,LBRX-00-080-6-X,table_1,STEP (3D),R/G/B/W DXF,R/G/B/W DXF,W,https://www.tms-lite.com/lbrx-6-rows.html
TMS LITE,LBRX-00-080-6-X,table_1,extra_4,Red,Red,,https://www.tms-lite.com/lbrx-6-rows.html
TMS LITE,LBRX-00-080-6-X,table_1,extra_5,Green,Green,,https://www.tms-lite.com/lbrx-6-rows.html
TMS LITE,LBRX-00-080-6-X,table_1,extra_6,Blue,Blue,,https://www.tms-lite.com/lbrx-6-rows.html
TMS LITE,LBRX-00-080-6-X,table_1,extra_7,White,White,,https://www.tms-lite.com/lbrx-6-rows.html
TMS LITE,LBRX-00-080-6-X,table_2,Colour,IR850,IR850,,https://www.tms-lite.com/lbrx-6-rows.html
TMS LITE,LBRX-00-080-6-X,table_2,Current,200mA 160mA 180mA,200mA 160mA 180mA,mA,https://www.tms-lite.com/lbrx-6-rows.html
TMS LITE,LBRX-00-080-6-X,table_2,Voltage (V) / Watt (W),24V / 4.80W 24V / 3.84W 24V / 4.32W,24V / 4.80W 24V / 3.84W 24V / 4.32W,V,https://www.tms-lite.com/lbrx-6-rows.html
TMS LITE,LBRX-00-080-6-X,table_2,Weight (g),100,100,g,https://www.tms-lite.com/lbrx-6-rows.html
TMS LITE,LBRX-00-080-6-X,table_3,A (mm),92.0,92.0,mm,https://www.tms-lite.com/lbrx-6-rows.html
TMS LITE,LBRX-00-080-6-X,table_3,B (mm),80.0,80.0,mm,https://www.tms-lite.com/lbrx-6-rows.html
TMS LITE,LBRX-00-080-6-X,table_3,Current,144mA,144mA,mA,https://www.tms-lite.com/lbrx-ir-beleuchtungsserie.html
TMS LITE,LBRX-00-080-6-X,table_3,IR,IR850,IR850,,https://www.tms-lite.com/lbrx-ir-beleuchtungsserie.html
TMS LITE,LBRX-00-080-6-X,table_3,Voltage (V) / Watt (W),24V / 3.46W,24V / 3.46W,V,https://www.tms-lite.com/lbrx-ir-beleuchtungsserie.html
TMS LITE,LBRX-00-080-6-X,table_3,Weight (g),100,100,g,https://www.tms-lite.com/lbrx-ir-beleuchtungsserie.html
TMS LITE,LBRX-00-080-6-X,table_4,A (mm),92,92,mm,https://www.tms-lite.com/lbrx-ir-beleuchtungsserie.html
TMS LITE,LBRX-00-080-6-X,table_4,B (mm),80,80,mm,https://www.tms-lite.com/lbrx-ir-beleuchtungsserie.html
TMS LITE,LBRX-00-120-3-IR850,table_5,Datasheet,3D-view,3D-view,,https://www.tms-lite.com/lbrx-ir-beleuchtungsserie.html
TMS LITE,LBRX-00-120-3-IR850,table_5,Drawing (2D),PDF,PDF,,https://www.tms-lite.com/lbrx-ir-beleuchtungsserie.html
TMS LITE,LBRX-00-120-3-IR850,table_5,STEP (3D),DXF,DXF,,https://www.tms-lite.com/lbrx-ir-beleuchtungsserie.html
TMS LITE,LBRX-00-120-3-IR850,table_5,extra_4,IR850,IR850,,https://www.tms-lite.com/lbrx-ir-beleuchtungsserie.html
TMS LITE,LBRX-00-120-3-X,table_1,Current,135mA,135mA,mA,https://www.tms-lite.com/lbrx-ir-beleuchtungsserie.html
TMS LITE,LBRX-00-120-3-X,table_1,Datasheet,3D View,3D View,,https://www.tms-lite.com/lbrx-3-rows.html
TMS LITE,LBRX-00-120-3-X,table_1,Drawing (2D),R/G/B/W PDF,R/G/B/W PDF,W,https://www.tms-lite.com/lbrx-3-rows.html
TMS LITE,LBRX-00-120-3-X,table_1,IR,IR850,IR850,,https://www.tms-lite.com/lbrx-ir-beleuchtungsserie.html
TMS LITE,LBRX-00-120-3-X,table_1,STEP (3D),R/G/B/W DXF,R/G/B/W DXF,W,https://www.tms-lite.com/lbrx-3-rows.html
TMS LITE,LBRX-00-120-3-X,table_1,Voltage (V) / Watt (W),24V / 3.24W,24V / 3.24W,V,https://www.tms-lite.com/lbrx-ir-beleuchtungsserie.html
TMS LITE,LBRX-00-120-3-X,table_1,Weight (g),95,95,g,https://www.tms-lite.com/lbrx-ir-beleuchtungsserie.html
TMS LITE,LBRX-00-120-3-X,table_1,extra_4,Red,Red,,https://www.tms-lite.com/lbrx-3-rows.html
TMS LITE,LBRX-00-120-3-X,table_1,extra_5,Green,Green,,https://www.tms-lite.com/lbrx-3-rows.html
TMS LITE,LBRX-00-120-3-X,table_1,extra_6,Blue,Blue,,https://www.tms-lite.com/lbrx-3-rows.html
TMS LITE,LBRX-00-120-3-X,table_1,extra_7,White,White,,https://www.tms-lite.com/lbrx-3-rows.html
TMS LITE,LBRX-00-120-3-X,table_2,A (mm),132,132,mm,https://www.tms-lite.com/lbrx-ir-beleuchtungsserie.html
TMS LITE,LBRX-00-120-3-X,table_2,B (mm),120,120,mm,https://www.tms-lite.com/lbrx-ir-beleuchtungsserie.html
TMS LITE,LBRX-00-120-3-X,table_2,Colour,IR850,IR850,,https://www.tms-lite.com/lbrx-3-rows.html
TMS LITE,LBRX-00-120-3-X,table_2,Current,225mA 225mA 225mA,225mA 225mA 225mA,mA,https://www.tms-lite.com/lbrx-3-rows.html
TMS LITE,LBRX-00-120-3-X,table_2,Voltage (V) / Watt (W),24V / 5.40W 24V / 5.40W 24V / 5.40W,24V / 5.40W 24V / 5.40W 24V / 5.40W,V,https://www.tms-lite.com/lbrx-3-rows.html
TMS LITE,LBRX-00-120-3-X,table_2,Weight (g),95,95,g,https://www.tms-lite.com/lbrx-3-rows.html
TMS LITE,LBRX-00-120-3-X,table_3,A (mm),132.0,132.0,mm,https://www.tms-lite.com/lbrx-3-rows.html
TMS LITE,LBRX-00-120-3-X,table_3,B (mm),120.0,120.0,mm,https://www.tms-lite.com/lbrx-3-rows.html
TMS LITE,LBRX-00-120-6-IR850,table_6,Datasheet,3D-view,3D-view,,https://www.tms-lite.com/lbrx-ir-beleuchtungsserie.html
TMS LITE,LBRX-00-120-6-IR850,table_6,Drawing (2D),PDF,PDF,,https://www.tms-lite.com/lbrx-ir-beleuchtungsserie.html
TMS LITE,LBRX-00-120-6-IR850,table_6,STEP (3D),DXF,DXF,,https://www.tms-lite.com/lbrx-ir-beleuchtungsserie.html
TMS LITE,LBRX-00-120-6-IR850,table_6,extra_4,IR850,IR850,,https://www.tms-lite.com/lbrx-ir-beleuchtungsserie.html
TMS LITE,LBRX-00-120-6-X,table_1,Datasheet,3D View,3D View,,https://www.tms-lite.com/lbrx-6-rows.html
TMS LITE,LBRX-00-120-6-X,table_1,Drawing (2D),R/G/B/W PDF,R/G/B/W PDF,W,https://www.tms-lite.com/lbrx-6-rows.html
TMS LITE,LBRX-00-120-6-X,table_1,STEP (3D),R/G/B/W DXF,R/G/B/W DXF,W,https://www.tms-lite.com/lbrx-6-rows.html
TMS LITE,LBRX-00-120-6-X,table_1,extra_4,Red,Red,,https://www.tms-lite.com/lbrx-6-rows.html
TMS LITE,LBRX-00-120-6-X,table_1,extra_5,Green,Green,,https://www.tms-lite.com/lbrx-6-rows.html
TMS LITE,LBRX-00-120-6-X,table_1,extra_6,Blue,Blue,,https://www.tms-lite.com/lbrx-6-rows.html
TMS LITE,LBRX-00-120-6-X,table_1,extra_7,White,White,,https://www.tms-lite.com/lbrx-6-rows.html
TMS LITE,LBRX-00-120-6-X,table_2,Colour,IR850,IR850,,https://www.tms-lite.com/lbrx-6-rows.html
TMS LITE,LBRX-00-120-6-X,table_2,Current,300mA 240mA 270mA,300mA 240mA 270mA,mA,https://www.tms-lite.com/lbrx-6-rows.html
TMS LITE,LBRX-00-120-6-X,table_2,Voltage (V) / Watt (W),24V / 7.20W 24V / 5.76W 24V / 6.48W,24V / 7.20W 24V / 5.76W 24V / 6.48W,V,https://www.tms-lite.com/lbrx-6-rows.html
TMS LITE,LBRX-00-120-6-X,table_2,Weight (g),130,130,g,https://www.tms-lite.com/lbrx-6-rows.html
TMS LITE,LBRX-00-120-6-X,table_3,A (mm),132.0,132.0,mm,https://www.tms-lite.com/lbrx-6-rows.html
TMS LITE,LBRX-00-120-6-X,table_3,B (mm),120.0,120.0,mm,https://www.tms-lite.com/lbrx-6-rows.html
TMS LITE,LBRX-00-120-6-X,table_3,Current,216mA,216mA,mA,https://www.tms-lite.com/lbrx-ir-beleuchtungsserie.html
TMS LITE,LBRX-00-120-6-X,table_3,IR,IR850,IR850,,https://www.tms-lite.com/lbrx-ir-beleuchtungsserie.html
TMS LITE,LBRX-00-120-6-X,table_3,Voltage (V) / Watt (W),24V / 5.18W,24V / 5.18W,V,https://www.tms-lite.com/lbrx-ir-beleuchtungsserie.html
TMS LITE,LBRX-00-120-6-X,table_3,Weight (g),130,130,g,https://www.tms-lite.com/lbrx-ir-beleuchtungsserie.html
TMS LITE,LBRX-00-120-6-X,table_4,A (mm),132,132,mm,https://www.tms-lite.com/lbrx-ir-beleuchtungsserie.html
TMS LITE,LBRX-00-120-6-X,table_4,B (mm),120,120,mm,https://www.tms-lite.com/lbrx-ir-beleuchtungsserie.html
TMS LITE,LBRX-00-160-1-X,table_1,Color,UV365,UV365,,https://www.tms-lite.com/lbrx-uv-illumination-serie.html
TMS LITE,LBRX-00-160-1-X,table_1,Current,200mA,200mA,mA,https://www.tms-lite.com/lbrx-uv-illumination-serie.html
TMS LITE,LBRX-00-160-1-X,table_1,Voltage (V)/Watt (W),24V / 4.8W,24V / 4.8W,V,https://www.tms-lite.com/lbrx-uv-illumination-serie.html
TMS LITE,LBRX-00-160-1-X,table_1,Weight (g),155,155,g,https://www.tms-lite.com/lbrx-uv-illumination-serie.html
TMS LITE,LBRX-00-160-1-X,table_2,A (mm),175,175,mm,https://www.tms-lite.com/lbrx-uv-illumination-serie.html
TMS LITE,LBRX-00-160-1-X,table_2,B (mm),160,160,mm,https://www.tms-lite.com/lbrx-uv-illumination-serie.html
TMS LITE,LBRX-00-160-1-X,table_3,Datasheet,3D-view,3D-view,,https://www.tms-lite.com/lbrx-uv-illumination-serie.html
TMS LITE,LBRX-00-160-1-X,table_3,Drawing (2D),PDF,PDF,,https://www.tms-lite.com/lbrx-uv-illumination-serie.html
TMS LITE,LBRX-00-160-1-X,table_3,STEP (3D),DXF,DXF,,https://www.tms-lite.com/lbrx-uv-illumination-serie.html
TMS LITE,LBRX-00-160-1-X,table_3,UV,UV365,UV365,,https://www.tms-lite.com/lbrx-uv-illumination-serie.html
TMS LITE,LBRX-00-160-1-X,table_3,extra_5,UV365,UV365,,https://www.tms-lite.com/lbrx-uv-illumination-serie.html
TMS LITE,LBRX-00-160-12-X,table_1,Current,600mA 560mA,600mA 560mA,mA,https://www.tms-lite.com/lbrx-12-rows-series.html
TMS LITE,LBRX-00-160-12-X,table_1,Voltage (V) / Watt (W),24V / 14.4W 24V / 13.44W,24V / 14.4W 24V / 13.44W,V,https://www.tms-lite.com/lbrx-12-rows-series.html
TMS LITE,LBRX-00-160-12-X,table_1,Weight (g),227,227,g,https://www.tms-lite.com/lbrx-12-rows-series.html
TMS LITE,LBRX-00-160-12-X,table_2,A (mm),169,169,mm,https://www.tms-lite.com/lbrx-12-rows-series.html
TMS LITE,LBRX-00-160-12-X,table_2,B (mm),160,160,mm,https://www.tms-lite.com/lbrx-12-rows-series.html
TMS LITE,LBRX-00-160-12-X,table_3,Datasheet,3D View,3D View,,https://www.tms-lite.com/lbrx-12-rows-series.html
TMS LITE,LBRX-00-160-12-X,table_3,Drawing (2D),PDF,PDF,,https://www.tms-lite.com/lbrx-12-rows-series.html
TMS LITE,LBRX-00-160-12-X,table_3,STEP (3D),DXF,DXF,,https://www.tms-lite.com/lbrx-12-rows-series.html
TMS LITE,LBRX-00-160-12-X,table_3,extra_4,Red,Red,,https://www.tms-lite.com/lbrx-12-rows-series.html
TMS LITE,LBRX-00-160-12-X,table_3,extra_5,White,White,,https://www.tms-lite.com/lbrx-12-rows-series.html
TMS LITE,LBRX-00-160-3-IR850,table_5,Datasheet,3D-view,3D-view,,https://www.tms-lite.com/lbrx-ir-beleuchtungsserie.html
TMS LITE,LBRX-00-160-3-IR850,table_5,Drawing (2D),PDF,PDF,,https://www.tms-lite.com/lbrx-ir-beleuchtungsserie.html
TMS LITE,LBRX-00-160-3-IR850,table_5,STEP (3D),DXF,DXF,,https://www.tms-lite.com/lbrx-ir-beleuchtungsserie.html
TMS LITE,LBRX-00-160-3-IR850,table_5,extra_4,IR850,IR850,,https://www.tms-lite.com/lbrx-ir-beleuchtungsserie.html
TMS LITE,LBRX-00-160-3-X,table_1,Current,180mA,180mA,mA,https://www.tms-lite.com/lbrx-ir-beleuchtungsserie.html
TMS LITE,LBRX-00-160-3-X,table_1,Datasheet,3D View,3D View,,https://www.tms-lite.com/lbrx-3-rows.html
TMS LITE,LBRX-00-160-3-X,table_1,Drawing (2D),R/G/B/W PDF,R/G/B/W PDF,W,https://www.tms-lite.com/lbrx-3-rows.html
TMS LITE,LBRX-00-160-3-X,table_1,IR,IR850,IR850,,https://www.tms-lite.com/lbrx-ir-beleuchtungsserie.html
TMS LITE,LBRX-00-160-3-X,table_1,STEP (3D),R/G/B/W DXF,R/G/B/W DXF,W,https://www.tms-lite.com/lbrx-3-rows.html
TMS LITE,LBRX-00-160-3-X,table_1,Voltage (V) / Watt (W),24V / 4.32W,24V / 4.32W,V,https://www.tms-lite.com/lbrx-ir-beleuchtungsserie.html
TMS LITE,LBRX-00-160-3-X,table_1,Weight (g),115,115,g,https://www.tms-lite.com/lbrx-ir-beleuchtungsserie.html
TMS LITE,LBRX-00-160-3-X,table_1,extra_4,Red,Red,,https://www.tms-lite.com/lbrx-3-rows.html
TMS LITE,LBRX-00-160-3-X,table_1,extra_5,Green,Green,,https://www.tms-lite.com/lbrx-3-rows.html
TMS LITE,LBRX-00-160-3-X,table_1,extra_6,Blue,Blue,,https://www.tms-lite.com/lbrx-3-rows.html
TMS LITE,LBRX-00-160-3-X,table_1,extra_7,White,White,,https://www.tms-lite.com/lbrx-3-rows.html
TMS LITE,LBRX-00-160-3-X,table_2,A (mm),172,172,mm,https://www.tms-lite.com/lbrx-ir-beleuchtungsserie.html
TMS LITE,LBRX-00-160-3-X,table_2,B (mm),160,160,mm,https://www.tms-lite.com/lbrx-ir-beleuchtungsserie.html
TMS LITE,LBRX-00-160-3-X,table_2,Colour,IR850,IR850,,https://www.tms-lite.com/lbrx-3-rows.html
TMS LITE,LBRX-00-160-3-X,table_2,Current,300mA 300mA 300mA,300mA 300mA 300mA,mA,https://www.tms-lite.com/lbrx-3-rows.html
TMS LITE,LBRX-00-160-3-X,table_2,Voltage (V) / Watt (W),24V / 7.20W 24V / 7.20W 24V / 7.20W,24V / 7.20W 24V / 7.20W 24V / 7.20W,V,https://www.tms-lite.com/lbrx-3-rows.html
TMS LITE,LBRX-00-160-3-X,table_2,Weight (g),115,115,g,https://www.tms-lite.com/lbrx-3-rows.html
TMS LITE,LBRX-00-160-3-X,table_3,A (mm),172.0,172.0,mm,https://www.tms-lite.com/lbrx-3-rows.html
TMS LITE,LBRX-00-160-3-X,table_3,B (mm),160.0,160.0,mm,https://www.tms-lite.com/lbrx-3-rows.html
TMS LITE,LBRX-00-160-6-IR850,table_6,Datasheet,3D-view,3D-view,,https://www.tms-lite.com/lbrx-ir-beleuchtungsserie.html
TMS LITE,LBRX-00-160-6-IR850,table_6,Drawing (2D),PDF,PDF,,https://www.tms-lite.com/lbrx-ir-beleuchtungsserie.html
TMS LITE,LBRX-00-160-6-IR850,table_6,STEP (3D),DXF,DXF,,https://www.tms-lite.com/lbrx-ir-beleuchtungsserie.html
TMS LITE,LBRX-00-160-6-IR850,table_6,extra_4,IR850,IR850,,https://www.tms-lite.com/lbrx-ir-beleuchtungsserie.html
TMS LITE,LBRX-00-160-6-X,table_1,Datasheet,3D View,3D View,,https://www.tms-lite.com/lbrx-6-rows.html
TMS LITE,LBRX-00-160-6-X,table_1,Drawing (2D),R/G/B/W PDF,R/G/B/W PDF,W,https://www.tms-lite.com/lbrx-6-rows.html
TMS LITE,LBRX-00-160-6-X,table_1,STEP (3D),R/G/B/W DXF,R/G/B/W DXF,W,https://www.tms-lite.com/lbrx-6-rows.html
TMS LITE,LBRX-00-160-6-X,table_1,extra_4,Red,Red,,https://www.tms-lite.com/lbrx-6-rows.html
TMS LITE,LBRX-00-160-6-X,table_1,extra_5,Green,Green,,https://www.tms-lite.com/lbrx-6-rows.html
TMS LITE,LBRX-00-160-6-X,table_1,extra_6,Blue,Blue,,https://www.tms-lite.com/lbrx-6-rows.html
TMS LITE,LBRX-00-160-6-X,table_1,extra_7,White,White,,https://www.tms-lite.com/lbrx-6-rows.html
TMS LITE,LBRX-00-160-6-X,table_2,Colour,IR850,IR850,,https://www.tms-lite.com/lbrx-6-rows.html
TMS LITE,LBRX-00-160-6-X,table_2,Current,400mA 320mA 360mA,400mA 320mA 360mA,mA,https://www.tms-lite.com/lbrx-6-rows.html
TMS LITE,LBRX-00-160-6-X,table_2,Voltage (V) / Watt (W),24V / 9.60W 24V / 7.68W 24V / 8.64W,24V / 9.60W 24V / 7.68W 24V / 8.64W,V,https://www.tms-lite.com/lbrx-6-rows.html
TMS LITE,LBRX-00-160-6-X,table_2,Weight (g),170,170,g,https://www.tms-lite.com/lbrx-6-rows.html
TMS LITE,LBRX-00-160-6-X,table_3,A (mm),172.0,172.0,mm,https://www.tms-lite.com/lbrx-6-rows.html
TMS LITE,LBRX-00-160-6-X,table_3,B (mm),160.0,160.0,mm,https://www.tms-lite.com/lbrx-6-rows.html
TMS LITE,LBRX-00-160-6-X,table_3,Current,288mA,288mA,mA,https://www.tms-lite.com/lbrx-ir-beleuchtungsserie.html
TMS LITE,LBRX-00-160-6-X,table_3,IR,IR850,IR850,,https://www.tms-lite.com/lbrx-ir-beleuchtungsserie.html
TMS LITE,LBRX-00-160-6-X,table_3,Voltage (V) / Watt (W),24V / 6.91W,24V / 6.91W,V,https://www.tms-lite.com/lbrx-ir-beleuchtungsserie.html
TMS LITE,LBRX-00-160-6-X,table_3,Weight (g),170,170,g,https://www.tms-lite.com/lbrx-ir-beleuchtungsserie.html
TMS LITE,LBRX-00-160-6-X,table_4,A (mm),172,172,mm,https://www.tms-lite.com/lbrx-ir-beleuchtungsserie.html
TMS LITE,LBRX-00-160-6-X,table_4,B (mm),160,160,mm,https://www.tms-lite.com/lbrx-ir-beleuchtungsserie.html
TMS LITE,LBRX-00-200-3-IR850,table_5,Datasheet,3D-view,3D-view,,https://www.tms-lite.com/lbrx-ir-beleuchtungsserie.html
TMS LITE,LBRX-00-200-3-IR850,table_5,Drawing (2D),PDF,PDF,,https://www.tms-lite.com/lbrx-ir-beleuchtungsserie.html
TMS LITE,LBRX-00-200-3-IR850,table_5,STEP (3D),DXF,DXF,,https://www.tms-lite.com/lbrx-ir-beleuchtungsserie.html
TMS LITE,LBRX-00-200-3-IR850,table_5,extra_4,IR850,IR850,,https://www.tms-lite.com/lbrx-ir-beleuchtungsserie.html
TMS LITE,LBRX-00-200-3-X,table_1,Current,255mA,255mA,mA,https://www.tms-lite.com/lbrx-ir-beleuchtungsserie.html
TMS LITE,LBRX-00-200-3-X,table_1,Datasheet,3D View,3D View,,https://www.tms-lite.com/lbrx-3-rows.html
TMS LITE,LBRX-00-200-3-X,table_1,Drawing (2D),R/G/B/W PDF,R/G/B/W PDF,W,https://www.tms-lite.com/lbrx-3-rows.html
TMS LITE,LBRX-00-200-3-X,table_1,IR,IR850,IR850,,https://www.tms-lite.com/lbrx-ir-beleuchtungsserie.html
TMS LITE,LBRX-00-200-3-X,table_1,STEP (3D),R/G/B/W DXF,R/G/B/W DXF,W,https://www.tms-lite.com/lbrx-3-rows.html
TMS LITE,LBRX-00-200-3-X,table_1,Voltage (V) / Watt (W),24V / 5.40W,24V / 5.40W,V,https://www.tms-lite.com/lbrx-ir-beleuchtungsserie.html
TMS LITE,LBRX-00-200-3-X,table_1,Weight (g),140,140,g,https://www.tms-lite.com/lbrx-ir-beleuchtungsserie.html
TMS LITE,LBRX-00-200-3-X,table_1,extra_4,Red,Red,,https://www.tms-lite.com/lbrx-3-rows.html
TMS LITE,LBRX-00-200-3-X,table_1,extra_5,Green,Green,,https://www.tms-lite.com/lbrx-3-rows.html
TMS LITE,LBRX-00-200-3-X,table_1,extra_6,Blue,Blue,,https://www.tms-lite.com/lbrx-3-rows.html
TMS LITE,LBRX-00-200-3-X,table_1,extra_7,White,White,,https://www.tms-lite.com/lbrx-3-rows.html
TMS LITE,LBRX-00-200-3-X,table_2,A (mm),212,212,mm,https://www.tms-lite.com/lbrx-ir-beleuchtungsserie.html
TMS LITE,LBRX-00-200-3-X,table_2,B (mm),200,200,mm,https://www.tms-lite.com/lbrx-ir-beleuchtungsserie.html
TMS LITE,LBRX-00-200-3-X,table_2,Colour,IR850,IR850,,https://www.tms-lite.com/lbrx-3-rows.html
TMS LITE,LBRX-00-200-3-X,table_2,Current,375mA 375mA 375mA,375mA 375mA 375mA,mA,https://www.tms-lite.com/lbrx-3-rows.html
TMS LITE,LBRX-00-200-3-X,table_2,Voltage (V) / Watt (W),24V / 9.00W 24V / 9.00W 24V / 9.00W,24V / 9.00W 24V / 9.00W 24V / 9.00W,V,https://www.tms-lite.com/lbrx-3-rows.html
TMS LITE,LBRX-00-200-3-X,table_2,Weight (g),140,140,g,https://www.tms-lite.com/lbrx-3-rows.html
TMS LITE,LBRX-00-200-3-X,table_3,A (mm),212.0,212.0,mm,https://www.tms-lite.com/lbrx-3-rows.html
TMS LITE,LBRX-00-200-3-X,table_3,B (mm),200.0,200.0,mm,https://www.tms-lite.com/lbrx-3-rows.html
TMS LITE,LBRX-00-200-6-IR850,table_6,Datasheet,3D-view,3D-view,,https://www.tms-lite.com/lbrx-ir-beleuchtungsserie.html
TMS LITE,LBRX-00-200-6-IR850,table_6,Drawing (2D),PDF,PDF,,https://www.tms-lite.com/lbrx-ir-beleuchtungsserie.html
TMS LITE,LBRX-00-200-6-IR850,table_6,STEP (3D),DXF,DXF,,https://www.tms-lite.com/lbrx-ir-beleuchtungsserie.html
TMS LITE,LBRX-00-200-6-IR850,table_6,extra_4,IR850,IR850,,https://www.tms-lite.com/lbrx-ir-beleuchtungsserie.html
TMS LITE,LBRX-00-200-6-X,table_1,Datasheet,3D View,3D View,,https://www.tms-lite.com/lbrx-6-rows.html
TMS LITE,LBRX-00-200-6-X,table_1,Drawing (2D),R/G/B/W PDF,R/G/B/W PDF,W,https://www.tms-lite.com/lbrx-6-rows.html
TMS LITE,LBRX-00-200-6-X,table_1,STEP (3D),R/G/B/W DXF,R/G/B/W DXF,W,https://www.tms-lite.com/lbrx-6-rows.html
TMS LITE,LBRX-00-200-6-X,table_1,extra_4,Red,Red,,https://www.tms-lite.com/lbrx-6-rows.html
TMS LITE,LBRX-00-200-6-X,table_1,extra_5,Green,Green,,https://www.tms-lite.com/lbrx-6-rows.html
TMS LITE,LBRX-00-200-6-X,table_1,extra_6,Blue,Blue,,https://www.tms-lite.com/lbrx-6-rows.html
TMS LITE,LBRX-00-200-6-X,table_1,extra_7,White,White,,https://www.tms-lite.com/lbrx-6-rows.html
TMS LITE,LBRX-00-200-6-X,table_2,Colour,IR850,IR850,,https://www.tms-lite.com/lbrx-6-rows.html
TMS LITE,LBRX-00-200-6-X,table_2,Current,500mA 400mA 450mA,500mA 400mA 450mA,mA,https://www.tms-lite.com/lbrx-6-rows.html
TMS LITE,LBRX-00-200-6-X,table_2,Voltage (V) / Watt (W),24V / 12.0W 24V / 9.60W 24V / 10.8W,24V / 12.0W 24V / 9.60W 24V / 10.8W,V,https://www.tms-lite.com/lbrx-6-rows.html
TMS LITE,LBRX-00-200-6-X,table_2,Weight (g),210,210,g,https://www.tms-lite.com/lbrx-6-rows.html
TMS LITE,LBRX-00-200-6-X,table_3,A (mm),212.0,212.0,mm,https://www.tms-lite.com/lbrx-6-rows.html
TMS LITE,LBRX-00-200-6-X,table_3,B (mm),200.0,200.0,mm,https://www.tms-lite.com/lbrx-6-rows.html
TMS LITE,LBRX-00-200-6-X,table_3,Current,360mA,360mA,mA,https://www.tms-lite.com/lbrx-ir-beleuchtungsserie.html
TMS LITE,LBRX-00-200-6-X,table_3,IR,IR850,IR850,,https://www.tms-lite.com/lbrx-ir-beleuchtungsserie.html
TMS LITE,LBRX-00-200-6-X,table_3,Voltage (V) / Watt (W),24V / 8.64W,24V / 8.64W,V,https://www.tms-lite.com/lbrx-ir-beleuchtungsserie.html
TMS LITE,LBRX-00-200-6-X,table_3,Weight (g),210,210,g,https://www.tms-lite.com/lbrx-ir-beleuchtungsserie.html
TMS LITE,LBRX-00-200-6-X,table_4,A (mm),212,212,mm,https://www.tms-lite.com/lbrx-ir-beleuchtungsserie.html
TMS LITE,LBRX-00-200-6-X,table_4,B (mm),200,200,mm,https://www.tms-lite.com/lbrx-ir-beleuchtungsserie.html
TMS LITE,LBRX-00-240-1-X,table_1,Color,UV365,UV365,,https://www.tms-lite.com/lbrx-uv-illumination-serie.html
TMS LITE,LBRX-00-240-1-X,table_1,Current,300mA,300mA,mA,https://www.tms-lite.com/lbrx-uv-illumination-serie.html
TMS LITE,LBRX-00-240-1-X,table_1,Drive Mode,Overdrive information,Overdrive information,mA,https://www.tms-lite.com/lbrx-uv-illumination-serie.html
TMS LITE,LBRX-00-240-1-X,table_1,Voltage (V)/Watt (W),24V / 7.2W,24V / 7.2W,V,https://www.tms-lite.com/lbrx-uv-illumination-serie.html
TMS LITE,LBRX-00-240-1-X,table_1,Weight (g),230,230,g,https://www.tms-lite.com/lbrx-uv-illumination-serie.html
TMS LITE,LBRX-00-240-1-X,table_2,A (mm),252,252,mm,https://www.tms-lite.com/lbrx-uv-illumination-serie.html
TMS LITE,LBRX-00-240-1-X,table_2,B (mm),240,240,mm,https://www.tms-lite.com/lbrx-uv-illumination-serie.html
TMS LITE,LBRX-00-240-1-X,table_3,Datasheet,3D-view,3D-view,,https://www.tms-lite.com/lbrx-uv-illumination-serie.html
TMS LITE,LBRX-00-240-1-X,table_3,Drawing (2D),PDF,PDF,,https://www.tms-lite.com/lbrx-uv-illumination-serie.html
TMS LITE,LBRX-00-240-1-X,table_3,STEP (3D),DXF,DXF,,https://www.tms-lite.com/lbrx-uv-illumination-serie.html
TMS LITE,LBRX-00-240-1-X,table_3,UV,UV365,UV365,,https://www.tms-lite.com/lbrx-uv-illumination-serie.html
TMS LITE,LBRX-00-240-1-X,table_3,extra_5,UV365,UV365,,https://www.tms-lite.com/lbrx-uv-illumination-serie.html
TMS LITE,LBRX-1,page,Product Page Title,UV ILLUMINATION - LBRX 1 ROW,UV ILLUMINATION - LBRX 1 ROW,,https://www.tms-lite.com/uv-illumination-lbrx-1-row
TMS LITE,LBRX-12,page,Product Page Title,DIRECT ILLUMINATION - LBRX 12 ROWS,DIRECT ILLUMINATION - LBRX 12 ROWS,,https://www.tms-lite.com/direct-illumination-lbrx-12-rows
TMS LITE,LBRX2-00-080-6-X,table_1,Current,144mA,144mA,mA,https://www.tms-lite.com/lbrx2-6-rows-series.html
TMS LITE,LBRX2-00-080-6-X,table_1,Voltage (V) / Watt (W),24V / 3.46W,24V / 3.46W,V,https://www.tms-lite.com/lbrx2-6-rows-series.html
TMS LITE,LBRX2-00-080-6-X,table_1,Weight (g),100,100,g,https://www.tms-lite.com/lbrx2-6-rows-series.html
TMS LITE,LBRX2-00-080-6-X,table_2,A (mm),92.0,92.0,mm,https://www.tms-lite.com/lbrx2-6-rows-series.html
TMS LITE,LBRX2-00-080-6-X,table_2,B (mm),80.0,80.0,mm,https://www.tms-lite.com/lbrx2-6-rows-series.html
TMS LITE,LBRX2-00-080-6-X,table_3,Datasheet,White,White,,https://www.tms-lite.com/lbrx2-6-rows-series.html
TMS LITE,LBRX2-00-080-6-X,table_3,Drawing (2D),PDF,PDF,,https://www.tms-lite.com/lbrx2-6-rows-series.html
TMS LITE,LBRX2-00-080-6-X,table_3,STEP (3D),3D View,3D View,,https://www.tms-lite.com/lbrx2-6-rows-series.html
TMS LITE,LBS25-00-050-3-X,table_1,Datasheet,3D View,3D View,,https://www.tms-lite.com/lbs-serie.html
TMS LITE,LBS25-00-050-3-X,table_1,Drawing (2D),PDF,PDF,,https://www.tms-lite.com/lbs-serie.html
TMS LITE,LBS25-00-050-3-X,table_1,STEP (3D),DXF,DXF,,https://www.tms-lite.com/lbs-serie.html
TMS LITE,LBS25-00-050-3-X,table_1,extra_4,Red,Red,,https://www.tms-lite.com/lbs-serie.html
TMS LITE,LBS25-00-050-3-X,table_1,extra_5,Green,Green,,https://www.tms-lite.com/lbs-serie.html
TMS LITE,LBS25-00-050-3-X,table_1,extra_6,Blue,Blue,,https://www.tms-lite.com/lbs-serie.html
TMS LITE,LBS25-00-050-3-X,table_1,extra_7,White,White,,https://www.tms-lite.com/lbs-serie.html
TMS LITE,LBS25-00-050-3-X,table_2,Current,60mA 90mA,60mA 90mA,mA,https://www.tms-lite.com/lbs-serie.html
TMS LITE,LBS25-00-050-3-X,table_2,Voltage (V) / Watt (W),24V/1.44W 24V/2.16W,24V/1.44W 24V/2.16W,V,https://www.tms-lite.com/lbs-serie.html
TMS LITE,LBS25-00-050-3-X,table_2,Weight (g),40,40,g,https://www.tms-lite.com/lbs-serie.html
TMS LITE,LBS25-00-050-3-X,table_3,A (mm),59,59,mm,https://www.tms-lite.com/lbs-serie.html
TMS LITE,LBS25-00-050-3-X,table_3,B (mm),50,50,mm,https://www.tms-lite.com/lbs-serie.html
TMS LITE,LBS30-00-060-3-X,table_1,Datasheet,3D View,3D View,,https://www.tms-lite.com/lbs-serie.html
TMS LITE,LBS30-00-060-3-X,table_1,Drawing (2D),PDF,PDF,,https://www.tms-lite.com/lbs-serie.html
TMS LITE,LBS30-00-060-3-X,table_1,STEP (3D),DXF,DXF,,https://www.tms-lite.com/lbs-serie.html
TMS LITE,LBS30-00-060-3-X,table_1,extra_4,Red,Red,,https://www.tms-lite.com/lbs-serie.html
TMS LITE,LBS30-00-060-3-X,table_1,extra_5,Green,Green,,https://www.tms-lite.com/lbs-serie.html
TMS LITE,LBS30-00-060-3-X,table_1,extra_6,Blue,Blue,,https://www.tms-lite.com/lbs-serie.html
TMS LITE,LBS30-00-060-3-X,table_1,extra_7,White,White,,https://www.tms-lite.com/lbs-serie.html
TMS LITE,LBS30-00-060-3-X,table_2,Current,90mA 90mA,90mA 90mA,mA,https://www.tms-lite.com/lbs-serie.html
TMS LITE,LBS30-00-060-3-X,table_2,Voltage (V) / Watt (W),24V/2.16W 24V/2.16W,24V/2.16W 24V/2.16W,V,https://www.tms-lite.com/lbs-serie.html
TMS LITE,LBS30-00-060-3-X,table_2,Weight (g),55,55,g,https://www.tms-lite.com/lbs-serie.html
TMS LITE,LBS30-00-060-3-X,table_3,A (mm),69,69,mm,https://www.tms-lite.com/lbs-serie.html
TMS LITE,LBS30-00-060-3-X,table_3,B (mm),60,60,mm,https://www.tms-lite.com/lbs-serie.html
TMS LITE,LBS40-00-080-3-X,table_1,Datasheet,3D View,3D View,,https://www.tms-lite.com/lbs-serie.html
TMS LITE,LBS40-00-080-3-X,table_1,Drawing (2D),PDF,PDF,,https://www.tms-lite.com/lbs-serie.html
TMS LITE,LBS40-00-080-3-X,table_1,STEP (3D),DXF,DXF,,https://www.tms-lite.com/lbs-serie.html
TMS LITE,LBS40-00-080-3-X,table_1,extra_4,Red,Red,,https://www.tms-lite.com/lbs-serie.html
TMS LITE,LBS40-00-080-3-X,table_1,extra_5,Green,Green,,https://www.tms-lite.com/lbs-serie.html
TMS LITE,LBS40-00-080-3-X,table_1,extra_6,Blue,Blue,,https://www.tms-lite.com/lbs-serie.html
TMS LITE,LBS40-00-080-3-X,table_1,extra_7,White,White,,https://www.tms-lite.com/lbs-serie.html
TMS LITE,LBS40-00-080-3-X,table_2,Current,120mA 150mA,120mA 150mA,mA,https://www.tms-lite.com/lbs-serie.html
TMS LITE,LBS40-00-080-3-X,table_2,Voltage (V) / Watt (W),24V/2.16W 24V/3.6W,24V/2.16W 24V/3.6W,V,https://www.tms-lite.com/lbs-serie.html
TMS LITE,LBS40-00-080-3-X,table_2,Weight (g),60,60,g,https://www.tms-lite.com/lbs-serie.html
TMS LITE,LBS40-00-080-3-X,table_3,A (mm),89,89,mm,https://www.tms-lite.com/lbs-serie.html
TMS LITE,LBS40-00-080-3-X,table_3,B (mm),80,80,mm,https://www.tms-lite.com/lbs-serie.html
TMS LITE,LBS45-00-135-3-X,table_1,Datasheet,3D View,3D View,,https://www.tms-lite.com/lbs-serie.html
TMS LITE,LBS45-00-135-3-X,table_1,Drawing (2D),PDF,PDF,,https://www.tms-lite.com/lbs-serie.html
TMS LITE,LBS45-00-135-3-X,table_1,STEP (3D),DXF,DXF,,https://www.tms-lite.com/lbs-serie.html
TMS LITE,LBS45-00-135-3-X,table_1,extra_4,Red,Red,,https://www.tms-lite.com/lbs-serie.html
TMS LITE,LBS45-00-135-3-X,table_1,extra_5,Green,Green,,https://www.tms-lite.com/lbs-serie.html
TMS LITE,LBS45-00-135-3-X,table_1,extra_6,Blue,Blue,,https://www.tms-lite.com/lbs-serie.html
TMS LITE,LBS45-00-135-3-X,table_1,extra_7,White,White,,https://www.tms-lite.com/lbs-serie.html
TMS LITE,LBS45-00-135-3-X,table_2,Current,180mA 225mA,180mA 225mA,mA,https://www.tms-lite.com/lbs-serie.html
TMS LITE,LBS45-00-135-3-X,table_2,Voltage (V) / Watt (W),24V/4.32W 24V/5.4W,24V/4.32W 24V/5.4W,V,https://www.tms-lite.com/lbs-serie.html
TMS LITE,LBS45-00-135-3-X,table_2,Weight (g),90,90,g,https://www.tms-lite.com/lbs-serie.html
TMS LITE,LBS45-00-135-3-X,table_3,A (mm),144,144,mm,https://www.tms-lite.com/lbs-serie.html
TMS LITE,LBS45-00-135-3-X,table_3,B (mm),135,135,mm,https://www.tms-lite.com/lbs-serie.html
TMS LITE,LC-18-1CH-X10,page,Product Page Title,LC-18-1CH-X10 Controller,LC-18-1CH-X10 Controller,,https://www.tms-lite.com/lc-18-1ch-x10-controller.html
TMS LITE,LIGHTING-PM-40-V1,page,Product Page Title,DK-LIGHTING-PM-40-V1,DK-LIGHTING-PM-40-V1,,https://www.tms-lite.com/dk-lighting-pm-40-v1
TMS LITE,LLA,page,Product Page Title,UV ILLUMINATION - LLA,UV ILLUMINATION - LLA,,https://www.tms-lite.com/uv-illumination-lla
TMS LITE,LLA-4CH,table_1,DATASHEET (ID),3D View,3D View,,https://www.tms-lite.com/4-section-led-illumination-series-1091998366.html
TMS LITE,LLA-4CH,table_1,DXF (2D),2D View,2D View,,https://www.tms-lite.com/4-section-led-illumination-series-1091998366.html
TMS LITE,LLA-4CH,table_1,PDF (2D),LLA-75-130-3-X-24V-4CH,LLA-75-130-3-X-24V-4CH,,https://www.tms-lite.com/4-section-led-illumination-series-1091998366.html
TMS LITE,LLA-4CH,table_1,STEP (3D),2D View,2D View,,https://www.tms-lite.com/4-section-led-illumination-series-1091998366.html
TMS LITE,LLA-4CH,table_1,extra_5,Datasheet - Red,Datasheet - Red,,https://www.tms-lite.com/4-section-led-illumination-series-1091998366.html
TMS LITE,LLA-4CH,table_1,extra_6,For further details please contact us,For further details please contact us,,https://www.tms-lite.com/4-section-led-illumination-series-1091998366.html
TMS LITE,LLA-4CH,table_1,extra_7,For further details please contact us,For further details please contact us,,https://www.tms-lite.com/4-section-led-illumination-series-1091998366.html
TMS LITE,LLA-4CH,table_1,extra_8,Datasheet - White,Datasheet - White,,https://www.tms-lite.com/4-section-led-illumination-series-1091998366.html
TMS LITE,LLA-60-060-2-X,table_1,Datasheet,White,White,,https://www.tms-lite.com/lla-60-serie.html
TMS LITE,LLA-60-060-2-X,table_1,Drawing (2D),PDF,PDF,,https://www.tms-lite.com/lla-60-serie.html
TMS LITE,LLA-60-060-2-X,table_1,STEP (3D),3D View,3D View,,https://www.tms-lite.com/lla-60-serie.html
TMS LITE,LLA-60-060-2-X,table_1,extra_4,IR850,IR850,,https://www.tms-lite.com/lla-60-serie.html
TMS LITE,LLA-60-060-2-X,table_2,Current,150mA,150mA,mA,https://www.tms-lite.com/lla-60-serie.html
TMS LITE,LLA-60-060-2-X,table_2,Voltage (V) / Watt (W),24V / 3.6W,24V / 3.6W,V,https://www.tms-lite.com/lla-60-serie.html
TMS LITE,LLA-60-060-2-X,table_2,Weight (g),TBA,TBA,g,https://www.tms-lite.com/lla-60-serie.html
TMS LITE,LLA-60-060-2-X,table_3,D (mm),23.0,23.0,mm,https://www.tms-lite.com/lla-60-serie.html
TMS LITE,LLA-60-060-2-X,table_3,E (mm),60.0,60.0,mm,https://www.tms-lite.com/lla-60-serie.html
TMS LITE,LLA-60-060-2-X,table_3,F Row (mm),2.0,2.0,mm,https://www.tms-lite.com/lla-60-serie.html
TMS LITE,LLA-60-060-2-X,table_3,ØA (mm),60.0,60.0,mm,https://www.tms-lite.com/lla-60-serie.html
TMS LITE,LLA-60-060-2-X,table_3,ØB (mm),24.0,24.0,mm,https://www.tms-lite.com/lla-60-serie.html
TMS LITE,LLA-60-060-2-X,table_3,ØC (mm),46.0,46.0,mm,https://www.tms-lite.com/lla-60-serie.html
TMS LITE,LLA-60-070-1-X,table_1,Current,120mA,120mA,mA,https://www.tms-lite.com/lla-uv-illumination-serie.html
TMS LITE,LLA-60-070-1-X,table_1,Datasheet,Red,Red,,https://www.tms-lite.com/lla-60-serie.html
TMS LITE,LLA-60-070-1-X,table_1,Drawing (2D),PDF,PDF,,https://www.tms-lite.com/lla-60-serie.html
TMS LITE,LLA-60-070-1-X,table_1,STEP (3D),3D View,3D View,,https://www.tms-lite.com/lla-60-serie.html
TMS LITE,LLA-60-070-1-X,table_1,UV,UV365,UV365,,https://www.tms-lite.com/lla-uv-illumination-serie.html
TMS LITE,LLA-60-070-1-X,table_1,Voltage (V)/Watt (W),24V / 2.88W,24V / 2.88W,V,https://www.tms-lite.com/lla-uv-illumination-serie.html
TMS LITE,LLA-60-070-1-X,table_1,Weight (g),90,90,g,https://www.tms-lite.com/lla-uv-illumination-serie.html
TMS LITE,LLA-60-070-1-X,table_2,Current,60mA,60mA,mA,https://www.tms-lite.com/lla-60-serie.html
TMS LITE,LLA-60-070-1-X,table_2,Datasheet,3D-view,3D-view,,https://www.tms-lite.com/lla-uv-illumination-serie.html
TMS LITE,LLA-60-070-1-X,table_2,Drawing (2D),PDF,PDF,,https://www.tms-lite.com/lla-uv-illumination-serie.html
TMS LITE,LLA-60-070-1-X,table_2,STEP (3D),DXF,DXF,,https://www.tms-lite.com/lla-uv-illumination-serie.html
TMS LITE,LLA-60-070-1-X,table_2,UV,UV365,UV365,,https://www.tms-lite.com/lla-uv-illumination-serie.html
TMS LITE,LLA-60-070-1-X,table_2,Voltage (V) / Watt (W),24V / 1.44W,24V / 1.44W,V,https://www.tms-lite.com/lla-60-serie.html
TMS LITE,LLA-60-070-1-X,table_2,Weight (g),90,90,g,https://www.tms-lite.com/lla-60-serie.html
TMS LITE,LLA-60-070-1-X,table_2,extra_5,UV375,UV375,,https://www.tms-lite.com/lla-uv-illumination-serie.html
TMS LITE,LLA-60-070-1-X,table_3,D (mm),15.7,15.7,mm,https://www.tms-lite.com/lla-60-serie.html
TMS LITE,LLA-60-070-1-X,table_3,E (mm),60.0,60.0,mm,https://www.tms-lite.com/lla-60-serie.html
TMS LITE,LLA-60-070-1-X,table_3,F Row (mm),1.0,1.0,mm,https://www.tms-lite.com/lla-60-serie.html
TMS LITE,LLA-60-070-1-X,table_3,ØA (mm),70.0,70.0,mm,https://www.tms-lite.com/lla-60-serie.html
TMS LITE,LLA-60-070-1-X,table_3,ØB (mm),42.4,42.4,mm,https://www.tms-lite.com/lla-60-serie.html
TMS LITE,LLA-60-070-1-X,table_3,ØC (mm),56.0,56.0,mm,https://www.tms-lite.com/lla-60-serie.html
TMS LITE,LLA-60-070-2-X,table_1,Datasheet,3D View,3D View,,https://www.tms-lite.com/lla-60-serie.html
TMS LITE,LLA-60-070-2-X,table_1,Drawing (2D),PDF,PDF,,https://www.tms-lite.com/lla-60-serie.html
TMS LITE,LLA-60-070-2-X,table_1,STEP (3D),DXF,DXF,,https://www.tms-lite.com/lla-60-serie.html
TMS LITE,LLA-60-070-2-X,table_1,extra_4,Red,Red,,https://www.tms-lite.com/lla-60-serie.html
TMS LITE,LLA-60-070-2-X,table_1,extra_5,Green,Green,,https://www.tms-lite.com/lla-60-serie.html
TMS LITE,LLA-60-070-2-X,table_1,extra_6,Blue,Blue,,https://www.tms-lite.com/lla-60-serie.html
TMS LITE,LLA-60-070-2-X,table_1,extra_7,White,White,,https://www.tms-lite.com/lla-60-serie.html
TMS LITE,LLA-60-070-2-X,table_2,Current,150mA 195mA,150mA 195mA,mA,https://www.tms-lite.com/lla-60-serie.html
TMS LITE,LLA-60-070-2-X,table_2,Voltage (V) / Watt (W),24V / 3.60W 24V / 4.68W,24V / 3.60W 24V / 4.68W,V,https://www.tms-lite.com/lla-60-serie.html
TMS LITE,LLA-60-070-2-X,table_2,Weight (g),90,90,g,https://www.tms-lite.com/lla-60-serie.html
TMS LITE,LLA-60-070-2-X,table_3,D (mm),20.5,20.5,mm,https://www.tms-lite.com/lla-60-serie.html
TMS LITE,LLA-60-070-2-X,table_3,E (mm),60.0,60.0,mm,https://www.tms-lite.com/lla-60-serie.html
TMS LITE,LLA-60-070-2-X,table_3,F Row (mm),2.0,2.0,mm,https://www.tms-lite.com/lla-60-serie.html
TMS LITE,LLA-60-070-2-X,table_3,ØA (mm),74.0,74.0,mm,https://www.tms-lite.com/lla-60-serie.html
TMS LITE,LLA-60-070-2-X,table_3,ØB (mm),41.0,41.0,mm,https://www.tms-lite.com/lla-60-serie.html
TMS LITE,LLA-60-070-2-X,table_3,ØC (mm),60.0,60.0,mm,https://www.tms-lite.com/lla-60-serie.html
TMS LITE,LLA-60-090-2-IR850,table_3,Datasheet,3D-view,3D-view,,https://www.tms-lite.com/lla-ir-beleuchtungsserie.html
TMS LITE,LLA-60-090-2-IR850,table_3,Drawing (2D),PDF,PDF,,https://www.tms-lite.com/lla-ir-beleuchtungsserie.html
TMS LITE,LLA-60-090-2-IR850,table_3,STEP (3D),DXF,DXF,,https://www.tms-lite.com/lla-ir-beleuchtungsserie.html
TMS LITE,LLA-60-090-2-IR850,table_3,extra_4,IR850,IR850,,https://www.tms-lite.com/lla-ir-beleuchtungsserie.html
TMS LITE,LLA-60-090-2-IR850,table_3,extra_5,IR940,IR940,,https://www.tms-lite.com/lla-ir-beleuchtungsserie.html
TMS LITE,LLA-60-090-2-IR940,table_3,Datasheet,3D-view,3D-view,,https://www.tms-lite.com/lla-ir-beleuchtungsserie.html
TMS LITE,LLA-60-090-2-IR940,table_3,Drawing (2D),PDF,PDF,,https://www.tms-lite.com/lla-ir-beleuchtungsserie.html
TMS LITE,LLA-60-090-2-IR940,table_3,STEP (3D),DXF,DXF,,https://www.tms-lite.com/lla-ir-beleuchtungsserie.html
TMS LITE,LLA-60-090-2-X,table_1,Current,320mA,320mA,mA,https://www.tms-lite.com/lla-uv-illumination-serie.html
TMS LITE,LLA-60-090-2-X,table_1,Current,120mA,120mA,mA,https://www.tms-lite.com/lla-ir-beleuchtungsserie.html
TMS LITE,LLA-60-090-2-X,table_1,Datasheet,3D View,3D View,,https://www.tms-lite.com/lla-60-serie.html
TMS LITE,LLA-60-090-2-X,table_1,Drawing (2D),R/G/B/W PDF,R/G/B/W PDF,W,https://www.tms-lite.com/lla-60-serie.html
TMS LITE,LLA-60-090-2-X,table_1,IR,IR940,IR940,,https://www.tms-lite.com/lla-ir-beleuchtungsserie.html
TMS LITE,LLA-60-090-2-X,table_1,STEP (3D),R/G/B/W DXF,R/G/B/W DXF,W,https://www.tms-lite.com/lla-60-serie.html
TMS LITE,LLA-60-090-2-X,table_1,UV,UV375,UV375,,https://www.tms-lite.com/lla-uv-illumination-serie.html
TMS LITE,LLA-60-090-2-X,table_1,Voltage (V) / Watt (W),24V / 2.88W,24V / 2.88W,V,https://www.tms-lite.com/lla-ir-beleuchtungsserie.html
TMS LITE,LLA-60-090-2-X,table_1,Voltage (V)/Watt (W),24V / 7.68W,24V / 7.68W,V,https://www.tms-lite.com/lla-uv-illumination-serie.html
TMS LITE,LLA-60-090-2-X,table_1,Weight (g),109,109,g,https://www.tms-lite.com/lla-uv-illumination-serie.html
TMS LITE,LLA-60-090-2-X,table_1,Weight (g),13,13,g,https://www.tms-lite.com/lla-ir-beleuchtungsserie.html
TMS LITE,LLA-60-090-2-X,table_1,extra_4,Red,Red,,https://www.tms-lite.com/lla-60-serie.html
TMS LITE,LLA-60-090-2-X,table_1,extra_5,Green,Green,,https://www.tms-lite.com/lla-60-serie.html
TMS LITE,LLA-60-090-2-X,table_1,extra_6,Blue,Blue,,https://www.tms-lite.com/lla-60-serie.html
TMS LITE,LLA-60-090-2-X,table_1,extra_7,White,White,,https://www.tms-lite.com/lla-60-serie.html
TMS LITE,LLA-60-090-2-X,table_2,Colour,IR850 IR940,IR850 IR940,,https://www.tms-lite.com/lla-60-serie.html
TMS LITE,LLA-60-090-2-X,table_2,Current,180mA 240mA 120mA 120mA,180mA 240mA 120mA 120mA,mA,https://www.tms-lite.com/lla-60-serie.html
TMS LITE,LLA-60-090-2-X,table_2,D (mm),20.5,20.5,mm,https://www.tms-lite.com/lla-ir-beleuchtungsserie.html
TMS LITE,LLA-60-090-2-X,table_2,Datasheet,3D-view,3D-view,,https://www.tms-lite.com/lla-uv-illumination-serie.html
TMS LITE,LLA-60-090-2-X,table_2,Drawing (2D),PDF,PDF,,https://www.tms-lite.com/lla-uv-illumination-serie.html
TMS LITE,LLA-60-090-2-X,table_2,E (mm),60.0,60.0,mm,https://www.tms-lite.com/lla-ir-beleuchtungsserie.html
TMS LITE,LLA-60-090-2-X,table_2,F Row (mm),2.0,2.0,mm,https://www.tms-lite.com/lla-ir-beleuchtungsserie.html
TMS LITE,LLA-60-090-2-X,table_2,STEP (3D),DXF,DXF,,https://www.tms-lite.com/lla-uv-illumination-serie.html
TMS LITE,LLA-60-090-2-X,table_2,UV,UV375,UV375,,https://www.tms-lite.com/lla-uv-illumination-serie.html
TMS LITE,LLA-60-090-2-X,table_2,Voltage (V) / Watt (W),24V / 4.32W 24V / 5.76W 24V / 2.88W 24V / 2.88W,24V / 4.32W 24V / 5.76W 24V / 2.88W 24V / 2.88W,V,https://www.tms-lite.com/lla-60-serie.html
TMS LITE,LLA-60-090-2-X,table_2,Weight (g),114,114,g,https://www.tms-lite.com/lla-60-serie.html
TMS LITE,LLA-60-090-2-X,table_2,extra_5,UV375,UV375,,https://www.tms-lite.com/lla-uv-illumination-serie.html
TMS LITE,LLA-60-090-2-X,table_2,ØA (mm),90.0,90.0,mm,https://www.tms-lite.com/lla-ir-beleuchtungsserie.html
TMS LITE,LLA-60-090-2-X,table_2,ØB (mm),57.0,57.0,mm,https://www.tms-lite.com/lla-ir-beleuchtungsserie.html
TMS LITE,LLA-60-090-2-X,table_2,ØC (mm),75.0,75.0,mm,https://www.tms-lite.com/lla-ir-beleuchtungsserie.html
TMS LITE,LLA-60-090-2-X,table_3,D (mm),20.5,20.5,mm,https://www.tms-lite.com/lla-60-serie.html
TMS LITE,LLA-60-090-2-X,table_3,E (mm),60.0,60.0,mm,https://www.tms-lite.com/lla-60-serie.html
TMS LITE,LLA-60-090-2-X,table_3,F Row (mm),2.0,2.0,mm,https://www.tms-lite.com/lla-60-serie.html
TMS LITE,LLA-60-090-2-X,table_3,ØA (mm),90.0,90.0,mm,https://www.tms-lite.com/lla-60-serie.html
TMS LITE,LLA-60-090-2-X,table_3,ØB (mm),57.0,57.0,mm,https://www.tms-lite.com/lla-60-serie.html
TMS LITE,LLA-60-090-2-X,table_3,ØC (mm),75.0,75.0,mm,https://www.tms-lite.com/lla-60-serie.html
TMS LITE,LLA-60-100-2-X,table_1,Datasheet,3D View,3D View,,https://www.tms-lite.com/lla-60-serie.html
TMS LITE,LLA-60-100-2-X,table_1,Drawing (2D),PDF,PDF,,https://www.tms-lite.com/lla-60-serie.html
TMS LITE,LLA-60-100-2-X,table_1,STEP (3D),DXF,DXF,,https://www.tms-lite.com/lla-60-serie.html
TMS LITE,LLA-60-100-2-X,table_1,extra_4,Red,Red,,https://www.tms-lite.com/lla-60-serie.html
TMS LITE,LLA-60-100-2-X,table_1,extra_5,Green,Green,,https://www.tms-lite.com/lla-60-serie.html
TMS LITE,LLA-60-100-2-X,table_1,extra_6,Blue,Blue,,https://www.tms-lite.com/lla-60-serie.html
TMS LITE,LLA-60-100-2-X,table_1,extra_7,White,White,,https://www.tms-lite.com/lla-60-serie.html
TMS LITE,LLA-60-100-2-X,table_2,Current,210mA 270mA,210mA 270mA,mA,https://www.tms-lite.com/lla-60-serie.html
TMS LITE,LLA-60-100-2-X,table_2,Voltage (V) / Watt (W),24V / 5.04W 24V / 6.48W,24V / 5.04W 24V / 6.48W,V,https://www.tms-lite.com/lla-60-serie.html
TMS LITE,LLA-60-100-2-X,table_2,Weight (g),150,150,g,https://www.tms-lite.com/lla-60-serie.html
TMS LITE,LLA-60-100-2-X,table_3,D (mm),20.5,20.5,mm,https://www.tms-lite.com/lla-60-serie.html
TMS LITE,LLA-60-100-2-X,table_3,E (mm),60.0,60.0,mm,https://www.tms-lite.com/lla-60-serie.html
TMS LITE,LLA-60-100-2-X,table_3,F Row (mm),2.0,2.0,mm,https://www.tms-lite.com/lla-60-serie.html
TMS LITE,LLA-60-100-2-X,table_3,ØA (mm),100,100,mm,https://www.tms-lite.com/lla-60-serie.html
TMS LITE,LLA-60-100-2-X,table_3,ØB (mm),67,67,mm,https://www.tms-lite.com/lla-60-serie.html
TMS LITE,LLA-60-100-2-X,table_3,ØC (mm),75,75,mm,https://www.tms-lite.com/lla-60-serie.html
TMS LITE,LLA-60-150-2-X,table_1,Current,480mA,480mA,mA,https://www.tms-lite.com/lla-uv-illumination-serie.html
TMS LITE,LLA-60-150-2-X,table_1,UV,UV375,UV375,,https://www.tms-lite.com/lla-uv-illumination-serie.html
TMS LITE,LLA-60-150-2-X,table_1,Voltage (V)/Watt (W),24V / 11.52W,24V / 11.52W,V,https://www.tms-lite.com/lla-uv-illumination-serie.html
TMS LITE,LLA-60-150-2-X,table_1,Weight (g),272,272,g,https://www.tms-lite.com/lla-uv-illumination-serie.html
TMS LITE,LLA-60-150-2-X,table_2,Datasheet,3D-view,3D-view,,https://www.tms-lite.com/lla-uv-illumination-serie.html
TMS LITE,LLA-60-150-2-X,table_2,Drawing (2D),PDF,PDF,,https://www.tms-lite.com/lla-uv-illumination-serie.html
TMS LITE,LLA-60-150-2-X,table_2,STEP (3D),DXF,DXF,,https://www.tms-lite.com/lla-uv-illumination-serie.html
TMS LITE,LLA-60-150-2-X,table_2,UV,UV375,UV375,,https://www.tms-lite.com/lla-uv-illumination-serie.html
TMS LITE,LLA-60-150-2-X,table_2,extra_5,UV375,UV375,,https://www.tms-lite.com/lla-uv-illumination-serie.html
TMS LITE,LLA-60-150-3-X,table_1,Datasheet,3D View,3D View,,https://www.tms-lite.com/lla-60-serie.html
TMS LITE,LLA-60-150-3-X,table_1,Drawing (2D),PDF,PDF,,https://www.tms-lite.com/lla-60-serie.html
TMS LITE,LLA-60-150-3-X,table_1,STEP (3D),DXF,DXF,,https://www.tms-lite.com/lla-60-serie.html
TMS LITE,LLA-60-150-3-X,table_1,extra_4,Red,Red,,https://www.tms-lite.com/lla-60-serie.html
TMS LITE,LLA-60-150-3-X,table_1,extra_5,Green,Green,,https://www.tms-lite.com/lla-60-serie.html
TMS LITE,LLA-60-150-3-X,table_1,extra_6,Blue,Blue,,https://www.tms-lite.com/lla-60-serie.html
TMS LITE,LLA-60-150-3-X,table_1,extra_7,White,White,,https://www.tms-lite.com/lla-60-serie.html
TMS LITE,LLA-60-150-3-X,table_2,Current,495mA 630mA,495mA 630mA,mA,https://www.tms-lite.com/lla-60-serie.html
TMS LITE,LLA-60-150-3-X,table_2,Voltage (V) / Watt (W),24V / 11.88W 24V / 15.12W,24V / 11.88W 24V / 15.12W,V,https://www.tms-lite.com/lla-60-serie.html
TMS LITE,LLA-60-150-3-X,table_2,Weight (g),300,300,g,https://www.tms-lite.com/lla-60-serie.html
TMS LITE,LLA-60-150-3-X,table_3,D (mm),23.5,23.5,mm,https://www.tms-lite.com/lla-60-serie.html
TMS LITE,LLA-60-150-3-X,table_3,E (mm),60.0,60.0,mm,https://www.tms-lite.com/lla-60-serie.html
TMS LITE,LLA-60-150-3-X,table_3,F Row (mm),3.0,3.0,mm,https://www.tms-lite.com/lla-60-serie.html
TMS LITE,LLA-60-150-3-X,table_3,ØA (mm),151.0,151.0,mm,https://www.tms-lite.com/lla-60-serie.html
TMS LITE,LLA-60-150-3-X,table_3,ØB (mm),114.0,114.0,mm,https://www.tms-lite.com/lla-60-serie.html
TMS LITE,LLA-60-150-3-X,table_3,ØC (mm),136.0,136.0,mm,https://www.tms-lite.com/lla-60-serie.html
TMS LITE,LLA-60-200-2-X,table_1,Datasheet,3D View,3D View,,https://www.tms-lite.com/lla-60-serie.html
TMS LITE,LLA-60-200-2-X,table_1,Drawing (2D),PDF,PDF,,https://www.tms-lite.com/lla-60-serie.html
TMS LITE,LLA-60-200-2-X,table_1,STEP (3D),DXF,DXF,,https://www.tms-lite.com/lla-60-serie.html
TMS LITE,LLA-60-200-2-X,table_1,extra_4,Red,Red,,https://www.tms-lite.com/lla-60-serie.html
TMS LITE,LLA-60-200-2-X,table_1,extra_5,Green,Green,,https://www.tms-lite.com/lla-60-serie.html
TMS LITE,LLA-60-200-2-X,table_1,extra_6,Blue,Blue,,https://www.tms-lite.com/lla-60-serie.html
TMS LITE,LLA-60-200-2-X,table_1,extra_7,White,White,,https://www.tms-lite.com/lla-60-serie.html
TMS LITE,LLA-60-200-2-X,table_2,Current,450mA 585mA,450mA 585mA,mA,https://www.tms-lite.com/lla-60-serie.html
TMS LITE,LLA-60-200-2-X,table_2,Voltage (V) / Watt (W),24V / 10.80W 24V / 14.04W,24V / 10.80W 24V / 14.04W,V,https://www.tms-lite.com/lla-60-serie.html
TMS LITE,LLA-60-200-2-X,table_2,Weight (g),350,350,g,https://www.tms-lite.com/lla-60-serie.html
TMS LITE,LLA-60-200-2-X,table_3,D (mm),20.5,20.5,mm,https://www.tms-lite.com/lla-60-serie.html
TMS LITE,LLA-60-200-2-X,table_3,E (mm),60.0,60.0,mm,https://www.tms-lite.com/lla-60-serie.html
TMS LITE,LLA-60-200-2-X,table_3,F Row (mm),2.0,2.0,mm,https://www.tms-lite.com/lla-60-serie.html
TMS LITE,LLA-60-200-2-X,table_3,ØA (mm),202.0,202.0,mm,https://www.tms-lite.com/lla-60-serie.html
TMS LITE,LLA-60-200-2-X,table_3,ØB (mm),167.0,167.0,mm,https://www.tms-lite.com/lla-60-serie.html
TMS LITE,LLA-60-200-2-X,table_3,ØC (mm),186.0,186.0,mm,https://www.tms-lite.com/lla-60-serie.html
TMS LITE,LLA-60-235-2-X,table_1,Datasheet,White,White,,https://www.tms-lite.com/lla-60-serie.html
TMS LITE,LLA-60-235-2-X,table_1,Drawing (2D),PDF,PDF,,https://www.tms-lite.com/lla-60-serie.html
TMS LITE,LLA-60-235-2-X,table_1,STEP (3D),3D View,3D View,,https://www.tms-lite.com/lla-60-serie.html
TMS LITE,LLA-60-235-2-X,table_2,Current,690mA,690mA,mA,https://www.tms-lite.com/lla-60-serie.html
TMS LITE,LLA-60-235-2-X,table_2,Voltage (V) / Watt (W),24V / 16.56W,24V / 16.56W,V,https://www.tms-lite.com/lla-60-serie.html
TMS LITE,LLA-60-235-2-X,table_2,Weight (g),340,340,g,https://www.tms-lite.com/lla-60-serie.html
TMS LITE,LLA-60-235-2-X,table_3,D (mm),20.5,20.5,mm,https://www.tms-lite.com/lla-60-serie.html
TMS LITE,LLA-60-235-2-X,table_3,E (mm),60.0,60.0,mm,https://www.tms-lite.com/lla-60-serie.html
TMS LITE,LLA-60-235-2-X,table_3,F Row (mm),2.0,2.0,mm,https://www.tms-lite.com/lla-60-serie.html
TMS LITE,LLA-60-235-2-X,table_3,ØA (mm),235.0,235.0,mm,https://www.tms-lite.com/lla-60-serie.html
TMS LITE,LLA-60-235-2-X,table_3,ØB (mm),202.0,202.0,mm,https://www.tms-lite.com/lla-60-serie.html
TMS LITE,LLA-60-235-2-X,table_3,ØC (mm),221.0,221.0,mm,https://www.tms-lite.com/lla-60-serie.html
TMS LITE,LLA-60-263-2-X,table_1,Datasheet,White,White,,https://www.tms-lite.com/lla-60-serie.html
TMS LITE,LLA-60-263-2-X,table_1,Drawing (2D),PDF,PDF,,https://www.tms-lite.com/lla-60-serie.html
TMS LITE,LLA-60-263-2-X,table_1,STEP (3D),3D View,3D View,,https://www.tms-lite.com/lla-60-serie.html
TMS LITE,LLA-60-263-2-X,table_2,Current,840mA,840mA,mA,https://www.tms-lite.com/lla-60-serie.html
TMS LITE,LLA-60-263-2-X,table_2,Voltage (V) / Watt (W),24V / 20.16W,24V / 20.16W,V,https://www.tms-lite.com/lla-60-serie.html
TMS LITE,LLA-60-263-2-X,table_2,Weight (g),370,370,g,https://www.tms-lite.com/lla-60-serie.html
TMS LITE,LLA-60-263-2-X,table_3,D (mm),20.5,20.5,mm,https://www.tms-lite.com/lla-60-serie.html
TMS LITE,LLA-60-263-2-X,table_3,E (mm),60.0,60.0,mm,https://www.tms-lite.com/lla-60-serie.html
TMS LITE,LLA-60-263-2-X,table_3,F Row (mm),2.0,2.0,mm,https://www.tms-lite.com/lla-60-serie.html
TMS LITE,LLA-60-263-2-X,table_3,ØA (mm),263.0,263.0,mm,https://www.tms-lite.com/lla-60-serie.html
TMS LITE,LLA-60-263-2-X,table_3,ØB (mm),230.0,230.0,mm,https://www.tms-lite.com/lla-60-serie.html
TMS LITE,LLA-60-263-2-X,table_3,ØC (mm),249.0,249.0,mm,https://www.tms-lite.com/lla-60-serie.html
TMS LITE,LLA-60-430-3-X,table_1,Datasheet,White,White,,https://www.tms-lite.com/lla-60-serie.html
TMS LITE,LLA-60-430-3-X,table_1,Drawing (2D),PDF,PDF,,https://www.tms-lite.com/lla-60-serie.html
TMS LITE,LLA-60-430-3-X,table_1,STEP (3D),3D View,3D View,,https://www.tms-lite.com/lla-60-serie.html
TMS LITE,LLA-60-430-3-X,table_2,Current,2250mA,2250mA,mA,https://www.tms-lite.com/lla-60-serie.html
TMS LITE,LLA-60-430-3-X,table_2,Voltage (V) / Watt (W),24V / 54W,24V / 54W,V,https://www.tms-lite.com/lla-60-serie.html
TMS LITE,LLA-60-430-3-X,table_2,Weight (g),800,800,g,https://www.tms-lite.com/lla-60-serie.html
TMS LITE,LLA-60-430-3-X,table_3,D (mm),23.5,23.5,mm,https://www.tms-lite.com/lla-60-serie.html
TMS LITE,LLA-60-430-3-X,table_3,E (mm),60.0,60.0,mm,https://www.tms-lite.com/lla-60-serie.html
TMS LITE,LLA-60-430-3-X,table_3,F Row (mm),3.0,3.0,mm,https://www.tms-lite.com/lla-60-serie.html
TMS LITE,LLA-60-430-3-X,table_3,ØA (mm),430.0,430.0,mm,https://www.tms-lite.com/lla-60-serie.html
TMS LITE,LLA-60-430-3-X,table_3,ØB (mm),398.0,398.0,mm,https://www.tms-lite.com/lla-60-serie.html
TMS LITE,LLA-60-430-3-X,table_3,ØC (mm),415.0,415.0,mm,https://www.tms-lite.com/lla-60-serie.html
TMS LITE,LLA-75-120-3-X,table_1,Datasheet,Red,Red,,https://www.tms-lite.com/lla-75-serie.html
TMS LITE,LLA-75-120-3-X,table_1,Drawing (2D),PDF,PDF,,https://www.tms-lite.com/lla-75-serie.html
TMS LITE,LLA-75-120-3-X,table_1,STEP (3D),3D View,3D View,,https://www.tms-lite.com/lla-75-serie.html
TMS LITE,LLA-75-120-3-X,table_1,extra_4,Green,Green,,https://www.tms-lite.com/lla-75-serie.html
TMS LITE,LLA-75-120-3-X,table_1,extra_5,Blue,Blue,,https://www.tms-lite.com/lla-75-serie.html
TMS LITE,LLA-75-120-3-X,table_1,extra_6,White,White,,https://www.tms-lite.com/lla-75-serie.html
TMS LITE,LLA-75-120-3-X,table_2,Current,Please contact our sales team,Please contact our sales team,mA,https://www.tms-lite.com/lla-75-serie.html
TMS LITE,LLA-75-120-3-X,table_2,Voltage (V) / Watt (W),Please contact our sales team,Please contact our sales team,V,https://www.tms-lite.com/lla-75-serie.html
TMS LITE,LLA-75-120-3-X,table_2,Weight (g),Please contact our sales team,Please contact our sales team,g,https://www.tms-lite.com/lla-75-serie.html
TMS LITE,LLA-75-120-3-X,table_3,D (mm),24.5,24.5,mm,https://www.tms-lite.com/lla-75-serie.html
TMS LITE,LLA-75-120-3-X,table_3,E (mm),75,75,mm,https://www.tms-lite.com/lla-75-serie.html
TMS LITE,LLA-75-120-3-X,table_3,F Row (mm),3,3,mm,https://www.tms-lite.com/lla-75-serie.html
TMS LITE,LLA-75-120-3-X,table_3,ØA (mm),118,118,mm,https://www.tms-lite.com/lla-75-serie.html
TMS LITE,LLA-75-120-3-X,table_3,ØB (mm),94,94,mm,https://www.tms-lite.com/lla-75-serie.html
TMS LITE,LLA-75-120-3-X,table_3,ØC (mm),103,103,mm,https://www.tms-lite.com/lla-75-serie.html
TMS LITE,LLA-75-130-3-X,table_1,Datasheet,3D View,3D View,,https://www.tms-lite.com/lla-75-serie.html
TMS LITE,LLA-75-130-3-X,table_1,Drawing (2D),PDF,PDF,,https://www.tms-lite.com/lla-75-serie.html
TMS LITE,LLA-75-130-3-X,table_1,STEP (3D),DXF,DXF,,https://www.tms-lite.com/lla-75-serie.html
TMS LITE,LLA-75-130-3-X,table_1,extra_4,Red,Red,,https://www.tms-lite.com/lla-75-serie.html
TMS LITE,LLA-75-130-3-X,table_1,extra_5,Green,Green,,https://www.tms-lite.com/lla-75-serie.html
TMS LITE,LLA-75-130-3-X,table_1,extra_6,Blue,Blue,,https://www.tms-lite.com/lla-75-serie.html
TMS LITE,LLA-75-130-3-X,table_1,extra_7,White,White,,https://www.tms-lite.com/lla-75-serie.html
TMS LITE,LLA-75-130-3-X,table_2,Current,420mA 540mA,420mA 540mA,mA,https://www.tms-lite.com/lla-75-serie.html
TMS LITE,LLA-75-130-3-X,table_2,Voltage (V) / Watt (W),24V / 10.08W 24V / 12.96W,24V / 10.08W 24V / 12.96W,V,https://www.tms-lite.com/lla-75-serie.html
TMS LITE,LLA-75-130-3-X,table_2,Weight (g),260,260,g,https://www.tms-lite.com/lla-75-serie.html
TMS LITE,LLA-75-130-3-X,table_3,D (mm),24.5,24.5,mm,https://www.tms-lite.com/lla-75-serie.html
TMS LITE,LLA-75-130-3-X,table_3,E (mm),75.0,75.0,mm,https://www.tms-lite.com/lla-75-serie.html
TMS LITE,LLA-75-130-3-X,table_3,F Row (mm),3,3,mm,https://www.tms-lite.com/lla-75-serie.html
TMS LITE,LLA-75-130-3-X,table_3,ØA (mm),131.0,131.0,mm,https://www.tms-lite.com/lla-75-serie.html
TMS LITE,LLA-75-130-3-X,table_3,ØB (mm),94.0,94.0,mm,https://www.tms-lite.com/lla-75-serie.html
TMS LITE,LLA-75-130-3-X,table_3,ØC (mm),116.0,116.0,mm,https://www.tms-lite.com/lla-75-serie.html
TMS LITE,LLA-75-170-2-X,table_1,Current,350mA,350mA,mA,https://www.tms-lite.com/lla-uv-illumination-serie.html
TMS LITE,LLA-75-170-2-X,table_1,UV,UV375,UV375,,https://www.tms-lite.com/lla-uv-illumination-serie.html
TMS LITE,LLA-75-170-2-X,table_1,Voltage (V)/Watt (W),24V / 8.40W,24V / 8.40W,V,https://www.tms-lite.com/lla-uv-illumination-serie.html
TMS LITE,LLA-75-170-2-X,table_1,Weight (g),342,342,g,https://www.tms-lite.com/lla-uv-illumination-serie.html
TMS LITE,LLA-75-170-2-X,table_2,Datasheet,3D-view,3D-view,,https://www.tms-lite.com/lla-uv-illumination-serie.html
TMS LITE,LLA-75-170-2-X,table_2,Drawing (2D),PDF,PDF,,https://www.tms-lite.com/lla-uv-illumination-serie.html
TMS LITE,LLA-75-170-2-X,table_2,STEP (3D),DXF,DXF,,https://www.tms-lite.com/lla-uv-illumination-serie.html
TMS LITE,LLA-75-170-2-X,table_2,UV,UV375,UV375,,https://www.tms-lite.com/lla-uv-illumination-serie.html
TMS LITE,LLA-75-170-2-X,table_2,extra_5,UV375,UV375,,https://www.tms-lite.com/lla-uv-illumination-serie.html
TMS LITE,LLA-75-170-3-X,table_1,Datasheet,3D View,3D View,,https://www.tms-lite.com/lla-75-serie.html
TMS LITE,LLA-75-170-3-X,table_1,Drawing (2D),PDF,PDF,,https://www.tms-lite.com/lla-75-serie.html
TMS LITE,LLA-75-170-3-X,table_1,STEP (3D),DXF,DXF,,https://www.tms-lite.com/lla-75-serie.html
TMS LITE,LLA-75-170-3-X,table_1,extra_4,Red,Red,,https://www.tms-lite.com/lla-75-serie.html
TMS LITE,LLA-75-170-3-X,table_1,extra_5,Green,Green,,https://www.tms-lite.com/lla-75-serie.html
TMS LITE,LLA-75-170-3-X,table_1,extra_6,Blue,Blue,,https://www.tms-lite.com/lla-75-serie.html
TMS LITE,LLA-75-170-3-X,table_1,extra_7,White,White,,https://www.tms-lite.com/lla-75-serie.html
TMS LITE,LLA-75-170-3-X,table_2,Current,570mA 735mA,570mA 735mA,mA,https://www.tms-lite.com/lla-75-serie.html
TMS LITE,LLA-75-170-3-X,table_2,Voltage (V) / Watt (W),24V / 13.68W 24V / 17.64W,24V / 13.68W 24V / 17.64W,V,https://www.tms-lite.com/lla-75-serie.html
TMS LITE,LLA-75-170-3-X,table_2,Weight (g),410,410,g,https://www.tms-lite.com/lla-75-serie.html
TMS LITE,LLA-75-170-3-X,table_3,D (mm),24.5,24.5,mm,https://www.tms-lite.com/lla-75-serie.html
TMS LITE,LLA-75-170-3-X,table_3,E (mm),75.0,75.0,mm,https://www.tms-lite.com/lla-75-serie.html
TMS LITE,LLA-75-170-3-X,table_3,F Row (mm),3,3,mm,https://www.tms-lite.com/lla-75-serie.html
TMS LITE,LLA-75-170-3-X,table_3,ØA (mm),175.0,175.0,mm,https://www.tms-lite.com/lla-75-serie.html
TMS LITE,LLA-75-170-3-X,table_3,ØB (mm),136.0,136.0,mm,https://www.tms-lite.com/lla-75-serie.html
TMS LITE,LLA-75-170-3-X,table_3,ØC (mm),159.0,159.0,mm,https://www.tms-lite.com/lla-75-serie.html
TMS LITE,LLA-75-180-3-X,table_1,Datasheet,Red,Red,,https://www.tms-lite.com/lla-75-serie.html
TMS LITE,LLA-75-180-3-X,table_1,Drawing (2D),PDF,PDF,,https://www.tms-lite.com/lla-75-serie.html
TMS LITE,LLA-75-180-3-X,table_1,STEP (3D),3D View,3D View,,https://www.tms-lite.com/lla-75-serie.html
TMS LITE,LLA-75-180-3-X,table_1,extra_4,Green,Green,,https://www.tms-lite.com/lla-75-serie.html
TMS LITE,LLA-75-180-3-X,table_1,extra_5,Blue,Blue,,https://www.tms-lite.com/lla-75-serie.html
TMS LITE,LLA-75-180-3-X,table_1,extra_6,White,White,,https://www.tms-lite.com/lla-75-serie.html
TMS LITE,LLA-75-180-3-X,table_2,Current,Please contact our sales team,Please contact our sales team,mA,https://www.tms-lite.com/lla-75-serie.html
TMS LITE,LLA-75-180-3-X,table_2,Voltage (V) / Watt (W),Please contact our sales team,Please contact our sales team,V,https://www.tms-lite.com/lla-75-serie.html
TMS LITE,LLA-75-180-3-X,table_2,Weight (g),Please contact our sales team,Please contact our sales team,g,https://www.tms-lite.com/lla-75-serie.html
TMS LITE,LLA-75-180-3-X,table_3,D (mm),24.5,24.5,mm,https://www.tms-lite.com/lla-75-serie.html
TMS LITE,LLA-75-180-3-X,table_3,E (mm),75,75,mm,https://www.tms-lite.com/lla-75-serie.html
TMS LITE,LLA-75-180-3-X,table_3,F Row (mm),3,3,mm,https://www.tms-lite.com/lla-75-serie.html
TMS LITE,LLA-75-180-3-X,table_3,ØA (mm),185,185,mm,https://www.tms-lite.com/lla-75-serie.html
TMS LITE,LLA-75-180-3-X,table_3,ØB (mm),146,146,mm,https://www.tms-lite.com/lla-75-serie.html
TMS LITE,LLA-75-180-3-X,table_3,ØC (mm),169,169,mm,https://www.tms-lite.com/lla-75-serie.html
TMS LITE,LLA-75-230-3-X,table_1,Datasheet,Red,Red,,https://www.tms-lite.com/lla-75-serie.html
TMS LITE,LLA-75-230-3-X,table_1,Drawing (2D),PDF,PDF,,https://www.tms-lite.com/lla-75-serie.html
TMS LITE,LLA-75-230-3-X,table_1,STEP (3D),3D View,3D View,,https://www.tms-lite.com/lla-75-serie.html
TMS LITE,LLA-75-230-3-X,table_1,extra_4,Green,Green,,https://www.tms-lite.com/lla-75-serie.html
TMS LITE,LLA-75-230-3-X,table_1,extra_5,Blue,Blue,,https://www.tms-lite.com/lla-75-serie.html
TMS LITE,LLA-75-230-3-X,table_1,extra_6,White,White,,https://www.tms-lite.com/lla-75-serie.html
TMS LITE,LLA-75-230-3-X,table_2,Current,702mA,702mA,mA,https://www.tms-lite.com/lla-75-serie.html
TMS LITE,LLA-75-230-3-X,table_2,Voltage (V) / Watt (W),24V / 16.85W,24V / 16.85W,V,https://www.tms-lite.com/lla-75-serie.html
TMS LITE,LLA-75-230-3-X,table_2,Weight (g),410,410,g,https://www.tms-lite.com/lla-75-serie.html
TMS LITE,LLA-75-230-3-X,table_3,D (mm),24.5,24.5,mm,https://www.tms-lite.com/lla-75-serie.html
TMS LITE,LLA-75-230-3-X,table_3,E (mm),75,75,mm,https://www.tms-lite.com/lla-75-serie.html
TMS LITE,LLA-75-230-3-X,table_3,F Row (mm),3,3,mm,https://www.tms-lite.com/lla-75-serie.html
TMS LITE,LLA-75-230-3-X,table_3,ØA (mm),232,232,mm,https://www.tms-lite.com/lla-75-serie.html
TMS LITE,LLA-75-230-3-X,table_3,ØB (mm),193,193,mm,https://www.tms-lite.com/lla-75-serie.html
TMS LITE,LLA-75-230-3-X,table_3,ØC (mm),210,210,mm,https://www.tms-lite.com/lla-75-serie.html
TMS LITE,LLA-90-050-1-X,table_1,Datasheet,3D View,3D View,,https://www.tms-lite.com/lla-90-serie.html
TMS LITE,LLA-90-050-1-X,table_1,Drawing (2D),PDF,PDF,,https://www.tms-lite.com/lla-90-serie.html
TMS LITE,LLA-90-050-1-X,table_1,STEP (3D),DXF,DXF,,https://www.tms-lite.com/lla-90-serie.html
TMS LITE,LLA-90-050-1-X,table_1,extra_4,Red,Red,,https://www.tms-lite.com/lla-90-serie.html
TMS LITE,LLA-90-050-1-X,table_1,extra_5,Green,Green,,https://www.tms-lite.com/lla-90-serie.html
TMS LITE,LLA-90-050-1-X,table_1,extra_6,Blue,Blue,,https://www.tms-lite.com/lla-90-serie.html
TMS LITE,LLA-90-050-1-X,table_1,extra_7,White,White,,https://www.tms-lite.com/lla-90-serie.html
TMS LITE,LLA-90-050-1-X,table_2,Current,45mA 60mA,45mA 60mA,mA,https://www.tms-lite.com/lla-90-serie.html
TMS LITE,LLA-90-050-1-X,table_2,Voltage (V) / Watt (W),24V / 1.08W 24V / 1.44W,24V / 1.08W 24V / 1.44W,V,https://www.tms-lite.com/lla-90-serie.html
TMS LITE,LLA-90-050-1-X,table_2,Weight (g),50,50,g,https://www.tms-lite.com/lla-90-serie.html
TMS LITE,LLA-90-050-1-X,table_3,ØA (mm),56,56,mm,https://www.tms-lite.com/lla-90-serie.html
TMS LITE,LLA-90-050-1-X,table_3,ØB (mm),24,24,mm,https://www.tms-lite.com/lla-90-serie.html
TMS LITE,LLA-90-050-1-X,table_3,ØC (mm),33.5,33.5,mm,https://www.tms-lite.com/lla-90-serie.html
TMS LITE,LLA-90-080-1-X,table_1,Datasheet,3D View,3D View,,https://www.tms-lite.com/lla-90-serie.html
TMS LITE,LLA-90-080-1-X,table_1,Drawing (2D),PDF,PDF,,https://www.tms-lite.com/lla-90-serie.html
TMS LITE,LLA-90-080-1-X,table_1,STEP (3D),DXF,DXF,,https://www.tms-lite.com/lla-90-serie.html
TMS LITE,LLA-90-080-1-X,table_1,extra_4,Red,Red,,https://www.tms-lite.com/lla-90-serie.html
TMS LITE,LLA-90-080-1-X,table_1,extra_5,Green,Green,,https://www.tms-lite.com/lla-90-serie.html
TMS LITE,LLA-90-080-1-X,table_1,extra_6,Blue,Blue,,https://www.tms-lite.com/lla-90-serie.html
TMS LITE,LLA-90-080-1-X,table_1,extra_7,White,White,,https://www.tms-lite.com/lla-90-serie.html
TMS LITE,LLA-90-080-1-X,table_2,Current,75mA 105mA,75mA 105mA,mA,https://www.tms-lite.com/lla-90-serie.html
TMS LITE,LLA-90-080-1-X,table_2,Voltage (V) / Watt (W),24V / 1.80W 24V / 2.52W,24V / 1.80W 24V / 2.52W,V,https://www.tms-lite.com/lla-90-serie.html
TMS LITE,LLA-90-080-1-X,table_2,Weight (g),70,70,g,https://www.tms-lite.com/lla-90-serie.html
TMS LITE,LLA-90-080-1-X,table_3,ØA (mm),80,80,mm,https://www.tms-lite.com/lla-90-serie.html
TMS LITE,LLA-90-080-1-X,table_3,ØB (mm),50,50,mm,https://www.tms-lite.com/lla-90-serie.html
TMS LITE,LLA-90-080-1-X,table_3,ØC (mm),56.5,56.5,mm,https://www.tms-lite.com/lla-90-serie.html
TMS LITE,LLA-90-100-1-X,table_1,Datasheet,3D View,3D View,,https://www.tms-lite.com/lla-90-serie.html
TMS LITE,LLA-90-100-1-X,table_1,Drawing (2D),PDF,PDF,,https://www.tms-lite.com/lla-90-serie.html
TMS LITE,LLA-90-100-1-X,table_1,STEP (3D),DXF,DXF,,https://www.tms-lite.com/lla-90-serie.html
TMS LITE,LLA-90-100-1-X,table_1,extra_4,Red,Red,,https://www.tms-lite.com/lla-90-serie.html
TMS LITE,LLA-90-100-1-X,table_1,extra_5,Green,Green,,https://www.tms-lite.com/lla-90-serie.html
TMS LITE,LLA-90-100-1-X,table_1,extra_6,Blue,Blue,,https://www.tms-lite.com/lla-90-serie.html
TMS LITE,LLA-90-100-1-X,table_1,extra_7,White,White,,https://www.tms-lite.com/lla-90-serie.html
TMS LITE,LLA-90-100-1-X,table_2,Current,105mA 135mA,105mA 135mA,mA,https://www.tms-lite.com/lla-90-serie.html
TMS LITE,LLA-90-100-1-X,table_2,Voltage (V) / Watt (W),24V / 2.52W 24V / 3.24W,24V / 2.52W 24V / 3.24W,V,https://www.tms-lite.com/lla-90-serie.html
TMS LITE,LLA-90-100-1-X,table_2,Weight (g),100,100,g,https://www.tms-lite.com/lla-90-serie.html
TMS LITE,LLA-90-100-1-X,table_3,ØA (mm),101,101,mm,https://www.tms-lite.com/lla-90-serie.html
TMS LITE,LLA-90-100-1-X,table_3,ØB (mm),71,71,mm,https://www.tms-lite.com/lla-90-serie.html
TMS LITE,LLA-90-100-1-X,table_3,ØC (mm),77.5,77.5,mm,https://www.tms-lite.com/lla-90-serie.html
TMS LITE,LLA-90-118-1-X,table_1,Datasheet,Red,Red,,https://www.tms-lite.com/lla-90-serie.html
TMS LITE,LLA-90-118-1-X,table_1,Drawing (2D),PDF,PDF,,https://www.tms-lite.com/lla-90-serie.html
TMS LITE,LLA-90-118-1-X,table_1,STEP (3D),3D View,3D View,,https://www.tms-lite.com/lla-90-serie.html
TMS LITE,LLA-90-118-1-X,table_1,extra_4,Green,Green,,https://www.tms-lite.com/lla-90-serie.html
TMS LITE,LLA-90-118-1-X,table_1,extra_5,Blue,Blue,,https://www.tms-lite.com/lla-90-serie.html
TMS LITE,LLA-90-118-1-X,table_1,extra_6,White,White,,https://www.tms-lite.com/lla-90-serie.html
TMS LITE,LLA-90-120-1-X,table_1,Datasheet,3D View,3D View,,https://www.tms-lite.com/lla-90-serie.html
TMS LITE,LLA-90-120-1-X,table_1,Drawing (2D),PDF,PDF,,https://www.tms-lite.com/lla-90-serie.html
TMS LITE,LLA-90-120-1-X,table_1,STEP (3D),DXF,DXF,,https://www.tms-lite.com/lla-90-serie.html
TMS LITE,LLA-90-120-1-X,table_1,extra_4,Red,Red,,https://www.tms-lite.com/lla-90-serie.html
TMS LITE,LLA-90-120-1-X,table_1,extra_5,Green,Green,,https://www.tms-lite.com/lla-90-serie.html
TMS LITE,LLA-90-120-1-X,table_1,extra_6,Blue,Blue,,https://www.tms-lite.com/lla-90-serie.html
TMS LITE,LLA-90-120-1-X,table_1,extra_7,White,White,,https://www.tms-lite.com/lla-90-serie.html
TMS LITE,LLA-90-120-1-X,table_2,Current,160mA 180mA,160mA 180mA,mA,https://www.tms-lite.com/lla-90-serie.html
TMS LITE,LLA-90-120-1-X,table_2,Voltage (V) / Watt (W),24V / 3.84W 24V / 4.32W,24V / 3.84W 24V / 4.32W,V,https://www.tms-lite.com/lla-90-serie.html
TMS LITE,LLA-90-120-1-X,table_2,Weight (g),110,110,g,https://www.tms-lite.com/lla-90-serie.html
TMS LITE,LLA-90-120-1-X,table_3,ØA (mm),125,125,mm,https://www.tms-lite.com/lla-90-serie.html
TMS LITE,LLA-90-120-1-X,table_3,ØB (mm),95,95,mm,https://www.tms-lite.com/lla-90-serie.html
TMS LITE,LLA-90-120-1-X,table_3,ØC (mm),101.5,101.5,mm,https://www.tms-lite.com/lla-90-serie.html
TMS LITE,LLA-90-150-1-X,table_1,Datasheet,3D View,3D View,,https://www.tms-lite.com/lla-90-serie.html
TMS LITE,LLA-90-150-1-X,table_1,Drawing (2D),PDF,PDF,,https://www.tms-lite.com/lla-90-serie.html
TMS LITE,LLA-90-150-1-X,table_1,STEP (3D),DXF,DXF,,https://www.tms-lite.com/lla-90-serie.html
TMS LITE,LLA-90-150-1-X,table_1,extra_4,Red,Red,,https://www.tms-lite.com/lla-90-serie.html
TMS LITE,LLA-90-150-1-X,table_1,extra_5,Green,Green,,https://www.tms-lite.com/lla-90-serie.html
TMS LITE,LLA-90-150-1-X,table_1,extra_6,Blue,Blue,,https://www.tms-lite.com/lla-90-serie.html
TMS LITE,LLA-90-150-1-X,table_1,extra_7,White,White,,https://www.tms-lite.com/lla-90-serie.html
TMS LITE,LLA-90-150-1-X,table_2,Current,165mA 210mA,165mA 210mA,mA,https://www.tms-lite.com/lla-90-serie.html
TMS LITE,LLA-90-150-1-X,table_2,Voltage (V) / Watt (W),24V / 3.96W 24V / 5.04W,24V / 3.96W 24V / 5.04W,V,https://www.tms-lite.com/lla-90-serie.html
TMS LITE,LLA-90-150-1-X,table_2,Weight (g),120,120,g,https://www.tms-lite.com/lla-90-serie.html
TMS LITE,LLA-90-150-1-X,table_3,ØA (mm),151,151,mm,https://www.tms-lite.com/lla-90-serie.html
TMS LITE,LLA-90-150-1-X,table_3,ØB (mm),121,121,mm,https://www.tms-lite.com/lla-90-serie.html
TMS LITE,LLA-90-150-1-X,table_3,ØC (mm),127.5,127.5,mm,https://www.tms-lite.com/lla-90-serie.html
TMS LITE,LLA-90-180-1-X,table_1,Datasheet,3D View,3D View,,https://www.tms-lite.com/lla-90-serie.html
TMS LITE,LLA-90-180-1-X,table_1,Drawing (2D),PDF,PDF,,https://www.tms-lite.com/lla-90-serie.html
TMS LITE,LLA-90-180-1-X,table_1,STEP (3D),DXF,DXF,,https://www.tms-lite.com/lla-90-serie.html
TMS LITE,LLA-90-180-1-X,table_1,extra_4,Red,Red,,https://www.tms-lite.com/lla-90-serie.html
TMS LITE,LLA-90-180-1-X,table_1,extra_5,Green,Green,,https://www.tms-lite.com/lla-90-serie.html
TMS LITE,LLA-90-180-1-X,table_1,extra_6,Blue,Blue,,https://www.tms-lite.com/lla-90-serie.html
TMS LITE,LLA-90-180-1-X,table_1,extra_7,White,White,,https://www.tms-lite.com/lla-90-serie.html
TMS LITE,LLA-90-180-1-X,table_2,Current,195mA 255mA,195mA 255mA,mA,https://www.tms-lite.com/lla-90-serie.html
TMS LITE,LLA-90-180-1-X,table_2,Voltage (V) / Watt (W),24V / 4.68W 24V / 6.12W,24V / 4.68W 24V / 6.12W,V,https://www.tms-lite.com/lla-90-serie.html
TMS LITE,LLA-90-180-1-X,table_2,Weight (g),180,180,g,https://www.tms-lite.com/lla-90-serie.html
TMS LITE,LLA-90-180-1-X,table_3,ØA (mm),181,181,mm,https://www.tms-lite.com/lla-90-serie.html
TMS LITE,LLA-90-180-1-X,table_3,ØB (mm),151,151,mm,https://www.tms-lite.com/lla-90-serie.html
TMS LITE,LLA-90-180-1-X,table_3,ØC (mm),157.5,157.5,mm,https://www.tms-lite.com/lla-90-serie.html
TMS LITE,LLA-90-210-1-X,table_1,Datasheet,3D View,3D View,,https://www.tms-lite.com/lla-90-serie.html
TMS LITE,LLA-90-210-1-X,table_1,Drawing (2D),PDF,PDF,,https://www.tms-lite.com/lla-90-serie.html
TMS LITE,LLA-90-210-1-X,table_1,STEP (3D),DXF,DXF,,https://www.tms-lite.com/lla-90-serie.html
TMS LITE,LLA-90-210-1-X,table_1,extra_4,Red,Red,,https://www.tms-lite.com/lla-90-serie.html
TMS LITE,LLA-90-210-1-X,table_1,extra_5,Green,Green,,https://www.tms-lite.com/lla-90-serie.html
TMS LITE,LLA-90-210-1-X,table_1,extra_6,Blue,Blue,,https://www.tms-lite.com/lla-90-serie.html
TMS LITE,LLA-90-210-1-X,table_1,extra_7,White,White,,https://www.tms-lite.com/lla-90-serie.html
TMS LITE,LLA-90-210-1-X,table_2,Current,240mA 300mA,240mA 300mA,mA,https://www.tms-lite.com/lla-90-serie.html
TMS LITE,LLA-90-210-1-X,table_2,Voltage (V) / Watt (W),24V / 5.76W 24V / 7.20W,24V / 5.76W 24V / 7.20W,V,https://www.tms-lite.com/lla-90-serie.html
TMS LITE,LLA-90-210-1-X,table_2,Weight (g),190,190,g,https://www.tms-lite.com/lla-90-serie.html
TMS LITE,LLA-90-210-1-X,table_3,ØA (mm),211,211,mm,https://www.tms-lite.com/lla-90-serie.html
TMS LITE,LLA-90-210-1-X,table_3,ØB (mm),181,181,mm,https://www.tms-lite.com/lla-90-serie.html
TMS LITE,LLA-90-210-1-X,table_3,ØC (mm),187,187,mm,https://www.tms-lite.com/lla-90-serie.html
TMS LITE,LLA-90-230-1-X,table_1,Datasheet,Red,Red,,https://www.tms-lite.com/lla-90-serie.html
TMS LITE,LLA-90-230-1-X,table_1,Drawing (2D),PDF,PDF,,https://www.tms-lite.com/lla-90-serie.html
TMS LITE,LLA-90-230-1-X,table_1,STEP (3D),3D View,3D View,,https://www.tms-lite.com/lla-90-serie.html
TMS LITE,LLA-90-230-1-X,table_1,extra_4,Green,Green,,https://www.tms-lite.com/lla-90-serie.html
TMS LITE,LLA-90-230-1-X,table_1,extra_5,Blue,Blue,,https://www.tms-lite.com/lla-90-serie.html
TMS LITE,LLA-90-230-1-X,table_1,extra_6,White,White,,https://www.tms-lite.com/lla-90-serie.html
TMS LITE,LLA-90-230-1-X,table_2,Current,280mA 560mA,280mA 560mA,mA,https://www.tms-lite.com/lla-90-serie.html
TMS LITE,LLA-90-230-1-X,table_2,Voltage (V) / Watt (W),24V / 6.72W 24V / 13.44W,24V / 6.72W 24V / 13.44W,V,https://www.tms-lite.com/lla-90-serie.html
TMS LITE,LLA-90-230-1-X,table_2,Weight (g),220,220,g,https://www.tms-lite.com/lla-90-serie.html
TMS LITE,LLA-90-230-1-X,table_3,ØA (mm),230,230,mm,https://www.tms-lite.com/lla-90-serie.html
TMS LITE,LLA-90-230-1-X,table_3,ØB (mm),200,200,mm,https://www.tms-lite.com/lla-90-serie.html
TMS LITE,LLA-90-230-1-X,table_3,ØC (mm),206,206,mm,https://www.tms-lite.com/lla-90-serie.html
TMS LITE,LLAC,page,Product Page Title,HALF CIRCLE ILLUMINATION - LLAC,HALF CIRCLE ILLUMINATION - LLAC,,https://www.tms-lite.com/half-circle-illumination-llac
TMS LITE,LLAC-60-070-2-X,table_1,Current,97.5mA,97.5mA,mA,https://www.tms-lite.com/iddc-llac-lswc-series.html
TMS LITE,LLAC-60-070-2-X,table_1,Voltage (V) / Watt (W),24V / 2.34W,24V / 2.34W,V,https://www.tms-lite.com/iddc-llac-lswc-series.html
TMS LITE,LLAC-60-070-2-X,table_1,Weight (g),80,80,g,https://www.tms-lite.com/iddc-llac-lswc-series.html
TMS LITE,LLAC-60-070-2-X,table_2,A (mm),77.5,77.5,mm,https://www.tms-lite.com/iddc-llac-lswc-series.html
TMS LITE,LLAC-60-070-2-X,table_2,B (mm),41,41,mm,https://www.tms-lite.com/iddc-llac-lswc-series.html
TMS LITE,LLAC-60-070-2-X,table_2,C (mm),30.3,30.3,mm,https://www.tms-lite.com/iddc-llac-lswc-series.html
TMS LITE,LLAC-60-070-2-X,table_2,D (mm),42.4,42.4,mm,https://www.tms-lite.com/iddc-llac-lswc-series.html
TMS LITE,LLAC-60-070-2-X,table_2,E (mm),20.5,20.5,mm,https://www.tms-lite.com/iddc-llac-lswc-series.html
TMS LITE,LLAC-60-070-2-X,table_3,Datasheet,3D View,3D View,,https://www.tms-lite.com/iddc-llac-lswc-series.html
TMS LITE,LLAC-60-070-2-X,table_3,Drawing (2D),PDF,PDF,,https://www.tms-lite.com/iddc-llac-lswc-series.html
TMS LITE,LLAC-60-070-2-X,table_3,STEP (3D),DXF,DXF,,https://www.tms-lite.com/iddc-llac-lswc-series.html
TMS LITE,LLAC-60-070-2-X,table_3,extra_4,Red,Red,,https://www.tms-lite.com/iddc-llac-lswc-series.html
TMS LITE,LLAC-60-070-2-X,table_3,extra_5,Green,Green,,https://www.tms-lite.com/iddc-llac-lswc-series.html
TMS LITE,LLAC-60-070-2-X,table_3,extra_6,Blue,Blue,,https://www.tms-lite.com/iddc-llac-lswc-series.html
TMS LITE,LLAC-60-070-2-X,table_3,extra_7,White,White,,https://www.tms-lite.com/iddc-llac-lswc-series.html
TMS LITE,LLAC-90-070-1-X,table_1,Current,120mA 165mA,120mA 165mA,mA,https://www.tms-lite.com/iddc-llac-lswc-series.html
TMS LITE,LLAC-90-070-1-X,table_1,Voltage (V) / Watt (W),24V / 2.88W 24V / 3.96W,24V / 2.88W 24V / 3.96W,V,https://www.tms-lite.com/iddc-llac-lswc-series.html
TMS LITE,LLAC-90-070-1-X,table_1,Weight (g),210,210,g,https://www.tms-lite.com/iddc-llac-lswc-series.html
TMS LITE,LLAC-90-070-1-X,table_2,A (mm),154.8,154.8,mm,https://www.tms-lite.com/iddc-llac-lswc-series.html
TMS LITE,LLAC-90-070-1-X,table_2,B (mm),124.4,124.4,mm,https://www.tms-lite.com/iddc-llac-lswc-series.html
TMS LITE,LLAC-90-070-1-X,table_2,C (mm),94.2,94.2,mm,https://www.tms-lite.com/iddc-llac-lswc-series.html
TMS LITE,LLAC-90-070-1-X,table_2,D (mm),170,170,mm,https://www.tms-lite.com/iddc-llac-lswc-series.html
TMS LITE,LLAC-90-070-1-X,table_2,E (mm),14,14,mm,https://www.tms-lite.com/iddc-llac-lswc-series.html
TMS LITE,LLAC-90-070-1-X,table_3,Datasheet,3D View,3D View,,https://www.tms-lite.com/iddc-llac-lswc-series.html
TMS LITE,LLAC-90-070-1-X,table_3,Drawing (2D),PDF,PDF,,https://www.tms-lite.com/iddc-llac-lswc-series.html
TMS LITE,LLAC-90-070-1-X,table_3,STEP (3D),DXF,DXF,,https://www.tms-lite.com/iddc-llac-lswc-series.html
TMS LITE,LLAC-90-070-1-X,table_3,extra_4,Red,Red,,https://www.tms-lite.com/iddc-llac-lswc-series.html
TMS LITE,LLAC-90-070-1-X,table_3,extra_5,Green,Green,,https://www.tms-lite.com/iddc-llac-lswc-series.html
TMS LITE,LLAC-90-070-1-X,table_3,extra_6,Blue,Blue,,https://www.tms-lite.com/iddc-llac-lswc-series.html
TMS LITE,LLAC-90-070-1-X,table_3,extra_7,White,White,,https://www.tms-lite.com/iddc-llac-lswc-series.html
TMS LITE,LLAC-90-100-1-X,table_1,Current,165mA 210mA,165mA 210mA,mA,https://www.tms-lite.com/iddc-llac-lswc-series.html
TMS LITE,LLAC-90-100-1-X,table_1,Voltage (V) / Watt (W),24V / 3.60W 24V / 5.04W,24V / 3.60W 24V / 5.04W,V,https://www.tms-lite.com/iddc-llac-lswc-series.html
TMS LITE,LLAC-90-100-1-X,table_1,Weight (g),300,300,g,https://www.tms-lite.com/iddc-llac-lswc-series.html
TMS LITE,LLAC-90-100-1-X,table_2,A (mm),203.6,203.6,mm,https://www.tms-lite.com/iddc-llac-lswc-series.html
TMS LITE,LLAC-90-100-1-X,table_2,B (mm),173.2,173.2,mm,https://www.tms-lite.com/iddc-llac-lswc-series.html
TMS LITE,LLAC-90-100-1-X,table_2,C (mm),140,140,mm,https://www.tms-lite.com/iddc-llac-lswc-series.html
TMS LITE,LLAC-90-100-1-X,table_2,D (mm),220,220,mm,https://www.tms-lite.com/iddc-llac-lswc-series.html
TMS LITE,LLAC-90-100-1-X,table_2,E (mm),14,14,mm,https://www.tms-lite.com/iddc-llac-lswc-series.html
TMS LITE,LLAC-90-100-1-X,table_3,Datasheet,3D View,3D View,,https://www.tms-lite.com/iddc-llac-lswc-series.html
TMS LITE,LLAC-90-100-1-X,table_3,Drawing (2D),PDF,PDF,,https://www.tms-lite.com/iddc-llac-lswc-series.html
TMS LITE,LLAC-90-100-1-X,table_3,STEP (3D),DXF,DXF,,https://www.tms-lite.com/iddc-llac-lswc-series.html
TMS LITE,LLAC-90-100-1-X,table_3,extra_4,Red,Red,,https://www.tms-lite.com/iddc-llac-lswc-series.html
TMS LITE,LLAC-90-100-1-X,table_3,extra_5,Green,Green,,https://www.tms-lite.com/iddc-llac-lswc-series.html
TMS LITE,LLAC-90-100-1-X,table_3,extra_6,Blue,Blue,,https://www.tms-lite.com/iddc-llac-lswc-series.html
TMS LITE,LLAC-90-100-1-X,table_3,extra_7,White,White,,https://www.tms-lite.com/iddc-llac-lswc-series.html
TMS LITE,LSN6-00-075-1-X,table_1,COLOUR,R/G/B/W,R/G/B/W,W,https://www.tms-lite.com/lsn6-series.html
TMS LITE,LSN6-00-075-1-X,table_1,Current,490mA,490mA,mA,https://www.tms-lite.com/lsn6-series.html
TMS LITE,LSN6-00-075-1-X,table_1,Voltage (V) / Watt (W),24V / 11.76W,24V / 11.76W,V,https://www.tms-lite.com/lsn6-series.html
TMS LITE,LSN6-00-075-1-X,table_1,Weight (g),560,560,g,https://www.tms-lite.com/lsn6-series.html
TMS LITE,LSN6-00-075-1-X,table_2,A (mm),89,89,mm,https://www.tms-lite.com/lsn6-series.html
TMS LITE,LSN6-00-075-1-X,table_2,B (mm),79,79,mm,https://www.tms-lite.com/lsn6-series.html
TMS LITE,LSN6-00-075-1-X,table_2,C (mm),65,65,mm,https://www.tms-lite.com/lsn6-series.html
TMS LITE,LSN6-00-150-1-X,table_1,COLOUR,R/G/B/W,R/G/B/W,W,https://www.tms-lite.com/lsn6-series.html
TMS LITE,LSN6-00-150-1-X,table_1,Current,980mA,980mA,mA,https://www.tms-lite.com/lsn6-series.html
TMS LITE,LSN6-00-150-1-X,table_1,Voltage (V) / Watt (W),24V / 23.52W,24V / 23.52W,V,https://www.tms-lite.com/lsn6-series.html
TMS LITE,LSN6-00-150-1-X,table_1,Weight (g),977,977,g,https://www.tms-lite.com/lsn6-series.html
TMS LITE,LSN6-00-150-1-X,table_2,A (mm),164,164,mm,https://www.tms-lite.com/lsn6-series.html
TMS LITE,LSN6-00-150-1-X,table_2,B (mm),154,154,mm,https://www.tms-lite.com/lsn6-series.html
TMS LITE,LSN6-00-150-1-X,table_2,C (mm),140,140,mm,https://www.tms-lite.com/lsn6-series.html
TMS LITE,LSN6-00-225-1-X,table_1,COLOUR,R/G/B/W,R/G/B/W,W,https://www.tms-lite.com/lsn6-series.html
TMS LITE,LSN6-00-225-1-X,table_1,Current,1470mA,1470mA,mA,https://www.tms-lite.com/lsn6-series.html
TMS LITE,LSN6-00-225-1-X,table_1,Voltage (V) / Watt (W),24V / 35.28W,24V / 35.28W,V,https://www.tms-lite.com/lsn6-series.html
TMS LITE,LSN6-00-225-1-X,table_1,Weight (g),1362,1362,g,https://www.tms-lite.com/lsn6-series.html
TMS LITE,LSN6-00-225-1-X,table_2,A (mm),239,239,mm,https://www.tms-lite.com/lsn6-series.html
TMS LITE,LSN6-00-225-1-X,table_2,B (mm),229,229,mm,https://www.tms-lite.com/lsn6-series.html
TMS LITE,LSN6-00-225-1-X,table_2,C (mm),215,215,mm,https://www.tms-lite.com/lsn6-series.html
TMS LITE,LSN6-00-300-1-X,table_1,COLOUR,R/G/B/W,R/G/B/W,W,https://www.tms-lite.com/lsn6-series.html
TMS LITE,LSN6-00-300-1-X,table_1,Current,1960mA,1960mA,mA,https://www.tms-lite.com/lsn6-series.html
TMS LITE,LSN6-00-300-1-X,table_1,Voltage (V) / Watt (W),24V / 47.04W,24V / 47.04W,V,https://www.tms-lite.com/lsn6-series.html
TMS LITE,LSN6-00-300-1-X,table_1,Weight (g),1754,1754,g,https://www.tms-lite.com/lsn6-series.html
TMS LITE,LSN6-00-300-1-X,table_2,A (mm),314,314,mm,https://www.tms-lite.com/lsn6-series.html
TMS LITE,LSN6-00-300-1-X,table_2,B (mm),304,304,mm,https://www.tms-lite.com/lsn6-series.html
TMS LITE,LSN6-00-300-1-X,table_2,C (mm),290,290,mm,https://www.tms-lite.com/lsn6-series.html
TMS LITE,LSNY-00-075-1-X,table_1,COLOUR,R/G/B/W,R/G/B/W,W,https://www.tms-lite.com/lsny-series.html
TMS LITE,LSNY-00-075-1-X,table_1,Current,270mA,270mA,mA,https://www.tms-lite.com/lsny-series.html
TMS LITE,LSNY-00-075-1-X,table_1,Voltage (V) / Watt (W),24V / 6.48W,24V / 6.48W,V,https://www.tms-lite.com/lsny-series.html
TMS LITE,LSNY-00-075-1-X,table_1,Weight (g),383,383,g,https://www.tms-lite.com/lsny-series.html
TMS LITE,LSNY-00-075-1-X,table_2,A (mm),93,93,mm,https://www.tms-lite.com/lsny-series.html
TMS LITE,LSNY-00-075-1-X,table_2,B (mm),75,75,mm,https://www.tms-lite.com/lsny-series.html
TMS LITE,LSNY-00-150-1-X,table_1,COLOUR,R/G/B/W,R/G/B/W,W,https://www.tms-lite.com/lsny-series.html
TMS LITE,LSNY-00-150-1-X,table_1,Current,540mA,540mA,mA,https://www.tms-lite.com/lsny-series.html
TMS LITE,LSNY-00-150-1-X,table_1,Voltage (V) / Watt (W),24V / 12.96W,24V / 12.96W,V,https://www.tms-lite.com/lsny-series.html
TMS LITE,LSNY-00-150-1-X,table_1,Weight (g),642,642,g,https://www.tms-lite.com/lsny-series.html
TMS LITE,LSNY-00-150-1-X,table_2,A (mm),168,168,mm,https://www.tms-lite.com/lsny-series.html
TMS LITE,LSNY-00-150-1-X,table_2,B (mm),150,150,mm,https://www.tms-lite.com/lsny-series.html
TMS LITE,LSNY-00-225-1-X,table_1,COLOUR,R/G/B/W,R/G/B/W,W,https://www.tms-lite.com/lsny-series.html
TMS LITE,LSNY-00-225-1-X,table_1,Current,810mA,810mA,mA,https://www.tms-lite.com/lsny-series.html
TMS LITE,LSNY-00-225-1-X,table_1,Voltage (V) / Watt (W),24V / 19.44W,24V / 19.44W,V,https://www.tms-lite.com/lsny-series.html
TMS LITE,LSNY-00-225-1-X,table_1,Weight (g),911,911,g,https://www.tms-lite.com/lsny-series.html
TMS LITE,LSNY-00-225-1-X,table_2,A (mm),243,243,mm,https://www.tms-lite.com/lsny-series.html
TMS LITE,LSNY-00-225-1-X,table_2,B (mm),225,225,mm,https://www.tms-lite.com/lsny-series.html
TMS LITE,LSNY-00-300-1-X,table_1,COLOUR,R/G/B/W,R/G/B/W,W,https://www.tms-lite.com/lsny-series.html
TMS LITE,LSNY-00-300-1-X,table_1,Current,1080mA,1080mA,mA,https://www.tms-lite.com/lsny-series.html
TMS LITE,LSNY-00-300-1-X,table_1,Voltage (V) / Watt (W),24V / 25.92W,24V / 25.92W,V,https://www.tms-lite.com/lsny-series.html
TMS LITE,LSNY-00-300-1-X,table_1,Weight (g),1184,1184,g,https://www.tms-lite.com/lsny-series.html
TMS LITE,LSNY-00-300-1-X,table_2,A (mm),318,318,mm,https://www.tms-lite.com/lsny-series.html
TMS LITE,LSNY-00-300-1-X,table_2,B (mm),300,300,mm,https://www.tms-lite.com/lsny-series.html
TMS LITE,LSQ-00-033-1-X,table_1,Current,15mA 30mA,15mA 30mA,mA,https://www.tms-lite.com/lsq-series-stackable.html
TMS LITE,LSQ-00-033-1-X,table_1,Voltage (V) / Watt (W),24V / 0.36W 24V / 0.72W,24V / 0.36W 24V / 0.72W,V,https://www.tms-lite.com/lsq-series-stackable.html
TMS LITE,LSQ-00-033-1-X,table_1,Weight (g),29,29,g,https://www.tms-lite.com/lsq-series-stackable.html
TMS LITE,LSQ-00-033-1-X,table_2,C (mm),23,23,mm,https://www.tms-lite.com/lsq-series-stackable.html
TMS LITE,LSQ-00-033-1-X,table_2,D (mm),0,0,mm,https://www.tms-lite.com/lsq-series-stackable.html
TMS LITE,LSQ-00-033-1-X,table_2,Tap Hole E (mm),M4,M4,mm,https://www.tms-lite.com/lsq-series-stackable.html
TMS LITE,LSQ-00-033-1-X,table_2,Tap Hole F (mm),Ø3.2,Ø3.2,mm,https://www.tms-lite.com/lsq-series-stackable.html
TMS LITE,LSQ-00-033-1-X,table_2,ØA (mm),34,34,mm,https://www.tms-lite.com/lsq-series-stackable.html
TMS LITE,LSQ-00-033-1-X,table_2,ØB (mm),12,12,mm,https://www.tms-lite.com/lsq-series-stackable.html
TMS LITE,LSQ-00-033-1-X,table_3,Datasheet,Data Sheet - Red,Data Sheet - Red,,https://www.tms-lite.com/lsq-series-stackable.html
TMS LITE,LSQ-00-033-1-X,table_3,Drawing (2D),PDF DXF,PDF DXF,,https://www.tms-lite.com/lsq-series-stackable.html
TMS LITE,LSQ-00-033-1-X,table_3,STEP (3D),3D View,3D View,,https://www.tms-lite.com/lsq-series-stackable.html
TMS LITE,LSQ-00-033-1-X,table_3,extra_4,Data Sheet - Green,Data Sheet - Green,,https://www.tms-lite.com/lsq-series-stackable.html
TMS LITE,LSQ-00-033-1-X,table_3,extra_5,Data Sheet - Blue,Data Sheet - Blue,,https://www.tms-lite.com/lsq-series-stackable.html
TMS LITE,LSQ-00-033-1-X,table_3,extra_6,Data Sheet - White,Data Sheet - White,,https://www.tms-lite.com/lsq-series-stackable.html
TMS LITE,LSQ-00-045-1-X,table_1,Current,30mA 60mA,30mA 60mA,mA,https://www.tms-lite.com/lsq-series-stackable.html
TMS LITE,LSQ-00-045-1-X,table_1,Voltage (V) / Watt (W),24V / 0.72W 24V / 1.44W,24V / 0.72W 24V / 1.44W,V,https://www.tms-lite.com/lsq-series-stackable.html
TMS LITE,LSQ-00-045-1-X,table_1,Weight (g),32,32,g,https://www.tms-lite.com/lsq-series-stackable.html
TMS LITE,LSQ-00-045-1-X,table_2,C (mm),15,15,mm,https://www.tms-lite.com/lsq-series-stackable.html
TMS LITE,LSQ-00-045-1-X,table_2,D (mm),0,0,mm,https://www.tms-lite.com/lsq-series-stackable.html
TMS LITE,LSQ-00-045-1-X,table_2,Tap Hole E (mm),M3,M3,mm,https://www.tms-lite.com/lsq-series-stackable.html
TMS LITE,LSQ-00-045-1-X,table_2,Tap Hole F (mm),Ø3.2,Ø3.2,mm,https://www.tms-lite.com/lsq-series-stackable.html
TMS LITE,LSQ-00-045-1-X,table_2,ØA (mm),46,46,mm,https://www.tms-lite.com/lsq-series-stackable.html
TMS LITE,LSQ-00-045-1-X,table_2,ØB (mm),24,24,mm,https://www.tms-lite.com/lsq-series-stackable.html
TMS LITE,LSQ-00-045-1-X,table_3,Datasheet,Data Sheet - Red,Data Sheet - Red,,https://www.tms-lite.com/lsq-series-stackable.html
TMS LITE,LSQ-00-045-1-X,table_3,Drawing (2D),PDF DXF,PDF DXF,,https://www.tms-lite.com/lsq-series-stackable.html
TMS LITE,LSQ-00-045-1-X,table_3,STEP (3D),3D View,3D View,,https://www.tms-lite.com/lsq-series-stackable.html
TMS LITE,LSQ-00-045-1-X,table_3,extra_4,Data Sheet - Green,Data Sheet - Green,,https://www.tms-lite.com/lsq-series-stackable.html
TMS LITE,LSQ-00-045-1-X,table_3,extra_5,Data Sheet - Blue,Data Sheet - Blue,,https://www.tms-lite.com/lsq-series-stackable.html
TMS LITE,LSQ-00-045-1-X,table_3,extra_6,Data Sheet - White,Data Sheet - White,,https://www.tms-lite.com/lsq-series-stackable.html
TMS LITE,LSQ-00-050-2-X,table_1,Datasheet,3D View,3D View,,https://www.tms-lite.com/lsq-00-series.html
TMS LITE,LSQ-00-050-2-X,table_1,Drawing (2D),PDF,PDF,,https://www.tms-lite.com/lsq-00-series.html
TMS LITE,LSQ-00-050-2-X,table_1,STEP (3D),DXF,DXF,,https://www.tms-lite.com/lsq-00-series.html
TMS LITE,LSQ-00-050-2-X,table_1,extra_4,Red,Red,,https://www.tms-lite.com/lsq-00-series.html
TMS LITE,LSQ-00-050-2-X,table_1,extra_5,Green,Green,,https://www.tms-lite.com/lsq-00-series.html
TMS LITE,LSQ-00-050-2-X,table_1,extra_6,Blue,Blue,,https://www.tms-lite.com/lsq-00-series.html
TMS LITE,LSQ-00-050-2-X,table_1,extra_7,White,White,,https://www.tms-lite.com/lsq-00-series.html
TMS LITE,LSQ-00-050-2-X,table_2,Current,105mA 120mA,105mA 120mA,mA,https://www.tms-lite.com/lsq-00-series.html
TMS LITE,LSQ-00-050-2-X,table_2,Voltage (V) / Watt (W),24V / 2.52W 24V / 2.88W,24V / 2.52W 24V / 2.88W,V,https://www.tms-lite.com/lsq-00-series.html
TMS LITE,LSQ-00-050-2-X,table_2,Weight (g),80,80,g,https://www.tms-lite.com/lsq-00-series.html
TMS LITE,LSQ-00-050-2-X,table_3,A (mm),56.5,56.5,mm,https://www.tms-lite.com/lsq-00-series.html
TMS LITE,LSQ-00-050-2-X,table_3,C (mm),38.0,38.0,mm,https://www.tms-lite.com/lsq-00-series.html
TMS LITE,LSQ-00-050-2-X,table_3,D (mm),18.0,18.0,mm,https://www.tms-lite.com/lsq-00-series.html
TMS LITE,LSQ-00-050-2-X,table_3,E (Row) (mm),2.0,2.0,mm,https://www.tms-lite.com/lsq-00-series.html
TMS LITE,LSQ-00-050-2-X,table_3,ØB (mm),27.0,27.0,mm,https://www.tms-lite.com/lsq-00-series.html
TMS LITE,LSQ-00-051-1-X,table_1,Current,30mA 60mA,30mA 60mA,mA,https://www.tms-lite.com/lsq-series-stackable.html
TMS LITE,LSQ-00-051-1-X,table_1,Voltage (V) / Watt (W),24V / 0.72W 24V / 1.44W,24V / 0.72W 24V / 1.44W,V,https://www.tms-lite.com/lsq-series-stackable.html
TMS LITE,LSQ-00-051-1-X,table_1,Weight (g),33,33,g,https://www.tms-lite.com/lsq-series-stackable.html
TMS LITE,LSQ-00-051-1-X,table_2,C (mm),11,11,mm,https://www.tms-lite.com/lsq-series-stackable.html
TMS LITE,LSQ-00-051-1-X,table_2,D (mm),0,0,mm,https://www.tms-lite.com/lsq-series-stackable.html
TMS LITE,LSQ-00-051-1-X,table_2,Tap Hole E (mm),Ø3.2,Ø3.2,mm,https://www.tms-lite.com/lsq-series-stackable.html
TMS LITE,LSQ-00-051-1-X,table_2,Tap Hole F (mm),M3,M3,mm,https://www.tms-lite.com/lsq-series-stackable.html
TMS LITE,LSQ-00-051-1-X,table_2,ØA (mm),52,52,mm,https://www.tms-lite.com/lsq-series-stackable.html
TMS LITE,LSQ-00-051-1-X,table_2,ØB (mm),33.5,33.5,mm,https://www.tms-lite.com/lsq-series-stackable.html
TMS LITE,LSQ-00-051-1-X,table_3,Datasheet,Data Sheet - Red,Data Sheet - Red,,https://www.tms-lite.com/lsq-series-stackable.html
TMS LITE,LSQ-00-051-1-X,table_3,Drawing (2D),PDF DXF,PDF DXF,,https://www.tms-lite.com/lsq-series-stackable.html
TMS LITE,LSQ-00-051-1-X,table_3,STEP (3D),3D View,3D View,,https://www.tms-lite.com/lsq-series-stackable.html
TMS LITE,LSQ-00-051-1-X,table_3,extra_4,Data Sheet - Green,Data Sheet - Green,,https://www.tms-lite.com/lsq-series-stackable.html
TMS LITE,LSQ-00-051-1-X,table_3,extra_5,Data Sheet - Blue,Data Sheet - Blue,,https://www.tms-lite.com/lsq-series-stackable.html
TMS LITE,LSQ-00-051-1-X,table_3,extra_6,Data Sheet - White,Data Sheet - White,,https://www.tms-lite.com/lsq-series-stackable.html
TMS LITE,LSQ-00-060-3-X,table_1,Datasheet,3D View,3D View,,https://www.tms-lite.com/lsq-00-series.html
TMS LITE,LSQ-00-060-3-X,table_1,Drawing (2D),PDF,PDF,,https://www.tms-lite.com/lsq-00-series.html
TMS LITE,LSQ-00-060-3-X,table_1,STEP (3D),DXF,DXF,,https://www.tms-lite.com/lsq-00-series.html
TMS LITE,LSQ-00-060-3-X,table_1,extra_4,Red,Red,,https://www.tms-lite.com/lsq-00-series.html
TMS LITE,LSQ-00-060-3-X,table_1,extra_5,Green,Green,,https://www.tms-lite.com/lsq-00-series.html
TMS LITE,LSQ-00-060-3-X,table_1,extra_6,Blue,Blue,,https://www.tms-lite.com/lsq-00-series.html
TMS LITE,LSQ-00-060-3-X,table_1,extra_7,White,White,,https://www.tms-lite.com/lsq-00-series.html
TMS LITE,LSQ-00-060-3-X,table_2,Current,150mA 180mA,150mA 180mA,mA,https://www.tms-lite.com/lsq-00-series.html
TMS LITE,LSQ-00-060-3-X,table_2,Voltage (V) / Watt (W),24V / 3.60W 24V / 4.32W,24V / 3.60W 24V / 4.32W,V,https://www.tms-lite.com/lsq-00-series.html
TMS LITE,LSQ-00-060-3-X,table_2,Weight (g),110,110,g,https://www.tms-lite.com/lsq-00-series.html
TMS LITE,LSQ-00-060-3-X,table_3,A (mm),64.0,64.0,mm,https://www.tms-lite.com/lsq-00-series.html
TMS LITE,LSQ-00-060-3-X,table_3,C (mm),33.0,33.0,mm,https://www.tms-lite.com/lsq-00-series.html
TMS LITE,LSQ-00-060-3-X,table_3,D (mm),19.0,19.0,mm,https://www.tms-lite.com/lsq-00-series.html
TMS LITE,LSQ-00-060-3-X,table_3,E (Row) (mm),3.0,3.0,mm,https://www.tms-lite.com/lsq-00-series.html
TMS LITE,LSQ-00-060-3-X,table_3,ØB (mm),27.0,27.0,mm,https://www.tms-lite.com/lsq-00-series.html
TMS LITE,LSQ-15-033-1-X,table_1,Current,15mA 30mA,15mA 30mA,mA,https://www.tms-lite.com/lsq-series-stackable.html
TMS LITE,LSQ-15-033-1-X,table_1,Voltage (V) / Watt (W),24V / 0.36W 24V / 0.72W,24V / 0.36W 24V / 0.72W,V,https://www.tms-lite.com/lsq-series-stackable.html
TMS LITE,LSQ-15-033-1-X,table_1,Weight (g),29,29,g,https://www.tms-lite.com/lsq-series-stackable.html
TMS LITE,LSQ-15-033-1-X,table_2,C (mm),23,23,mm,https://www.tms-lite.com/lsq-series-stackable.html
TMS LITE,LSQ-15-033-1-X,table_2,D (mm),15,15,mm,https://www.tms-lite.com/lsq-series-stackable.html
TMS LITE,LSQ-15-033-1-X,table_2,Tap Hole E (mm),M4,M4,mm,https://www.tms-lite.com/lsq-series-stackable.html
TMS LITE,LSQ-15-033-1-X,table_2,Tap Hole F (mm),Ø3.2,Ø3.2,mm,https://www.tms-lite.com/lsq-series-stackable.html
TMS LITE,LSQ-15-033-1-X,table_2,ØA (mm),34,34,mm,https://www.tms-lite.com/lsq-series-stackable.html
TMS LITE,LSQ-15-033-1-X,table_2,ØB (mm),12,12,mm,https://www.tms-lite.com/lsq-series-stackable.html
TMS LITE,LSQ-15-033-1-X,table_3,Datasheet,Data Sheet - Red,Data Sheet - Red,,https://www.tms-lite.com/lsq-series-stackable.html
TMS LITE,LSQ-15-033-1-X,table_3,Drawing (2D),PDF DXF,PDF DXF,,https://www.tms-lite.com/lsq-series-stackable.html
TMS LITE,LSQ-15-033-1-X,table_3,STEP (3D),3D View,3D View,,https://www.tms-lite.com/lsq-series-stackable.html
TMS LITE,LSQ-15-033-1-X,table_3,extra_4,Data Sheet - Green,Data Sheet - Green,,https://www.tms-lite.com/lsq-series-stackable.html
TMS LITE,LSQ-15-033-1-X,table_3,extra_5,Data Sheet - Blue,Data Sheet - Blue,,https://www.tms-lite.com/lsq-series-stackable.html
TMS LITE,LSQ-15-033-1-X,table_3,extra_6,Data Sheet - White,Data Sheet - White,,https://www.tms-lite.com/lsq-series-stackable.html
TMS LITE,LSQ-15-045-1-X,table_1,Current,30mA 45mA,30mA 45mA,mA,https://www.tms-lite.com/lsq-series-stackable.html
TMS LITE,LSQ-15-045-1-X,table_1,Voltage (V) / Watt (W),24V / 0.72W 24V / 1.08W,24V / 0.72W 24V / 1.08W,V,https://www.tms-lite.com/lsq-series-stackable.html
TMS LITE,LSQ-15-045-1-X,table_1,Weight (g),30,30,g,https://www.tms-lite.com/lsq-series-stackable.html
TMS LITE,LSQ-15-045-1-X,table_2,C (mm),15,15,mm,https://www.tms-lite.com/lsq-series-stackable.html
TMS LITE,LSQ-15-045-1-X,table_2,D (mm),15,15,mm,https://www.tms-lite.com/lsq-series-stackable.html
TMS LITE,LSQ-15-045-1-X,table_2,Tap Hole E (mm),M3,M3,mm,https://www.tms-lite.com/lsq-series-stackable.html
TMS LITE,LSQ-15-045-1-X,table_2,Tap Hole F (mm),Ø3.2,Ø3.2,mm,https://www.tms-lite.com/lsq-series-stackable.html
TMS LITE,LSQ-15-045-1-X,table_2,ØA (mm),46,46,mm,https://www.tms-lite.com/lsq-series-stackable.html
TMS LITE,LSQ-15-045-1-X,table_2,ØB (mm),24,24,mm,https://www.tms-lite.com/lsq-series-stackable.html
TMS LITE,LSQ-15-045-1-X,table_3,Datasheet,Data Sheet - Red,Data Sheet - Red,,https://www.tms-lite.com/lsq-series-stackable.html
TMS LITE,LSQ-15-045-1-X,table_3,Drawing (2D),PDF DXF,PDF DXF,,https://www.tms-lite.com/lsq-series-stackable.html
TMS LITE,LSQ-15-045-1-X,table_3,STEP (3D),3D View,3D View,,https://www.tms-lite.com/lsq-series-stackable.html
TMS LITE,LSQ-15-045-1-X,table_3,extra_4,Data Sheet - Green,Data Sheet - Green,,https://www.tms-lite.com/lsq-series-stackable.html
TMS LITE,LSQ-15-045-1-X,table_3,extra_5,Data Sheet - Blue,Data Sheet - Blue,,https://www.tms-lite.com/lsq-series-stackable.html
TMS LITE,LSQ-15-045-1-X,table_3,extra_6,Data Sheet - White,Data Sheet - White,,https://www.tms-lite.com/lsq-series-stackable.html
TMS LITE,LSQ-15-051-1-X,table_1,Current,30mA 60mA,30mA 60mA,mA,https://www.tms-lite.com/lsq-series-stackable.html
TMS LITE,LSQ-15-051-1-X,table_1,Voltage (V) / Watt (W),24V / 0.72W 24V / 1.44W,24V / 0.72W 24V / 1.44W,V,https://www.tms-lite.com/lsq-series-stackable.html
TMS LITE,LSQ-15-051-1-X,table_1,Weight (g),31,31,g,https://www.tms-lite.com/lsq-series-stackable.html
TMS LITE,LSQ-15-051-1-X,table_2,C (mm),11,11,mm,https://www.tms-lite.com/lsq-series-stackable.html
TMS LITE,LSQ-15-051-1-X,table_2,D (mm),15,15,mm,https://www.tms-lite.com/lsq-series-stackable.html
TMS LITE,LSQ-15-051-1-X,table_2,Tap Hole E (mm),Ø3.2,Ø3.2,mm,https://www.tms-lite.com/lsq-series-stackable.html
TMS LITE,LSQ-15-051-1-X,table_2,Tap Hole F (mm),M3,M3,mm,https://www.tms-lite.com/lsq-series-stackable.html
TMS LITE,LSQ-15-051-1-X,table_2,ØA (mm),52,52,mm,https://www.tms-lite.com/lsq-series-stackable.html
TMS LITE,LSQ-15-051-1-X,table_2,ØB (mm),33.5,33.5,mm,https://www.tms-lite.com/lsq-series-stackable.html
TMS LITE,LSQ-15-051-1-X,table_3,Datasheet,Data Sheet - Red,Data Sheet - Red,,https://www.tms-lite.com/lsq-series-stackable.html
TMS LITE,LSQ-15-051-1-X,table_3,Drawing (2D),PDF DXF,PDF DXF,,https://www.tms-lite.com/lsq-series-stackable.html
TMS LITE,LSQ-15-051-1-X,table_3,STEP (3D),3D View,3D View,,https://www.tms-lite.com/lsq-series-stackable.html
TMS LITE,LSQ-15-051-1-X,table_3,extra_4,Data Sheet - Green,Data Sheet - Green,,https://www.tms-lite.com/lsq-series-stackable.html
TMS LITE,LSQ-15-051-1-X,table_3,extra_5,Data Sheet - Blue,Data Sheet - Blue,,https://www.tms-lite.com/lsq-series-stackable.html
TMS LITE,LSQ-15-051-1-X,table_3,extra_6,Data Sheet - White,Data Sheet - White,,https://www.tms-lite.com/lsq-series-stackable.html
TMS LITE,LSQ-30-033-1-X,table_1,Current,15mA 30mA,15mA 30mA,mA,https://www.tms-lite.com/lsq-series-stackable.html
TMS LITE,LSQ-30-033-1-X,table_1,Voltage (V) / Watt (W),24V / 0.36W 24V / 0.72W,24V / 0.36W 24V / 0.72W,V,https://www.tms-lite.com/lsq-series-stackable.html
TMS LITE,LSQ-30-033-1-X,table_1,Weight (g),29,29,g,https://www.tms-lite.com/lsq-series-stackable.html
TMS LITE,LSQ-30-033-1-X,table_2,C (mm),23,23,mm,https://www.tms-lite.com/lsq-series-stackable.html
TMS LITE,LSQ-30-033-1-X,table_2,D (mm),30,30,mm,https://www.tms-lite.com/lsq-series-stackable.html
TMS LITE,LSQ-30-033-1-X,table_2,Tap Hole E (mm),M4,M4,mm,https://www.tms-lite.com/lsq-series-stackable.html
TMS LITE,LSQ-30-033-1-X,table_2,Tap Hole F (mm),Ø3.2,Ø3.2,mm,https://www.tms-lite.com/lsq-series-stackable.html
TMS LITE,LSQ-30-033-1-X,table_2,ØA (mm),34,34,mm,https://www.tms-lite.com/lsq-series-stackable.html
TMS LITE,LSQ-30-033-1-X,table_2,ØB (mm),12,12,mm,https://www.tms-lite.com/lsq-series-stackable.html
TMS LITE,LSQ-30-033-1-X,table_3,Datasheet,Data Sheet - Red,Data Sheet - Red,,https://www.tms-lite.com/lsq-series-stackable.html
TMS LITE,LSQ-30-033-1-X,table_3,Drawing (2D),PDF DXF,PDF DXF,,https://www.tms-lite.com/lsq-series-stackable.html
TMS LITE,LSQ-30-033-1-X,table_3,STEP (3D),3D View,3D View,,https://www.tms-lite.com/lsq-series-stackable.html
TMS LITE,LSQ-30-033-1-X,table_3,extra_4,Data Sheet - Green,Data Sheet - Green,,https://www.tms-lite.com/lsq-series-stackable.html
TMS LITE,LSQ-30-033-1-X,table_3,extra_5,Data Sheet - Blue,Data Sheet - Blue,,https://www.tms-lite.com/lsq-series-stackable.html
TMS LITE,LSQ-30-033-1-X,table_3,extra_6,Data Sheet - White,Data Sheet - White,,https://www.tms-lite.com/lsq-series-stackable.html
TMS LITE,LSQ-30-045-1-X,table_1,Current,30mA 60mA,30mA 60mA,mA,https://www.tms-lite.com/lsq-series-stackable.html
TMS LITE,LSQ-30-045-1-X,table_1,Voltage (V) / Watt (W),24V / 0.72W 24V / 1.44W,24V / 0.72W 24V / 1.44W,V,https://www.tms-lite.com/lsq-series-stackable.html
TMS LITE,LSQ-30-045-1-X,table_1,Weight (g),31,31,g,https://www.tms-lite.com/lsq-series-stackable.html
TMS LITE,LSQ-30-045-1-X,table_2,C (mm),15,15,mm,https://www.tms-lite.com/lsq-series-stackable.html
TMS LITE,LSQ-30-045-1-X,table_2,D (mm),30,30,mm,https://www.tms-lite.com/lsq-series-stackable.html
TMS LITE,LSQ-30-045-1-X,table_2,Tap Hole E (mm),M3,M3,mm,https://www.tms-lite.com/lsq-series-stackable.html
TMS LITE,LSQ-30-045-1-X,table_2,Tap Hole F (mm),Ø3.2,Ø3.2,mm,https://www.tms-lite.com/lsq-series-stackable.html
TMS LITE,LSQ-30-045-1-X,table_2,ØA (mm),46,46,mm,https://www.tms-lite.com/lsq-series-stackable.html
TMS LITE,LSQ-30-045-1-X,table_2,ØB (mm),24,24,mm,https://www.tms-lite.com/lsq-series-stackable.html
TMS LITE,LSQ-30-045-1-X,table_3,Datasheet,Data Sheet - Red,Data Sheet - Red,,https://www.tms-lite.com/lsq-series-stackable.html
TMS LITE,LSQ-30-045-1-X,table_3,Drawing (2D),PDF DXF,PDF DXF,,https://www.tms-lite.com/lsq-series-stackable.html
TMS LITE,LSQ-30-045-1-X,table_3,STEP (3D),3D View,3D View,,https://www.tms-lite.com/lsq-series-stackable.html
TMS LITE,LSQ-30-045-1-X,table_3,extra_4,Data Sheet - Green,Data Sheet - Green,,https://www.tms-lite.com/lsq-series-stackable.html
TMS LITE,LSQ-30-045-1-X,table_3,extra_5,Data Sheet - Blue,Data Sheet - Blue,,https://www.tms-lite.com/lsq-series-stackable.html
TMS LITE,LSQ-30-045-1-X,table_3,extra_6,Data Sheet - White,Data Sheet - White,,https://www.tms-lite.com/lsq-series-stackable.html
TMS LITE,LSQ-30-051-1-X,table_1,Current,30mA 60mA,30mA 60mA,mA,https://www.tms-lite.com/lsq-series-stackable.html
TMS LITE,LSQ-30-051-1-X,table_1,Voltage (V) / Watt (W),24V / 0.72W 24V / 1.44W,24V / 0.72W 24V / 1.44W,V,https://www.tms-lite.com/lsq-series-stackable.html
TMS LITE,LSQ-30-051-1-X,table_1,Weight (g),31,31,g,https://www.tms-lite.com/lsq-series-stackable.html
TMS LITE,LSQ-30-051-1-X,table_2,C (mm),11,11,mm,https://www.tms-lite.com/lsq-series-stackable.html
TMS LITE,LSQ-30-051-1-X,table_2,D (mm),30,30,mm,https://www.tms-lite.com/lsq-series-stackable.html
TMS LITE,LSQ-30-051-1-X,table_2,Tap Hole E (mm),Ø3.2,Ø3.2,mm,https://www.tms-lite.com/lsq-series-stackable.html
TMS LITE,LSQ-30-051-1-X,table_2,Tap Hole F (mm),M3,M3,mm,https://www.tms-lite.com/lsq-series-stackable.html
TMS LITE,LSQ-30-051-1-X,table_2,ØA (mm),52,52,mm,https://www.tms-lite.com/lsq-series-stackable.html
TMS LITE,LSQ-30-051-1-X,table_2,ØB (mm),33.5,33.5,mm,https://www.tms-lite.com/lsq-series-stackable.html
TMS LITE,LSQ-30-051-1-X,table_3,Datasheet,Data Sheet - Red,Data Sheet - Red,,https://www.tms-lite.com/lsq-series-stackable.html
TMS LITE,LSQ-30-051-1-X,table_3,Drawing (2D),PDF DXF,PDF DXF,,https://www.tms-lite.com/lsq-series-stackable.html
TMS LITE,LSQ-30-051-1-X,table_3,STEP (3D),3D View,3D View,,https://www.tms-lite.com/lsq-series-stackable.html
TMS LITE,LSQ-30-051-1-X,table_3,extra_4,Data Sheet - Green,Data Sheet - Green,,https://www.tms-lite.com/lsq-series-stackable.html
TMS LITE,LSQ-30-051-1-X,table_3,extra_5,Data Sheet - Blue,Data Sheet - Blue,,https://www.tms-lite.com/lsq-series-stackable.html
TMS LITE,LSQ-30-051-1-X,table_3,extra_6,Data Sheet - White,Data Sheet - White,,https://www.tms-lite.com/lsq-series-stackable.html
TMS LITE,LSQ-45-030-1-X,table_1,Datasheet,3D View,3D View,,https://www.tms-lite.com/lsq-45-series.html
TMS LITE,LSQ-45-030-1-X,table_1,Drawing (2D),PDF,PDF,,https://www.tms-lite.com/lsq-45-series.html
TMS LITE,LSQ-45-030-1-X,table_1,STEP (3D),DXF,DXF,,https://www.tms-lite.com/lsq-45-series.html
TMS LITE,LSQ-45-030-1-X,table_1,extra_4,Red,Red,,https://www.tms-lite.com/lsq-45-series.html
TMS LITE,LSQ-45-030-1-X,table_1,extra_5,Green,Green,,https://www.tms-lite.com/lsq-45-series.html
TMS LITE,LSQ-45-030-1-X,table_1,extra_6,Blue,Blue,,https://www.tms-lite.com/lsq-45-series.html
TMS LITE,LSQ-45-030-1-X,table_1,extra_7,White,White,,https://www.tms-lite.com/lsq-45-series.html
TMS LITE,LSQ-45-030-1-X,table_2,Current,30mA 30mA,30mA 30mA,mA,https://www.tms-lite.com/lsq-45-series.html
TMS LITE,LSQ-45-030-1-X,table_2,Voltage (V) / Watt (W),24V / 0.72W 24V / 0.72W,24V / 0.72W 24V / 0.72W,V,https://www.tms-lite.com/lsq-45-series.html
TMS LITE,LSQ-45-030-1-X,table_2,Weight (g),40,40,g,https://www.tms-lite.com/lsq-45-series.html
TMS LITE,LSQ-45-030-1-X,table_3,A (mm),39.0,39.0,mm,https://www.tms-lite.com/lsq-45-series.html
TMS LITE,LSQ-45-030-1-X,table_3,C (mm),33.0,33.0,mm,https://www.tms-lite.com/lsq-45-series.html
TMS LITE,LSQ-45-030-1-X,table_3,D (mm),8.0,8.0,mm,https://www.tms-lite.com/lsq-45-series.html
TMS LITE,LSQ-45-030-1-X,table_3,E (mm),19.5,19.5,mm,https://www.tms-lite.com/lsq-45-series.html
TMS LITE,LSQ-45-030-1-X,table_3,ØB (mm),15.0,15.0,mm,https://www.tms-lite.com/lsq-45-series.html
TMS LITE,LSQ-45-033-1-X,table_1,Current,15mA 30mA,15mA 30mA,mA,https://www.tms-lite.com/lsq-series-stackable.html
TMS LITE,LSQ-45-033-1-X,table_1,Voltage (V) / Watt (W),24V / 0.36W 24V / 0.72W,24V / 0.36W 24V / 0.72W,V,https://www.tms-lite.com/lsq-series-stackable.html
TMS LITE,LSQ-45-033-1-X,table_1,Weight (g),29,29,g,https://www.tms-lite.com/lsq-series-stackable.html
TMS LITE,LSQ-45-033-1-X,table_2,C (mm),23,23,mm,https://www.tms-lite.com/lsq-series-stackable.html
TMS LITE,LSQ-45-033-1-X,table_2,D (mm),45,45,mm,https://www.tms-lite.com/lsq-series-stackable.html
TMS LITE,LSQ-45-033-1-X,table_2,Tap Hole E (mm),M4,M4,mm,https://www.tms-lite.com/lsq-series-stackable.html
TMS LITE,LSQ-45-033-1-X,table_2,Tap Hole F (mm),Ø3.2,Ø3.2,mm,https://www.tms-lite.com/lsq-series-stackable.html
TMS LITE,LSQ-45-033-1-X,table_2,ØA (mm),34,34,mm,https://www.tms-lite.com/lsq-series-stackable.html
TMS LITE,LSQ-45-033-1-X,table_2,ØB (mm),12,12,mm,https://www.tms-lite.com/lsq-series-stackable.html
TMS LITE,LSQ-45-033-1-X,table_3,Datasheet,Data Sheet - Red,Data Sheet - Red,,https://www.tms-lite.com/lsq-series-stackable.html
TMS LITE,LSQ-45-033-1-X,table_3,Drawing (2D),PDF DXF,PDF DXF,,https://www.tms-lite.com/lsq-series-stackable.html
TMS LITE,LSQ-45-033-1-X,table_3,STEP (3D),3D View,3D View,,https://www.tms-lite.com/lsq-series-stackable.html
TMS LITE,LSQ-45-033-1-X,table_3,extra_4,Data Sheet - Green,Data Sheet - Green,,https://www.tms-lite.com/lsq-series-stackable.html
TMS LITE,LSQ-45-033-1-X,table_3,extra_5,Data Sheet - Blue,Data Sheet - Blue,,https://www.tms-lite.com/lsq-series-stackable.html
TMS LITE,LSQ-45-033-1-X,table_3,extra_6,Data Sheet - White,Data Sheet - White,,https://www.tms-lite.com/lsq-series-stackable.html
TMS LITE,LSQ-45-040-1-X,table_1,Datasheet,3D View,3D View,,https://www.tms-lite.com/lsq-45-series.html
TMS LITE,LSQ-45-040-1-X,table_1,Drawing (2D),PDF,PDF,,https://www.tms-lite.com/lsq-45-series.html
TMS LITE,LSQ-45-040-1-X,table_1,STEP (3D),DXF,DXF,,https://www.tms-lite.com/lsq-45-series.html
TMS LITE,LSQ-45-040-1-X,table_1,extra_4,Red,Red,,https://www.tms-lite.com/lsq-45-series.html
TMS LITE,LSQ-45-040-1-X,table_1,extra_5,Green,Green,,https://www.tms-lite.com/lsq-45-series.html
TMS LITE,LSQ-45-040-1-X,table_1,extra_6,Blue,Blue,,https://www.tms-lite.com/lsq-45-series.html
TMS LITE,LSQ-45-040-1-X,table_1,extra_7,White,White,,https://www.tms-lite.com/lsq-45-series.html
TMS LITE,LSQ-45-040-1-X,table_2,Current,30mA 45mA,30mA 45mA,mA,https://www.tms-lite.com/lsq-45-series.html
TMS LITE,LSQ-45-040-1-X,table_2,Voltage (V) / Watt (W),24V / 0.72W 24V / 1.08W,24V / 0.72W 24V / 1.08W,V,https://www.tms-lite.com/lsq-45-series.html
TMS LITE,LSQ-45-040-1-X,table_2,Weight (g),40,40,g,https://www.tms-lite.com/lsq-45-series.html
TMS LITE,LSQ-45-040-1-X,table_3,A (mm),46.0,46.0,mm,https://www.tms-lite.com/lsq-45-series.html
TMS LITE,LSQ-45-040-1-X,table_3,C (mm),39.0,39.0,mm,https://www.tms-lite.com/lsq-45-series.html
TMS LITE,LSQ-45-040-1-X,table_3,D (mm),8.0,8.0,mm,https://www.tms-lite.com/lsq-45-series.html
TMS LITE,LSQ-45-040-1-X,table_3,E (mm),23.0,23.0,mm,https://www.tms-lite.com/lsq-45-series.html
TMS LITE,LSQ-45-040-1-X,table_3,ØB (mm),22.0,22.0,mm,https://www.tms-lite.com/lsq-45-series.html
TMS LITE,LSQ-45-045-1-X,table_1,Current,30mA 45mA,30mA 45mA,mA,https://www.tms-lite.com/lsq-series-stackable.html
TMS LITE,LSQ-45-045-1-X,table_1,Voltage (V) / Watt (W),24V / 0.72W 24V / 1.08W,24V / 0.72W 24V / 1.08W,V,https://www.tms-lite.com/lsq-series-stackable.html
TMS LITE,LSQ-45-045-1-X,table_1,Weight (g),30,30,g,https://www.tms-lite.com/lsq-series-stackable.html
TMS LITE,LSQ-45-045-1-X,table_2,C (mm),15,15,mm,https://www.tms-lite.com/lsq-series-stackable.html
TMS LITE,LSQ-45-045-1-X,table_2,D (mm),45,45,mm,https://www.tms-lite.com/lsq-series-stackable.html
TMS LITE,LSQ-45-045-1-X,table_2,Tap Hole E (mm),M3,M3,mm,https://www.tms-lite.com/lsq-series-stackable.html
TMS LITE,LSQ-45-045-1-X,table_2,Tap Hole F (mm),Ø3.2,Ø3.2,mm,https://www.tms-lite.com/lsq-series-stackable.html
TMS LITE,LSQ-45-045-1-X,table_2,ØA (mm),46,46,mm,https://www.tms-lite.com/lsq-series-stackable.html
TMS LITE,LSQ-45-045-1-X,table_2,ØB (mm),24,24,mm,https://www.tms-lite.com/lsq-series-stackable.html
TMS LITE,LSQ-45-045-1-X,table_3,Datasheet,Data Sheet - Red,Data Sheet - Red,,https://www.tms-lite.com/lsq-series-stackable.html
TMS LITE,LSQ-45-045-1-X,table_3,Drawing (2D),PDF DXF,PDF DXF,,https://www.tms-lite.com/lsq-series-stackable.html
TMS LITE,LSQ-45-045-1-X,table_3,STEP (3D),3D View,3D View,,https://www.tms-lite.com/lsq-series-stackable.html
TMS LITE,LSQ-45-045-1-X,table_3,extra_4,Data Sheet - Green,Data Sheet - Green,,https://www.tms-lite.com/lsq-series-stackable.html
TMS LITE,LSQ-45-045-1-X,table_3,extra_5,Data Sheet - Blue,Data Sheet - Blue,,https://www.tms-lite.com/lsq-series-stackable.html
TMS LITE,LSQ-45-045-1-X,table_3,extra_6,Data Sheet - White,Data Sheet - White,,https://www.tms-lite.com/lsq-series-stackable.html
TMS LITE,LSQ-45-050-1-X,table_1,Datasheet,3D View,3D View,,https://www.tms-lite.com/lsq-45-series.html
TMS LITE,LSQ-45-050-1-X,table_1,Drawing (2D),PDF,PDF,,https://www.tms-lite.com/lsq-45-series.html
TMS LITE,LSQ-45-050-1-X,table_1,STEP (3D),DXF,DXF,,https://www.tms-lite.com/lsq-45-series.html
TMS LITE,LSQ-45-050-1-X,table_1,extra_4,Red,Red,,https://www.tms-lite.com/lsq-45-series.html
TMS LITE,LSQ-45-050-1-X,table_1,extra_5,Green,Green,,https://www.tms-lite.com/lsq-45-series.html
TMS LITE,LSQ-45-050-1-X,table_1,extra_6,Blue,Blue,,https://www.tms-lite.com/lsq-45-series.html
TMS LITE,LSQ-45-050-1-X,table_1,extra_7,White,White,,https://www.tms-lite.com/lsq-45-series.html
TMS LITE,LSQ-45-050-1-X,table_2,Current,45mA 60mA,45mA 60mA,mA,https://www.tms-lite.com/lsq-45-series.html
TMS LITE,LSQ-45-050-1-X,table_2,Voltage (V) / Watt (W),24V / 1.08W 24V / 1.44W,24V / 1.08W 24V / 1.44W,V,https://www.tms-lite.com/lsq-45-series.html
TMS LITE,LSQ-45-050-1-X,table_2,Weight (g),60,60,g,https://www.tms-lite.com/lsq-45-series.html
TMS LITE,LSQ-45-050-1-X,table_3,A (mm),52.5,52.5,mm,https://www.tms-lite.com/lsq-45-series.html
TMS LITE,LSQ-45-050-1-X,table_3,C (mm),46.0,46.0,mm,https://www.tms-lite.com/lsq-45-series.html
TMS LITE,LSQ-45-050-1-X,table_3,D (mm),8.0,8.0,mm,https://www.tms-lite.com/lsq-45-series.html
TMS LITE,LSQ-45-050-1-X,table_3,E (mm),26.3,26.3,mm,https://www.tms-lite.com/lsq-45-series.html
TMS LITE,LSQ-45-050-1-X,table_3,ØB (mm),28.0,28.0,mm,https://www.tms-lite.com/lsq-45-series.html
TMS LITE,LSQ-45-051-1-X,table_1,Current,45mA 60mA,45mA 60mA,mA,https://www.tms-lite.com/lsq-series-stackable.html
TMS LITE,LSQ-45-051-1-X,table_1,Voltage (V) / Watt (W),24V / 1.08W 24V / 1.44W,24V / 1.08W 24V / 1.44W,V,https://www.tms-lite.com/lsq-series-stackable.html
TMS LITE,LSQ-45-051-1-X,table_1,Weight (g),31,31,g,https://www.tms-lite.com/lsq-series-stackable.html
TMS LITE,LSQ-45-051-1-X,table_2,C (mm),11,11,mm,https://www.tms-lite.com/lsq-series-stackable.html
TMS LITE,LSQ-45-051-1-X,table_2,D (mm),45,45,mm,https://www.tms-lite.com/lsq-series-stackable.html
TMS LITE,LSQ-45-051-1-X,table_2,Tap Hole E (mm),Ø3.2,Ø3.2,mm,https://www.tms-lite.com/lsq-series-stackable.html
TMS LITE,LSQ-45-051-1-X,table_2,Tap Hole F (mm),M3,M3,mm,https://www.tms-lite.com/lsq-series-stackable.html
TMS LITE,LSQ-45-051-1-X,table_2,ØA (mm),52,52,mm,https://www.tms-lite.com/lsq-series-stackable.html
TMS LITE,LSQ-45-051-1-X,table_2,ØB (mm),33.5,33.5,mm,https://www.tms-lite.com/lsq-series-stackable.html
TMS LITE,LSQ-45-051-1-X,table_3,Datasheet,Data Sheet - Red,Data Sheet - Red,,https://www.tms-lite.com/lsq-series-stackable.html
TMS LITE,LSQ-45-051-1-X,table_3,Drawing (2D),PDF DXF,PDF DXF,,https://www.tms-lite.com/lsq-series-stackable.html
TMS LITE,LSQ-45-051-1-X,table_3,STEP (3D),3D View,3D View,,https://www.tms-lite.com/lsq-series-stackable.html
TMS LITE,LSQ-45-051-1-X,table_3,extra_4,Data Sheet - Green,Data Sheet - Green,,https://www.tms-lite.com/lsq-series-stackable.html
TMS LITE,LSQ-45-051-1-X,table_3,extra_5,Data Sheet - Blue,Data Sheet - Blue,,https://www.tms-lite.com/lsq-series-stackable.html
TMS LITE,LSQ-45-051-1-X,table_3,extra_6,Data Sheet - White,Data Sheet - White,,https://www.tms-lite.com/lsq-series-stackable.html
TMS LITE,LSQF-00-033-1-X,table_1,Datasheet,3D View,3D View,,https://www.tms-lite.com/lsqf-series-stackable.html
TMS LITE,LSQF-00-033-1-X,table_1,Drawing (2D),PDF,PDF,,https://www.tms-lite.com/lsqf-series-stackable.html
TMS LITE,LSQF-00-033-1-X,table_1,STEP (3D),DXF,DXF,,https://www.tms-lite.com/lsqf-series-stackable.html
TMS LITE,LSQF-00-033-1-X,table_1,extra_4,Red,Red,,https://www.tms-lite.com/lsqf-series-stackable.html
TMS LITE,LSQF-00-033-1-X,table_1,extra_5,Green,Green,,https://www.tms-lite.com/lsqf-series-stackable.html
TMS LITE,LSQF-00-033-1-X,table_1,extra_6,Blue,Blue,,https://www.tms-lite.com/lsqf-series-stackable.html
TMS LITE,LSQF-00-033-1-X,table_1,extra_7,White,White,,https://www.tms-lite.com/lsqf-series-stackable.html
TMS LITE,LSQF-00-033-1-X,table_2,Current,30mA 45mA,30mA 45mA,mA,https://www.tms-lite.com/lsqf-series-stackable.html
TMS LITE,LSQF-00-033-1-X,table_2,Voltage (V) / Watt (W),24V / 0.72W 24V / 1.08W,24V / 0.72W 24V / 1.08W,V,https://www.tms-lite.com/lsqf-series-stackable.html
TMS LITE,LSQF-00-033-1-X,table_2,Weight (g),29,29,g,https://www.tms-lite.com/lsqf-series-stackable.html
TMS LITE,LSQF-00-033-1-X,table_3,A (mm),32.3,32.3,mm,https://www.tms-lite.com/lsqf-series-stackable.html
TMS LITE,LSQF-00-033-1-X,table_3,B (mm),12,12,mm,https://www.tms-lite.com/lsqf-series-stackable.html
TMS LITE,LSQF-00-033-1-X,table_3,C (mm),52.7,52.7,mm,https://www.tms-lite.com/lsqf-series-stackable.html
TMS LITE,LSQF-00-033-1-X,table_3,D (mm),0,0,mm,https://www.tms-lite.com/lsqf-series-stackable.html
TMS LITE,LSQF-00-033-1-X,table_3,E (mm),M4,M4,mm,https://www.tms-lite.com/lsqf-series-stackable.html
TMS LITE,LSQF-00-033-1-X,table_3,F (mm),Ø3.2,Ø3.2,mm,https://www.tms-lite.com/lsqf-series-stackable.html
TMS LITE,LSQF-00-045-1-X,table_1,Datasheet,3D View,3D View,,https://www.tms-lite.com/lsqf-series-stackable.html
TMS LITE,LSQF-00-045-1-X,table_1,Drawing (2D),PDF,PDF,,https://www.tms-lite.com/lsqf-series-stackable.html
TMS LITE,LSQF-00-045-1-X,table_1,STEP (3D),DXF,DXF,,https://www.tms-lite.com/lsqf-series-stackable.html
TMS LITE,LSQF-00-045-1-X,table_1,extra_4,Red,Red,,https://www.tms-lite.com/lsqf-series-stackable.html
TMS LITE,LSQF-00-045-1-X,table_1,extra_5,Green,Green,,https://www.tms-lite.com/lsqf-series-stackable.html
TMS LITE,LSQF-00-045-1-X,table_1,extra_6,Blue,Blue,,https://www.tms-lite.com/lsqf-series-stackable.html
TMS LITE,LSQF-00-045-1-X,table_1,extra_7,White,White,,https://www.tms-lite.com/lsqf-series-stackable.html
TMS LITE,LSQF-00-045-1-X,table_2,Current,45mA 75mA,45mA 75mA,mA,https://www.tms-lite.com/lsqf-series-stackable.html
TMS LITE,LSQF-00-045-1-X,table_2,Voltage (V) / Watt (W),24V / 1.08W 24V / 1.8W,24V / 1.08W 24V / 1.8W,V,https://www.tms-lite.com/lsqf-series-stackable.html
TMS LITE,LSQF-00-045-1-X,table_2,Weight (g),32,32,g,https://www.tms-lite.com/lsqf-series-stackable.html
TMS LITE,LSQF-00-045-1-X,table_3,A (mm),44.3,44.3,mm,https://www.tms-lite.com/lsqf-series-stackable.html
TMS LITE,LSQF-00-045-1-X,table_3,B (mm),24,24,mm,https://www.tms-lite.com/lsqf-series-stackable.html
TMS LITE,LSQF-00-045-1-X,table_3,C (mm),58.7,58.7,mm,https://www.tms-lite.com/lsqf-series-stackable.html
TMS LITE,LSQF-00-045-1-X,table_3,D (mm),0,0,mm,https://www.tms-lite.com/lsqf-series-stackable.html
TMS LITE,LSQF-00-045-1-X,table_3,E (mm),M3,M3,mm,https://www.tms-lite.com/lsqf-series-stackable.html
TMS LITE,LSQF-00-045-1-X,table_3,F (mm),Ø3.2,Ø3.2,mm,https://www.tms-lite.com/lsqf-series-stackable.html
TMS LITE,LSQF-00-051-1-X,table_1,Datasheet,3D View,3D View,,https://www.tms-lite.com/lsqf-series-stackable.html
TMS LITE,LSQF-00-051-1-X,table_1,Drawing (2D),PDF,PDF,,https://www.tms-lite.com/lsqf-series-stackable.html
TMS LITE,LSQF-00-051-1-X,table_1,STEP (3D),DXF,DXF,,https://www.tms-lite.com/lsqf-series-stackable.html
TMS LITE,LSQF-00-051-1-X,table_1,extra_4,Red,Red,,https://www.tms-lite.com/lsqf-series-stackable.html
TMS LITE,LSQF-00-051-1-X,table_1,extra_5,Green,Green,,https://www.tms-lite.com/lsqf-series-stackable.html
TMS LITE,LSQF-00-051-1-X,table_1,extra_6,Blue,Blue,,https://www.tms-lite.com/lsqf-series-stackable.html
TMS LITE,LSQF-00-051-1-X,table_1,extra_7,White,White,,https://www.tms-lite.com/lsqf-series-stackable.html
TMS LITE,LSQF-00-051-1-X,table_2,Current,60mA 90mA,60mA 90mA,mA,https://www.tms-lite.com/lsqf-series-stackable.html
TMS LITE,LSQF-00-051-1-X,table_2,Voltage (V) / Watt (W),24V / 1.44W 24V / 2.16W,24V / 1.44W 24V / 2.16W,V,https://www.tms-lite.com/lsqf-series-stackable.html
TMS LITE,LSQF-00-051-1-X,table_2,Weight (g),34,34,g,https://www.tms-lite.com/lsqf-series-stackable.html
TMS LITE,LSQF-00-051-1-X,table_3,A (mm),50.3,50.3,mm,https://www.tms-lite.com/lsqf-series-stackable.html
TMS LITE,LSQF-00-051-1-X,table_3,B (mm),30,30,mm,https://www.tms-lite.com/lsqf-series-stackable.html
TMS LITE,LSQF-00-051-1-X,table_3,C (mm),61,61,mm,https://www.tms-lite.com/lsqf-series-stackable.html
TMS LITE,LSQF-00-051-1-X,table_3,D (mm),0,0,mm,https://www.tms-lite.com/lsqf-series-stackable.html
TMS LITE,LSQF-00-051-1-X,table_3,E (mm),Ø3.2,Ø3.2,mm,https://www.tms-lite.com/lsqf-series-stackable.html
TMS LITE,LSQF-00-051-1-X,table_3,F (mm),M3,M3,mm,https://www.tms-lite.com/lsqf-series-stackable.html
TMS LITE,LSQF-15-033-1-X,table_1,Datasheet,3D View,3D View,,https://www.tms-lite.com/lsqf-series-stackable.html
TMS LITE,LSQF-15-033-1-X,table_1,Drawing (2D),PDF,PDF,,https://www.tms-lite.com/lsqf-series-stackable.html
TMS LITE,LSQF-15-033-1-X,table_1,STEP (3D),DXF,DXF,,https://www.tms-lite.com/lsqf-series-stackable.html
TMS LITE,LSQF-15-033-1-X,table_1,extra_4,Red,Red,,https://www.tms-lite.com/lsqf-series-stackable.html
TMS LITE,LSQF-15-033-1-X,table_1,extra_5,Green,Green,,https://www.tms-lite.com/lsqf-series-stackable.html
TMS LITE,LSQF-15-033-1-X,table_1,extra_6,Blue,Blue,,https://www.tms-lite.com/lsqf-series-stackable.html
TMS LITE,LSQF-15-033-1-X,table_1,extra_7,White,White,,https://www.tms-lite.com/lsqf-series-stackable.html
TMS LITE,LSQF-15-033-1-X,table_2,Current,60mA 60mA,60mA 60mA,mA,https://www.tms-lite.com/lsqf-series-stackable.html
TMS LITE,LSQF-15-033-1-X,table_2,Voltage (V) / Watt (W),24V / 1.44W 24V / 1.44W,24V / 1.44W 24V / 1.44W,V,https://www.tms-lite.com/lsqf-series-stackable.html
TMS LITE,LSQF-15-033-1-X,table_2,Weight (g),29,29,g,https://www.tms-lite.com/lsqf-series-stackable.html
TMS LITE,LSQF-15-033-1-X,table_3,A (mm),32.3,32.3,mm,https://www.tms-lite.com/lsqf-series-stackable.html
TMS LITE,LSQF-15-033-1-X,table_3,B (mm),12,12,mm,https://www.tms-lite.com/lsqf-series-stackable.html
TMS LITE,LSQF-15-033-1-X,table_3,C (mm),52.7,52.7,mm,https://www.tms-lite.com/lsqf-series-stackable.html
TMS LITE,LSQF-15-033-1-X,table_3,D (mm),15,15,mm,https://www.tms-lite.com/lsqf-series-stackable.html
TMS LITE,LSQF-15-033-1-X,table_3,E (mm),M4,M4,mm,https://www.tms-lite.com/lsqf-series-stackable.html
TMS LITE,LSQF-15-033-1-X,table_3,F (mm),Ø3.2,Ø3.2,mm,https://www.tms-lite.com/lsqf-series-stackable.html
TMS LITE,LSQF-15-045-1-X,table_1,Datasheet,3D View,3D View,,https://www.tms-lite.com/lsqf-series-stackable.html
TMS LITE,LSQF-15-045-1-X,table_1,Drawing (2D),PDF,PDF,,https://www.tms-lite.com/lsqf-series-stackable.html
TMS LITE,LSQF-15-045-1-X,table_1,STEP (3D),DXF,DXF,,https://www.tms-lite.com/lsqf-series-stackable.html
TMS LITE,LSQF-15-045-1-X,table_1,extra_4,Red,Red,,https://www.tms-lite.com/lsqf-series-stackable.html
TMS LITE,LSQF-15-045-1-X,table_1,extra_5,Green,Green,,https://www.tms-lite.com/lsqf-series-stackable.html
TMS LITE,LSQF-15-045-1-X,table_1,extra_6,Blue,Blue,,https://www.tms-lite.com/lsqf-series-stackable.html
TMS LITE,LSQF-15-045-1-X,table_1,extra_7,White,White,,https://www.tms-lite.com/lsqf-series-stackable.html
TMS LITE,LSQF-15-045-1-X,table_2,Current,60mA 60mA,60mA 60mA,mA,https://www.tms-lite.com/lsqf-series-stackable.html
TMS LITE,LSQF-15-045-1-X,table_2,Voltage (V) / Watt (W),24V / 1.44W 24V / 1.44W,24V / 1.44W 24V / 1.44W,V,https://www.tms-lite.com/lsqf-series-stackable.html
TMS LITE,LSQF-15-045-1-X,table_2,Weight (g),32,32,g,https://www.tms-lite.com/lsqf-series-stackable.html
TMS LITE,LSQF-15-045-1-X,table_3,A (mm),44.3,44.3,mm,https://www.tms-lite.com/lsqf-series-stackable.html
TMS LITE,LSQF-15-045-1-X,table_3,B (mm),24,24,mm,https://www.tms-lite.com/lsqf-series-stackable.html
TMS LITE,LSQF-15-045-1-X,table_3,C (mm),58.7,58.7,mm,https://www.tms-lite.com/lsqf-series-stackable.html
TMS LITE,LSQF-15-045-1-X,table_3,D (mm),15,15,mm,https://www.tms-lite.com/lsqf-series-stackable.html
TMS LITE,LSQF-15-045-1-X,table_3,E (mm),M3,M3,mm,https://www.tms-lite.com/lsqf-series-stackable.html
TMS LITE,LSQF-15-045-1-X,table_3,F (mm),Ø3.2,Ø3.2,mm,https://www.tms-lite.com/lsqf-series-stackable.html
TMS LITE,LSQF-15-051-1-X,table_1,Datasheet,3D View,3D View,,https://www.tms-lite.com/lsqf-series-stackable.html
TMS LITE,LSQF-15-051-1-X,table_1,Drawing (2D),PDF,PDF,,https://www.tms-lite.com/lsqf-series-stackable.html
TMS LITE,LSQF-15-051-1-X,table_1,STEP (3D),DXF,DXF,,https://www.tms-lite.com/lsqf-series-stackable.html
TMS LITE,LSQF-15-051-1-X,table_1,extra_4,Red,Red,,https://www.tms-lite.com/lsqf-series-stackable.html
TMS LITE,LSQF-15-051-1-X,table_1,extra_5,Green,Green,,https://www.tms-lite.com/lsqf-series-stackable.html
TMS LITE,LSQF-15-051-1-X,table_1,extra_6,Blue,Blue,,https://www.tms-lite.com/lsqf-series-stackable.html
TMS LITE,LSQF-15-051-1-X,table_1,extra_7,White,White,,https://www.tms-lite.com/lsqf-series-stackable.html
TMS LITE,LSQF-15-051-1-X,table_2,Current,60mA 120mA,60mA 120mA,mA,https://www.tms-lite.com/lsqf-series-stackable.html
TMS LITE,LSQF-15-051-1-X,table_2,Voltage (V) / Watt (W),24V / 1.44W 24V / 2.88W,24V / 1.44W 24V / 2.88W,V,https://www.tms-lite.com/lsqf-series-stackable.html
TMS LITE,LSQF-15-051-1-X,table_2,Weight (g),34,34,g,https://www.tms-lite.com/lsqf-series-stackable.html
TMS LITE,LSQF-15-051-1-X,table_3,A (mm),50.3,50.3,mm,https://www.tms-lite.com/lsqf-series-stackable.html
TMS LITE,LSQF-15-051-1-X,table_3,B (mm),30,30,mm,https://www.tms-lite.com/lsqf-series-stackable.html
TMS LITE,LSQF-15-051-1-X,table_3,C (mm),61,61,mm,https://www.tms-lite.com/lsqf-series-stackable.html
TMS LITE,LSQF-15-051-1-X,table_3,D (mm),15,15,mm,https://www.tms-lite.com/lsqf-series-stackable.html
TMS LITE,LSQF-15-051-1-X,table_3,E (mm),Ø3.2,Ø3.2,mm,https://www.tms-lite.com/lsqf-series-stackable.html
TMS LITE,LSQF-15-051-1-X,table_3,F (mm),M3,M3,mm,https://www.tms-lite.com/lsqf-series-stackable.html
TMS LITE,LSQF-30-033-1-X,table_1,Datasheet,3D View,3D View,,https://www.tms-lite.com/lsqf-series-stackable.html
TMS LITE,LSQF-30-033-1-X,table_1,Drawing (2D),PDF,PDF,,https://www.tms-lite.com/lsqf-series-stackable.html
TMS LITE,LSQF-30-033-1-X,table_1,STEP (3D),DXF,DXF,,https://www.tms-lite.com/lsqf-series-stackable.html
TMS LITE,LSQF-30-033-1-X,table_1,extra_4,Red,Red,,https://www.tms-lite.com/lsqf-series-stackable.html
TMS LITE,LSQF-30-033-1-X,table_1,extra_5,Green,Green,,https://www.tms-lite.com/lsqf-series-stackable.html
TMS LITE,LSQF-30-033-1-X,table_1,extra_6,Blue,Blue,,https://www.tms-lite.com/lsqf-series-stackable.html
TMS LITE,LSQF-30-033-1-X,table_1,extra_7,White,White,,https://www.tms-lite.com/lsqf-series-stackable.html
TMS LITE,LSQF-30-033-1-X,table_2,Current,60mA 60mA,60mA 60mA,mA,https://www.tms-lite.com/lsqf-series-stackable.html
TMS LITE,LSQF-30-033-1-X,table_2,Voltage (V) / Watt (W),24V / 1.44W 24V / 1.44W,24V / 1.44W 24V / 1.44W,V,https://www.tms-lite.com/lsqf-series-stackable.html
TMS LITE,LSQF-30-033-1-X,table_2,Weight (g),29,29,g,https://www.tms-lite.com/lsqf-series-stackable.html
TMS LITE,LSQF-30-033-1-X,table_3,A (mm),32.3,32.3,mm,https://www.tms-lite.com/lsqf-series-stackable.html
TMS LITE,LSQF-30-033-1-X,table_3,B (mm),12,12,mm,https://www.tms-lite.com/lsqf-series-stackable.html
TMS LITE,LSQF-30-033-1-X,table_3,C (mm),52.7,52.7,mm,https://www.tms-lite.com/lsqf-series-stackable.html
TMS LITE,LSQF-30-033-1-X,table_3,D (mm),30,30,mm,https://www.tms-lite.com/lsqf-series-stackable.html
TMS LITE,LSQF-30-033-1-X,table_3,E (mm),M4,M4,mm,https://www.tms-lite.com/lsqf-series-stackable.html
TMS LITE,LSQF-30-033-1-X,table_3,F (mm),Ø3.2,Ø3.2,mm,https://www.tms-lite.com/lsqf-series-stackable.html
TMS LITE,LSQF-30-045-1-X,table_1,Datasheet,3D View,3D View,,https://www.tms-lite.com/lsqf-series-stackable.html
TMS LITE,LSQF-30-045-1-X,table_1,Drawing (2D),PDF,PDF,,https://www.tms-lite.com/lsqf-series-stackable.html
TMS LITE,LSQF-30-045-1-X,table_1,STEP (3D),DXF,DXF,,https://www.tms-lite.com/lsqf-series-stackable.html
TMS LITE,LSQF-30-045-1-X,table_1,extra_4,Red,Red,,https://www.tms-lite.com/lsqf-series-stackable.html
TMS LITE,LSQF-30-045-1-X,table_1,extra_5,Green,Green,,https://www.tms-lite.com/lsqf-series-stackable.html
TMS LITE,LSQF-30-045-1-X,table_1,extra_6,Blue,Blue,,https://www.tms-lite.com/lsqf-series-stackable.html
TMS LITE,LSQF-30-045-1-X,table_1,extra_7,White,White,,https://www.tms-lite.com/lsqf-series-stackable.html
TMS LITE,LSQF-30-045-1-X,table_2,Current,60mA 60mA,60mA 60mA,mA,https://www.tms-lite.com/lsqf-series-stackable.html
TMS LITE,LSQF-30-045-1-X,table_2,Voltage (V) / Watt (W),24V / 1.44W 24V / 1.44W,24V / 1.44W 24V / 1.44W,V,https://www.tms-lite.com/lsqf-series-stackable.html
TMS LITE,LSQF-30-045-1-X,table_2,Weight (g),32,32,g,https://www.tms-lite.com/lsqf-series-stackable.html
TMS LITE,LSQF-30-045-1-X,table_3,A (mm),44.3,44.3,mm,https://www.tms-lite.com/lsqf-series-stackable.html
TMS LITE,LSQF-30-045-1-X,table_3,B (mm),24,24,mm,https://www.tms-lite.com/lsqf-series-stackable.html
TMS LITE,LSQF-30-045-1-X,table_3,C (mm),58.7,58.7,mm,https://www.tms-lite.com/lsqf-series-stackable.html
TMS LITE,LSQF-30-045-1-X,table_3,D (mm),30,30,mm,https://www.tms-lite.com/lsqf-series-stackable.html
TMS LITE,LSQF-30-045-1-X,table_3,E (mm),M3,M3,mm,https://www.tms-lite.com/lsqf-series-stackable.html
TMS LITE,LSQF-30-045-1-X,table_3,F (mm),Ø3.2,Ø3.2,mm,https://www.tms-lite.com/lsqf-series-stackable.html
TMS LITE,LSQF-30-051-1-X,table_1,Datasheet,3D View,3D View,,https://www.tms-lite.com/lsqf-series-stackable.html
TMS LITE,LSQF-30-051-1-X,table_1,Drawing (2D),PDF,PDF,,https://www.tms-lite.com/lsqf-series-stackable.html
TMS LITE,LSQF-30-051-1-X,table_1,STEP (3D),DXF,DXF,,https://www.tms-lite.com/lsqf-series-stackable.html
TMS LITE,LSQF-30-051-1-X,table_1,extra_4,Red,Red,,https://www.tms-lite.com/lsqf-series-stackable.html
TMS LITE,LSQF-30-051-1-X,table_1,extra_5,Green,Green,,https://www.tms-lite.com/lsqf-series-stackable.html
TMS LITE,LSQF-30-051-1-X,table_1,extra_6,Blue,Blue,,https://www.tms-lite.com/lsqf-series-stackable.html
TMS LITE,LSQF-30-051-1-X,table_1,extra_7,White,White,,https://www.tms-lite.com/lsqf-series-stackable.html
TMS LITE,LSQF-30-051-1-X,table_2,Current,60mA 120mA,60mA 120mA,mA,https://www.tms-lite.com/lsqf-series-stackable.html
TMS LITE,LSQF-30-051-1-X,table_2,Voltage (V) / Watt (W),24V / 1.44W 24V / 2.88W,24V / 1.44W 24V / 2.88W,V,https://www.tms-lite.com/lsqf-series-stackable.html
TMS LITE,LSQF-30-051-1-X,table_2,Weight (g),34,34,g,https://www.tms-lite.com/lsqf-series-stackable.html
TMS LITE,LSQF-30-051-1-X,table_3,A (mm),50.3,50.3,mm,https://www.tms-lite.com/lsqf-series-stackable.html
TMS LITE,LSQF-30-051-1-X,table_3,B (mm),30,30,mm,https://www.tms-lite.com/lsqf-series-stackable.html
TMS LITE,LSQF-30-051-1-X,table_3,C (mm),61,61,mm,https://www.tms-lite.com/lsqf-series-stackable.html
TMS LITE,LSQF-30-051-1-X,table_3,D (mm),30,30,mm,https://www.tms-lite.com/lsqf-series-stackable.html
TMS LITE,LSQF-30-051-1-X,table_3,E (mm),Ø3.2,Ø3.2,mm,https://www.tms-lite.com/lsqf-series-stackable.html
TMS LITE,LSQF-30-051-1-X,table_3,F (mm),M3,M3,mm,https://www.tms-lite.com/lsqf-series-stackable.html
TMS LITE,LSQF-45-033-1-X,table_1,Datasheet,3D View,3D View,,https://www.tms-lite.com/lsqf-series-stackable.html
TMS LITE,LSQF-45-033-1-X,table_1,Drawing (2D),PDF,PDF,,https://www.tms-lite.com/lsqf-series-stackable.html
TMS LITE,LSQF-45-033-1-X,table_1,STEP (3D),DXF,DXF,,https://www.tms-lite.com/lsqf-series-stackable.html
TMS LITE,LSQF-45-033-1-X,table_1,extra_4,Red,Red,,https://www.tms-lite.com/lsqf-series-stackable.html
TMS LITE,LSQF-45-033-1-X,table_1,extra_5,Green,Green,,https://www.tms-lite.com/lsqf-series-stackable.html
TMS LITE,LSQF-45-033-1-X,table_1,extra_6,Blue,Blue,,https://www.tms-lite.com/lsqf-series-stackable.html
TMS LITE,LSQF-45-033-1-X,table_1,extra_7,White,White,,https://www.tms-lite.com/lsqf-series-stackable.html
TMS LITE,LSQF-45-033-1-X,table_2,Current,60mA 60mA,60mA 60mA,mA,https://www.tms-lite.com/lsqf-series-stackable.html
TMS LITE,LSQF-45-033-1-X,table_2,Voltage (V) / Watt (W),24V / 1.44W 24V / 1.44W,24V / 1.44W 24V / 1.44W,V,https://www.tms-lite.com/lsqf-series-stackable.html
TMS LITE,LSQF-45-033-1-X,table_2,Weight (g),28,28,g,https://www.tms-lite.com/lsqf-series-stackable.html
TMS LITE,LSQF-45-033-1-X,table_3,A (mm),32.3,32.3,mm,https://www.tms-lite.com/lsqf-series-stackable.html
TMS LITE,LSQF-45-033-1-X,table_3,B (mm),12,12,mm,https://www.tms-lite.com/lsqf-series-stackable.html
TMS LITE,LSQF-45-033-1-X,table_3,C (mm),52.7,52.7,mm,https://www.tms-lite.com/lsqf-series-stackable.html
TMS LITE,LSQF-45-033-1-X,table_3,D (mm),45,45,mm,https://www.tms-lite.com/lsqf-series-stackable.html
TMS LITE,LSQF-45-033-1-X,table_3,E (mm),M4,M4,mm,https://www.tms-lite.com/lsqf-series-stackable.html
TMS LITE,LSQF-45-033-1-X,table_3,F (mm),Ø3.2,Ø3.2,mm,https://www.tms-lite.com/lsqf-series-stackable.html
TMS LITE,LSQF-45-045-1-X,table_1,Datasheet,3D View,3D View,,https://www.tms-lite.com/lsqf-series-stackable.html
TMS LITE,LSQF-45-045-1-X,table_1,Drawing (2D),PDF,PDF,,https://www.tms-lite.com/lsqf-series-stackable.html
TMS LITE,LSQF-45-045-1-X,table_1,STEP (3D),DXF,DXF,,https://www.tms-lite.com/lsqf-series-stackable.html
TMS LITE,LSQF-45-045-1-X,table_1,extra_4,Red,Red,,https://www.tms-lite.com/lsqf-series-stackable.html
TMS LITE,LSQF-45-045-1-X,table_1,extra_5,Green,Green,,https://www.tms-lite.com/lsqf-series-stackable.html
TMS LITE,LSQF-45-045-1-X,table_1,extra_6,Blue,Blue,,https://www.tms-lite.com/lsqf-series-stackable.html
TMS LITE,LSQF-45-045-1-X,table_1,extra_7,White,White,,https://www.tms-lite.com/lsqf-series-stackable.html
TMS LITE,LSQF-45-045-1-X,table_2,Current,60mA 60mA,60mA 60mA,mA,https://www.tms-lite.com/lsqf-series-stackable.html
TMS LITE,LSQF-45-045-1-X,table_2,Voltage (V) / Watt (W),24V / 1.44W 24V / 1.44W,24V / 1.44W 24V / 1.44W,V,https://www.tms-lite.com/lsqf-series-stackable.html
TMS LITE,LSQF-45-045-1-X,table_2,Weight (g),32,32,g,https://www.tms-lite.com/lsqf-series-stackable.html
TMS LITE,LSQF-45-045-1-X,table_3,A (mm),44.3,44.3,mm,https://www.tms-lite.com/lsqf-series-stackable.html
TMS LITE,LSQF-45-045-1-X,table_3,B (mm),24,24,mm,https://www.tms-lite.com/lsqf-series-stackable.html
TMS LITE,LSQF-45-045-1-X,table_3,C (mm),58.7,58.7,mm,https://www.tms-lite.com/lsqf-series-stackable.html
TMS LITE,LSQF-45-045-1-X,table_3,D (mm),45,45,mm,https://www.tms-lite.com/lsqf-series-stackable.html
TMS LITE,LSQF-45-045-1-X,table_3,E (mm),M3,M3,mm,https://www.tms-lite.com/lsqf-series-stackable.html
TMS LITE,LSQF-45-045-1-X,table_3,F (mm),Ø3.2,Ø3.2,mm,https://www.tms-lite.com/lsqf-series-stackable.html
TMS LITE,LSQF-45-051-1-X,table_1,Datasheet,3D View,3D View,,https://www.tms-lite.com/lsqf-series-stackable.html
TMS LITE,LSQF-45-051-1-X,table_1,Drawing (2D),PDF,PDF,,https://www.tms-lite.com/lsqf-series-stackable.html
TMS LITE,LSQF-45-051-1-X,table_1,STEP (3D),DXF,DXF,,https://www.tms-lite.com/lsqf-series-stackable.html
TMS LITE,LSQF-45-051-1-X,table_1,extra_4,Red,Red,,https://www.tms-lite.com/lsqf-series-stackable.html
TMS LITE,LSQF-45-051-1-X,table_1,extra_5,Green,Green,,https://www.tms-lite.com/lsqf-series-stackable.html
TMS LITE,LSQF-45-051-1-X,table_1,extra_6,Blue,Blue,,https://www.tms-lite.com/lsqf-series-stackable.html
TMS LITE,LSQF-45-051-1-X,table_1,extra_7,White,White,,https://www.tms-lite.com/lsqf-series-stackable.html
TMS LITE,LSQF-45-051-1-X,table_2,Current,60mA 120mA,60mA 120mA,mA,https://www.tms-lite.com/lsqf-series-stackable.html
TMS LITE,LSQF-45-051-1-X,table_2,Voltage (V) / Watt (W),24V / 1.44W 24V / 2.88W,24V / 1.44W 24V / 2.88W,V,https://www.tms-lite.com/lsqf-series-stackable.html
TMS LITE,LSQF-45-051-1-X,table_2,Weight (g),34,34,g,https://www.tms-lite.com/lsqf-series-stackable.html
TMS LITE,LSQF-45-051-1-X,table_3,A (mm),50.3,50.3,mm,https://www.tms-lite.com/lsqf-series-stackable.html
TMS LITE,LSQF-45-051-1-X,table_3,B (mm),30,30,mm,https://www.tms-lite.com/lsqf-series-stackable.html
TMS LITE,LSQF-45-051-1-X,table_3,C (mm),61,61,mm,https://www.tms-lite.com/lsqf-series-stackable.html
TMS LITE,LSQF-45-051-1-X,table_3,D (mm),45,45,mm,https://www.tms-lite.com/lsqf-series-stackable.html
TMS LITE,LSQF-45-051-1-X,table_3,E (mm),Ø3.2,Ø3.2,mm,https://www.tms-lite.com/lsqf-series-stackable.html
TMS LITE,LSQF-45-051-1-X,table_3,F (mm),M3,M3,mm,https://www.tms-lite.com/lsqf-series-stackable.html
TMS LITE,LSW,page,Product Page Title,UV ILLUMINATION - LSW,UV ILLUMINATION - LSW,,https://www.tms-lite.com/uv-illumination-lsw
TMS LITE,LSW-00-040-2-X,table_1,Datasheet,3D View,3D View,,https://www.tms-lite.com/lsw-series.html
TMS LITE,LSW-00-040-2-X,table_1,Drawing (2D),PDF,PDF,,https://www.tms-lite.com/lsw-series.html
TMS LITE,LSW-00-040-2-X,table_1,STEP (3D),DXF,DXF,,https://www.tms-lite.com/lsw-series.html
TMS LITE,LSW-00-040-2-X,table_1,extra_4,Red,Red,,https://www.tms-lite.com/lsw-series.html
TMS LITE,LSW-00-040-2-X,table_1,extra_5,Green,Green,,https://www.tms-lite.com/lsw-series.html
TMS LITE,LSW-00-040-2-X,table_1,extra_6,Blue,Blue,,https://www.tms-lite.com/lsw-series.html
TMS LITE,LSW-00-040-2-X,table_1,extra_7,White,White,,https://www.tms-lite.com/lsw-series.html
TMS LITE,LSW-00-040-2-X,table_2,Current,60mA 75mA,60mA 75mA,mA,https://www.tms-lite.com/lsw-series.html
TMS LITE,LSW-00-040-2-X,table_2,Voltage (V) / Watt (W),24V / 1.44W 24V / 1.80W,24V / 1.44W 24V / 1.80W,V,https://www.tms-lite.com/lsw-series.html
TMS LITE,LSW-00-040-2-X,table_2,Weight (g),40,40,g,https://www.tms-lite.com/lsw-series.html
TMS LITE,LSW-00-040-2-X,table_3,D (mm),20.0,20.0,mm,https://www.tms-lite.com/lsw-series.html
TMS LITE,LSW-00-040-2-X,table_3,E (mm),0,0,mm,https://www.tms-lite.com/lsw-series.html
TMS LITE,LSW-00-040-2-X,table_3,F row (mm),2,2,mm,https://www.tms-lite.com/lsw-series.html
TMS LITE,LSW-00-040-2-X,table_3,ØA (mm),43.0,43.0,mm,https://www.tms-lite.com/lsw-series.html
TMS LITE,LSW-00-040-2-X,table_3,ØB (mm),15.0,15.0,mm,https://www.tms-lite.com/lsw-series.html
TMS LITE,LSW-00-040-2-X,table_3,ØC (mm),28.0,28.0,mm,https://www.tms-lite.com/lsw-series.html
TMS LITE,LSW-00-050-1-X,table_1,Datasheet,Red,Red,,https://www.tms-lite.com/lsw-series.html
TMS LITE,LSW-00-050-1-X,table_1,Drawing (2D),PDF,PDF,,https://www.tms-lite.com/lsw-series.html
TMS LITE,LSW-00-050-1-X,table_1,STEP (3D),3D View,3D View,,https://www.tms-lite.com/lsw-series.html
TMS LITE,LSW-00-050-1-X,table_1,extra_4,Green,Green,,https://www.tms-lite.com/lsw-series.html
TMS LITE,LSW-00-050-1-X,table_1,extra_5,Blue,Blue,,https://www.tms-lite.com/lsw-series.html
TMS LITE,LSW-00-050-1-X,table_1,extra_6,White,White,,https://www.tms-lite.com/lsw-series.html
TMS LITE,LSW-00-050-1-X,table_2,Current,Please contact our sales team,Please contact our sales team,mA,https://www.tms-lite.com/lsw-series.html
TMS LITE,LSW-00-050-1-X,table_2,Voltage (V) / Watt (W),Please contact our sales team,Please contact our sales team,V,https://www.tms-lite.com/lsw-series.html
TMS LITE,LSW-00-050-1-X,table_2,Weight (g),Please contact our sales team,Please contact our sales team,g,https://www.tms-lite.com/lsw-series.html
TMS LITE,LSW-00-050-1-X,table_3,D (mm),20.0,20.0,mm,https://www.tms-lite.com/lsw-series.html
TMS LITE,LSW-00-050-1-X,table_3,E (mm),0,0,mm,https://www.tms-lite.com/lsw-series.html
TMS LITE,LSW-00-050-1-X,table_3,F row (mm),1,1,mm,https://www.tms-lite.com/lsw-series.html
TMS LITE,LSW-00-050-1-X,table_3,ØA (mm),50.0,50.0,mm,https://www.tms-lite.com/lsw-series.html
TMS LITE,LSW-00-050-1-X,table_3,ØB (mm),29.5,29.5,mm,https://www.tms-lite.com/lsw-series.html
TMS LITE,LSW-00-050-1-X,table_3,ØC (mm),40.0,40.0,mm,https://www.tms-lite.com/lsw-series.html
TMS LITE,LSW-00-050-2-X,table_0,Current,165mA 180mA,165mA 180mA,mA,https://www.tms-lite.com/lsw-12v-illumination-series.html
TMS LITE,LSW-00-050-2-X,table_0,Voltage (V) / Watt (W),12V / 1.98W 12V / 2.16W,12V / 1.98W 12V / 2.16W,V,https://www.tms-lite.com/lsw-12v-illumination-series.html
TMS LITE,LSW-00-050-2-X,table_0,Weight (g),60,60,g,https://www.tms-lite.com/lsw-12v-illumination-series.html
TMS LITE,LSW-00-050-2-X,table_1,Datasheet,3D View,3D View,,https://www.tms-lite.com/lsw-series.html
TMS LITE,LSW-00-050-2-X,table_1,Datasheet,3D-view,3D-view,,https://www.tms-lite.com/lsw-12v-illumination-series.html
TMS LITE,LSW-00-050-2-X,table_1,Drawing (2D),PDF,PDF,,https://www.tms-lite.com/lsw-series.html
TMS LITE,LSW-00-050-2-X,table_1,Drawing (2D),PDF,PDF,,https://www.tms-lite.com/lsw-12v-illumination-series.html
TMS LITE,LSW-00-050-2-X,table_1,STEP (3D),DXF,DXF,,https://www.tms-lite.com/lsw-series.html
TMS LITE,LSW-00-050-2-X,table_1,STEP (3D),DXF,DXF,,https://www.tms-lite.com/lsw-12v-illumination-series.html
TMS LITE,LSW-00-050-2-X,table_1,extra_4,Red,Red,,https://www.tms-lite.com/lsw-series.html
TMS LITE,LSW-00-050-2-X,table_1,extra_4,Red,Red,,https://www.tms-lite.com/lsw-12v-illumination-series.html
TMS LITE,LSW-00-050-2-X,table_1,extra_5,Green,Green,,https://www.tms-lite.com/lsw-series.html
TMS LITE,LSW-00-050-2-X,table_1,extra_5,Green,Green,,https://www.tms-lite.com/lsw-12v-illumination-series.html
TMS LITE,LSW-00-050-2-X,table_1,extra_6,Blue,Blue,,https://www.tms-lite.com/lsw-series.html
TMS LITE,LSW-00-050-2-X,table_1,extra_6,Blue,Blue,,https://www.tms-lite.com/lsw-12v-illumination-series.html
TMS LITE,LSW-00-050-2-X,table_1,extra_7,White,White,,https://www.tms-lite.com/lsw-series.html
TMS LITE,LSW-00-050-2-X,table_1,extra_7,White,White,,https://www.tms-lite.com/lsw-12v-illumination-series.html
TMS LITE,LSW-00-050-2-X,table_2,Current,90mA 120mA,90mA 120mA,mA,https://www.tms-lite.com/lsw-series.html
TMS LITE,LSW-00-050-2-X,table_2,Voltage (V) / Watt (W),24V / 2.16W 24V / 2.88W,24V / 2.16W 24V / 2.88W,V,https://www.tms-lite.com/lsw-series.html
TMS LITE,LSW-00-050-2-X,table_2,Weight (g),60,60,g,https://www.tms-lite.com/lsw-series.html
TMS LITE,LSW-00-050-2-X,table_3,D (mm),20.0,20.0,mm,https://www.tms-lite.com/lsw-series.html
TMS LITE,LSW-00-050-2-X,table_3,E (mm),0,0,mm,https://www.tms-lite.com/lsw-series.html
TMS LITE,LSW-00-050-2-X,table_3,F row (mm),2,2,mm,https://www.tms-lite.com/lsw-series.html
TMS LITE,LSW-00-050-2-X,table_3,ØA (mm),54.0,54.0,mm,https://www.tms-lite.com/lsw-series.html
TMS LITE,LSW-00-050-2-X,table_3,ØB (mm),23.5,23.5,mm,https://www.tms-lite.com/lsw-series.html
TMS LITE,LSW-00-050-2-X,table_3,ØC (mm),41.0,41.0,mm,https://www.tms-lite.com/lsw-series.html
TMS LITE,LSW-00-070-3-X,table_1,Datasheet,3D View,3D View,,https://www.tms-lite.com/lsw-series.html
TMS LITE,LSW-00-070-3-X,table_1,Drawing (2D),PDF,PDF,,https://www.tms-lite.com/lsw-series.html
TMS LITE,LSW-00-070-3-X,table_1,STEP (3D),DXF,DXF,,https://www.tms-lite.com/lsw-series.html
TMS LITE,LSW-00-070-3-X,table_1,extra_4,Red,Red,,https://www.tms-lite.com/lsw-series.html
TMS LITE,LSW-00-070-3-X,table_1,extra_5,Green,Green,,https://www.tms-lite.com/lsw-series.html
TMS LITE,LSW-00-070-3-X,table_1,extra_6,Blue,Blue,,https://www.tms-lite.com/lsw-series.html
TMS LITE,LSW-00-070-3-X,table_1,extra_7,White,White,,https://www.tms-lite.com/lsw-series.html
TMS LITE,LSW-00-070-3-X,table_2,Current,180mA 225mA,180mA 225mA,mA,https://www.tms-lite.com/lsw-series.html
TMS LITE,LSW-00-070-3-X,table_2,Voltage (V) / Watt (W),24V / 4.32W 24V / 5.40W,24V / 4.32W 24V / 5.40W,V,https://www.tms-lite.com/lsw-series.html
TMS LITE,LSW-00-070-3-X,table_2,Weight (g),120,120,g,https://www.tms-lite.com/lsw-series.html
TMS LITE,LSW-00-070-3-X,table_3,D (mm),20.0,20.0,mm,https://www.tms-lite.com/lsw-series.html
TMS LITE,LSW-00-070-3-X,table_3,E (mm),0,0,mm,https://www.tms-lite.com/lsw-series.html
TMS LITE,LSW-00-070-3-X,table_3,F row (mm),3,3,mm,https://www.tms-lite.com/lsw-series.html
TMS LITE,LSW-00-070-3-X,table_3,ØA (mm),70.0,70.0,mm,https://www.tms-lite.com/lsw-series.html
TMS LITE,LSW-00-070-3-X,table_3,ØB (mm),26.0,26.0,mm,https://www.tms-lite.com/lsw-series.html
TMS LITE,LSW-00-070-3-X,table_3,ØC (mm),56.0,56.0,mm,https://www.tms-lite.com/lsw-series.html
TMS LITE,LSW-00-090-4-X,table_1,Datasheet,3D View,3D View,,https://www.tms-lite.com/lsw-series.html
TMS LITE,LSW-00-090-4-X,table_1,Drawing (2D),PDF,PDF,,https://www.tms-lite.com/lsw-series.html
TMS LITE,LSW-00-090-4-X,table_1,STEP (3D),DXF,DXF,,https://www.tms-lite.com/lsw-series.html
TMS LITE,LSW-00-090-4-X,table_1,extra_4,Red,Red,,https://www.tms-lite.com/lsw-series.html
TMS LITE,LSW-00-090-4-X,table_1,extra_5,Green,Green,,https://www.tms-lite.com/lsw-series.html
TMS LITE,LSW-00-090-4-X,table_1,extra_6,Blue,Blue,,https://www.tms-lite.com/lsw-series.html
TMS LITE,LSW-00-090-4-X,table_1,extra_7,White,White,,https://www.tms-lite.com/lsw-series.html
TMS LITE,LSW-00-090-4-X,table_2,Current,270mA 345mA,270mA 345mA,mA,https://www.tms-lite.com/lsw-series.html
TMS LITE,LSW-00-090-4-X,table_2,Voltage (V) / Watt (W),24V / 6.48W 24V / 8.28W,24V / 6.48W 24V / 8.28W,V,https://www.tms-lite.com/lsw-series.html
TMS LITE,LSW-00-090-4-X,table_2,Weight (g),200,200,g,https://www.tms-lite.com/lsw-series.html
TMS LITE,LSW-00-090-4-X,table_3,D (mm),20.0,20.0,mm,https://www.tms-lite.com/lsw-series.html
TMS LITE,LSW-00-090-4-X,table_3,E (mm),0,0,mm,https://www.tms-lite.com/lsw-series.html
TMS LITE,LSW-00-090-4-X,table_3,F row (mm),4,4,mm,https://www.tms-lite.com/lsw-series.html
TMS LITE,LSW-00-090-4-X,table_3,ØA (mm),92.0,92.0,mm,https://www.tms-lite.com/lsw-series.html
TMS LITE,LSW-00-090-4-X,table_3,ØB (mm),40.0,40.0,mm,https://www.tms-lite.com/lsw-series.html
TMS LITE,LSW-00-090-4-X,table_3,ØC (mm),70.0,70.0,mm,https://www.tms-lite.com/lsw-series.html
TMS LITE,LSW-00-157-7-X,table_2,Current,1260mA,1260mA,mA,https://www.tms-lite.com/lsw-series.html
TMS LITE,LSW-00-157-7-X,table_2,Voltage (V) / Watt (W),24V / 60.24W,24V / 60.24W,V,https://www.tms-lite.com/lsw-series.html
TMS LITE,LSW-00-157-7-X,table_2,Weight (g),370,370,g,https://www.tms-lite.com/lsw-series.html
TMS LITE,LSW-00-157-7-X,table_3,D (mm),20.0,20.0,mm,https://www.tms-lite.com/lsw-series.html
TMS LITE,LSW-00-157-7-X,table_3,E (mm),0,0,mm,https://www.tms-lite.com/lsw-series.html
TMS LITE,LSW-00-157-7-X,table_3,F row (mm),7,7,mm,https://www.tms-lite.com/lsw-series.html
TMS LITE,LSW-00-157-7-X,table_3,ØA (mm),157.0,157.0,mm,https://www.tms-lite.com/lsw-series.html
TMS LITE,LSW-00-157-7-X,table_3,ØB (mm),80.0,80.0,mm,https://www.tms-lite.com/lsw-series.html
TMS LITE,LSW-00-157-7-X,table_3,ØC (mm),110.0,110.0,mm,https://www.tms-lite.com/lsw-series.html
TMS LITE,LSW-00-157-7-X-24V,table_1,Datasheet,Red,Red,,https://www.tms-lite.com/lsw-series.html
TMS LITE,LSW-00-157-7-X-24V,table_1,Drawing (2D),PDF,PDF,,https://www.tms-lite.com/lsw-series.html
TMS LITE,LSW-00-157-7-X-24V,table_1,STEP (3D),3D View,3D View,,https://www.tms-lite.com/lsw-series.html
TMS LITE,LSW-00-157-7-X-24V,table_1,extra_4,Green,Green,,https://www.tms-lite.com/lsw-series.html
TMS LITE,LSW-00-157-7-X-24V,table_1,extra_5,Blue,Blue,,https://www.tms-lite.com/lsw-series.html
TMS LITE,LSW-00-157-7-X-24V,table_1,extra_6,White,White,,https://www.tms-lite.com/lsw-series.html
TMS LITE,LSW-15-038-2-X,table_1,Datasheet,3D View,3D View,,https://www.tms-lite.com/lsw-series.html
TMS LITE,LSW-15-038-2-X,table_1,Drawing (2D),PDF,PDF,,https://www.tms-lite.com/lsw-series.html
TMS LITE,LSW-15-038-2-X,table_1,STEP (3D),DXF,DXF,,https://www.tms-lite.com/lsw-series.html
TMS LITE,LSW-15-038-2-X,table_1,extra_4,Red,Red,,https://www.tms-lite.com/lsw-series.html
TMS LITE,LSW-15-038-2-X,table_1,extra_5,Green,Green,,https://www.tms-lite.com/lsw-series.html
TMS LITE,LSW-15-038-2-X,table_1,extra_6,Blue,Blue,,https://www.tms-lite.com/lsw-series.html
TMS LITE,LSW-15-038-2-X,table_1,extra_7,White,White,,https://www.tms-lite.com/lsw-series.html
TMS LITE,LSW-15-038-2-X,table_2,Current,60mA 90mA,60mA 90mA,mA,https://www.tms-lite.com/lsw-series.html
TMS LITE,LSW-15-038-2-X,table_2,Voltage (V) / Watt (W),24V / 1.44W 24V / 2.16W,24V / 1.44W 24V / 2.16W,V,https://www.tms-lite.com/lsw-series.html
TMS LITE,LSW-15-038-2-X,table_2,Weight (g),38,38,g,https://www.tms-lite.com/lsw-series.html
TMS LITE,LSW-15-038-2-X,table_3,D (mm),16.0,16.0,mm,https://www.tms-lite.com/lsw-series.html
TMS LITE,LSW-15-038-2-X,table_3,E (mm),15,15,mm,https://www.tms-lite.com/lsw-series.html
TMS LITE,LSW-15-038-2-X,table_3,F row (mm),2,2,mm,https://www.tms-lite.com/lsw-series.html
TMS LITE,LSW-15-038-2-X,table_3,ØA (mm),38.0,38.0,mm,https://www.tms-lite.com/lsw-series.html
TMS LITE,LSW-15-038-2-X,table_3,ØB (mm),15.0,15.0,mm,https://www.tms-lite.com/lsw-series.html
TMS LITE,LSW-15-038-2-X,table_3,ØC (mm),28.0,28.0,mm,https://www.tms-lite.com/lsw-series.html
TMS LITE,LSW-15-050-2-X,table_0,Current,165mA 180mA,165mA 180mA,mA,https://www.tms-lite.com/lsw-12v-illumination-series.html
TMS LITE,LSW-15-050-2-X,table_0,Voltage (V) / Watt (W),12V / 1.98W 12V / 2.16W,12V / 1.98W 12V / 2.16W,V,https://www.tms-lite.com/lsw-12v-illumination-series.html
TMS LITE,LSW-15-050-2-X,table_0,Weight (g),40,40,g,https://www.tms-lite.com/lsw-12v-illumination-series.html
TMS LITE,LSW-15-050-2-X,table_1,Datasheet,3D View,3D View,,https://www.tms-lite.com/lsw-series.html
TMS LITE,LSW-15-050-2-X,table_1,Datasheet,3D-view,3D-view,,https://www.tms-lite.com/lsw-12v-illumination-series.html
TMS LITE,LSW-15-050-2-X,table_1,Drawing (2D),PDF,PDF,,https://www.tms-lite.com/lsw-series.html
TMS LITE,LSW-15-050-2-X,table_1,Drawing (2D),PDF,PDF,,https://www.tms-lite.com/lsw-12v-illumination-series.html
TMS LITE,LSW-15-050-2-X,table_1,STEP (3D),DXF,DXF,,https://www.tms-lite.com/lsw-series.html
TMS LITE,LSW-15-050-2-X,table_1,STEP (3D),DXF,DXF,,https://www.tms-lite.com/lsw-12v-illumination-series.html
TMS LITE,LSW-15-050-2-X,table_1,extra_4,Red,Red,,https://www.tms-lite.com/lsw-series.html
TMS LITE,LSW-15-050-2-X,table_1,extra_4,Red,Red,,https://www.tms-lite.com/lsw-12v-illumination-series.html
TMS LITE,LSW-15-050-2-X,table_1,extra_5,Green,Green,,https://www.tms-lite.com/lsw-series.html
TMS LITE,LSW-15-050-2-X,table_1,extra_5,Green,Green,,https://www.tms-lite.com/lsw-12v-illumination-series.html
TMS LITE,LSW-15-050-2-X,table_1,extra_6,Blue,Blue,,https://www.tms-lite.com/lsw-series.html
TMS LITE,LSW-15-050-2-X,table_1,extra_6,Blue,Blue,,https://www.tms-lite.com/lsw-12v-illumination-series.html
TMS LITE,LSW-15-050-2-X,table_1,extra_7,White,White,,https://www.tms-lite.com/lsw-series.html
TMS LITE,LSW-15-050-2-X,table_1,extra_7,White,White,,https://www.tms-lite.com/lsw-12v-illumination-series.html
TMS LITE,LSW-15-050-2-X,table_2,Current,90mA 105mA,90mA 105mA,mA,https://www.tms-lite.com/lsw-series.html
TMS LITE,LSW-15-050-2-X,table_2,Voltage (V) / Watt (W),24V / 2.16W 24V / 2.52W,24V / 2.16W 24V / 2.52W,V,https://www.tms-lite.com/lsw-series.html
TMS LITE,LSW-15-050-2-X,table_2,Weight (g),40,40,g,https://www.tms-lite.com/lsw-series.html
TMS LITE,LSW-15-050-2-X,table_3,D (mm),16.0,16.0,mm,https://www.tms-lite.com/lsw-series.html
TMS LITE,LSW-15-050-2-X,table_3,E (mm),15,15,mm,https://www.tms-lite.com/lsw-series.html
TMS LITE,LSW-15-050-2-X,table_3,F row (mm),2,2,mm,https://www.tms-lite.com/lsw-series.html
TMS LITE,LSW-15-050-2-X,table_3,ØA (mm),50.0,50.0,mm,https://www.tms-lite.com/lsw-series.html
TMS LITE,LSW-15-050-2-X,table_3,ØB (mm),28.0,28.0,mm,https://www.tms-lite.com/lsw-series.html
TMS LITE,LSW-15-050-2-X,table_3,ØC (mm),40.0,40.0,mm,https://www.tms-lite.com/lsw-series.html
TMS LITE,LSW-15-070-1-X,table_1,Current,120mA,120mA,mA,https://www.tms-lite.com/lsw-uv-illumination-serie.html
TMS LITE,LSW-15-070-1-X,table_1,UV,UV365,UV365,,https://www.tms-lite.com/lsw-uv-illumination-serie.html
TMS LITE,LSW-15-070-1-X,table_1,Voltage (V)/Watt (W),24V / 2.88W,24V / 2.88W,V,https://www.tms-lite.com/lsw-uv-illumination-serie.html
TMS LITE,LSW-15-070-1-X,table_1,Weight (g),103,103,g,https://www.tms-lite.com/lsw-uv-illumination-serie.html
TMS LITE,LSW-15-070-1-X,table_2,Datasheet,3D-view,3D-view,,https://www.tms-lite.com/lsw-uv-illumination-serie.html
TMS LITE,LSW-15-070-1-X,table_2,Drawing (2D),PDF,PDF,,https://www.tms-lite.com/lsw-uv-illumination-serie.html
TMS LITE,LSW-15-070-1-X,table_2,STEP (3D),DXF,DXF,,https://www.tms-lite.com/lsw-uv-illumination-serie.html
TMS LITE,LSW-15-070-1-X,table_2,UV,UV365,UV365,,https://www.tms-lite.com/lsw-uv-illumination-serie.html
TMS LITE,LSW-15-070-1-X,table_2,extra_5,UV375,UV375,,https://www.tms-lite.com/lsw-uv-illumination-serie.html
TMS LITE,LSW-15-070-2-X,table_1,Current,180mA,180mA,mA,https://www.tms-lite.com/lsw-uv-illumination-serie.html
TMS LITE,LSW-15-070-2-X,table_1,Datasheet,3D View,3D View,,https://www.tms-lite.com/lsw-series.html
TMS LITE,LSW-15-070-2-X,table_1,Drawing (2D),UV375 PDF,UV375 PDF,,https://www.tms-lite.com/lsw-series.html
TMS LITE,LSW-15-070-2-X,table_1,STEP (3D),UV375 DXF,UV375 DXF,,https://www.tms-lite.com/lsw-series.html
TMS LITE,LSW-15-070-2-X,table_1,UV,UV375,UV375,,https://www.tms-lite.com/lsw-uv-illumination-serie.html
TMS LITE,LSW-15-070-2-X,table_1,Voltage (V)/Watt (W),24V / 4.32W,24V / 4.32W,V,https://www.tms-lite.com/lsw-uv-illumination-serie.html
TMS LITE,LSW-15-070-2-X,table_1,Weight (g),103,103,g,https://www.tms-lite.com/lsw-uv-illumination-serie.html
TMS LITE,LSW-15-070-2-X,table_1,extra_4,UV375,UV375,,https://www.tms-lite.com/lsw-series.html
TMS LITE,LSW-15-070-2-X,table_2,Colour,UV375,UV375,,https://www.tms-lite.com/lsw-series.html
TMS LITE,LSW-15-070-2-X,table_2,Current,180mA,180mA,mA,https://www.tms-lite.com/lsw-series.html
TMS LITE,LSW-15-070-2-X,table_2,Datasheet,3D-view,3D-view,,https://www.tms-lite.com/lsw-uv-illumination-serie.html
TMS LITE,LSW-15-070-2-X,table_2,Drawing (2D),PDF,PDF,,https://www.tms-lite.com/lsw-uv-illumination-serie.html
TMS LITE,LSW-15-070-2-X,table_2,STEP (3D),DXF,DXF,,https://www.tms-lite.com/lsw-uv-illumination-serie.html
TMS LITE,LSW-15-070-2-X,table_2,UV,UV375,UV375,,https://www.tms-lite.com/lsw-uv-illumination-serie.html
TMS LITE,LSW-15-070-2-X,table_2,Voltage (V) / Watt (W),24V / 4.32W,24V / 4.32W,V,https://www.tms-lite.com/lsw-series.html
TMS LITE,LSW-15-070-2-X,table_2,Weight (g),103,103,g,https://www.tms-lite.com/lsw-series.html
TMS LITE,LSW-15-070-2-X,table_2,extra_5,UV375,UV375,,https://www.tms-lite.com/lsw-uv-illumination-serie.html
TMS LITE,LSW-15-070-2-X,table_3,D (mm),20.5,20.5,mm,https://www.tms-lite.com/lsw-series.html
TMS LITE,LSW-15-070-2-X,table_3,E (mm),15,15,mm,https://www.tms-lite.com/lsw-series.html
TMS LITE,LSW-15-070-2-X,table_3,F row (mm),2,2,mm,https://www.tms-lite.com/lsw-series.html
TMS LITE,LSW-15-070-2-X,table_3,ØA (mm),70.0,70.0,mm,https://www.tms-lite.com/lsw-series.html
TMS LITE,LSW-15-070-2-X,table_3,ØB (mm),32.0,32.0,mm,https://www.tms-lite.com/lsw-series.html
TMS LITE,LSW-15-070-2-X,table_3,ØC (mm),56.0,56.0,mm,https://www.tms-lite.com/lsw-series.html
TMS LITE,LSW-15-070-3-IR850,table_3,Datasheet,3D-view,3D-view,,https://www.tms-lite.com/lsw-ir-beleuchtungsserie.html
TMS LITE,LSW-15-070-3-IR850,table_3,Drawing (2D),PDF,PDF,,https://www.tms-lite.com/lsw-ir-beleuchtungsserie.html
TMS LITE,LSW-15-070-3-IR850,table_3,STEP (3D),DXF,DXF,,https://www.tms-lite.com/lsw-ir-beleuchtungsserie.html
TMS LITE,LSW-15-070-3-IR850,table_3,extra_4,IR850,IR850,,https://www.tms-lite.com/lsw-ir-beleuchtungsserie.html
TMS LITE,LSW-15-070-3-IR850,table_3,extra_5,IR940,IR940,,https://www.tms-lite.com/lsw-ir-beleuchtungsserie.html
TMS LITE,LSW-15-070-3-IR940,table_3,Datasheet,3D-view,3D-view,,https://www.tms-lite.com/lsw-ir-beleuchtungsserie.html
TMS LITE,LSW-15-070-3-IR940,table_3,Drawing (2D),PDF,PDF,,https://www.tms-lite.com/lsw-ir-beleuchtungsserie.html
TMS LITE,LSW-15-070-3-IR940,table_3,STEP (3D),DXF,DXF,,https://www.tms-lite.com/lsw-ir-beleuchtungsserie.html
TMS LITE,LSW-15-070-3-X,table_0,Current,345mA 370mA,345mA 370mA,mA,https://www.tms-lite.com/lsw-12v-illumination-series.html
TMS LITE,LSW-15-070-3-X,table_0,Voltage (V) / Watt (W),12V / 4.14W 12V / 4.44W,12V / 4.14W 12V / 4.44W,V,https://www.tms-lite.com/lsw-12v-illumination-series.html
TMS LITE,LSW-15-070-3-X,table_0,Weight (g),100,100,g,https://www.tms-lite.com/lsw-12v-illumination-series.html
TMS LITE,LSW-15-070-3-X,table_1,Current,120mA,120mA,mA,https://www.tms-lite.com/lsw-ir-beleuchtungsserie.html
TMS LITE,LSW-15-070-3-X,table_1,Datasheet,R/G/B/W 3D View,R/G/B/W 3D View,,https://www.tms-lite.com/lsw-series.html
TMS LITE,LSW-15-070-3-X,table_1,Datasheet,3D-view,3D-view,,https://www.tms-lite.com/lsw-12v-illumination-series.html
TMS LITE,LSW-15-070-3-X,table_1,Drawing (2D),R/G/B/W PDF,R/G/B/W PDF,,https://www.tms-lite.com/lsw-series.html
TMS LITE,LSW-15-070-3-X,table_1,Drawing (2D),PDF,PDF,,https://www.tms-lite.com/lsw-12v-illumination-series.html
TMS LITE,LSW-15-070-3-X,table_1,IR,IR940,IR940,,https://www.tms-lite.com/lsw-ir-beleuchtungsserie.html
TMS LITE,LSW-15-070-3-X,table_1,STEP (3D),R/G/B/W DXF,R/G/B/W DXF,,https://www.tms-lite.com/lsw-series.html
TMS LITE,LSW-15-070-3-X,table_1,STEP (3D),DXF,DXF,,https://www.tms-lite.com/lsw-12v-illumination-series.html
TMS LITE,LSW-15-070-3-X,table_1,Voltage (V) / Watt (W),24V / 2.88W,24V / 2.88W,V,https://www.tms-lite.com/lsw-ir-beleuchtungsserie.html
TMS LITE,LSW-15-070-3-X,table_1,Weight (g),9,9,g,https://www.tms-lite.com/lsw-ir-beleuchtungsserie.html
TMS LITE,LSW-15-070-3-X,table_1,extra_4,Red,Red,,https://www.tms-lite.com/lsw-series.html
TMS LITE,LSW-15-070-3-X,table_1,extra_4,Red,Red,,https://www.tms-lite.com/lsw-12v-illumination-series.html
TMS LITE,LSW-15-070-3-X,table_1,extra_5,Green,Green,,https://www.tms-lite.com/lsw-series.html
TMS LITE,LSW-15-070-3-X,table_1,extra_5,Green,Green,,https://www.tms-lite.com/lsw-12v-illumination-series.html
TMS LITE,LSW-15-070-3-X,table_1,extra_6,Blue,Blue,,https://www.tms-lite.com/lsw-series.html
TMS LITE,LSW-15-070-3-X,table_1,extra_6,Blue,Blue,,https://www.tms-lite.com/lsw-12v-illumination-series.html
TMS LITE,LSW-15-070-3-X,table_1,extra_7,White,White,,https://www.tms-lite.com/lsw-series.html
TMS LITE,LSW-15-070-3-X,table_1,extra_7,White,White,,https://www.tms-lite.com/lsw-12v-illumination-series.html
TMS LITE,LSW-15-070-3-X,table_2,Colour,IR850 IR940,IR850 IR940,,https://www.tms-lite.com/lsw-series.html
TMS LITE,LSW-15-070-3-X,table_2,Current,180mA 240mA 120mA 120mA,180mA 240mA 120mA 120mA,mA,https://www.tms-lite.com/lsw-series.html
TMS LITE,LSW-15-070-3-X,table_2,D (mm),20.5,20.5,mm,https://www.tms-lite.com/lsw-ir-beleuchtungsserie.html
TMS LITE,LSW-15-070-3-X,table_2,E (mm),15,15,mm,https://www.tms-lite.com/lsw-ir-beleuchtungsserie.html
TMS LITE,LSW-15-070-3-X,table_2,F Row (mm),3.0,3.0,mm,https://www.tms-lite.com/lsw-ir-beleuchtungsserie.html
TMS LITE,LSW-15-070-3-X,table_2,Voltage (V) / Watt (W),24V / 4.32W 24V / 5.76W 24V / 2.88W 24V / 2.88W,24V / 4.32W 24V / 5.76W 24V / 2.88W 24V / 2.88W,V,https://www.tms-lite.com/lsw-series.html
TMS LITE,LSW-15-070-3-X,table_2,Weight (g),100,100,g,https://www.tms-lite.com/lsw-series.html
TMS LITE,LSW-15-070-3-X,table_2,ØA (mm),70.0,70.0,mm,https://www.tms-lite.com/lsw-ir-beleuchtungsserie.html
TMS LITE,LSW-15-070-3-X,table_2,ØB (mm),32.0,32.0,mm,https://www.tms-lite.com/lsw-ir-beleuchtungsserie.html
TMS LITE,LSW-15-070-3-X,table_2,ØC (mm),56.0,56.0,mm,https://www.tms-lite.com/lsw-ir-beleuchtungsserie.html
TMS LITE,LSW-15-070-3-X,table_3,D (mm),20.5,20.5,mm,https://www.tms-lite.com/lsw-series.html
TMS LITE,LSW-15-070-3-X,table_3,E (mm),15,15,mm,https://www.tms-lite.com/lsw-series.html
TMS LITE,LSW-15-070-3-X,table_3,F row (mm),3,3,mm,https://www.tms-lite.com/lsw-series.html
TMS LITE,LSW-15-070-3-X,table_3,ØA (mm),70.0,70.0,mm,https://www.tms-lite.com/lsw-series.html
TMS LITE,LSW-15-070-3-X,table_3,ØB (mm),32.0,32.0,mm,https://www.tms-lite.com/lsw-series.html
TMS LITE,LSW-15-070-3-X,table_3,ØC (mm),56.0,56.0,mm,https://www.tms-lite.com/lsw-series.html
TMS LITE,LSW-15-090-3-X,table_1,Current,300mA,300mA,mA,https://www.tms-lite.com/lsw-uv-illumination-serie.html
TMS LITE,LSW-15-090-3-X,table_1,UV,UV375,UV375,,https://www.tms-lite.com/lsw-uv-illumination-serie.html
TMS LITE,LSW-15-090-3-X,table_1,Voltage (V)/Watt (W),24V / 7.20W,24V / 7.20W,V,https://www.tms-lite.com/lsw-uv-illumination-serie.html
TMS LITE,LSW-15-090-3-X,table_1,Weight (g),160,160,g,https://www.tms-lite.com/lsw-uv-illumination-serie.html
TMS LITE,LSW-15-090-3-X,table_2,Datasheet,3D-view,3D-view,,https://www.tms-lite.com/lsw-uv-illumination-serie.html
TMS LITE,LSW-15-090-3-X,table_2,Drawing (2D),PDF,PDF,,https://www.tms-lite.com/lsw-uv-illumination-serie.html
TMS LITE,LSW-15-090-3-X,table_2,STEP (3D),DXF,DXF,,https://www.tms-lite.com/lsw-uv-illumination-serie.html
TMS LITE,LSW-15-090-3-X,table_2,UV,UV375,UV375,,https://www.tms-lite.com/lsw-uv-illumination-serie.html
TMS LITE,LSW-15-090-3-X,table_2,extra_5,UV375,UV375,,https://www.tms-lite.com/lsw-uv-illumination-serie.html
TMS LITE,LSW-15-090-4-X,table_0,Current,400mA 462mA,400mA 462mA,mA,https://www.tms-lite.com/lsw-12v-illumination-series.html
TMS LITE,LSW-15-090-4-X,table_0,Voltage (V) / Watt (W),12V / 4.80W 12V / 5.54W,12V / 4.80W 12V / 5.54W,V,https://www.tms-lite.com/lsw-12v-illumination-series.html
TMS LITE,LSW-15-090-4-X,table_0,Weight (g),180,180,g,https://www.tms-lite.com/lsw-12v-illumination-series.html
TMS LITE,LSW-15-090-4-X,table_1,Datasheet,3D View,3D View,,https://www.tms-lite.com/lsw-series.html
TMS LITE,LSW-15-090-4-X,table_1,Datasheet,3D-view,3D-view,,https://www.tms-lite.com/lsw-12v-illumination-series.html
TMS LITE,LSW-15-090-4-X,table_1,Drawing (2D),PDF,PDF,,https://www.tms-lite.com/lsw-series.html
TMS LITE,LSW-15-090-4-X,table_1,Drawing (2D),PDF,PDF,,https://www.tms-lite.com/lsw-12v-illumination-series.html
TMS LITE,LSW-15-090-4-X,table_1,STEP (3D),DXF,DXF,,https://www.tms-lite.com/lsw-series.html
TMS LITE,LSW-15-090-4-X,table_1,STEP (3D),DXF,DXF,,https://www.tms-lite.com/lsw-12v-illumination-series.html
TMS LITE,LSW-15-090-4-X,table_1,extra_4,Red,Red,,https://www.tms-lite.com/lsw-series.html
TMS LITE,LSW-15-090-4-X,table_1,extra_4,Red,Red,,https://www.tms-lite.com/lsw-12v-illumination-series.html
TMS LITE,LSW-15-090-4-X,table_1,extra_5,Green,Green,,https://www.tms-lite.com/lsw-series.html
TMS LITE,LSW-15-090-4-X,table_1,extra_5,Green,Green,,https://www.tms-lite.com/lsw-12v-illumination-series.html
TMS LITE,LSW-15-090-4-X,table_1,extra_6,Blue,Blue,,https://www.tms-lite.com/lsw-series.html
TMS LITE,LSW-15-090-4-X,table_1,extra_6,Blue,Blue,,https://www.tms-lite.com/lsw-12v-illumination-series.html
TMS LITE,LSW-15-090-4-X,table_1,extra_7,White,White,,https://www.tms-lite.com/lsw-series.html
TMS LITE,LSW-15-090-4-X,table_1,extra_7,White,White,,https://www.tms-lite.com/lsw-12v-illumination-series.html
TMS LITE,LSW-15-090-4-X,table_2,Current,330mA 420mA,330mA 420mA,mA,https://www.tms-lite.com/lsw-series.html
TMS LITE,LSW-15-090-4-X,table_2,Voltage (V) / Watt (W),24V / 7.92W 24V / 10.08W,24V / 7.92W 24V / 10.08W,V,https://www.tms-lite.com/lsw-series.html
TMS LITE,LSW-15-090-4-X,table_2,Weight (g),180,180,g,https://www.tms-lite.com/lsw-series.html
TMS LITE,LSW-15-090-4-X,table_3,D (mm),20.5,20.5,mm,https://www.tms-lite.com/lsw-series.html
TMS LITE,LSW-15-090-4-X,table_3,E (mm),15,15,mm,https://www.tms-lite.com/lsw-series.html
TMS LITE,LSW-15-090-4-X,table_3,F row (mm),4,4,mm,https://www.tms-lite.com/lsw-series.html
TMS LITE,LSW-15-090-4-X,table_3,ØA (mm),92.0,92.0,mm,https://www.tms-lite.com/lsw-series.html
TMS LITE,LSW-15-090-4-X,table_3,ØB (mm),47.0,47.0,mm,https://www.tms-lite.com/lsw-series.html
TMS LITE,LSW-15-090-4-X,table_3,ØC (mm),70.0,70.0,mm,https://www.tms-lite.com/lsw-series.html
TMS LITE,LSW-15-100-5-X,table_1,Datasheet,3D View,3D View,,https://www.tms-lite.com/lsw-series.html
TMS LITE,LSW-15-100-5-X,table_1,Drawing (2D),PDF,PDF,,https://www.tms-lite.com/lsw-series.html
TMS LITE,LSW-15-100-5-X,table_1,STEP (3D),DXF,DXF,,https://www.tms-lite.com/lsw-series.html
TMS LITE,LSW-15-100-5-X,table_1,extra_4,Red,Red,,https://www.tms-lite.com/lsw-series.html
TMS LITE,LSW-15-100-5-X,table_1,extra_5,Green,Green,,https://www.tms-lite.com/lsw-series.html
TMS LITE,LSW-15-100-5-X,table_1,extra_6,Blue,Blue,,https://www.tms-lite.com/lsw-series.html
TMS LITE,LSW-15-100-5-X,table_1,extra_7,White,White,,https://www.tms-lite.com/lsw-series.html
TMS LITE,LSW-15-100-5-X,table_2,Current,450mA 570mA,450mA 570mA,mA,https://www.tms-lite.com/lsw-series.html
TMS LITE,LSW-15-100-5-X,table_2,Voltage (V) / Watt (W),24V / 10.80W 24V / 13.68W,24V / 10.80W 24V / 13.68W,V,https://www.tms-lite.com/lsw-series.html
TMS LITE,LSW-15-100-5-X,table_2,Weight (g),200,200,g,https://www.tms-lite.com/lsw-series.html
TMS LITE,LSW-15-100-5-X,table_3,D (mm),22.0,22.0,mm,https://www.tms-lite.com/lsw-series.html
TMS LITE,LSW-15-100-5-X,table_3,E (mm),15,15,mm,https://www.tms-lite.com/lsw-series.html
TMS LITE,LSW-15-100-5-X,table_3,F row (mm),5,5,mm,https://www.tms-lite.com/lsw-series.html
TMS LITE,LSW-15-100-5-X,table_3,ØA (mm),103.0,103.0,mm,https://www.tms-lite.com/lsw-series.html
TMS LITE,LSW-15-100-5-X,table_3,ØB (mm),48.0,48.0,mm,https://www.tms-lite.com/lsw-series.html
TMS LITE,LSW-15-100-5-X,table_3,ØC (mm),80.0,80.0,mm,https://www.tms-lite.com/lsw-series.html
TMS LITE,LSW-30-040-1-X,table_1,Current,45mA,45mA,mA,https://www.tms-lite.com/lsw-uv-illumination-serie.html
TMS LITE,LSW-30-040-1-X,table_1,UV,UV375,UV375,,https://www.tms-lite.com/lsw-uv-illumination-serie.html
TMS LITE,LSW-30-040-1-X,table_1,Voltage (V)/Watt (W),24V / 1.08W,24V / 1.08W,V,https://www.tms-lite.com/lsw-uv-illumination-serie.html
TMS LITE,LSW-30-040-1-X,table_1,Weight (g),45,45,g,https://www.tms-lite.com/lsw-uv-illumination-serie.html
TMS LITE,LSW-30-040-1-X,table_2,Datasheet,3D-view,3D-view,,https://www.tms-lite.com/lsw-uv-illumination-serie.html
TMS LITE,LSW-30-040-1-X,table_2,Drawing (2D),PDF,PDF,,https://www.tms-lite.com/lsw-uv-illumination-serie.html
TMS LITE,LSW-30-040-1-X,table_2,STEP (3D),DXF,DXF,,https://www.tms-lite.com/lsw-uv-illumination-serie.html
TMS LITE,LSW-30-040-1-X,table_2,UV,UV375,UV375,,https://www.tms-lite.com/lsw-uv-illumination-serie.html
TMS LITE,LSW-30-040-1-X,table_2,extra_5,UV375,UV375,,https://www.tms-lite.com/lsw-uv-illumination-serie.html
TMS LITE,LSW-30-040-2-X,table_1,Datasheet,3D View,3D View,,https://www.tms-lite.com/lsw-series.html
TMS LITE,LSW-30-040-2-X,table_1,Drawing (2D),PDF,PDF,,https://www.tms-lite.com/lsw-series.html
TMS LITE,LSW-30-040-2-X,table_1,STEP (3D),DXF,DXF,,https://www.tms-lite.com/lsw-series.html
TMS LITE,LSW-30-040-2-X,table_1,extra_4,Red,Red,,https://www.tms-lite.com/lsw-series.html
TMS LITE,LSW-30-040-2-X,table_1,extra_5,Green,Green,,https://www.tms-lite.com/lsw-series.html
TMS LITE,LSW-30-040-2-X,table_1,extra_6,Blue,Blue,,https://www.tms-lite.com/lsw-series.html
TMS LITE,LSW-30-040-2-X,table_1,extra_7,White,White,,https://www.tms-lite.com/lsw-series.html
TMS LITE,LSW-30-040-2-X,table_2,Current,75mA 105mA,75mA 105mA,mA,https://www.tms-lite.com/lsw-series.html
TMS LITE,LSW-30-040-2-X,table_2,Voltage (V) / Watt (W),24V / 1.80W 24V / 2.52W,24V / 1.80W 24V / 2.52W,V,https://www.tms-lite.com/lsw-series.html
TMS LITE,LSW-30-040-2-X,table_2,Weight (g),40,40,g,https://www.tms-lite.com/lsw-series.html
TMS LITE,LSW-30-040-2-X,table_3,D (mm),16.5,16.5,mm,https://www.tms-lite.com/lsw-series.html
TMS LITE,LSW-30-040-2-X,table_3,E (mm),30,30,mm,https://www.tms-lite.com/lsw-series.html
TMS LITE,LSW-30-040-2-X,table_3,F row (mm),2,2,mm,https://www.tms-lite.com/lsw-series.html
TMS LITE,LSW-30-040-2-X,table_3,ØA (mm),46.0,46.0,mm,https://www.tms-lite.com/lsw-series.html
TMS LITE,LSW-30-040-2-X,table_3,ØB (mm),20.0,20.0,mm,https://www.tms-lite.com/lsw-series.html
TMS LITE,LSW-30-040-2-X,table_3,ØC (mm),35.0,35.0,mm,https://www.tms-lite.com/lsw-series.html
TMS LITE,LSW-30-050-2-X,table_0,Current,165mA 180mA,165mA 180mA,mA,https://www.tms-lite.com/lsw-12v-illumination-series.html
TMS LITE,LSW-30-050-2-X,table_0,Voltage (V) / Watt (W),12V / 1.98W 12V / 2.16W,12V / 1.98W 12V / 2.16W,V,https://www.tms-lite.com/lsw-12v-illumination-series.html
TMS LITE,LSW-30-050-2-X,table_0,Weight (g),60,60,g,https://www.tms-lite.com/lsw-12v-illumination-series.html
TMS LITE,LSW-30-050-2-X,table_1,Datasheet,3D View,3D View,,https://www.tms-lite.com/lsw-series.html
TMS LITE,LSW-30-050-2-X,table_1,Datasheet,3D-view,3D-view,,https://www.tms-lite.com/lsw-12v-illumination-series.html
TMS LITE,LSW-30-050-2-X,table_1,Drawing (2D),PDF,PDF,,https://www.tms-lite.com/lsw-series.html
TMS LITE,LSW-30-050-2-X,table_1,Drawing (2D),PDF,PDF,,https://www.tms-lite.com/lsw-12v-illumination-series.html
TMS LITE,LSW-30-050-2-X,table_1,STEP (3D),DXF,DXF,,https://www.tms-lite.com/lsw-series.html
TMS LITE,LSW-30-050-2-X,table_1,STEP (3D),DXF,DXF,,https://www.tms-lite.com/lsw-12v-illumination-series.html
TMS LITE,LSW-30-050-2-X,table_1,extra_4,Red,Red,,https://www.tms-lite.com/lsw-series.html
TMS LITE,LSW-30-050-2-X,table_1,extra_4,Red,Red,,https://www.tms-lite.com/lsw-12v-illumination-series.html
TMS LITE,LSW-30-050-2-X,table_1,extra_5,Green,Green,,https://www.tms-lite.com/lsw-series.html
TMS LITE,LSW-30-050-2-X,table_1,extra_5,Green,Green,,https://www.tms-lite.com/lsw-12v-illumination-series.html
TMS LITE,LSW-30-050-2-X,table_1,extra_6,Blue,Blue,,https://www.tms-lite.com/lsw-series.html
TMS LITE,LSW-30-050-2-X,table_1,extra_6,Blue,Blue,,https://www.tms-lite.com/lsw-12v-illumination-series.html
TMS LITE,LSW-30-050-2-X,table_1,extra_7,White,White,,https://www.tms-lite.com/lsw-series.html
TMS LITE,LSW-30-050-2-X,table_1,extra_7,White,White,,https://www.tms-lite.com/lsw-12v-illumination-series.html
TMS LITE,LSW-30-050-2-X,table_2,Current,90mA 120mA,90mA 120mA,mA,https://www.tms-lite.com/lsw-series.html
TMS LITE,LSW-30-050-2-X,table_2,Voltage (V) / Watt (W),24V / 2.16W 24V / 2.88W,24V / 2.16W 24V / 2.88W,V,https://www.tms-lite.com/lsw-series.html
TMS LITE,LSW-30-050-2-X,table_2,Weight (g),60,60,g,https://www.tms-lite.com/lsw-series.html
TMS LITE,LSW-30-050-2-X,table_3,D (mm),18.0,18.0,mm,https://www.tms-lite.com/lsw-series.html
TMS LITE,LSW-30-050-2-X,table_3,E (mm),30,30,mm,https://www.tms-lite.com/lsw-series.html
TMS LITE,LSW-30-050-2-X,table_3,F row (mm),2,2,mm,https://www.tms-lite.com/lsw-series.html
TMS LITE,LSW-30-050-2-X,table_3,ØA (mm),54.0,54.0,mm,https://www.tms-lite.com/lsw-series.html
TMS LITE,LSW-30-050-2-X,table_3,ØB (mm),23.5,23.5,mm,https://www.tms-lite.com/lsw-series.html
TMS LITE,LSW-30-050-2-X,table_3,ØC (mm),41.0,41.0,mm,https://www.tms-lite.com/lsw-series.html
TMS LITE,LSW-30-070-3-X,table_0,Current,315mA 350mA,315mA 350mA,mA,https://www.tms-lite.com/lsw-12v-illumination-series.html
TMS LITE,LSW-30-070-3-X,table_0,Voltage (V) / Watt (W),12V / 3.78W 12V / 4.20W,12V / 3.78W 12V / 4.20W,V,https://www.tms-lite.com/lsw-12v-illumination-series.html
TMS LITE,LSW-30-070-3-X,table_0,Weight (g),120,120,g,https://www.tms-lite.com/lsw-12v-illumination-series.html
TMS LITE,LSW-30-070-3-X,table_1,Datasheet,3D View,3D View,,https://www.tms-lite.com/lsw-series.html
TMS LITE,LSW-30-070-3-X,table_1,Datasheet,3D-view,3D-view,,https://www.tms-lite.com/lsw-12v-illumination-series.html
TMS LITE,LSW-30-070-3-X,table_1,Drawing (2D),PDF,PDF,,https://www.tms-lite.com/lsw-series.html
TMS LITE,LSW-30-070-3-X,table_1,Drawing (2D),PDF,PDF,,https://www.tms-lite.com/lsw-12v-illumination-series.html
TMS LITE,LSW-30-070-3-X,table_1,STEP (3D),DXF,DXF,,https://www.tms-lite.com/lsw-series.html
TMS LITE,LSW-30-070-3-X,table_1,STEP (3D),DXF,DXF,,https://www.tms-lite.com/lsw-12v-illumination-series.html
TMS LITE,LSW-30-070-3-X,table_1,extra_4,Red,Red,,https://www.tms-lite.com/lsw-series.html
TMS LITE,LSW-30-070-3-X,table_1,extra_4,Red,Red,,https://www.tms-lite.com/lsw-12v-illumination-series.html
TMS LITE,LSW-30-070-3-X,table_1,extra_5,Green,Green,,https://www.tms-lite.com/lsw-series.html
TMS LITE,LSW-30-070-3-X,table_1,extra_5,Green,Green,,https://www.tms-lite.com/lsw-12v-illumination-series.html
TMS LITE,LSW-30-070-3-X,table_1,extra_6,Blue,Blue,,https://www.tms-lite.com/lsw-series.html
TMS LITE,LSW-30-070-3-X,table_1,extra_6,Blue,Blue,,https://www.tms-lite.com/lsw-12v-illumination-series.html
TMS LITE,LSW-30-070-3-X,table_1,extra_7,White,White,,https://www.tms-lite.com/lsw-series.html
TMS LITE,LSW-30-070-3-X,table_1,extra_7,White,White,,https://www.tms-lite.com/lsw-12v-illumination-series.html
TMS LITE,LSW-30-070-3-X,table_2,Current,144mA 120mA 108mA,144mA 120mA 108mA,mA,https://www.tms-lite.com/lsw-series.html
TMS LITE,LSW-30-070-3-X,table_2,Voltage (V) / Watt (W),24V / 3.46W 24V / 2.88W 24V / 2.59W,24V / 3.46W 24V / 2.88W 24V / 2.59W,V,https://www.tms-lite.com/lsw-series.html
TMS LITE,LSW-30-070-3-X,table_2,Weight (g),120,120,g,https://www.tms-lite.com/lsw-series.html
TMS LITE,LSW-30-070-3-X,table_3,D (mm),20.0,20.0,mm,https://www.tms-lite.com/lsw-series.html
TMS LITE,LSW-30-070-3-X,table_3,E (mm),30,30,mm,https://www.tms-lite.com/lsw-series.html
TMS LITE,LSW-30-070-3-X,table_3,F row (mm),3,3,mm,https://www.tms-lite.com/lsw-series.html
TMS LITE,LSW-30-070-3-X,table_3,ØA (mm),70.0,70.0,mm,https://www.tms-lite.com/lsw-series.html
TMS LITE,LSW-30-070-3-X,table_3,ØB (mm),32.0,32.0,mm,https://www.tms-lite.com/lsw-series.html
TMS LITE,LSW-30-070-3-X,table_3,ØC (mm),56.0,56.0,mm,https://www.tms-lite.com/lsw-series.html
TMS LITE,LSW-30-090-4-X,table_0,Current,410mA 469mA,410mA 469mA,mA,https://www.tms-lite.com/lsw-12v-illumination-series.html
TMS LITE,LSW-30-090-4-X,table_0,Voltage (V) / Watt (W),12V / 4.92W 12V / 5.63W,12V / 4.92W 12V / 5.63W,V,https://www.tms-lite.com/lsw-12v-illumination-series.html
TMS LITE,LSW-30-090-4-X,table_0,Weight (g),200,200,g,https://www.tms-lite.com/lsw-12v-illumination-series.html
TMS LITE,LSW-30-090-4-X,table_1,Datasheet,3D View,3D View,,https://www.tms-lite.com/lsw-series.html
TMS LITE,LSW-30-090-4-X,table_1,Datasheet,3D-view,3D-view,,https://www.tms-lite.com/lsw-12v-illumination-series.html
TMS LITE,LSW-30-090-4-X,table_1,Drawing (2D),PDF,PDF,,https://www.tms-lite.com/lsw-series.html
TMS LITE,LSW-30-090-4-X,table_1,Drawing (2D),PDF,PDF,,https://www.tms-lite.com/lsw-12v-illumination-series.html
TMS LITE,LSW-30-090-4-X,table_1,STEP (3D),DXF,DXF,,https://www.tms-lite.com/lsw-series.html
TMS LITE,LSW-30-090-4-X,table_1,STEP (3D),DXF,DXF,,https://www.tms-lite.com/lsw-12v-illumination-series.html
TMS LITE,LSW-30-090-4-X,table_1,extra_4,Red,Red,,https://www.tms-lite.com/lsw-series.html
TMS LITE,LSW-30-090-4-X,table_1,extra_4,Red,Red,,https://www.tms-lite.com/lsw-12v-illumination-series.html
TMS LITE,LSW-30-090-4-X,table_1,extra_5,Green,Green,,https://www.tms-lite.com/lsw-series.html
TMS LITE,LSW-30-090-4-X,table_1,extra_5,Green,Green,,https://www.tms-lite.com/lsw-12v-illumination-series.html
TMS LITE,LSW-30-090-4-X,table_1,extra_6,Blue,Blue,,https://www.tms-lite.com/lsw-series.html
TMS LITE,LSW-30-090-4-X,table_1,extra_6,Blue,Blue,,https://www.tms-lite.com/lsw-12v-illumination-series.html
TMS LITE,LSW-30-090-4-X,table_1,extra_7,White,White,,https://www.tms-lite.com/lsw-series.html
TMS LITE,LSW-30-090-4-X,table_1,extra_7,White,White,,https://www.tms-lite.com/lsw-12v-illumination-series.html
TMS LITE,LSW-30-090-4-X,table_2,Current,345mA 435mA,345mA 435mA,mA,https://www.tms-lite.com/lsw-series.html
TMS LITE,LSW-30-090-4-X,table_2,Voltage (V) / Watt (W),24V / 8.28W 24V / 10.44W,24V / 8.28W 24V / 10.44W,V,https://www.tms-lite.com/lsw-series.html
TMS LITE,LSW-30-090-4-X,table_2,Weight (g),200,200,g,https://www.tms-lite.com/lsw-series.html
TMS LITE,LSW-30-090-4-X,table_3,D (mm),22.0,22.0,mm,https://www.tms-lite.com/lsw-series.html
TMS LITE,LSW-30-090-4-X,table_3,E (mm),30,30,mm,https://www.tms-lite.com/lsw-series.html
TMS LITE,LSW-30-090-4-X,table_3,F row (mm),4,4,mm,https://www.tms-lite.com/lsw-series.html
TMS LITE,LSW-30-090-4-X,table_3,ØA (mm),92.0,92.0,mm,https://www.tms-lite.com/lsw-series.html
TMS LITE,LSW-30-090-4-X,table_3,ØB (mm),48.0,48.0,mm,https://www.tms-lite.com/lsw-series.html
TMS LITE,LSW-30-090-4-X,table_3,ØC (mm),70.0,70.0,mm,https://www.tms-lite.com/lsw-series.html
TMS LITE,LSW-30-130-5-X,table_1,Datasheet,3D View,3D View,,https://www.tms-lite.com/lsw-series.html
TMS LITE,LSW-30-130-5-X,table_1,Drawing (2D),PDF,PDF,,https://www.tms-lite.com/lsw-series.html
TMS LITE,LSW-30-130-5-X,table_1,extra_4,Red,Red,,https://www.tms-lite.com/lsw-series.html
TMS LITE,LSW-30-130-5-X,table_1,extra_5,Green,Green,,https://www.tms-lite.com/lsw-series.html
TMS LITE,LSW-30-130-5-X,table_1,extra_6,Blue,Blue,,https://www.tms-lite.com/lsw-series.html
TMS LITE,LSW-30-130-5-X,table_1,extra_7,White,White,,https://www.tms-lite.com/lsw-series.html
TMS LITE,LSW-30-130-5-X,table_2,Current,Please contact our sales team,Please contact our sales team,mA,https://www.tms-lite.com/lsw-series.html
TMS LITE,LSW-30-130-5-X,table_2,Voltage (V) / Watt (W),Please contact our sales team,Please contact our sales team,V,https://www.tms-lite.com/lsw-series.html
TMS LITE,LSW-30-130-5-X,table_2,Weight (g),Please contact our sales team,Please contact our sales team,g,https://www.tms-lite.com/lsw-series.html
TMS LITE,LSW-30-130-5-X,table_3,D (mm),22.0,22.0,mm,https://www.tms-lite.com/lsw-series.html
TMS LITE,LSW-30-130-5-X,table_3,E (mm),30,30,mm,https://www.tms-lite.com/lsw-series.html
TMS LITE,LSW-30-130-5-X,table_3,F row (mm),5,5,mm,https://www.tms-lite.com/lsw-series.html
TMS LITE,LSW-30-130-5-X,table_3,ØA (mm),134.0,134.0,mm,https://www.tms-lite.com/lsw-series.html
TMS LITE,LSW-30-130-5-X,table_3,ØB (mm),84.0,84.0,mm,https://www.tms-lite.com/lsw-series.html
TMS LITE,LSW-30-130-5-X,table_3,ØC (mm),112.0,112.0,mm,https://www.tms-lite.com/lsw-series.html
TMS LITE,LSW-45-050-2-X,table_0,Current,165mA 190mA,165mA 190mA,mA,https://www.tms-lite.com/lsw-12v-illumination-series.html
TMS LITE,LSW-45-050-2-X,table_0,Voltage (V) / Watt (W),12V / 1.98W 12V / 2.28W,12V / 1.98W 12V / 2.28W,V,https://www.tms-lite.com/lsw-12v-illumination-series.html
TMS LITE,LSW-45-050-2-X,table_0,Weight (g),70,70,g,https://www.tms-lite.com/lsw-12v-illumination-series.html
TMS LITE,LSW-45-050-2-X,table_1,Datasheet,3D View,3D View,,https://www.tms-lite.com/lsw-series.html
TMS LITE,LSW-45-050-2-X,table_1,Datasheet,3D-view,3D-view,,https://www.tms-lite.com/lsw-12v-illumination-series.html
TMS LITE,LSW-45-050-2-X,table_1,Drawing (2D),PDF,PDF,,https://www.tms-lite.com/lsw-series.html
TMS LITE,LSW-45-050-2-X,table_1,Drawing (2D),PDF,PDF,,https://www.tms-lite.com/lsw-12v-illumination-series.html
TMS LITE,LSW-45-050-2-X,table_1,STEP (3D),DXF,DXF,,https://www.tms-lite.com/lsw-series.html
TMS LITE,LSW-45-050-2-X,table_1,STEP (3D),DXF,DXF,,https://www.tms-lite.com/lsw-12v-illumination-series.html
TMS LITE,LSW-45-050-2-X,table_1,extra_4,Red,Red,,https://www.tms-lite.com/lsw-series.html
TMS LITE,LSW-45-050-2-X,table_1,extra_4,Red,Red,,https://www.tms-lite.com/lsw-12v-illumination-series.html
TMS LITE,LSW-45-050-2-X,table_1,extra_5,Green,Green,,https://www.tms-lite.com/lsw-series.html
TMS LITE,LSW-45-050-2-X,table_1,extra_5,Green,Green,,https://www.tms-lite.com/lsw-12v-illumination-series.html
TMS LITE,LSW-45-050-2-X,table_1,extra_6,Blue,Blue,,https://www.tms-lite.com/lsw-series.html
TMS LITE,LSW-45-050-2-X,table_1,extra_6,Blue,Blue,,https://www.tms-lite.com/lsw-12v-illumination-series.html
TMS LITE,LSW-45-050-2-X,table_1,extra_7,White,White,,https://www.tms-lite.com/lsw-series.html
TMS LITE,LSW-45-050-2-X,table_1,extra_7,White,White,,https://www.tms-lite.com/lsw-12v-illumination-series.html
TMS LITE,LSW-45-050-2-X,table_2,Current,90mA 120mA,90mA 120mA,mA,https://www.tms-lite.com/lsw-series.html
TMS LITE,LSW-45-050-2-X,table_2,Voltage (V) / Watt (W),24V / 2.16W 24V / 2.88W,24V / 2.16W 24V / 2.88W,V,https://www.tms-lite.com/lsw-series.html
TMS LITE,LSW-45-050-2-X,table_2,Weight (g),70,70,g,https://www.tms-lite.com/lsw-series.html
TMS LITE,LSW-45-050-2-X,table_3,D (mm),20.0,20.0,mm,https://www.tms-lite.com/lsw-series.html
TMS LITE,LSW-45-050-2-X,table_3,E (mm),45,45,mm,https://www.tms-lite.com/lsw-series.html
TMS LITE,LSW-45-050-2-X,table_3,F row (mm),2,2,mm,https://www.tms-lite.com/lsw-series.html
TMS LITE,LSW-45-050-2-X,table_3,ØA (mm),54.0,54.0,mm,https://www.tms-lite.com/lsw-series.html
TMS LITE,LSW-45-050-2-X,table_3,ØB (mm),25.0,25.0,mm,https://www.tms-lite.com/lsw-series.html
TMS LITE,LSW-45-050-2-X,table_3,ØC (mm),44.0,44.0,mm,https://www.tms-lite.com/lsw-series.html
TMS LITE,LSW-45-070-3-X,table_0,Current,240mA 259mA,240mA 259mA,mA,https://www.tms-lite.com/lsw-12v-illumination-series.html
TMS LITE,LSW-45-070-3-X,table_0,Voltage (V) / Watt (W),12V / 2.88W 12V / 3.11W,12V / 2.88W 12V / 3.11W,V,https://www.tms-lite.com/lsw-12v-illumination-series.html
TMS LITE,LSW-45-070-3-X,table_0,Weight (g),120,120,g,https://www.tms-lite.com/lsw-12v-illumination-series.html
TMS LITE,LSW-45-070-3-X,table_1,Datasheet,3D View,3D View,,https://www.tms-lite.com/lsw-series.html
TMS LITE,LSW-45-070-3-X,table_1,Datasheet,3D-view,3D-view,,https://www.tms-lite.com/lsw-12v-illumination-series.html
TMS LITE,LSW-45-070-3-X,table_1,Drawing (2D),PDF,PDF,,https://www.tms-lite.com/lsw-series.html
TMS LITE,LSW-45-070-3-X,table_1,Drawing (2D),PDF,PDF,,https://www.tms-lite.com/lsw-12v-illumination-series.html
TMS LITE,LSW-45-070-3-X,table_1,STEP (3D),DXF,DXF,,https://www.tms-lite.com/lsw-series.html
TMS LITE,LSW-45-070-3-X,table_1,STEP (3D),DXF,DXF,,https://www.tms-lite.com/lsw-12v-illumination-series.html
TMS LITE,LSW-45-070-3-X,table_1,extra_4,Red,Red,,https://www.tms-lite.com/lsw-series.html
TMS LITE,LSW-45-070-3-X,table_1,extra_4,Red,Red,,https://www.tms-lite.com/lsw-12v-illumination-series.html
TMS LITE,LSW-45-070-3-X,table_1,extra_5,Green,Green,,https://www.tms-lite.com/lsw-series.html
TMS LITE,LSW-45-070-3-X,table_1,extra_5,Green,Green,,https://www.tms-lite.com/lsw-12v-illumination-series.html
TMS LITE,LSW-45-070-3-X,table_1,extra_6,Blue,Blue,,https://www.tms-lite.com/lsw-series.html
TMS LITE,LSW-45-070-3-X,table_1,extra_6,Blue,Blue,,https://www.tms-lite.com/lsw-12v-illumination-series.html
TMS LITE,LSW-45-070-3-X,table_1,extra_7,White,White,,https://www.tms-lite.com/lsw-series.html
TMS LITE,LSW-45-070-3-X,table_1,extra_7,White,White,,https://www.tms-lite.com/lsw-12v-illumination-series.html
TMS LITE,LSW-45-070-3-X,table_2,Current,195mA 240mA,195mA 240mA,mA,https://www.tms-lite.com/lsw-series.html
TMS LITE,LSW-45-070-3-X,table_2,Voltage (V) / Watt (W),24V / 4.68W 24V / 5.76W,24V / 4.68W 24V / 5.76W,V,https://www.tms-lite.com/lsw-series.html
TMS LITE,LSW-45-070-3-X,table_2,Weight (g),120,120,g,https://www.tms-lite.com/lsw-series.html
TMS LITE,LSW-45-070-3-X,table_3,D (mm),21.0,21.0,mm,https://www.tms-lite.com/lsw-series.html
TMS LITE,LSW-45-070-3-X,table_3,E (mm),45,45,mm,https://www.tms-lite.com/lsw-series.html
TMS LITE,LSW-45-070-3-X,table_3,F row (mm),3,3,mm,https://www.tms-lite.com/lsw-series.html
TMS LITE,LSW-45-070-3-X,table_3,ØA (mm),70.0,70.0,mm,https://www.tms-lite.com/lsw-series.html
TMS LITE,LSW-45-070-3-X,table_3,ØB (mm),35.0,35.0,mm,https://www.tms-lite.com/lsw-series.html
TMS LITE,LSW-45-070-3-X,table_3,ØC (mm),60.0,60.0,mm,https://www.tms-lite.com/lsw-series.html
TMS LITE,LSW-45-090-4-X,table_1,Datasheet,3D View,3D View,,https://www.tms-lite.com/lsw-series.html
TMS LITE,LSW-45-090-4-X,table_1,Drawing (2D),PDF,PDF,,https://www.tms-lite.com/lsw-series.html
TMS LITE,LSW-45-090-4-X,table_1,STEP (3D),DXF,DXF,,https://www.tms-lite.com/lsw-series.html
TMS LITE,LSW-45-090-4-X,table_1,extra_4,Red,Red,,https://www.tms-lite.com/lsw-series.html
TMS LITE,LSW-45-090-4-X,table_1,extra_5,Green,Green,,https://www.tms-lite.com/lsw-series.html
TMS LITE,LSW-45-090-4-X,table_1,extra_6,Blue,Blue,,https://www.tms-lite.com/lsw-series.html
TMS LITE,LSW-45-090-4-X,table_1,extra_7,White,White,,https://www.tms-lite.com/lsw-series.html
TMS LITE,LSW-45-090-4-X,table_2,Current,345mA 435mA,345mA 435mA,mA,https://www.tms-lite.com/lsw-series.html
TMS LITE,LSW-45-090-4-X,table_2,Voltage (V) / Watt (W),24V / 8.28W 24V / 10.44W,24V / 8.28W 24V / 10.44W,V,https://www.tms-lite.com/lsw-series.html
TMS LITE,LSW-45-090-4-X,table_2,Weight (g),200,200,g,https://www.tms-lite.com/lsw-series.html
TMS LITE,LSW-45-090-4-X,table_3,D (mm),24.0,24.0,mm,https://www.tms-lite.com/lsw-series.html
TMS LITE,LSW-45-090-4-X,table_3,E (mm),45,45,mm,https://www.tms-lite.com/lsw-series.html
TMS LITE,LSW-45-090-4-X,table_3,F row (mm),4,4,mm,https://www.tms-lite.com/lsw-series.html
TMS LITE,LSW-45-090-4-X,table_3,ØA (mm),92.0,92.0,mm,https://www.tms-lite.com/lsw-series.html
TMS LITE,LSW-45-090-4-X,table_3,ØB (mm),52.0,52.0,mm,https://www.tms-lite.com/lsw-series.html
TMS LITE,LSW-45-090-4-X,table_3,ØC (mm),70.0,70.0,mm,https://www.tms-lite.com/lsw-series.html
TMS LITE,LSW-45-100-5-X,table_1,Datasheet,3D View,3D View,,https://www.tms-lite.com/lsw-series.html
TMS LITE,LSW-45-100-5-X,table_1,Drawing (2D),PDF,PDF,,https://www.tms-lite.com/lsw-series.html
TMS LITE,LSW-45-100-5-X,table_1,STEP (3D),DXF,DXF,,https://www.tms-lite.com/lsw-series.html
TMS LITE,LSW-45-100-5-X,table_1,extra_4,Red,Red,,https://www.tms-lite.com/lsw-series.html
TMS LITE,LSW-45-100-5-X,table_1,extra_5,Green,Green,,https://www.tms-lite.com/lsw-series.html
TMS LITE,LSW-45-100-5-X,table_1,extra_6,Blue,Blue,,https://www.tms-lite.com/lsw-series.html
TMS LITE,LSW-45-100-5-X,table_1,extra_7,White,White,,https://www.tms-lite.com/lsw-series.html
TMS LITE,LSW-45-100-5-X,table_2,Current,465mA 600mA,465mA 600mA,mA,https://www.tms-lite.com/lsw-series.html
TMS LITE,LSW-45-100-5-X,table_2,Drive Mode,Overdrive information,Overdrive information,mA,https://www.tms-lite.com/lsw-series.html
TMS LITE,LSW-45-100-5-X,table_2,Voltage (V) / Watt (W),24V / 11.16W 24V / 14.40W,24V / 11.16W 24V / 14.40W,V,https://www.tms-lite.com/lsw-series.html
TMS LITE,LSW-45-100-5-X,table_2,Weight (g),250,250,g,https://www.tms-lite.com/lsw-series.html
TMS LITE,LSW-45-100-5-X,table_3,D (mm),30.0,30.0,mm,https://www.tms-lite.com/lsw-series.html
TMS LITE,LSW-45-100-5-X,table_3,E (mm),45,45,mm,https://www.tms-lite.com/lsw-series.html
TMS LITE,LSW-45-100-5-X,table_3,F row (mm),5,5,mm,https://www.tms-lite.com/lsw-series.html
TMS LITE,LSW-45-100-5-X,table_3,ØA (mm),100.0,100.0,mm,https://www.tms-lite.com/lsw-series.html
TMS LITE,LSW-45-100-5-X,table_3,ØB (mm),48.0,48.0,mm,https://www.tms-lite.com/lsw-series.html
TMS LITE,LSW-45-100-5-X,table_3,ØC (mm),80.0,80.0,mm,https://www.tms-lite.com/lsw-series.html
TMS LITE,LSW-45-120-3-X,table_2,Current,Please contact our sales team,Please contact our sales team,mA,https://www.tms-lite.com/lsw-series.html
TMS LITE,LSW-45-120-3-X,table_2,Voltage (V) / Watt (W),Please contact our sales team,Please contact our sales team,V,https://www.tms-lite.com/lsw-series.html
TMS LITE,LSW-45-120-3-X,table_2,Weight (g),Please contact our sales team,Please contact our sales team,g,https://www.tms-lite.com/lsw-series.html
TMS LITE,LSW-45-120-3-X,table_3,D (mm),21.0,21.0,mm,https://www.tms-lite.com/lsw-series.html
TMS LITE,LSW-45-120-3-X,table_3,E (mm),45,45,mm,https://www.tms-lite.com/lsw-series.html
TMS LITE,LSW-45-120-3-X,table_3,F row (mm),3,3,mm,https://www.tms-lite.com/lsw-series.html
TMS LITE,LSW-45-120-3-X,table_3,ØA (mm),120.0,120.0,mm,https://www.tms-lite.com/lsw-series.html
TMS LITE,LSW-45-120-3-X,table_3,ØB (mm),85.0,85.0,mm,https://www.tms-lite.com/lsw-series.html
TMS LITE,LSW-45-120-3-X,table_3,ØC (mm),110.0,110.0,mm,https://www.tms-lite.com/lsw-series.html
TMS LITE,LSW-45-120-3-X-24V,table_1,Datasheet,Red,Red,,https://www.tms-lite.com/lsw-series.html
TMS LITE,LSW-45-120-3-X-24V,table_1,Drawing (2D),PDF,PDF,,https://www.tms-lite.com/lsw-series.html
TMS LITE,LSW-45-120-3-X-24V,table_1,STEP (3D),3D View,3D View,,https://www.tms-lite.com/lsw-series.html
TMS LITE,LSW-45-120-3-X-24V,table_1,extra_4,Green,Green,,https://www.tms-lite.com/lsw-series.html
TMS LITE,LSW-45-120-3-X-24V,table_1,extra_5,Blue,Blue,,https://www.tms-lite.com/lsw-series.html
TMS LITE,LSW-45-120-3-X-24V,table_1,extra_6,White,White,,https://www.tms-lite.com/lsw-series.html
TMS LITE,LSW-45-170-5-X,table_2,Current,Please contact our sales team,Please contact our sales team,mA,https://www.tms-lite.com/lsw-series.html
TMS LITE,LSW-45-170-5-X,table_2,Voltage (V) / Watt (W),Please contact our sales team,Please contact our sales team,V,https://www.tms-lite.com/lsw-series.html
TMS LITE,LSW-45-170-5-X,table_2,Weight (g),Please contact our sales team,Please contact our sales team,g,https://www.tms-lite.com/lsw-series.html
TMS LITE,LSW-45-170-5-X,table_3,D (mm),30.1,30.1,mm,https://www.tms-lite.com/lsw-series.html
TMS LITE,LSW-45-170-5-X,table_3,E (mm),45,45,mm,https://www.tms-lite.com/lsw-series.html
TMS LITE,LSW-45-170-5-X,table_3,F row (mm),5,5,mm,https://www.tms-lite.com/lsw-series.html
TMS LITE,LSW-45-170-5-X,table_3,ØA (mm),170.0,170.0,mm,https://www.tms-lite.com/lsw-series.html
TMS LITE,LSW-45-170-5-X,table_3,ØB (mm),125.0,125.0,mm,https://www.tms-lite.com/lsw-series.html
TMS LITE,LSW-45-170-5-X,table_3,ØC (mm),154.0,154.0,mm,https://www.tms-lite.com/lsw-series.html
TMS LITE,LSW-45-170-5-X-24V,table_1,Datasheet,Red,Red,,https://www.tms-lite.com/lsw-series.html
TMS LITE,LSW-45-170-5-X-24V,table_1,Drawing (2D),PDF,PDF,,https://www.tms-lite.com/lsw-series.html
TMS LITE,LSW-45-170-5-X-24V,table_1,STEP (3D),3D View,3D View,,https://www.tms-lite.com/lsw-series.html
TMS LITE,LSW-45-170-5-X-24V,table_1,extra_4,Green,Green,,https://www.tms-lite.com/lsw-series.html
TMS LITE,LSW-45-170-5-X-24V,table_1,extra_5,Blue,Blue,,https://www.tms-lite.com/lsw-series.html
TMS LITE,LSW-45-170-5-X-24V,table_1,extra_6,White,White,,https://www.tms-lite.com/lsw-series.html
TMS LITE,LSW2,page,Product Page Title,RGBW ILLUMINATION - LSW2,RGBW ILLUMINATION - LSW2,,https://www.tms-lite.com/rgbw-illumination-lsw2
TMS LITE,LSW2-00-100-2-RGBW-24V,table_1,Current,320mA 290mA 270mA 250mA,320mA 290mA 270mA 250mA,mA,https://www.tms-lite.com/rgbw-illumination-lsw2.html
TMS LITE,LSW2-00-100-2-RGBW-24V,table_1,Voltage (V)/Watt (W),24V / 7.68W 24V / 6.96W 24V / 6.48W 24V / 6.00W,24V / 7.68W 24V / 6.96W 24V / 6.48W 24V / 6.00W,V,https://www.tms-lite.com/rgbw-illumination-lsw2.html
TMS LITE,LSW2-00-100-2-RGBW-24V,table_1,Weight (g),203,203,g,https://www.tms-lite.com/rgbw-illumination-lsw2.html
TMS LITE,LSW2-00-100-2-RGBW-24V,table_2,Datasheet,3D View,3D View,,https://www.tms-lite.com/rgbw-illumination-lsw2.html
TMS LITE,LSW2-00-100-2-RGBW-24V,table_2,Drawing (2D),PDF,PDF,,https://www.tms-lite.com/rgbw-illumination-lsw2.html
TMS LITE,LSW2-00-100-2-RGBW-24V,table_2,STEP (3D),PDF,PDF,,https://www.tms-lite.com/rgbw-illumination-lsw2.html
TMS LITE,LSW2-00-100-2-RGBW-24V,table_2,extra_4,RGBW,RGBW,,https://www.tms-lite.com/rgbw-illumination-lsw2.html
TMS LITE,LSWC,page,Product Page Title,HALF CIRCLE ILLUMINATION - LSWC,HALF CIRCLE ILLUMINATION - LSWC,,https://www.tms-lite.com/half-circle-illumination-lswc
TMS LITE,LSWC-15-050-2-X,table_1,Current,60mA 40mA,60mA 40mA,mA,https://www.tms-lite.com/iddc-llac-lswc-series.html
TMS LITE,LSWC-15-050-2-X,table_1,Voltage (V) / Watt (W),24V / 0.48W 24V / 0.96W,24V / 0.48W 24V / 0.96W,V,https://www.tms-lite.com/iddc-llac-lswc-series.html
TMS LITE,LSWC-15-050-2-X,table_1,Weight (g),50,50,g,https://www.tms-lite.com/iddc-llac-lswc-series.html
TMS LITE,LSWC-15-050-2-X,table_2,A (mm),55.6,55.6,mm,https://www.tms-lite.com/iddc-llac-lswc-series.html
TMS LITE,LSWC-15-050-2-X,table_2,B (mm),28,28,mm,https://www.tms-lite.com/iddc-llac-lswc-series.html
TMS LITE,LSWC-15-050-2-X,table_2,C (mm),29.3,29.3,mm,https://www.tms-lite.com/iddc-llac-lswc-series.html
TMS LITE,LSWC-15-050-2-X,table_2,D (mm),40,40,mm,https://www.tms-lite.com/iddc-llac-lswc-series.html
TMS LITE,LSWC-15-050-2-X,table_2,E (mm),16,16,mm,https://www.tms-lite.com/iddc-llac-lswc-series.html
TMS LITE,LSWC-15-050-2-X,table_3,Datasheet,3D View,3D View,,https://www.tms-lite.com/iddc-llac-lswc-series.html
TMS LITE,LSWC-15-050-2-X,table_3,Drawing (2D),PDF,PDF,,https://www.tms-lite.com/iddc-llac-lswc-series.html
TMS LITE,LSWC-15-050-2-X,table_3,STEP (3D),DXF,DXF,,https://www.tms-lite.com/iddc-llac-lswc-series.html
TMS LITE,LSWC-15-050-2-X,table_3,extra_4,Red,Red,,https://www.tms-lite.com/iddc-llac-lswc-series.html
TMS LITE,LSWC-15-050-2-X,table_3,extra_5,Green,Green,,https://www.tms-lite.com/iddc-llac-lswc-series.html
TMS LITE,LSWC-15-050-2-X,table_3,extra_6,Blue,Blue,,https://www.tms-lite.com/iddc-llac-lswc-series.html
TMS LITE,LSWC-15-050-2-X,table_3,extra_7,White,White,,https://www.tms-lite.com/iddc-llac-lswc-series.html
TMS LITE,Lens 2D-TCEL150,table_0,Datasheet,Lens ID-TCEL150,Lens ID-TCEL150,,https://www.tms-lite.com/tme-station-opto-liquid-lens-v1
TMS LITE,Lens 2D-TCEL150,table_0,Drawing,Lens 3D-TCEL150,Lens 3D-TCEL150,,https://www.tms-lite.com/tme-station-opto-liquid-lens-v1
TMS LITE,MA-IDD-LC-20-V1,page,Product Page Title,DK-MA-IDD-LC-20-V1,DK-MA-IDD-LC-20-V1,mA,https://www.tms-lite.com/dk-ma-idd-lc-20-v1
TMS LITE,MA-IDD-X-150D30-4-RGBW-12V-16CH,page,Product Page Title,DL-MA-IDD-X-150D30-4-RGBW-12V-16CH,DL-MA-IDD-X-150D30-4-RGBW-12V-16CH,mA,https://www.tms-lite.com/dl-ma-idd-x-150d30-4-rgbw-12v-16ch
TMS LITE,MA-IDD-X-225D40-8-RGBW-24V-16CH,page,Product Page Title,DL-MA-IDD-X-225D40-8-RGBW-24V-16CH,DL-MA-IDD-X-225D40-8-RGBW-24V-16CH,mA,https://www.tms-lite.com/dl-ma-idd-x-225d40-8-rgbw-24v-16ch
TMS LITE,MA-IDD-X-225D40-8-RGBW-24V-16CH,page,Product Page Title,D-MA-IDD-X-225D40-8-RGBW-24V-16CH,D-MA-IDD-X-225D40-8-RGBW-24V-16CH,mA,https://www.tms-lite.com/dl-ma-idd-x-225d40-8-rgbw-24v-16ch-rs232
TMS LITE,MA-IDQ-LC-20-V1,page,Product Page Title,DK-MA-IDQ-LC-20-V1,DK-MA-IDQ-LC-20-V1,mA,https://www.tms-lite.com/dk-ma-idq-lc-20-v1
TMS LITE,MA-IDQ-X-150D30-4-RGBW-12V-16CH,page,Product Page Title,DL-MA-IDQ-X-150D30-4-RGBW-12V-16CH,DL-MA-IDQ-X-150D30-4-RGBW-12V-16CH,mA,https://www.tms-lite.com/dl-ma-idq-x-150d30-4-rgbw-12v-16ch
TMS LITE,MA-IDQ-X-225D40-8-RGBW-24V-16CH,page,Product Page Title,DL-MA-IDQ-X-225D40-8-RGBW-24V-16CH,DL-MA-IDQ-X-225D40-8-RGBW-24V-16CH,mA,https://www.tms-lite.com/dl-ma-idq-x-225d40-8-rgbw-24v-16ch
TMS LITE,MA-IDQ-X-225D40-8-RGBW-24V-16CH,page,Product Page Title,D-MA-IDQ-X-225D40-8-RGBW-24V-16CH,D-MA-IDQ-X-225D40-8-RGBW-24V-16CH,mA,https://www.tms-lite.com/dl-ma-idq-x-225d40-8-rgbw-24v-16ch-rs232
TMS LITE,MD-IDQ3,page,Product Page Title,RGBW ILLUMINATION - MD-IDQ3,RGBW ILLUMINATION - MD-IDQ3,,https://www.tms-lite.com/rgbw-illumination-md-idq3
TMS LITE,MD-IDQ3-360-1-RGBW,table_1,Current,1120mA 1600mA,1120mA 1600mA,mA,https://www.tms-lite.com/rgbw-illumination-md-idq3.html
TMS LITE,MD-IDQ3-360-1-RGBW,table_1,Voltage (V) / Watt (W),24V / 26.88W 24V / 38.4W,24V / 26.88W 24V / 38.4W,V,https://www.tms-lite.com/rgbw-illumination-md-idq3.html
TMS LITE,MD-IDQ3-360-1-RGBW,table_1,Weight (g),4800,4800,g,https://www.tms-lite.com/rgbw-illumination-md-idq3.html
TMS LITE,MD-IDQ3-360-1-RGBW,table_2,A (mm),461,461,mm,https://www.tms-lite.com/rgbw-illumination-md-idq3.html
TMS LITE,MD-IDQ3-360-1-RGBW,table_2,B (mm),406.7,406.7,mm,https://www.tms-lite.com/rgbw-illumination-md-idq3.html
TMS LITE,MD-IDQ3-360-1-RGBW,table_2,C (mm),322.1,322.1,mm,https://www.tms-lite.com/rgbw-illumination-md-idq3.html
TMS LITE,MD-IDQ3-360-X-X,table_1,Current,1120mA 1600mA,1120mA 1600mA,mA,https://www.tms-lite.com/md-idq-3-serie.html
TMS LITE,MD-IDQ3-360-X-X,table_1,Voltage (V) / Watt (W),24V / 26.88W 24V / 38.4W,24V / 26.88W 24V / 38.4W,V,https://www.tms-lite.com/md-idq-3-serie.html
TMS LITE,MD-IDQ3-360-X-X,table_1,Weight (g),4800,4800,g,https://www.tms-lite.com/md-idq-3-serie.html
TMS LITE,MD-IDQ3-360-X-X,table_2,A (mm),461,461,mm,https://www.tms-lite.com/md-idq-3-serie.html
TMS LITE,MD-IDQ3-360-X-X,table_2,B (mm),406.7,406.7,mm,https://www.tms-lite.com/md-idq-3-serie.html
TMS LITE,MD-IDQ3-360-X-X,table_2,C (mm),322.1,322.1,mm,https://www.tms-lite.com/md-idq-3-serie.html
TMS LITE,MD-IDT3,page,Product Page Title,RGBW ILLUMINATION - MD-IDT3,RGBW ILLUMINATION - MD-IDT3,,https://www.tms-lite.com/rgbw-illumination-md-idt3
TMS LITE,MD-IDT3-00-360-1-RGBW,table_1,Current,560mA 800mA,560mA 800mA,mA,https://www.tms-lite.com/rgbw-illumination-md-idt3.html
TMS LITE,MD-IDT3-00-360-1-RGBW,table_1,Voltage (V) / Watt (W),24V / 13.44W 24V / 19.2W,24V / 13.44W 24V / 19.2W,V,https://www.tms-lite.com/rgbw-illumination-md-idt3.html
TMS LITE,MD-IDT3-00-360-1-RGBW,table_1,Weight (g),4900,4900,g,https://www.tms-lite.com/rgbw-illumination-md-idt3.html
TMS LITE,MD-IDT3-00-360-1-RGBW,table_2,A (mm),512.2,512.2,mm,https://www.tms-lite.com/rgbw-illumination-md-idt3.html
TMS LITE,MD-IDT3-00-360-1-RGBW,table_2,B (mm),462,462,mm,https://www.tms-lite.com/rgbw-illumination-md-idt3.html
TMS LITE,MD-IDT3-00-360-1-RGBW,table_2,C (mm),50,50,mm,https://www.tms-lite.com/rgbw-illumination-md-idt3.html
TMS LITE,MD-IDT3-00-360-1-X,table_1,Current,560mA 800mA,560mA 800mA,mA,https://www.tms-lite.com/md-idt-3-serie.html
TMS LITE,MD-IDT3-00-360-1-X,table_1,Voltage (V) / Watt (W),24V / 13.44W 24V / 19.2W,24V / 13.44W 24V / 19.2W,V,https://www.tms-lite.com/md-idt-3-serie.html
TMS LITE,MD-IDT3-00-360-1-X,table_1,Weight (g),4900,4900,g,https://www.tms-lite.com/md-idt-3-serie.html
TMS LITE,MD-IDT3-00-360-1-X,table_2,A (mm),512.2,512.2,mm,https://www.tms-lite.com/md-idt-3-serie.html
TMS LITE,MD-IDT3-00-360-1-X,table_2,B (mm),462,462,mm,https://www.tms-lite.com/md-idt-3-serie.html
TMS LITE,MD-IDT3-00-360-1-X,table_2,C (mm),50,50,mm,https://www.tms-lite.com/md-idt-3-serie.html
TMS LITE,MD-MLBQ,page,Product Page Title,RGBW ILLUMINATION - MD-MLBQ,RGBW ILLUMINATION - MD-MLBQ,,https://www.tms-lite.com/rgbw-illumination-md-mlbq
TMS LITE,MD-MLBQ-00-360-2-RGBW,table_1,Current,1120mA 1600mA,1120mA 1600mA,mA,https://www.tms-lite.com/rgbw-illumination-md-mlbq.html
TMS LITE,MD-MLBQ-00-360-2-RGBW,table_1,Voltage (V) / Watt (W),24V / 26.88W 24V / 38.4W,24V / 26.88W 24V / 38.4W,V,https://www.tms-lite.com/rgbw-illumination-md-mlbq.html
TMS LITE,MD-MLBQ-00-360-2-RGBW,table_1,Weight (g),3000,3000,g,https://www.tms-lite.com/rgbw-illumination-md-mlbq.html
TMS LITE,MD-MLBQ-00-360-2-RGBW,table_2,A (mm),511.5,511.5,mm,https://www.tms-lite.com/rgbw-illumination-md-mlbq.html
TMS LITE,MD-MLBQ-00-360-2-RGBW,table_2,B (mm),491.5,491.5,mm,https://www.tms-lite.com/rgbw-illumination-md-mlbq.html
TMS LITE,MD-MLBQ-00-360-2-RGBW,table_2,C (mm),460.3,460.3,mm,https://www.tms-lite.com/rgbw-illumination-md-mlbq.html
TMS LITE,MD-MLBQ-00-360-2-RGBW,table_2,D (mm),360,360,mm,https://www.tms-lite.com/rgbw-illumination-md-mlbq.html
TMS LITE,MD-MLBQ-00-360-2-X,table_1,Current,1120mA 1600mA,1120mA 1600mA,mA,https://www.tms-lite.com/md-mlbq-serie.html
TMS LITE,MD-MLBQ-00-360-2-X,table_1,Voltage (V) / Watt (W),24V / 26.88W 24V / 38.4W,24V / 26.88W 24V / 38.4W,V,https://www.tms-lite.com/md-mlbq-serie.html
TMS LITE,MD-MLBQ-00-360-2-X,table_1,Weight (g),3000,3000,g,https://www.tms-lite.com/md-mlbq-serie.html
TMS LITE,MD-MLBQ-00-360-2-X,table_2,A (mm),511.5,511.5,mm,https://www.tms-lite.com/md-mlbq-serie.html
TMS LITE,MD-MLBQ-00-360-2-X,table_2,B (mm),491.5,491.5,mm,https://www.tms-lite.com/md-mlbq-serie.html
TMS LITE,MD-MLBQ-00-360-2-X,table_2,C (mm),460.3,460.3,mm,https://www.tms-lite.com/md-mlbq-serie.html
TMS LITE,MD-MLBQ-00-360-2-X,table_2,D (mm),360,360,mm,https://www.tms-lite.com/md-mlbq-serie.html
TMS LITE,MLBQ,page,Product Page Title,RGBW ILLUMINATION - MLBQ,RGBW ILLUMINATION - MLBQ,,https://www.tms-lite.com/rgbw-illumination-mlbq
TMS LITE,MLBQ-00-090-2-RGBW,table_0,Current,280mA 400mA,280mA 400mA,mA,https://www.tms-lite.com/mlbq-rgbw-beleuchtungen.html
TMS LITE,MLBQ-00-090-2-RGBW,table_0,Voltage (V)/Watt (W),24V / 6.72W 24V / 9.6W,24V / 6.72W 24V / 9.6W,V,https://www.tms-lite.com/mlbq-rgbw-beleuchtungen.html
TMS LITE,MLBQ-00-090-2-RGBW,table_0,Weight (g),410,410,g,https://www.tms-lite.com/mlbq-rgbw-beleuchtungen.html
TMS LITE,MLBQ-00-090-2-RGBW,table_1,A (mm),170,170,mm,https://www.tms-lite.com/mlbq-rgbw-beleuchtungen.html
TMS LITE,MLBQ-00-090-2-RGBW,table_1,B (mm),145.8,145.8,mm,https://www.tms-lite.com/mlbq-rgbw-beleuchtungen.html
TMS LITE,MLBQ-00-090-2-RGBW,table_1,C (mm),120,120,mm,https://www.tms-lite.com/mlbq-rgbw-beleuchtungen.html
TMS LITE,MLBQ-00-090-2-RGBW,table_1,Datasheet,3D View,3D View,,https://www.tms-lite.com/mlbq-serie.html
TMS LITE,MLBQ-00-090-2-RGBW,table_1,Drawing (2D),PDF,PDF,,https://www.tms-lite.com/mlbq-serie.html
TMS LITE,MLBQ-00-090-2-RGBW,table_1,STEP (3D),DXF,DXF,,https://www.tms-lite.com/mlbq-serie.html
TMS LITE,MLBQ-00-090-2-RGBW,table_1,extra_4,RGBW,RGBW,,https://www.tms-lite.com/mlbq-serie.html
TMS LITE,MLBQ-00-090-2-RGBW,table_2,Current,280mA 400mA,280mA 400mA,mA,https://www.tms-lite.com/mlbq-serie.html
TMS LITE,MLBQ-00-090-2-RGBW,table_2,Datasheet,3D-View,3D-View,,https://www.tms-lite.com/mlbq-rgbw-beleuchtungen.html
TMS LITE,MLBQ-00-090-2-RGBW,table_2,Drawing (2D),PDF,PDF,,https://www.tms-lite.com/mlbq-rgbw-beleuchtungen.html
TMS LITE,MLBQ-00-090-2-RGBW,table_2,STEP (3D),DXF,DXF,,https://www.tms-lite.com/mlbq-rgbw-beleuchtungen.html
TMS LITE,MLBQ-00-090-2-RGBW,table_2,Voltage (V) / Watt (W),24V / 6.72W 24V / 9.6W,24V / 6.72W 24V / 9.6W,V,https://www.tms-lite.com/mlbq-serie.html
TMS LITE,MLBQ-00-090-2-RGBW,table_2,Weight (g),410,410,g,https://www.tms-lite.com/mlbq-serie.html
TMS LITE,MLBQ-00-090-2-RGBW,table_2,extra_4,RGBW,RGBW,,https://www.tms-lite.com/mlbq-rgbw-beleuchtungen.html
TMS LITE,MLBQ-00-090-2-RGBW,table_3,A (mm),170,170,mm,https://www.tms-lite.com/mlbq-serie.html
TMS LITE,MLBQ-00-090-2-RGBW,table_3,B (mm),145.8,145.8,mm,https://www.tms-lite.com/mlbq-serie.html
TMS LITE,MLBQ-00-090-2-RGBW,table_3,C (mm),120,120,mm,https://www.tms-lite.com/mlbq-serie.html
TMS LITE,MLBX2-00-060-2-RGB,table_1,Datasheet,3D View,3D View,,https://www.tms-lite.com/mlbx-serie.html
TMS LITE,MLBX2-00-060-2-RGB,table_1,Drawing (2D),RGB: PDF,RGB: PDF,,https://www.tms-lite.com/mlbx-serie.html
TMS LITE,MLBX2-00-060-2-RGB,table_1,STEP (3D),RGB: DXF,RGB: DXF,,https://www.tms-lite.com/mlbx-serie.html
TMS LITE,MLBX2-00-060-2-RGB,table_1,extra_4,RGB,RGB,,https://www.tms-lite.com/mlbx-serie.html
TMS LITE,MLBX2-00-060-2-RGB,table_3,Current,50mA 40mA 40mA,50mA 40mA 40mA,mA,https://www.tms-lite.com/mlbx-serie.html
TMS LITE,MLBX2-00-060-2-RGB,table_3,Voltage (V) / Watt (W),24V / 1.20W 24V / 0.96W 24V / 0.96W,24V / 1.20W 24V / 0.96W 24V / 0.96W,V,https://www.tms-lite.com/mlbx-serie.html
TMS LITE,MLBX2-00-060-2-RGB,table_3,Weight (g),90,90,g,https://www.tms-lite.com/mlbx-serie.html
TMS LITE,MLBX2-00-060-2-RGB,table_4,A (mm),72.0,72.0,mm,https://www.tms-lite.com/mlbx-serie.html
TMS LITE,MLBX2-00-060-2-RGB,table_4,B (mm),60.0,60.0,mm,https://www.tms-lite.com/mlbx-serie.html
TMS LITE,MLBX2-00-060-2-X,table_1,Datasheet,3D View,3D View,,https://www.tms-lite.com/mlbx-serie.html
TMS LITE,MLBX2-00-060-2-X,table_1,Drawing (2D),PDF,PDF,,https://www.tms-lite.com/mlbx-serie.html
TMS LITE,MLBX2-00-060-2-X,table_1,STEP (3D),DXF,DXF,,https://www.tms-lite.com/mlbx-serie.html
TMS LITE,MLBX2-00-060-2-X,table_1,extra_4,Red,Red,,https://www.tms-lite.com/mlbx-serie.html
TMS LITE,MLBX2-00-060-2-X,table_1,extra_5,Green,Green,,https://www.tms-lite.com/mlbx-serie.html
TMS LITE,MLBX2-00-060-2-X,table_1,extra_6,Blue,Blue,,https://www.tms-lite.com/mlbx-serie.html
TMS LITE,MLBX2-00-060-2-X,table_1,extra_7,White,White,,https://www.tms-lite.com/mlbx-serie.html
TMS LITE,MLBX2-00-060-2-X,table_2,Current,96mA 96mA,96mA 96mA,mA,https://www.tms-lite.com/mlbx-serie.html
TMS LITE,MLBX2-00-060-2-X,table_2,Voltage (V) / Watt (W),24V / 2.304W 24V / 2.304W,24V / 2.304W 24V / 2.304W,V,https://www.tms-lite.com/mlbx-serie.html
TMS LITE,MLBX2-00-060-2-X,table_2,Weight (g),75,75,g,https://www.tms-lite.com/mlbx-serie.html
TMS LITE,MLBX2-00-060-2-X,table_4,A (mm),72.0,72.0,mm,https://www.tms-lite.com/mlbx-serie.html
TMS LITE,MLBX2-00-060-2-X,table_4,B (mm),60.0,60.0,mm,https://www.tms-lite.com/mlbx-serie.html
TMS LITE,MLBX2-00-090-2-RGB,table_1,Datasheet,3D View,3D View,,https://www.tms-lite.com/mlbx-serie.html
TMS LITE,MLBX2-00-090-2-RGB,table_1,Drawing (2D),RGB: PDF,RGB: PDF,,https://www.tms-lite.com/mlbx-serie.html
TMS LITE,MLBX2-00-090-2-RGB,table_1,STEP (3D),RGB: DXF,RGB: DXF,,https://www.tms-lite.com/mlbx-serie.html
TMS LITE,MLBX2-00-090-2-RGB,table_1,extra_4,RGB,RGB,,https://www.tms-lite.com/mlbx-serie.html
TMS LITE,MLBX2-00-090-2-RGB,table_3,Current,75mA 60mA 60mA,75mA 60mA 60mA,mA,https://www.tms-lite.com/mlbx-serie.html
TMS LITE,MLBX2-00-090-2-RGB,table_3,Voltage (V) / Watt (W),24V / 1.80W 24V / 1.44W 24V / 1.44W,24V / 1.80W 24V / 1.44W 24V / 1.44W,V,https://www.tms-lite.com/mlbx-serie.html
TMS LITE,MLBX2-00-090-2-RGB,table_3,Weight (g),120,120,g,https://www.tms-lite.com/mlbx-serie.html
TMS LITE,MLBX2-00-090-2-RGB,table_4,A (mm),102.0,102.0,mm,https://www.tms-lite.com/mlbx-serie.html
TMS LITE,MLBX2-00-090-2-RGB,table_4,B (mm),90.0,90.0,mm,https://www.tms-lite.com/mlbx-serie.html
TMS LITE,MLBX2-00-090-2-X,table_1,Datasheet,3D View,3D View,,https://www.tms-lite.com/mlbx-serie.html
TMS LITE,MLBX2-00-090-2-X,table_1,Drawing (2D),PDF,PDF,,https://www.tms-lite.com/mlbx-serie.html
TMS LITE,MLBX2-00-090-2-X,table_1,STEP (3D),DXF,DXF,,https://www.tms-lite.com/mlbx-serie.html
TMS LITE,MLBX2-00-090-2-X,table_1,extra_4,Red,Red,,https://www.tms-lite.com/mlbx-serie.html
TMS LITE,MLBX2-00-090-2-X,table_1,extra_5,Green,Green,,https://www.tms-lite.com/mlbx-serie.html
TMS LITE,MLBX2-00-090-2-X,table_1,extra_6,Blue,Blue,,https://www.tms-lite.com/mlbx-serie.html
TMS LITE,MLBX2-00-090-2-X,table_1,extra_7,White,White,,https://www.tms-lite.com/mlbx-serie.html
TMS LITE,MLBX2-00-090-2-X,table_2,Current,144mA 144mA,144mA 144mA,mA,https://www.tms-lite.com/mlbx-serie.html
TMS LITE,MLBX2-00-090-2-X,table_2,Voltage (V) / Watt (W),24V / 3.46W 24V / 3.46W,24V / 3.46W 24V / 3.46W,V,https://www.tms-lite.com/mlbx-serie.html
TMS LITE,MLBX2-00-090-2-X,table_2,Weight (g),96,96,g,https://www.tms-lite.com/mlbx-serie.html
TMS LITE,MLBX2-00-090-2-X,table_4,A (mm),102.0,102.0,mm,https://www.tms-lite.com/mlbx-serie.html
TMS LITE,MLBX2-00-090-2-X,table_4,B (mm),90.0,90.0,mm,https://www.tms-lite.com/mlbx-serie.html
TMS LITE,MLBX2-00-120-2-RGB,table_1,Datasheet,3D View,3D View,,https://www.tms-lite.com/mlbx-serie.html
TMS LITE,MLBX2-00-120-2-RGB,table_1,Drawing (2D),RGB: PDF,RGB: PDF,,https://www.tms-lite.com/mlbx-serie.html
TMS LITE,MLBX2-00-120-2-RGB,table_1,STEP (3D),RGB: DXF,RGB: DXF,,https://www.tms-lite.com/mlbx-serie.html
TMS LITE,MLBX2-00-120-2-RGB,table_1,extra_4,RGB,RGB,,https://www.tms-lite.com/mlbx-serie.html
TMS LITE,MLBX2-00-120-2-RGB,table_3,Current,100mA 80mA 80mA,100mA 80mA 80mA,mA,https://www.tms-lite.com/mlbx-serie.html
TMS LITE,MLBX2-00-120-2-RGB,table_3,Voltage (V) / Watt (W),24V / 2.40W 24V / 1.92W 24V / 1.92W,24V / 2.40W 24V / 1.92W 24V / 1.92W,V,https://www.tms-lite.com/mlbx-serie.html
TMS LITE,MLBX2-00-120-2-RGB,table_3,Weight (g),140,140,g,https://www.tms-lite.com/mlbx-serie.html
TMS LITE,MLBX2-00-120-2-RGB,table_4,A (mm),132.0,132.0,mm,https://www.tms-lite.com/mlbx-serie.html
TMS LITE,MLBX2-00-120-2-RGB,table_4,B (mm),120.0,120.0,mm,https://www.tms-lite.com/mlbx-serie.html
TMS LITE,MLBX2-00-120-2-X,table_1,Datasheet,3D View,3D View,,https://www.tms-lite.com/mlbx-serie.html
TMS LITE,MLBX2-00-120-2-X,table_1,Drawing (2D),PDF,PDF,,https://www.tms-lite.com/mlbx-serie.html
TMS LITE,MLBX2-00-120-2-X,table_1,STEP (3D),DXF,DXF,,https://www.tms-lite.com/mlbx-serie.html
TMS LITE,MLBX2-00-120-2-X,table_1,extra_4,Red,Red,,https://www.tms-lite.com/mlbx-serie.html
TMS LITE,MLBX2-00-120-2-X,table_1,extra_5,Green,Green,,https://www.tms-lite.com/mlbx-serie.html
TMS LITE,MLBX2-00-120-2-X,table_1,extra_6,Blue,Blue,,https://www.tms-lite.com/mlbx-serie.html
TMS LITE,MLBX2-00-120-2-X,table_1,extra_7,White,White,,https://www.tms-lite.com/mlbx-serie.html
TMS LITE,MLBX2-00-120-2-X,table_2,Current,192mA 192mA,192mA 192mA,mA,https://www.tms-lite.com/mlbx-serie.html
TMS LITE,MLBX2-00-120-2-X,table_2,Voltage (V) / Watt (W),24V / 4.61W 24V / 4.61W,24V / 4.61W 24V / 4.61W,V,https://www.tms-lite.com/mlbx-serie.html
TMS LITE,MLBX2-00-120-2-X,table_2,Weight (g),118,118,g,https://www.tms-lite.com/mlbx-serie.html
TMS LITE,MLBX2-00-120-2-X,table_4,A (mm),132.0,132.0,mm,https://www.tms-lite.com/mlbx-serie.html
TMS LITE,MLBX2-00-120-2-X,table_4,B (mm),120.0,120.0,mm,https://www.tms-lite.com/mlbx-serie.html
TMS LITE,MLBX2-00-150-2-RGB,table_1,Datasheet,3D View,3D View,,https://www.tms-lite.com/mlbx-serie.html
TMS LITE,MLBX2-00-150-2-RGB,table_1,Drawing (2D),RGB: PDF,RGB: PDF,,https://www.tms-lite.com/mlbx-serie.html
TMS LITE,MLBX2-00-150-2-RGB,table_1,STEP (3D),RGB: DXF,RGB: DXF,,https://www.tms-lite.com/mlbx-serie.html
TMS LITE,MLBX2-00-150-2-RGB,table_1,extra_4,RGB,RGB,,https://www.tms-lite.com/mlbx-serie.html
TMS LITE,MLBX2-00-150-2-RGB,table_3,Current,125mA 100mA 100mA,125mA 100mA 100mA,mA,https://www.tms-lite.com/mlbx-serie.html
TMS LITE,MLBX2-00-150-2-RGB,table_3,Voltage (V) / Watt (W),24V / 3.00W 24V / 2.40W 24V / 2.40W,24V / 3.00W 24V / 2.40W 24V / 2.40W,V,https://www.tms-lite.com/mlbx-serie.html
TMS LITE,MLBX2-00-150-2-RGB,table_3,Weight (g),170,170,g,https://www.tms-lite.com/mlbx-serie.html
TMS LITE,MLBX2-00-150-2-RGB,table_4,A (mm),162.0,162.0,mm,https://www.tms-lite.com/mlbx-serie.html
TMS LITE,MLBX2-00-150-2-RGB,table_4,B (mm),150.0,150.0,mm,https://www.tms-lite.com/mlbx-serie.html
TMS LITE,MLBX2-00-150-2-X,table_1,Datasheet,3D View,3D View,,https://www.tms-lite.com/mlbx-serie.html
TMS LITE,MLBX2-00-150-2-X,table_1,Drawing (2D),PDF,PDF,,https://www.tms-lite.com/mlbx-serie.html
TMS LITE,MLBX2-00-150-2-X,table_1,STEP (3D),DXF,DXF,,https://www.tms-lite.com/mlbx-serie.html
TMS LITE,MLBX2-00-150-2-X,table_1,extra_4,Red,Red,,https://www.tms-lite.com/mlbx-serie.html
TMS LITE,MLBX2-00-150-2-X,table_1,extra_5,Green,Green,,https://www.tms-lite.com/mlbx-serie.html
TMS LITE,MLBX2-00-150-2-X,table_1,extra_6,Blue,Blue,,https://www.tms-lite.com/mlbx-serie.html
TMS LITE,MLBX2-00-150-2-X,table_1,extra_7,White,White,,https://www.tms-lite.com/mlbx-serie.html
TMS LITE,MLBX2-00-150-2-X,table_2,Current,240mA 240mA,240mA 240mA,mA,https://www.tms-lite.com/mlbx-serie.html
TMS LITE,MLBX2-00-150-2-X,table_2,Voltage (V) / Watt (W),24V / 5.76W 24V / 5.76W,24V / 5.76W 24V / 5.76W,V,https://www.tms-lite.com/mlbx-serie.html
TMS LITE,MLBX2-00-150-2-X,table_2,Weight (g),139,139,g,https://www.tms-lite.com/mlbx-serie.html
TMS LITE,MLBX2-00-150-2-X,table_4,A (mm),162.0,162.0,mm,https://www.tms-lite.com/mlbx-serie.html
TMS LITE,MLBX2-00-150-2-X,table_4,B (mm),150.0,150.0,mm,https://www.tms-lite.com/mlbx-serie.html
TMS LITE,MLLA-4CH,table_1,DATASHEET (ID),3D View,3D View,,https://www.tms-lite.com/4-section-led-illumination-series-1091998366.html
TMS LITE,MLLA-4CH,table_1,DXF (2D),2D View,2D View,,https://www.tms-lite.com/4-section-led-illumination-series-1091998366.html
TMS LITE,MLLA-4CH,table_1,PDF (2D),MLLA-90-200-1-X-24V-4CH,MLLA-90-200-1-X-24V-4CH,,https://www.tms-lite.com/4-section-led-illumination-series-1091998366.html
TMS LITE,MLLA-4CH,table_1,STEP (3D),2D View,2D View,,https://www.tms-lite.com/4-section-led-illumination-series-1091998366.html
TMS LITE,MLLA-4CH,table_1,extra_5,Datasheet - Red,Datasheet - Red,,https://www.tms-lite.com/4-section-led-illumination-series-1091998366.html
TMS LITE,MLLA-4CH,table_1,extra_6,For further details please contact us,For further details please contact us,,https://www.tms-lite.com/4-section-led-illumination-series-1091998366.html
TMS LITE,MLLA-4CH,table_1,extra_7,For further details please contact us,For further details please contact us,,https://www.tms-lite.com/4-section-led-illumination-series-1091998366.html
TMS LITE,MLLA-4CH,table_1,extra_8,Datasheet - White,Datasheet - White,,https://www.tms-lite.com/4-section-led-illumination-series-1091998366.html
TMS LITE,OD-LSQ-24V-V1,page,Product Page Title,DK-OD-LSQ-24V-V1,DK-OD-LSQ-24V-V1,,https://www.tms-lite.com/dk-od-lsq-24v-v1
TMS LITE,OD-LSQF-24V-V1,page,Product Page Title,DK-OD-LSQF-24V-V1,DK-OD-LSQF-24V-V1,,https://www.tms-lite.com/dk-od-lsqf-24v-v1
TMS LITE,PM2-025,page,Product Page Title,MODULAR ILLUMINATION - PM2-025,MODULAR ILLUMINATION - PM2-025,,https://www.tms-lite.com/modular-illumination-pm2-025
TMS LITE,PM2-025-X-CUBE-MODULE,table_1,Current,200mA 400mA,200mA 400mA,mA,https://www.tms-lite.com/pm2-series.html
TMS LITE,PM2-025-X-CUBE-MODULE,table_1,Voltage (V) / Watt (W),24V / 4.8W 24V / 9.6W,24V / 4.8W 24V / 9.6W,V,https://www.tms-lite.com/pm2-series.html
TMS LITE,PM2-025-X-CUBE-MODULE,table_1,Weight (g),280,280,g,https://www.tms-lite.com/pm2-series.html
TMS LITE,PM2-025-X-CUBE-MODULE,table_3,A (mm),58,58,mm,https://www.tms-lite.com/pm2-series.html
TMS LITE,PM2-025-X-CUBE-MODULE,table_3,B (mm),35.45,35.45,mm,https://www.tms-lite.com/pm2-series.html
TMS LITE,PM2-025-X-CUBE-MODULE,table_3,C (mm),91,91,mm,https://www.tms-lite.com/pm2-series.html
TMS LITE,PM2-025-X-CUBE-MODULE,table_3,D (mm),24.5,24.5,mm,https://www.tms-lite.com/pm2-series.html
TMS LITE,PM2-025-X-CUBE-MODULE,table_3,E (mm),38,38,mm,https://www.tms-lite.com/pm2-series.html
TMS LITE,PM2-025-X-CUBE-MODULE,table_3,F (mm),23.5,23.5,mm,https://www.tms-lite.com/pm2-series.html
TMS LITE,PM2-025-X-CUBE-MODULE,table_3,G (mm),16,16,g,https://www.tms-lite.com/pm2-series.html
TMS LITE,PM2-025-X-CUBE-MODULE,table_3,H (mm),27,27,mm,https://www.tms-lite.com/pm2-series.html
TMS LITE,PM2-025-X-CUBE-MODULE,table_4,Datasheet,3D-view,3D-view,,https://www.tms-lite.com/pm2-series.html
TMS LITE,PM2-025-X-CUBE-MODULE,table_4,Drawing (2D),PDF,PDF,,https://www.tms-lite.com/pm2-series.html
TMS LITE,PM2-025-X-CUBE-MODULE,table_4,STEP (3D),DXF,DXF,,https://www.tms-lite.com/pm2-series.html
TMS LITE,PM2-025-X-CUBE-MODULE,table_4,extra_4,Red,Red,,https://www.tms-lite.com/pm2-series.html
TMS LITE,PM2-025-X-CUBE-MODULE,table_4,extra_5,White,White,,https://www.tms-lite.com/pm2-series.html
TMS LITE,PM2-025-X-HPD2-00-050-1-X-24V,table_1,Current,120mA 120mA,120mA 120mA,mA,https://www.tms-lite.com/pm2-series.html
TMS LITE,PM2-025-X-HPD2-00-050-1-X-24V,table_1,Voltage (V) / Watt (W),24V / 2.88W 24V / 2.88W,24V / 2.88W 24V / 2.88W,V,https://www.tms-lite.com/pm2-series.html
TMS LITE,PM2-025-X-HPD2-00-050-1-X-24V,table_1,Weight (g),445,445,g,https://www.tms-lite.com/pm2-series.html
TMS LITE,PM2-025-X-HPD2-00-050-1-X-24V,table_3,A (mm),63.7,63.7,mm,https://www.tms-lite.com/pm2-series.html
TMS LITE,PM2-025-X-HPD2-00-050-1-X-24V,table_3,B (mm),78,78,mm,https://www.tms-lite.com/pm2-series.html
TMS LITE,PM2-025-X-HPD2-00-050-1-X-24V,table_3,C (mm),100,100,mm,https://www.tms-lite.com/pm2-series.html
TMS LITE,PM2-025-X-HPD2-00-050-1-X-24V,table_3,D (mm),27,27,mm,https://www.tms-lite.com/pm2-series.html
TMS LITE,PM2-025-X-HPD2-00-050-1-X-24V,table_3,E (mm),-,-,mm,https://www.tms-lite.com/pm2-series.html
TMS LITE,PM2-025-X-HPD2-00-050-1-X-24V,table_3,F (mm),-,-,mm,https://www.tms-lite.com/pm2-series.html
TMS LITE,PM2-025-X-HPD2-00-050-1-X-24V,table_3,G (mm),-,-,g,https://www.tms-lite.com/pm2-series.html
TMS LITE,PM2-025-X-HPD2-00-050-1-X-24V,table_3,H (mm),-,-,mm,https://www.tms-lite.com/pm2-series.html
TMS LITE,PM2-025-X-HPD2-00-050-1-X-24V,table_4,Datasheet,3D-view,3D-view,,https://www.tms-lite.com/pm2-series.html
TMS LITE,PM2-025-X-HPD2-00-050-1-X-24V,table_4,Drawing (2D),PDF,PDF,,https://www.tms-lite.com/pm2-series.html
TMS LITE,PM2-025-X-HPD2-00-050-1-X-24V,table_4,STEP (3D),DXF,DXF,,https://www.tms-lite.com/pm2-series.html
TMS LITE,PM2-025-X-HPD2-00-050-1-X-24V,table_4,extra_4,Red,Red,,https://www.tms-lite.com/pm2-series.html
TMS LITE,PM2-025-X-HPD2-00-050-1-X-24V,table_4,extra_5,White,White,,https://www.tms-lite.com/pm2-series.html
TMS LITE,PM2-025-X-IDD-00-045-4-X-24V,table_1,Current,120mA 150mA,120mA 150mA,mA,https://www.tms-lite.com/pm2-series.html
TMS LITE,PM2-025-X-IDD-00-045-4-X-24V,table_1,Voltage (V) / Watt (W),24V / 2.88W 24V /3.6W,24V / 2.88W 24V /3.6W,V,https://www.tms-lite.com/pm2-series.html
TMS LITE,PM2-025-X-IDD-00-045-4-X-24V,table_1,Weight (g),425,425,g,https://www.tms-lite.com/pm2-series.html
TMS LITE,PM2-025-X-IDD-00-045-4-X-24V,table_3,A (mm),63,63,mm,https://www.tms-lite.com/pm2-series.html
TMS LITE,PM2-025-X-IDD-00-045-4-X-24V,table_3,B (mm),69.5,69.5,mm,https://www.tms-lite.com/pm2-series.html
TMS LITE,PM2-025-X-IDD-00-045-4-X-24V,table_3,C (mm),99.5,99.5,mm,https://www.tms-lite.com/pm2-series.html
TMS LITE,PM2-025-X-IDD-00-045-4-X-24V,table_3,D (mm),27,27,mm,https://www.tms-lite.com/pm2-series.html
TMS LITE,PM2-025-X-IDD-00-045-4-X-24V,table_3,E (mm),-,-,mm,https://www.tms-lite.com/pm2-series.html
TMS LITE,PM2-025-X-IDD-00-045-4-X-24V,table_3,F (mm),-,-,mm,https://www.tms-lite.com/pm2-series.html
TMS LITE,PM2-025-X-IDD-00-045-4-X-24V,table_3,G (mm),-,-,g,https://www.tms-lite.com/pm2-series.html
TMS LITE,PM2-025-X-IDD-00-045-4-X-24V,table_3,H (mm),-,-,mm,https://www.tms-lite.com/pm2-series.html
TMS LITE,PM2-025-X-IDD-00-045-4-X-24V,table_4,Datasheet,3D-view,3D-view,,https://www.tms-lite.com/pm2-series.html
TMS LITE,PM2-025-X-IDD-00-045-4-X-24V,table_4,Drawing (2D),PDF,PDF,,https://www.tms-lite.com/pm2-series.html
TMS LITE,PM2-025-X-IDD-00-045-4-X-24V,table_4,STEP (3D),DXF,DXF,,https://www.tms-lite.com/pm2-series.html
TMS LITE,PM2-025-X-IDD-00-045-4-X-24V,table_4,extra_4,Red,Red,,https://www.tms-lite.com/pm2-series.html
TMS LITE,PM2-025-X-IDD-00-045-4-X-24V,table_4,extra_5,White,White,,https://www.tms-lite.com/pm2-series.html
TMS LITE,PM2-025-X-LBMQ-00-040-3-X-24V,table_1,Current,180mA 360mA,180mA 360mA,mA,https://www.tms-lite.com/pm2-series.html
TMS LITE,PM2-025-X-LBMQ-00-040-3-X-24V,table_1,Voltage (V) / Watt (W),24V / 4.32W 24V / 8.64W,24V / 4.32W 24V / 8.64W,V,https://www.tms-lite.com/pm2-series.html
TMS LITE,PM2-025-X-LBMQ-00-040-3-X-24V,table_1,Weight (g),465,465,g,https://www.tms-lite.com/pm2-series.html
TMS LITE,PM2-025-X-LBMQ-00-040-3-X-24V,table_3,A (mm),90,90,mm,https://www.tms-lite.com/pm2-series.html
TMS LITE,PM2-025-X-LBMQ-00-040-3-X-24V,table_3,B (mm),57.5,57.5,mm,https://www.tms-lite.com/pm2-series.html
TMS LITE,PM2-025-X-LBMQ-00-040-3-X-24V,table_3,C (mm),117,117,mm,https://www.tms-lite.com/pm2-series.html
TMS LITE,PM2-025-X-LBMQ-00-040-3-X-24V,table_3,D (mm),27,27,mm,https://www.tms-lite.com/pm2-series.html
TMS LITE,PM2-025-X-LBMQ-00-040-3-X-24V,table_3,E (mm),-,-,mm,https://www.tms-lite.com/pm2-series.html
TMS LITE,PM2-025-X-LBMQ-00-040-3-X-24V,table_3,F (mm),-,-,mm,https://www.tms-lite.com/pm2-series.html
TMS LITE,PM2-025-X-LBMQ-00-040-3-X-24V,table_3,G (mm),-,-,g,https://www.tms-lite.com/pm2-series.html
TMS LITE,PM2-025-X-LBMQ-00-040-3-X-24V,table_3,H (mm),-,-,mm,https://www.tms-lite.com/pm2-series.html
TMS LITE,PM2-025-X-LBMQ-00-040-3-X-24V,table_4,Datasheet,3D-view,3D-view,,https://www.tms-lite.com/pm2-series.html
TMS LITE,PM2-025-X-LBMQ-00-040-3-X-24V,table_4,Drawing (2D),PDF,PDF,,https://www.tms-lite.com/pm2-series.html
TMS LITE,PM2-025-X-LBMQ-00-040-3-X-24V,table_4,STEP (3D),DXF,DXF,,https://www.tms-lite.com/pm2-series.html
TMS LITE,PM2-025-X-LBMQ-00-040-3-X-24V,table_4,extra_4,Red,Red,,https://www.tms-lite.com/pm2-series.html
TMS LITE,PM2-025-X-LBMQ-00-040-3-X-24V,table_4,extra_5,White,White,,https://www.tms-lite.com/pm2-series.html
TMS LITE,PM2-025-X-LSQ-15.30.45-051-3-X-24V,table_1,Current,30mA 60mA,30mA 60mA,mA,https://www.tms-lite.com/pm2-series.html
TMS LITE,PM2-025-X-LSQ-15.30.45-051-3-X-24V,table_1,Voltage (V) / Watt (W),24V / 0.72W 24V / 1.44W,24V / 0.72W 24V / 1.44W,V,https://www.tms-lite.com/pm2-series.html
TMS LITE,PM2-025-X-LSQ-15.30.45-051-3-X-24V,table_1,Weight (g),376,376,g,https://www.tms-lite.com/pm2-series.html
TMS LITE,PM2-025-X-LSQ-15.30.45-051-3-X-24V,table_3,A (mm),63,63,mm,https://www.tms-lite.com/pm2-series.html
TMS LITE,PM2-025-X-LSQ-15.30.45-051-3-X-24V,table_3,B (mm),62,62,mm,https://www.tms-lite.com/pm2-series.html
TMS LITE,PM2-025-X-LSQ-15.30.45-051-3-X-24V,table_3,C (mm),97.8,97.8,mm,https://www.tms-lite.com/pm2-series.html
TMS LITE,PM2-025-X-LSQ-15.30.45-051-3-X-24V,table_3,D (mm),27,27,mm,https://www.tms-lite.com/pm2-series.html
TMS LITE,PM2-025-X-LSQ-15.30.45-051-3-X-24V,table_3,E (mm),-,-,mm,https://www.tms-lite.com/pm2-series.html
TMS LITE,PM2-025-X-LSQ-15.30.45-051-3-X-24V,table_3,F (mm),-,-,mm,https://www.tms-lite.com/pm2-series.html
TMS LITE,PM2-025-X-LSQ-15.30.45-051-3-X-24V,table_3,G (mm),-,-,g,https://www.tms-lite.com/pm2-series.html
TMS LITE,PM2-025-X-LSQ-15.30.45-051-3-X-24V,table_3,H (mm),-,-,mm,https://www.tms-lite.com/pm2-series.html
TMS LITE,PM2-025-X-LSQ-15.30.45-051-3-X-24V,table_4,Datasheet,3D-view,3D-view,,https://www.tms-lite.com/pm2-series.html
TMS LITE,PM2-025-X-LSQ-15.30.45-051-3-X-24V,table_4,Drawing (2D),PDF,PDF,,https://www.tms-lite.com/pm2-series.html
TMS LITE,PM2-025-X-LSQ-15.30.45-051-3-X-24V,table_4,STEP (3D),DXF,DXF,,https://www.tms-lite.com/pm2-series.html
TMS LITE,PM2-025-X-LSQ-15.30.45-051-3-X-24V,table_4,extra_4,Red,Red,,https://www.tms-lite.com/pm2-series.html
TMS LITE,PM2-025-X-LSQ-15.30.45-051-3-X-24V,table_4,extra_5,White,White,,https://www.tms-lite.com/pm2-series.html
TMS LITE,PM2-025-X-LSQF-15.30.45-051-3-X-24V,table_1,Current,60mA 120mA,60mA 120mA,mA,https://www.tms-lite.com/pm2-series.html
TMS LITE,PM2-025-X-LSQF-15.30.45-051-3-X-24V,table_1,Voltage (V) / Watt (W),24V / 1.44W 24V / 2.88W,24V / 1.44W 24V / 2.88W,V,https://www.tms-lite.com/pm2-series.html
TMS LITE,PM2-025-X-LSQF-15.30.45-051-3-X-24V,table_1,Weight (g),376,376,g,https://www.tms-lite.com/pm2-series.html
TMS LITE,PM2-025-X-LSQF-15.30.45-051-3-X-24V,table_3,A (mm),63,63,mm,https://www.tms-lite.com/pm2-series.html
TMS LITE,PM2-025-X-LSQF-15.30.45-051-3-X-24V,table_3,B (mm),62,62,mm,https://www.tms-lite.com/pm2-series.html
TMS LITE,PM2-025-X-LSQF-15.30.45-051-3-X-24V,table_3,C (mm),97.2,97.2,mm,https://www.tms-lite.com/pm2-series.html
TMS LITE,PM2-025-X-LSQF-15.30.45-051-3-X-24V,table_3,D (mm),27,27,mm,https://www.tms-lite.com/pm2-series.html
TMS LITE,PM2-025-X-LSQF-15.30.45-051-3-X-24V,table_3,E (mm),-,-,mm,https://www.tms-lite.com/pm2-series.html
TMS LITE,PM2-025-X-LSQF-15.30.45-051-3-X-24V,table_3,F (mm),-,-,mm,https://www.tms-lite.com/pm2-series.html
TMS LITE,PM2-025-X-LSQF-15.30.45-051-3-X-24V,table_3,G (mm),-,-,g,https://www.tms-lite.com/pm2-series.html
TMS LITE,PM2-025-X-LSQF-15.30.45-051-3-X-24V,table_3,H (mm),-,-,mm,https://www.tms-lite.com/pm2-series.html
TMS LITE,PM2-025-X-LSQF-15.30.45-051-3-X-24V,table_4,Datasheet,3D-view,3D-view,,https://www.tms-lite.com/pm2-series.html
TMS LITE,PM2-025-X-LSQF-15.30.45-051-3-X-24V,table_4,Drawing (2D),PDF,PDF,,https://www.tms-lite.com/pm2-series.html
TMS LITE,PM2-025-X-LSQF-15.30.45-051-3-X-24V,table_4,STEP (3D),DXF,DXF,,https://www.tms-lite.com/pm2-series.html
TMS LITE,PM2-025-X-LSQF-15.30.45-051-3-X-24V,table_4,extra_4,Red,Red,,https://www.tms-lite.com/pm2-series.html
TMS LITE,PM2-025-X-LSQF-15.30.45-051-3-X-24V,table_4,extra_5,White,White,,https://www.tms-lite.com/pm2-series.html
TMS LITE,PM2-040,page,Product Page Title,MODULAR ILLUMINATION - PM2-040,MODULAR ILLUMINATION - PM2-040,,https://www.tms-lite.com/modular-illumination-pm2-040
TMS LITE,PM2-040-X-CUBE-MODULE,table_1,Current,200mA 400mA,200mA 400mA,mA,https://www.tms-lite.com/pm2-series.html
TMS LITE,PM2-040-X-CUBE-MODULE,table_1,Voltage (V) / Watt (W),24V / 4.8W 24V / 9.6W,24V / 4.8W 24V / 9.6W,V,https://www.tms-lite.com/pm2-series.html
TMS LITE,PM2-040-X-CUBE-MODULE,table_1,Weight (g),570,570,g,https://www.tms-lite.com/pm2-series.html
TMS LITE,PM2-040-X-CUBE-MODULE,table_3,A (mm),72.9,72.9,mm,https://www.tms-lite.com/pm2-series.html
TMS LITE,PM2-040-X-CUBE-MODULE,table_3,B (mm),42.9,42.9,mm,https://www.tms-lite.com/pm2-series.html
TMS LITE,PM2-040-X-CUBE-MODULE,table_3,C (mm),109.5,109.5,mm,https://www.tms-lite.com/pm2-series.html
TMS LITE,PM2-040-X-CUBE-MODULE,table_3,D (mm),39.5,39.5,mm,https://www.tms-lite.com/pm2-series.html
TMS LITE,PM2-040-X-CUBE-MODULE,table_3,E (mm),53,53,mm,https://www.tms-lite.com/pm2-series.html
TMS LITE,PM2-040-X-CUBE-MODULE,table_3,F (mm),38.5,38.5,mm,https://www.tms-lite.com/pm2-series.html
TMS LITE,PM2-040-X-CUBE-MODULE,table_3,G (mm),22,22,g,https://www.tms-lite.com/pm2-series.html
TMS LITE,PM2-040-X-CUBE-MODULE,table_3,H (mm),42,42,mm,https://www.tms-lite.com/pm2-series.html
TMS LITE,PM2-040-X-CUBE-MODULE,table_4,Datasheet,3D-view,3D-view,,https://www.tms-lite.com/pm2-series.html
TMS LITE,PM2-040-X-CUBE-MODULE,table_4,Drawing (2D),PDF,PDF,,https://www.tms-lite.com/pm2-series.html
TMS LITE,PM2-040-X-CUBE-MODULE,table_4,STEP (3D),DXF,DXF,,https://www.tms-lite.com/pm2-series.html
TMS LITE,PM2-040-X-CUBE-MODULE,table_4,extra_4,Red,Red,,https://www.tms-lite.com/pm2-series.html
TMS LITE,PM2-040-X-CUBE-MODULE,table_4,extra_5,White,White,,https://www.tms-lite.com/pm2-series.html
TMS LITE,PM2-040-X-DLC-00-070-1-X-24V,table_1,Current,88mA,88mA,mA,https://www.tms-lite.com/pm2-series.html
TMS LITE,PM2-040-X-DLC-00-070-1-X-24V,table_1,Voltage (V) / Watt (W),24V / 2.1W,24V / 2.1W,V,https://www.tms-lite.com/pm2-series.html
TMS LITE,PM2-040-X-DLC-00-070-1-X-24V,table_1,Weight (g),906,906,g,https://www.tms-lite.com/pm2-series.html
TMS LITE,PM2-040-X-DLC-00-070-1-X-24V,table_2,Current,000mA 000mA,000mA 000mA,mA,https://www.tms-lite.com/pm2-series.html
TMS LITE,PM2-040-X-DLC-00-070-1-X-24V,table_2,Voltage (V) / Watt (W),24V / 0.0W 24V / 0.0W,24V / 0.0W 24V / 0.0W,V,https://www.tms-lite.com/pm2-series.html
TMS LITE,PM2-040-X-DLC-00-070-1-X-24V,table_2,Weight (g),906,906,g,https://www.tms-lite.com/pm2-series.html
TMS LITE,PM2-040-X-DLC-00-070-1-X-24V,table_3,A (mm),79.7,79.7,mm,https://www.tms-lite.com/pm2-series.html
TMS LITE,PM2-040-X-DLC-00-070-1-X-24V,table_3,B (mm),81,81,mm,https://www.tms-lite.com/pm2-series.html
TMS LITE,PM2-040-X-DLC-00-070-1-X-24V,table_3,C (mm),117,117,mm,https://www.tms-lite.com/pm2-series.html
TMS LITE,PM2-040-X-DLC-00-070-1-X-24V,table_3,D (mm),42,42,mm,https://www.tms-lite.com/pm2-series.html
TMS LITE,PM2-040-X-DLC-00-070-1-X-24V,table_3,E (mm),-,-,mm,https://www.tms-lite.com/pm2-series.html
TMS LITE,PM2-040-X-DLC-00-070-1-X-24V,table_3,F (mm),-,-,mm,https://www.tms-lite.com/pm2-series.html
TMS LITE,PM2-040-X-DLC-00-070-1-X-24V,table_3,G (mm),-,-,g,https://www.tms-lite.com/pm2-series.html
TMS LITE,PM2-040-X-DLC-00-070-1-X-24V,table_3,H (mm),-,-,mm,https://www.tms-lite.com/pm2-series.html
TMS LITE,PM2-040-X-DLC-00-070-1-X-24V,table_4,Datasheet,3D-view,3D-view,,https://www.tms-lite.com/pm2-series.html
TMS LITE,PM2-040-X-DLC-00-070-1-X-24V,table_4,Drawing (2D),PDF,PDF,,https://www.tms-lite.com/pm2-series.html
TMS LITE,PM2-040-X-DLC-00-070-1-X-24V,table_4,STEP (3D),DXF,DXF,,https://www.tms-lite.com/pm2-series.html
TMS LITE,PM2-040-X-DLC-00-070-1-X-24V,table_4,extra_4,Red,Red,,https://www.tms-lite.com/pm2-series.html
TMS LITE,PM2-040-X-DLC-00-070-1-X-24V,table_4,extra_5,White,White,,https://www.tms-lite.com/pm2-series.html
TMS LITE,PM2-040-X-HLBQ2-00-065-1-X-24V,table_1,Current,180mA,180mA,mA,https://www.tms-lite.com/pm2-series.html
TMS LITE,PM2-040-X-HLBQ2-00-065-1-X-24V,table_1,Voltage (V) / Watt (W),24V / 4.32W,24V / 4.32W,V,https://www.tms-lite.com/pm2-series.html
TMS LITE,PM2-040-X-HLBQ2-00-065-1-X-24V,table_1,Weight (g),866,866,g,https://www.tms-lite.com/pm2-series.html
TMS LITE,PM2-040-X-HLBQ2-00-065-1-X-24V,table_3,A (mm),128.2,128.2,mm,https://www.tms-lite.com/pm2-series.html
TMS LITE,PM2-040-X-HLBQ2-00-065-1-X-24V,table_3,B (mm),89.5,89.5,mm,https://www.tms-lite.com/pm2-series.html
TMS LITE,PM2-040-X-HLBQ2-00-065-1-X-24V,table_3,C (mm),146.1,146.1,mm,https://www.tms-lite.com/pm2-series.html
TMS LITE,PM2-040-X-HLBQ2-00-065-1-X-24V,table_3,D (mm),42,42,mm,https://www.tms-lite.com/pm2-series.html
TMS LITE,PM2-040-X-HLBQ2-00-065-1-X-24V,table_3,E (mm),-,-,mm,https://www.tms-lite.com/pm2-series.html
TMS LITE,PM2-040-X-HLBQ2-00-065-1-X-24V,table_3,F (mm),-,-,mm,https://www.tms-lite.com/pm2-series.html
TMS LITE,PM2-040-X-HLBQ2-00-065-1-X-24V,table_3,G (mm),-,-,g,https://www.tms-lite.com/pm2-series.html
TMS LITE,PM2-040-X-HLBQ2-00-065-1-X-24V,table_3,H (mm),-,-,mm,https://www.tms-lite.com/pm2-series.html
TMS LITE,PM2-040-X-HLBQ2-00-065-1-X-24V,table_4,Datasheet,3D-view,3D-view,,https://www.tms-lite.com/pm2-series.html
TMS LITE,PM2-040-X-HLBQ2-00-065-1-X-24V,table_4,Drawing (2D),PDF,PDF,,https://www.tms-lite.com/pm2-series.html
TMS LITE,PM2-040-X-HLBQ2-00-065-1-X-24V,table_4,STEP (3D),DXF,DXF,,https://www.tms-lite.com/pm2-series.html
TMS LITE,PM2-040-X-HLBQ2-00-065-1-X-24V,table_4,extra_4,Red,Red,,https://www.tms-lite.com/pm2-series.html
TMS LITE,PM2-040-X-HLBQ2-00-065-1-X-24V,table_4,extra_5,White,White,,https://www.tms-lite.com/pm2-series.html
TMS LITE,PM2-040-X-HPD2-00-080-1-X-24V,table_1,Current,90mA,90mA,mA,https://www.tms-lite.com/pm2-series.html
TMS LITE,PM2-040-X-HPD2-00-080-1-X-24V,table_1,Voltage (V) / Watt (W),24V / 2.16W,24V / 2.16W,V,https://www.tms-lite.com/pm2-series.html
TMS LITE,PM2-040-X-HPD2-00-080-1-X-24V,table_1,Weight (g),874,874,g,https://www.tms-lite.com/pm2-series.html
TMS LITE,PM2-040-X-HPD2-00-080-1-X-24V,table_2,Current,000mA 000mA,000mA 000mA,mA,https://www.tms-lite.com/pm2-series.html
TMS LITE,PM2-040-X-HPD2-00-080-1-X-24V,table_2,Voltage (V) / Watt (W),24V / 0.0W 24V / 0.0W,24V / 0.0W 24V / 0.0W,V,https://www.tms-lite.com/pm2-series.html
TMS LITE,PM2-040-X-HPD2-00-080-1-X-24V,table_2,Weight (g),155,155,g,https://www.tms-lite.com/pm2-series.html
TMS LITE,PM2-040-X-HPD2-00-080-1-X-24V,table_3,A (mm),85.5,85.5,mm,https://www.tms-lite.com/pm2-series.html
TMS LITE,PM2-040-X-HPD2-00-080-1-X-24V,table_3,B (mm),93,93,mm,https://www.tms-lite.com/pm2-series.html
TMS LITE,PM2-040-X-HPD2-00-080-1-X-24V,table_3,C (mm),122.5,122.5,mm,https://www.tms-lite.com/pm2-series.html
TMS LITE,PM2-040-X-HPD2-00-080-1-X-24V,table_3,D (mm),42,42,mm,https://www.tms-lite.com/pm2-series.html
TMS LITE,PM2-040-X-HPD2-00-080-1-X-24V,table_3,E (mm),-,-,mm,https://www.tms-lite.com/pm2-series.html
TMS LITE,PM2-040-X-HPD2-00-080-1-X-24V,table_3,F (mm),-,-,mm,https://www.tms-lite.com/pm2-series.html
TMS LITE,PM2-040-X-HPD2-00-080-1-X-24V,table_3,G (mm),-,-,g,https://www.tms-lite.com/pm2-series.html
TMS LITE,PM2-040-X-HPD2-00-080-1-X-24V,table_3,H (mm),-,-,mm,https://www.tms-lite.com/pm2-series.html
TMS LITE,PM2-040-X-HPD2-00-080-1-X-24V,table_4,Datasheet,3D-view,3D-view,,https://www.tms-lite.com/pm2-series.html
TMS LITE,PM2-040-X-HPD2-00-080-1-X-24V,table_4,Drawing (2D),PDF,PDF,,https://www.tms-lite.com/pm2-series.html
TMS LITE,PM2-040-X-HPD2-00-080-1-X-24V,table_4,STEP (3D),DXF,DXF,,https://www.tms-lite.com/pm2-series.html
TMS LITE,PM2-040-X-HPD2-00-080-1-X-24V,table_4,extra_4,Red,Red,,https://www.tms-lite.com/pm2-series.html
TMS LITE,PM2-040-X-HPD2-00-080-1-X-24V,table_4,extra_5,White,White,,https://www.tms-lite.com/pm2-series.html
TMS LITE,PM2-040-X-IDD-00-080-3-X-24V,table_1,Current,180mA,180mA,mA,https://www.tms-lite.com/pm2-series.html
TMS LITE,PM2-040-X-IDD-00-080-3-X-24V,table_1,Voltage (V) / Watt (W),24V / 4.32W,24V / 4.32W,V,https://www.tms-lite.com/pm2-series.html
TMS LITE,PM2-040-X-IDD-00-080-3-X-24V,table_1,Weight (g),765,765,g,https://www.tms-lite.com/pm2-series.html
TMS LITE,PM2-040-X-IDD-00-080-3-X-24V,table_3,A (mm),81,81,mm,https://www.tms-lite.com/pm2-series.html
TMS LITE,PM2-040-X-IDD-00-080-3-X-24V,table_3,B (mm),93,93,mm,https://www.tms-lite.com/pm2-series.html
TMS LITE,PM2-040-X-IDD-00-080-3-X-24V,table_3,C (mm),122,122,mm,https://www.tms-lite.com/pm2-series.html
TMS LITE,PM2-040-X-IDD-00-080-3-X-24V,table_3,D (mm),42,42,mm,https://www.tms-lite.com/pm2-series.html
TMS LITE,PM2-040-X-IDD-00-080-3-X-24V,table_3,E (mm),-,-,mm,https://www.tms-lite.com/pm2-series.html
TMS LITE,PM2-040-X-IDD-00-080-3-X-24V,table_3,F (mm),-,-,mm,https://www.tms-lite.com/pm2-series.html
TMS LITE,PM2-040-X-IDD-00-080-3-X-24V,table_3,G (mm),-,-,g,https://www.tms-lite.com/pm2-series.html
TMS LITE,PM2-040-X-IDD-00-080-3-X-24V,table_3,H (mm),-,-,mm,https://www.tms-lite.com/pm2-series.html
TMS LITE,PM2-040-X-IDD-00-080-3-X-24V,table_4,Datasheet,3D-view,3D-view,,https://www.tms-lite.com/pm2-series.html
TMS LITE,PM2-040-X-IDD-00-080-3-X-24V,table_4,Drawing (2D),PDF,PDF,,https://www.tms-lite.com/pm2-series.html
TMS LITE,PM2-040-X-IDD-00-080-3-X-24V,table_4,STEP (3D),DXF,DXF,,https://www.tms-lite.com/pm2-series.html
TMS LITE,PM2-040-X-IDD-00-080-3-X-24V,table_4,extra_4,Red,Red,,https://www.tms-lite.com/pm2-series.html
TMS LITE,PM2-040-X-IDD-00-080-3-X-24V,table_4,extra_5,White,White,,https://www.tms-lite.com/pm2-series.html
TMS LITE,PM2-040-X-IDDQ-00-070-3-X-24V,table_1,Current,160mA,160mA,mA,https://www.tms-lite.com/pm2-series.html
TMS LITE,PM2-040-X-IDDQ-00-070-3-X-24V,table_1,Voltage (V) / Watt (W),24V / 3.84W,24V / 3.84W,V,https://www.tms-lite.com/pm2-series.html
TMS LITE,PM2-040-X-IDDQ-00-070-3-X-24V,table_1,Weight (g),805,805,g,https://www.tms-lite.com/pm2-series.html
TMS LITE,PM2-040-X-IDDQ-00-070-3-X-24V,table_3,A (mm),82.8,82.8,mm,https://www.tms-lite.com/pm2-series.html
TMS LITE,PM2-040-X-IDDQ-00-070-3-X-24V,table_3,B (mm),90,90,mm,https://www.tms-lite.com/pm2-series.html
TMS LITE,PM2-040-X-IDDQ-00-070-3-X-24V,table_3,C (mm),120.1,120.1,mm,https://www.tms-lite.com/pm2-series.html
TMS LITE,PM2-040-X-IDDQ-00-070-3-X-24V,table_3,D (mm),42,42,mm,https://www.tms-lite.com/pm2-series.html
TMS LITE,PM2-040-X-IDDQ-00-070-3-X-24V,table_3,E (mm),-,-,mm,https://www.tms-lite.com/pm2-series.html
TMS LITE,PM2-040-X-IDDQ-00-070-3-X-24V,table_3,F (mm),-,-,mm,https://www.tms-lite.com/pm2-series.html
TMS LITE,PM2-040-X-IDDQ-00-070-3-X-24V,table_3,G (mm),-,-,g,https://www.tms-lite.com/pm2-series.html
TMS LITE,PM2-040-X-IDDQ-00-070-3-X-24V,table_3,H (mm),-,-,mm,https://www.tms-lite.com/pm2-series.html
TMS LITE,PM2-040-X-IDDQ-00-070-3-X-24V,table_4,Datasheet,3D-view,3D-view,,https://www.tms-lite.com/pm2-series.html
TMS LITE,PM2-040-X-IDDQ-00-070-3-X-24V,table_4,Drawing (2D),PDF,PDF,,https://www.tms-lite.com/pm2-series.html
TMS LITE,PM2-040-X-IDDQ-00-070-3-X-24V,table_4,STEP (3D),DXF,DXF,,https://www.tms-lite.com/pm2-series.html
TMS LITE,PM2-040-X-IDDQ-00-070-3-X-24V,table_4,extra_4,Red,Red,,https://www.tms-lite.com/pm2-series.html
TMS LITE,PM2-040-X-IDDQ-00-070-3-X-24V,table_4,extra_5,White,White,,https://www.tms-lite.com/pm2-series.html
TMS LITE,R,table_1,Datasheet,W,W,W,https://www.tms-lite.com/hlbq2-serie.html
TMS LITE,R,table_1,Datasheet,W,W,W,https://www.tms-lite.com/bhh-serie.html
TMS LITE,R,table_1,Drawing (2D),G,G,g,https://www.tms-lite.com/hlbq2-serie.html
TMS LITE,R,table_1,Drawing (2D),G,G,g,https://www.tms-lite.com/bhh-serie.html
TMS LITE,R,table_1,STEP (3D),B,B,,https://www.tms-lite.com/hlbq2-serie.html
TMS LITE,R,table_1,STEP (3D),B,B,,https://www.tms-lite.com/bhh-serie.html
TMS LITE,R,table_3,Datasheet,W,W,W,https://www.tms-lite.com/lsq-series-stackable.html
TMS LITE,R,table_3,Drawing (2D),G,G,g,https://www.tms-lite.com/lsq-series-stackable.html
TMS LITE,R,table_3,STEP (3D),B,B,,https://www.tms-lite.com/lsq-series-stackable.html
TMS LITE,RGBW-V1,page,Product Page Title,DK-RGBW-V1,DK-RGBW-V1,,https://www.tms-lite.com/dk-rgbw-v1
TMS LITE,STARTER-V1,page,Product Page Title,PTS4-STARTER-V1,PTS4-STARTER-V1,,https://www.tms-lite.com/pts3-starter-v1
TMS LITE,STATION-OPTO-EBD-01,page,Product Page Title,TME-STATION-OPTO-EBD-01,TME-STATION-OPTO-EBD-01,,https://www.tms-lite.com/tme-station-opto-ebd-01
TMS LITE,UV385,table_2,Datasheet,UV385,UV385,,https://www.tms-lite.com/uv-illumination-hpd.html
TMS LITE,UV385,table_2,Datasheet,UV385,UV385,,https://www.tms-lite.com/lsw-uv-illumination-serie.html
TMS LITE,UV385,table_2,Datasheet,UV375,UV375,,https://www.tms-lite.com/lla-uv-illumination-serie.html
TMS LITE,UV385,table_2,Datasheet,UV385,UV385,,https://www.tms-lite.com/uv-illumination-lbrq.html
TMS LITE,UV385,table_2,Drawing (2D),DXF,DXF,,https://www.tms-lite.com/uv-illumination-hpd.html
TMS LITE,UV385,table_2,Drawing (2D),DXF,DXF,,https://www.tms-lite.com/lsw-uv-illumination-serie.html
TMS LITE,UV385,table_2,Drawing (2D),DXF,DXF,,https://www.tms-lite.com/lla-uv-illumination-serie.html
TMS LITE,UV385,table_2,Drawing (2D),DXF,DXF,,https://www.tms-lite.com/uv-illumination-lbrq.html
TMS LITE,UV385,table_2,STEP (3D),3D-view,3D-view,,https://www.tms-lite.com/uv-illumination-hpd.html
TMS LITE,UV385,table_2,STEP (3D),3D-view,3D-view,,https://www.tms-lite.com/lsw-uv-illumination-serie.html
TMS LITE,UV385,table_2,STEP (3D),3D-view,3D-view,,https://www.tms-lite.com/lla-uv-illumination-serie.html
TMS LITE,UV385,table_2,STEP (3D),3D-view,3D-view,,https://www.tms-lite.com/uv-illumination-lbrq.html
TMS LITE,UV385,table_2,UV,PDF,PDF,,https://www.tms-lite.com/uv-illumination-hpd.html
TMS LITE,UV385,table_2,UV,PDF,PDF,,https://www.tms-lite.com/lsw-uv-illumination-serie.html
TMS LITE,UV385,table_2,UV,PDF,PDF,,https://www.tms-lite.com/lla-uv-illumination-serie.html
TMS LITE,UV385,table_2,UV,PDF,PDF,,https://www.tms-lite.com/uv-illumination-lbrq.html
TMS LITE,UV385,table_3,Datasheet,UV385,UV385,,https://www.tms-lite.com/lbrx-uv-illumination-serie.html
TMS LITE,UV385,table_3,Drawing (2D),DXF,DXF,,https://www.tms-lite.com/lbrx-uv-illumination-serie.html
TMS LITE,UV385,table_3,STEP (3D),3D-view,3D-view,,https://www.tms-lite.com/lbrx-uv-illumination-serie.html
TMS LITE,UV385,table_3,UV,PDF,PDF,,https://www.tms-lite.com/lbrx-uv-illumination-serie.html
TMS LITE,UV395,table_2,Datasheet,UV395,UV395,,https://www.tms-lite.com/uv-illumination-hpd.html
TMS LITE,UV395,table_2,Datasheet,UV395,UV395,,https://www.tms-lite.com/lsw-uv-illumination-serie.html
TMS LITE,UV395,table_2,Datasheet,UV375,UV375,,https://www.tms-lite.com/lla-uv-illumination-serie.html
TMS LITE,UV395,table_2,Datasheet,UV395,UV395,,https://www.tms-lite.com/uv-illumination-lbrq.html
TMS LITE,UV395,table_2,Drawing (2D),DXF,DXF,,https://www.tms-lite.com/uv-illumination-hpd.html
TMS LITE,UV395,table_2,Drawing (2D),DXF,DXF,,https://www.tms-lite.com/lsw-uv-illumination-serie.html
TMS LITE,UV395,table_2,Drawing (2D),DXF,DXF,,https://www.tms-lite.com/lla-uv-illumination-serie.html
TMS LITE,UV395,table_2,Drawing (2D),DXF,DXF,,https://www.tms-lite.com/uv-illumination-lbrq.html
TMS LITE,UV395,table_2,STEP (3D),3D-view,3D-view,,https://www.tms-lite.com/uv-illumination-hpd.html
TMS LITE,UV395,table_2,STEP (3D),3D-view,3D-view,,https://www.tms-lite.com/lsw-uv-illumination-serie.html
TMS LITE,UV395,table_2,STEP (3D),3D-view,3D-view,,https://www.tms-lite.com/lla-uv-illumination-serie.html
TMS LITE,UV395,table_2,STEP (3D),3D-view,3D-view,,https://www.tms-lite.com/uv-illumination-lbrq.html
TMS LITE,UV395,table_2,UV,PDF,PDF,,https://www.tms-lite.com/uv-illumination-hpd.html
TMS LITE,UV395,table_2,UV,PDF,PDF,,https://www.tms-lite.com/lsw-uv-illumination-serie.html
TMS LITE,UV395,table_2,UV,PDF,PDF,,https://www.tms-lite.com/lla-uv-illumination-serie.html
TMS LITE,UV395,table_2,UV,PDF,PDF,,https://www.tms-lite.com/uv-illumination-lbrq.html
TMS LITE,UV395,table_3,Datasheet,UV395,UV395,,https://www.tms-lite.com/lbrx-uv-illumination-serie.html
TMS LITE,UV395,table_3,Drawing (2D),DXF,DXF,,https://www.tms-lite.com/lbrx-uv-illumination-serie.html
TMS LITE,UV395,table_3,STEP (3D),3D-view,3D-view,,https://www.tms-lite.com/lbrx-uv-illumination-serie.html
TMS LITE,UV395,table_3,UV,PDF,PDF,,https://www.tms-lite.com/lbrx-uv-illumination-serie.html
TMS LITE,UV405,table_2,Datasheet,UV405,UV405,,https://www.tms-lite.com/uv-illumination-hpd.html
TMS LITE,UV405,table_2,Datasheet,UV405,UV405,,https://www.tms-lite.com/lsw-uv-illumination-serie.html
TMS LITE,UV405,table_2,Datasheet,UV375,UV375,,https://www.tms-lite.com/lla-uv-illumination-serie.html
TMS LITE,UV405,table_2,Datasheet,UV405,UV405,,https://www.tms-lite.com/uv-illumination-lbrq.html
TMS LITE,UV405,table_2,Drawing (2D),DXF,DXF,,https://www.tms-lite.com/uv-illumination-hpd.html
TMS LITE,UV405,table_2,Drawing (2D),DXF,DXF,,https://www.tms-lite.com/lsw-uv-illumination-serie.html
TMS LITE,UV405,table_2,Drawing (2D),DXF,DXF,,https://www.tms-lite.com/lla-uv-illumination-serie.html
TMS LITE,UV405,table_2,Drawing (2D),DXF,DXF,,https://www.tms-lite.com/uv-illumination-lbrq.html
TMS LITE,UV405,table_2,STEP (3D),3D-view,3D-view,,https://www.tms-lite.com/uv-illumination-hpd.html
TMS LITE,UV405,table_2,STEP (3D),3D-view,3D-view,,https://www.tms-lite.com/lsw-uv-illumination-serie.html
TMS LITE,UV405,table_2,STEP (3D),3D-view,3D-view,,https://www.tms-lite.com/lla-uv-illumination-serie.html
TMS LITE,UV405,table_2,STEP (3D),3D-view,3D-view,,https://www.tms-lite.com/uv-illumination-lbrq.html
TMS LITE,UV405,table_2,UV,PDF,PDF,,https://www.tms-lite.com/uv-illumination-hpd.html
TMS LITE,UV405,table_2,UV,PDF,PDF,,https://www.tms-lite.com/lsw-uv-illumination-serie.html
TMS LITE,UV405,table_2,UV,PDF,PDF,,https://www.tms-lite.com/lla-uv-illumination-serie.html
TMS LITE,UV405,table_2,UV,PDF,PDF,,https://www.tms-lite.com/uv-illumination-lbrq.html
TMS LITE,UV405,table_3,Datasheet,UV405,UV405,,https://www.tms-lite.com/lbrx-uv-illumination-serie.html
TMS LITE,UV405,table_3,Drawing (2D),DXF,DXF,,https://www.tms-lite.com/lbrx-uv-illumination-serie.html
TMS LITE,UV405,table_3,STEP (3D),3D-view,3D-view,,https://www.tms-lite.com/lbrx-uv-illumination-serie.html
TMS LITE,UV405,table_3,UV,PDF,PDF,,https://www.tms-lite.com/lbrx-uv-illumination-serie.html
