public_model,internal_model,original_product_id,product_source_url,raw_html_path,image_source_url,image_alt,image_selection_reason,local_image_file,download_status,download_error
IOO-F-DLC3-00-130-8-FWNA-24V,F-DLC3-00-130-8-FWNA-24V,1,https://www.tms-lite.com/dl-f-dlc3-00-130-8-fwna-24v,C:\Users\cxsun\Documents\Codex\2026-05-18\tms-lite-com-ai\data\raw\html\www.tms-lite.com_2026-new-products_8ch-multi-wavelength-lighting-with-built-in-driver_dl-f-dlc3-00-130-8-fwna-24v_acc6d5351d.html,https://www.tms-lite.com/image/cache/data/theme/New%20Product%202026/new/dl-f-dlc3-00-130-8-fwna-24v_080426113109-870x262_0.png,DL-F-DLC3-00-130-8-FWNA-24V,title match; image extension,,pending_download,
IOO-F-HPD3-00-130-8-FWNA-24V,F-HPD3-00-130-8-FWNA-24V,2,https://www.tms-lite.com/dl-f-hpd3-00-130-8-fwna-24v,C:\Users\cxsun\Documents\Codex\2026-05-18\tms-lite-com-ai\data\raw\html\www.tms-lite.com_2026-new-products_8ch-multi-wavelength-lighting-with-built-in-driver_dl-f-hpd3-00-130-8-fwna-24v_0c2b08654c.html,https://www.tms-lite.com/image/cache/data/theme/New%20Product%202026/new/dl-f-hpd3-00-130-8-fwna-24v_080426113109-870x262_0.png,DL-F-HPD3-00-130-8-FWNA-24V,title match; image extension,,pending_download,
IOO-F-IDQ-00-130-8-FWNA-24V,F-IDQ-00-130-8-FWNA-24V,3,https://www.tms-lite.com/dl-f-idq-00-130-8-fwna-24v,C:\Users\cxsun\Documents\Codex\2026-05-18\tms-lite-com-ai\data\raw\html\www.tms-lite.com_2026-new-products_8ch-multi-wavelength-lighting-with-built-in-driver_dl-f-idq-00-130-8-fwna-24v_e4a8558006.html,https://www.tms-lite.com/image/cache/data/theme/New%20Product%202026/new/dl-f-idq-00-130-8-fwna-24v_080426113109-870x262_0.png,DL-F-IDQ-00-130-8-FWNA-24V,title match; image extension,,pending_download,
IOO-F-IDS5-00-130-8-FWNA-24V,F-IDS5-00-130-8-FWNA-24V,4,https://www.tms-lite.com/dl-f-ids5-00-130-8-fwna-24v,C:\Users\cxsun\Documents\Codex\2026-05-18\tms-lite-com-ai\data\raw\html\www.tms-lite.com_2026-new-products_8ch-multi-wavelength-lighting-with-built-in-driver_dl-f-ids5-00-130-8-fwna-24v_900c41d8e1.html,https://www.tms-lite.com/image/cache/data/theme/New%20Product%202026/new/dl-f-ids5-00-130-8-fwna-24v_080426113109-870x262_0.png,DL-F-IDS5-00-130-8-FWNA-24V,title match; image extension,,pending_download,
IOO-40A,40A,5,https://www.tms-lite.com/ptp-40-320x80-4.2v-40a-2069708409,C:\Users\cxsun\Documents\Codex\2026-05-18\tms-lite-com-ai\data\raw\html\www.tms-lite.com_2026-new-products_micro-led-projector-1486799016_ptp-40-320x80-4.2v-40a-2069708409_2640016035.html,https://www.tms-lite.com/image/cache/data/theme/New%20Product%202026/ptp-40-320x80-4-2v-40a_300126121730-870x262_0.png,PTP-40-320x80-4.2V-40A,title match; image extension,,pending_download,
IOO-MA-IDD-X-150D30-4-RGBW-12V-16CH,MA-IDD-X-150D30-4-RGBW-12V-16CH,6,https://www.tms-lite.com/dl-ma-idd-x-150d30-4-rgbw-12v-16ch,C:\Users\cxsun\Documents\Codex\2026-05-18\tms-lite-com-ai\data\raw\html\www.tms-lite.com_2026-new-products_multi-angle-lighting-with-built-in-driver-with-camera-and-liquid-lens_dl-ma-idd-x-150d30-4-rgbw_a7797adee1.html,https://www.tms-lite.com/image/data/theme/PTS/pts3-blue_220124104333.png,DL-MA-IDD-X-150D30-4-RGBW-12V-16CH,image extension,,pending_download,
IOO-MA-IDD-X-225D40-8-RGBW-24V-16CH,MA-IDD-X-225D40-8-RGBW-24V-16CH,7,https://www.tms-lite.com/dl-ma-idd-x-225d40-8-rgbw-24v-16ch,C:\Users\cxsun\Documents\Codex\2026-05-18\tms-lite-com-ai\data\raw\html\www.tms-lite.com_2026-new-products_multi-angle-lighting-with-built-in-driver-with-camera-and-liquid-lens_dl-ma-idd-x-225d40-8-rgbw_5407f976c8.html,https://www.tms-lite.com/image/data/theme/PTS/pts3-blue_220124104333.png,DL-MA-IDD-X-225D40-8-RGBW-24V-16CH,image extension,,pending_download,
IOO-MA-IDD-X-225D40-8-RGBW-24V-16CH-2,MA-IDD-X-225D40-8-RGBW-24V-16CH,8,https://www.tms-lite.com/dl-ma-idd-x-225d40-8-rgbw-24v-16ch-rs232,C:\Users\cxsun\Documents\Codex\2026-05-18\tms-lite-com-ai\data\raw\html\www.tms-lite.com_2026-new-products_multi-angle-lighting-with-built-in-driver-with-camera-and-liquid-lens_dl-ma-idd-x-225d40-8-rgbw_167c1eefcc.html,https://www.tms-lite.com/image/data/theme/PTS/pts3-blue_220124104333.png,D-MA-IDD-X-225D40-8-RGBW-24V-16CH,image extension,,pending_download,
IOO-MA-IDQ-X-150D30-4-RGBW-12V-16CH,MA-IDQ-X-150D30-4-RGBW-12V-16CH,9,https://www.tms-lite.com/dl-ma-idq-x-150d30-4-rgbw-12v-16ch,C:\Users\cxsun\Documents\Codex\2026-05-18\tms-lite-com-ai\data\raw\html\www.tms-lite.com_2026-new-products_multi-angle-lighting-with-built-in-driver-with-camera-and-liquid-lens_dl-ma-idq-x-150d30-4-rgbw_3c5c4f4d4f.html,https://www.tms-lite.com/image/data/theme/PTS/pts3-blue_220124104333.png,DL-MA-IDQ-X-150D30-4-RGBW-12V-16CH,image extension,,pending_download,
IOO-MA-IDQ-X-225D40-8-RGBW-24V-16CH,MA-IDQ-X-225D40-8-RGBW-24V-16CH,10,https://www.tms-lite.com/dl-ma-idq-x-225d40-8-rgbw-24v-16ch,C:\Users\cxsun\Documents\Codex\2026-05-18\tms-lite-com-ai\data\raw\html\www.tms-lite.com_2026-new-products_multi-angle-lighting-with-built-in-driver-with-camera-and-liquid-lens_dl-ma-idq-x-225d40-8-rgbw_bfb9e63d09.html,https://www.tms-lite.com/image/data/theme/PTS/pts3-blue_220124104333.png,DL-MA-IDQ-X-225D40-8-RGBW-24V-16CH,image extension,,pending_download,
IOO-MA-IDQ-X-225D40-8-RGBW-24V-16CH-2,MA-IDQ-X-225D40-8-RGBW-24V-16CH,11,https://www.tms-lite.com/dl-ma-idq-x-225d40-8-rgbw-24v-16ch-rs232,C:\Users\cxsun\Documents\Codex\2026-05-18\tms-lite-com-ai\data\raw\html\www.tms-lite.com_2026-new-products_multi-angle-lighting-with-built-in-driver-with-camera-and-liquid-lens_dl-ma-idq-x-225d40-8-rgbw_eba5856fe6.html,https://www.tms-lite.com/image/data/theme/PTS/pts3-blue_220124104333.png,D-MA-IDQ-X-225D40-8-RGBW-24V-16CH,image extension,,pending_download,
IOO-F-DLC3-00-130-1-FWNB-24V,F-DLC3-00-130-1-FWNB-24V,12,https://www.tms-lite.com/dl-f-dlc3-00-130-1-fwnb-24v-67359344,C:\Users\cxsun\Documents\Codex\2026-05-18\tms-lite-com-ai\data\raw\html\www.tms-lite.com_2026-new-products_multi-wavelength-lighting-with-built-in-driver-with-camera-and-liquid-lens_dl-f-dlc3-00-130-1-f_5d7180b360.html,https://www.tms-lite.com/image/cache/data/theme/New%20Product%202026/dl-f-dlc3-00-130-1-fwnb-24v_300126130031-870x262_0.png,DL-F-DLC3-00-130-1-FWNB-24V,title match; image extension,,pending_download,
IOO-F-HPD3-00-130-1-FWNB-24V,F-HPD3-00-130-1-FWNB-24V,13,https://www.tms-lite.com/dl-f-hpd3-00-130-1-fwnb-24v,C:\Users\cxsun\Documents\Codex\2026-05-18\tms-lite-com-ai\data\raw\html\www.tms-lite.com_2026-new-products_multi-wavelength-lighting-with-built-in-driver-with-camera-and-liquid-lens_dl-f-hpd3-00-130-1-f_3061a6d23c.html,https://www.tms-lite.com/image/cache/data/theme/New%20Product%202026/dl-f-hpd3-00-130-1-fwnb-24v_300126130031-870x262_0.png,DL-F-HPD3-00-130-1-FWNB-24V,title match; image extension,,pending_download,
IOO-F-IDQ-00-130-1-FWNB-24V,F-IDQ-00-130-1-FWNB-24V,14,https://www.tms-lite.com/dl-f-idq-00-130-1-fwnb-24v,C:\Users\cxsun\Documents\Codex\2026-05-18\tms-lite-com-ai\data\raw\html\www.tms-lite.com_2026-new-products_multi-wavelength-lighting-with-built-in-driver-with-camera-and-liquid-lens_dl-f-idq-00-130-1-fw_64f5f13982.html,https://www.tms-lite.com/image/cache/data/theme/New%20Product%202026/new/dl-f-idq-00-130-1-fwnb-24v_080426110751-870x262_0.png,DL-F-IDQ-00-130-1-FWNB-24V,title match; image extension,,pending_download,
IOO-F-IDS5-00-130-1-FWNB-24V,F-IDS5-00-130-1-FWNB-24V,15,https://www.tms-lite.com/dl-f-ids5-00-130-1-fwnb-24v,C:\Users\cxsun\Documents\Codex\2026-05-18\tms-lite-com-ai\data\raw\html\www.tms-lite.com_2026-new-products_multi-wavelength-lighting-with-built-in-driver-with-camera-and-liquid-lens_dl-f-ids5-00-130-1-f_8db9be5eeb.html,https://www.tms-lite.com/image/cache/data/theme/New%20Product%202026/new/dl-f-ids5-00-130-1-fwnb-24v_080426110751-870x262_0.png,DL-F-IDS5-00-130-1-FWNB-24V,title match; image extension,,pending_download,
IOO-2CH-HS,2CH-HS,16,https://www.tms-lite.com/drv-2ch-hs,C:\Users\cxsun\Documents\Codex\2026-05-18\tms-lite-com-ai\data\raw\html\www.tms-lite.com_2026-new-products_new-controllers_drv-2ch-hs_9812adc027.html,https://www.tms-lite.com/image/cache/data/theme/New%20Product%202026/drv-2ch-hs_020226223654-870x262_0.png,DRV-2CH-HS,title match; image extension,,pending_download,
IOO-2CH-HS-HBL,2CH-HS-HBL,17,https://www.tms-lite.com/drv-2ch-hs-hbl,C:\Users\cxsun\Documents\Codex\2026-05-18\tms-lite-com-ai\data\raw\html\www.tms-lite.com_2026-new-products_new-controllers_drv-2ch-hs-hbl_91deb702ee.html,https://www.tms-lite.com/image/cache/data/theme/New%20Product%202026/drv-2ch-hs-hbl_050226163542-870x262_0.png,DRV-2CH-HS-HBL,title match; image extension,,pending_download,
IOO-CP-LCD,CP-LCD,18,https://www.tms-lite.com/drv-cp-lcd,C:\Users\cxsun\Documents\Codex\2026-05-18\tms-lite-com-ai\data\raw\html\www.tms-lite.com_2026-new-products_new-controllers_drv-cp-lcd_80ed7c8936.html,https://www.tms-lite.com/image/cache/data/theme/New%20Product%202026/drv-cp-lcd_020226223654-870x262_0.png,DRV-CP-LCD,title match; image extension,,pending_download,
IOO-21-4CH-A1-RS-LL,21-4CH-A1-RS-LL,19,https://www.tms-lite.com/lc-21-4ch-a1-rs-ll-1479307220,C:\Users\cxsun\Documents\Codex\2026-05-18\tms-lite-com-ai\data\raw\html\www.tms-lite.com_2026-new-products_new-controllers_lc-21-4ch-a1-rs-ll-1479307220_9317dcf109.html,https://www.tms-lite.com/image/cache/data/theme/New%20Product%202026/lc-21-4ch-a1-rs-ll_300126145702-870x262_0.png,LC-21-4CH-A1-RS-LL,title match; image extension,,pending_download,
IOO-21-8CH-HS,21-8CH-HS,20,https://www.tms-lite.com/lc-21-8ch-hs,C:\Users\cxsun\Documents\Codex\2026-05-18\tms-lite-com-ai\data\raw\html\www.tms-lite.com_2026-new-products_new-controllers_lc-21-8ch-hs_f69d02728e.html,https://www.tms-lite.com/image/cache/data/theme/New%20Product%202026/lc-21-8ch-hs_260226221647-870x262_0.png,LC-21-8CH-HS,title match; image extension,,pending_download,
IOO-21-8CH-HS-TCP,21-8CH-HS-TCP,21,https://www.tms-lite.com/lc-21-8ch-hs-tcp,C:\Users\cxsun\Documents\Codex\2026-05-18\tms-lite-com-ai\data\raw\html\www.tms-lite.com_2026-new-products_new-controllers_lc-21-8ch-hs-tcp_24df015868.html,https://www.tms-lite.com/image/cache/data/theme/New%20Product%202026/new/lc-21-8ch-hs-tcp_020326120206-870x262_0.png,LC-21-8CH-HS-TCP,title match; image extension,,pending_download,
IOO-F-IDQ-IDS5-HBL3-FWNA,F-IDQ-IDS5-HBL3-FWNA,22,https://www.tms-lite.com/dk-f-idq-ids5-hbl3-fwna,C:\Users\cxsun\Documents\Codex\2026-05-18\tms-lite-com-ai\data\raw\html\www.tms-lite.com_demo-kit_8-wavelength-illumination_dk-f-idq-ids5-hbl3-fwna_2f52bf1f26.html,https://www.tms-lite.com/image/cache/data/theme/VISION%20CONSULTANCY/dk-f-idq-ids5-hbl3-fwna_281124083005-870x262_0.jpg,DK-F-IDQ-IDS5-HBL3-FWNA,title match; image extension,,pending_download,
IOO-DK-LIGHTING-SET-V1,DK-LIGHTING-SET-V1,23,https://www.tms-lite.com/tme-dk-lighting-set-v1,C:\Users\cxsun\Documents\Codex\2026-05-18\tms-lite-com-ai\data\raw\html\www.tms-lite.com_demo-kit_demo-kit-49043713_tme-dk-lighting-set-v1_befb851b66.html,https://www.tms-lite.com/image/cache/data/theme/VISION%20CONSULTANCY/tme-dk-lighting-set-v1_261124164344-870x262_0.jpg,TME-DK-LIGHTING-SET-V1,title match; image extension,,pending_download,
IOO-OD-LSQ-24V-V1,OD-LSQ-24V-V1,24,https://www.tms-lite.com/dk-od-lsq-24v-v1,C:\Users\cxsun\Documents\Codex\2026-05-18\tms-lite-com-ai\data\raw\html\www.tms-lite.com_demo-kit_overdrive-illumination_dk-od-lsq-24v-v1_770c6f4aec.html,https://www.tms-lite.com/image/cache/data/theme/VISION%20CONSULTANCY/dk-od-lsq-24v-v1_261124172144-870x262_0.jpg,DK-OD-LSQ-24V-V1,title match; image extension,,pending_download,
IOO-OD-LSQF-24V-V1,OD-LSQF-24V-V1,25,https://www.tms-lite.com/dk-od-lsqf-24v-v1,C:\Users\cxsun\Documents\Codex\2026-05-18\tms-lite-com-ai\data\raw\html\www.tms-lite.com_demo-kit_overdrive-illumination_dk-od-lsqf-24v-v1_1e2cbbc1c9.html,https://www.tms-lite.com/image/cache/data/theme/VISION%20CONSULTANCY/dk-od-lsqf-24v-v1_261124172144-870x262_0.jpg,DK-OD-LSQF-24V-V1,title match; image extension,,pending_download,
IOO-F-DXX-070-100-120-V1,F-DXX-070-100-120-V1,26,https://www.tms-lite.com/dk-f-dxx-070-100-120-v1,C:\Users\cxsun\Documents\Codex\2026-05-18\tms-lite-com-ai\data\raw\html\www.tms-lite.com_demo-kit_rgbw-illumination_dk-f-dxx-070-100-120-v1_8ad0097ba3.html,https://www.tms-lite.com/image/cache/data/theme/VISION%20CONSULTANCY/dk-f-dxx-070-100-120-v1_261124164542-870x262_0.jpg,DK-F-DXX-070-100-120-V1,title match; image extension,,pending_download,
IOO-F-DXX-D080-100-130-V1,F-DXX-D080-100-130-V1,27,https://www.tms-lite.com/dk-f-dxx-d080-100-130-v1,C:\Users\cxsun\Documents\Codex\2026-05-18\tms-lite-com-ai\data\raw\html\www.tms-lite.com_demo-kit_rgbw-illumination_dk-f-dxx-d080-100-130-v1_5f74dccb5e.html,https://www.tms-lite.com/image/cache/data/theme/VISION%20CONSULTANCY/dk-f-dxx-d080-100-130-v1_261124164542-870x262_0.jpg,DK-F-DXX-D080-100-130-V1,title match; image extension,,pending_download,
IOO-LIGHTING-PM-40-V1,LIGHTING-PM-40-V1,28,https://www.tms-lite.com/dk-lighting-pm-40-v1,C:\Users\cxsun\Documents\Codex\2026-05-18\tms-lite-com-ai\data\raw\html\www.tms-lite.com_demo-kit_rgbw-illumination_dk-lighting-pm-40-v1_05b562fb97.html,https://www.tms-lite.com/image/cache/data/theme/VISION%20CONSULTANCY/dk-lighting-pm-40-v1_261124164542-870x262_0.jpg,DK-LIGHTING-PM-40-V1,title match; image extension,,pending_download,
IOO-RGBW-V1,RGBW-V1,29,https://www.tms-lite.com/dk-rgbw-v1,C:\Users\cxsun\Documents\Codex\2026-05-18\tms-lite-com-ai\data\raw\html\www.tms-lite.com_demo-kit_rgbw-illumination_dk-rgbw-v1_c8e057b781.html,https://www.tms-lite.com/image/data/theme/PTS/pts3-blue_220124104333.png,DK-RGBW-V1,image extension,,pending_download,
IOO-MA-IDD-LC-20-V1,MA-IDD-LC-20-V1,30,https://www.tms-lite.com/dk-ma-idd-lc-20-v1,C:\Users\cxsun\Documents\Codex\2026-05-18\tms-lite-com-ai\data\raw\html\www.tms-lite.com_demo-kit_rgbw-multi-angle-illumination_dk-ma-idd-lc-20-v1_82a43ba4ee.html,https://www.tms-lite.com/image/cache/data/theme/VISION%20CONSULTANCY/dk-ma-idd-lc-20-v1_261124164542-870x262_0.jpg,DK-MA-IDD-LC-20-V1,title match; image extension,,pending_download,
IOO-MA-IDQ-LC-20-V1,MA-IDQ-LC-20-V1,31,https://www.tms-lite.com/dk-ma-idq-lc-20-v1,C:\Users\cxsun\Documents\Codex\2026-05-18\tms-lite-com-ai\data\raw\html\www.tms-lite.com_demo-kit_rgbw-multi-angle-illumination_dk-ma-idq-lc-20-v1_434c4b204e.html,https://www.tms-lite.com/image/cache/data/theme/VISION%20CONSULTANCY/dk-ma-idq-lc-20-v1_261124164542-870x262_0.jpg,DK-MA-IDQ-LC-20-V1,title match; image extension,,pending_download,
IOO-3SWIR-HLBS2-F-HPD3-V1,3SWIR-HLBS2-F-HPD3-V1,32,https://www.tms-lite.com/dk-3swir-hlbs2-f-hpd3-v1,C:\Users\cxsun\Documents\Codex\2026-05-18\tms-lite-com-ai\data\raw\html\www.tms-lite.com_demo-kit_uv-nir-swir-illumination_dk-3swir-hlbs2-f-hpd3-v1_0cc81a1555.html,https://www.tms-lite.com/image/cache/data/theme/VISION%20CONSULTANCY/dk-3swir-hlbs2-f-hpd3-v1_261124164420-870x262_0.jpg,DK-3SWIR-HLBS2-F-HPD3-V1,title match; image extension,,pending_download,
IOO-4NIR-HLBS2-F-HPD3-V1,4NIR-HLBS2-F-HPD3-V1,33,https://www.tms-lite.com/dk-4nir-hlbs2-f-hpd3-v1,C:\Users\cxsun\Documents\Codex\2026-05-18\tms-lite-com-ai\data\raw\html\www.tms-lite.com_demo-kit_uv-nir-swir-illumination_dk-4nir-hlbs2-f-hpd3-v1_02967fff4c.html,https://www.tms-lite.com/image/cache/data/theme/VISION%20CONSULTANCY/dk-4nir-hlbs2-f-hpd3-v1_261124164420-870x262_0.jpg,DK-4NIR-HLBS2-F-HPD3-V1,title match; image extension,,pending_download,
IOO-4UV-HLBS2-F-HPD3-V1,4UV-HLBS2-F-HPD3-V1,34,https://www.tms-lite.com/dk-4uv-hlbs2-f-hpd3-v1,C:\Users\cxsun\Documents\Codex\2026-05-18\tms-lite-com-ai\data\raw\html\www.tms-lite.com_demo-kit_uv-nir-swir-illumination_dk-4uv-hlbs2-f-hpd3-v1_e332dd2f95.html,https://www.tms-lite.com/image/cache/data/theme/VISION%20CONSULTANCY/dk-4uv-hlbs2-f-hpd3-v1_261124164420-870x262_0.jpg,DK-4UV-HLBS2-F-HPD3-V1,title match; image extension,,pending_download,
IOO-DIRECT-ILLUMINATION-HLBQ2-2-ROWS,DIRECT ILLUMINATION - HLBQ2 2 ROWS,35,https://www.tms-lite.com/direct-illumination-hlbq2-2-rows,C:\Users\cxsun\Documents\Codex\2026-05-18\tms-lite-com-ai\data\raw\html\www.tms-lite.com_direct-illumination-hlbq2-2-rows_2fc3a1be77.html,https://www.tms-lite.com/image/data/theme/PTS/pts3-blue_220124104333.png,DIRECT ILLUMINATION - HLBQ2 2 ROWS,image extension,,pending_download,
IOO-DIRECT-ILLUMINATION-HLBS2-2-ROWS,DIRECT ILLUMINATION - HLBS2 2 ROWS,36,https://www.tms-lite.com/direct-illumination-hlbs2-2rows,C:\Users\cxsun\Documents\Codex\2026-05-18\tms-lite-com-ai\data\raw\html\www.tms-lite.com_direct-illumination-hlbs2-2rows_568934e274.html,https://www.tms-lite.com/image/data/theme/PTS/pts3-blue_220124104333.png,DIRECT ILLUMINATION - HLBS2 2 ROWS,image extension,,pending_download,
IOO-LBRX-12,LBRX-12,37,https://www.tms-lite.com/direct-illumination-lbrx-12-rows,C:\Users\cxsun\Documents\Codex\2026-05-18\tms-lite-com-ai\data\raw\html\www.tms-lite.com_direct-illumination-lbrx-12-rows_5f4afe08ab.html,https://www.tms-lite.com/image/data/theme/PTS/pts3-blue_220124104333.png,DIRECT ILLUMINATION - LBRX 12 ROWS,image extension,,pending_download,
IOO-PM2-025,PM2-025,38,https://www.tms-lite.com/modular-illumination-pm2-025,C:\Users\cxsun\Documents\Codex\2026-05-18\tms-lite-com-ai\data\raw\html\www.tms-lite.com_modular-illumination-pm2-025_652a143f9e.html,https://www.tms-lite.com/image/data/theme/PTS/pts3-blue_220124104333.png,MODULAR ILLUMINATION - PM2-025,image extension,,pending_download,
IOO-PM2-040,PM2-040,39,https://www.tms-lite.com/modular-illumination-pm2-040,C:\Users\cxsun\Documents\Codex\2026-05-18\tms-lite-com-ai\data\raw\html\www.tms-lite.com_modular-illumination-pm2-040_6e136e21ac.html,https://www.tms-lite.com/image/data/theme/PTS/pts3-blue_220124104333.png,MODULAR ILLUMINATION - PM2-040,image extension,,pending_download,
IOO-STARTER-V1,STARTER-V1,40,https://www.tms-lite.com/pts3-starter-v1,C:\Users\cxsun\Documents\Codex\2026-05-18\tms-lite-com-ai\data\raw\html\www.tms-lite.com_mvm2-stage-and-pts3_portable-testing-station-1390270351_pts3-starter-v1_1b5e54dd09.html,https://www.tms-lite.com/image/cache/data/theme/MVM2%20STAGE%20AND%20PTS3/PTS/PTS4/pts4-starter-v1_110526100817-870x262_0.png,PTS4-STARTER-V1,title match; image extension,,pending_download,
IOO-STATION-OPTO-EBD-01,STATION-OPTO-EBD-01,41,https://www.tms-lite.com/tme-station-opto-ebd-01,C:\Users\cxsun\Documents\Codex\2026-05-18\tms-lite-com-ai\data\raw\html\www.tms-lite.com_mvm2-station_oe-liquid-lens-and-oe-camera_tme-station-opto-ebd-01_e401bc02d0.html,https://www.tms-lite.com/image/cache/data/theme/MVM2%20Station/New/Product-category-images/tme-station-opto-ebd-01-130325141409_110925102007-870x262_0.png,TME-STATION-OPTO-EBD-01,title match; image extension,,pending_download,
IOO-LENS-2D-TCEL150,Lens 2D-TCEL150,42,https://www.tms-lite.com/tme-station-opto-liquid-lens-v1,C:\Users\cxsun\Documents\Codex\2026-05-18\tms-lite-com-ai\data\raw\html\www.tms-lite.com_mvm2-station_oe-liquid-lens-and-oe-camera_tme-station-opto-liquid-lens-v1_8a3ba9575a.html,https://www.tms-lite.com/image/cache/data/theme/MVM2%20Station/New/Product-category-images/tme-station-opto-liquid-lens-v1-130325141409_110925102007-870x262_0.png,TME-STATION-OPTO-LIQUID LENS-V1,title match; image extension,,pending_download,
IOO-CAS2,CAS2,43,https://www.tms-lite.com/rgbw-illumination-cas2,C:\Users\cxsun\Documents\Codex\2026-05-18\tms-lite-com-ai\data\raw\html\www.tms-lite.com_rgbw-illumination-cas2_9cc29fc202.html,https://www.tms-lite.com/image/data/theme/PTS/pts3-blue_220124104333.png,RGBW ILLUMINATION - CAS2,image extension,,pending_download,
IOO-DLF3,DLF3,44,https://www.tms-lite.com/rgbw-illumination-dlf3,C:\Users\cxsun\Documents\Codex\2026-05-18\tms-lite-com-ai\data\raw\html\www.tms-lite.com_rgbw-illumination-dlf3_3a4c9f0277.html,https://www.tms-lite.com/image/data/theme/Product%20Photos%20Master%20File/RGBW%20Illumination/DLF3/jk--2408-1--1_260722134157.png,RGBW ILLUMINATION - DLF3,product photo path; image extension,,pending_download,
IOO-DLR3,DLR3,45,https://www.tms-lite.com/rgbw-illumination-dlr3,C:\Users\cxsun\Documents\Codex\2026-05-18\tms-lite-com-ai\data\raw\html\www.tms-lite.com_rgbw-illumination-dlr3_4bcd0ea85d.html,https://www.tms-lite.com/image/data/theme/Product%20Photos%20Master%20File/Diffused%20Illumination/Diffused%20Illumination%20Ring%20Series/DLR3/dlr3-60_090622105203.png,RGBW ILLUMINATION - DLR3,product photo path; image extension,,pending_download,
IOO-HPD2,HPD2,46,https://www.tms-lite.com/rgbw-illumination-hpd2,C:\Users\cxsun\Documents\Codex\2026-05-18\tms-lite-com-ai\data\raw\html\www.tms-lite.com_rgbw-illumination-hpd2_8b3a8a453c.html,https://www.tms-lite.com/image/data/theme/Product%20Photos%20Master%20File/Diffused%20Illumination/Diffused%20Illumination%20Ring%20Series/HPD2/hpd2-white_140622160423.png,RGBW ILLUMINATION - HPD2,product photo path; image extension,,pending_download,
IOO-IDS5,IDS5,47,https://www.tms-lite.com/rgbw-illumination-ids5,C:\Users\cxsun\Documents\Codex\2026-05-18\tms-lite-com-ai\data\raw\html\www.tms-lite.com_rgbw-illumination-ids5_b77a227c75.html,https://www.tms-lite.com/image/data/theme/PTS/pts3-blue_220124104333.png,RGBW ILLUMINATION - IDS5,image extension,,pending_download,
IOO-LSW2,LSW2,48,https://www.tms-lite.com/rgbw-illumination-lsw2,C:\Users\cxsun\Documents\Codex\2026-05-18\tms-lite-com-ai\data\raw\html\www.tms-lite.com_rgbw-illumination-lsw2_20da6339b0.html,https://www.tms-lite.com/image/data/theme/Product%20Photos%20Master%20File/RGBW%20Illumination/LSW/_LSW2-00-100%281%29.jpg,RGBW ILLUMINATION - LSW2,product photo path; image extension,,pending_download,
IOO-MD-IDQ3,MD-IDQ3,49,https://www.tms-lite.com/rgbw-illumination-md-idq3,C:\Users\cxsun\Documents\Codex\2026-05-18\tms-lite-com-ai\data\raw\html\www.tms-lite.com_rgbw-illumination-md-idq3_ba728add08.html,https://www.tms-lite.com/image/data/theme/Product%20Photos%20Master%20File/Indirect%20Illumination/Indirect%20Illumination%20Square%20Series/IDQ3/IDQ3.png,RGBW ILLUMINATION - MD-IDQ3,product photo path; image extension,,pending_download,
IOO-MD-IDT3,MD-IDT3,50,https://www.tms-lite.com/rgbw-illumination-md-idt3,C:\Users\cxsun\Documents\Codex\2026-05-18\tms-lite-com-ai\data\raw\html\www.tms-lite.com_rgbw-illumination-md-idt3_a47748d22b.html,https://www.tms-lite.com/image/data/theme/Product%20Photos%20Master%20File/Indirect%20Illumination/Indirect%20Illumination%20Tunnel%20Series/IDT3/md-idt3--1--removebg-preview--1--removebg-preview_260722163232.jpg,RGBW ILLUMINATION - MD-IDT3,product photo path; image extension,,pending_download,
IOO-LBRQ-1,LBRQ-1,51,https://www.tms-lite.com/uv-illumination-lbrq-1-row,C:\Users\cxsun\Documents\Codex\2026-05-18\tms-lite-com-ai\data\raw\html\www.tms-lite.com_uv-illumination-lbrq-1-row_b5b94bdcf2.html,https://www.tms-lite.com/image/data/theme/PTS/pts3-blue_220124104333.png,UV ILLUMINATION - LBRQ 1 ROW,image extension,,pending_download,
IOO-LBRX-1,LBRX-1,52,https://www.tms-lite.com/uv-illumination-lbrx-1-row,C:\Users\cxsun\Documents\Codex\2026-05-18\tms-lite-com-ai\data\raw\html\www.tms-lite.com_uv-illumination-lbrx-1-row_d9ffe9a62f.html,https://www.tms-lite.com/image/data/theme/PTS/pts3-blue_220124104333.png,UV ILLUMINATION - LBRX 1 ROW,image extension,,pending_download,
IOO-DXX,DXX,53,https://www.tms-lite.com/diffused-square-illumination-dla,C:\Users\cxsun\Documents\Codex\2026-05-18\tms-lite-com-ai\data\raw\html\www.tms-lite.com_diffused-square-illumination-dla_53bcac1b8b.html,https://www.tms-lite.com/image/data/theme/PTS/pts3-blue_220124104333.png,DIFFUSED SQUARE ILLUMINATION - F - DXX,image extension,,pending_download,
IOO-IDDC,IDDC,54,https://www.tms-lite.com/half-circle-illumination-iddc,C:\Users\cxsun\Documents\Codex\2026-05-18\tms-lite-com-ai\data\raw\html\www.tms-lite.com_half-circle-illumination-iddc_605a91c7b7.html,https://www.tms-lite.com/image/data/theme/PTS/pts3-blue_220124104333.png,HALF CIRCLE ILLUMINATION - IDDC,image extension,,pending_download,
IOO-LLAC,LLAC,55,https://www.tms-lite.com/half-circle-illumination-llac,C:\Users\cxsun\Documents\Codex\2026-05-18\tms-lite-com-ai\data\raw\html\www.tms-lite.com_half-circle-illumination-llac_5d4bdd9245.html,https://www.tms-lite.com/image/data/theme/PTS/pts3-blue_220124104333.png,HALF CIRCLE ILLUMINATION - LLAC,image extension,,pending_download,
IOO-LSWC,LSWC,56,https://www.tms-lite.com/half-circle-illumination-lswc,C:\Users\cxsun\Documents\Codex\2026-05-18\tms-lite-com-ai\data\raw\html\www.tms-lite.com_half-circle-illumination-lswc_fb79cb139b.html,https://www.tms-lite.com/image/data/theme/PTS/pts3-blue_220124104333.png,HALF CIRCLE ILLUMINATION - LSWC,image extension,,pending_download,
IOO-DLC2,DLC2,57,https://www.tms-lite.com/rgbw-illumination-dlc,C:\Users\cxsun\Documents\Codex\2026-05-18\tms-lite-com-ai\data\raw\html\www.tms-lite.com_rgbw-illumination-dlc_33918a96d6.html,https://www.tms-lite.com/image/data/theme/PTS/pts3-blue_220124104333.png,RGBW ILLUMINATION - DLC2,image extension,,pending_download,
IOO-HPD,HPD,58,https://www.tms-lite.com/rgbw-illumination-hpd,C:\Users\cxsun\Documents\Codex\2026-05-18\tms-lite-com-ai\data\raw\html\www.tms-lite.com_rgbw-illumination-hpd_67d343d79d.html,https://www.tms-lite.com/image/data/theme/Product%20Photos%20Master%20File/Diffused%20Illumination/Diffused%20Illumination%20Ring%20Series/HPD/hpd-white_140622160317.png,RGBW ILLUMINATION - HPD,product photo path; image extension,,pending_download,
IOO-MD-MLBQ,MD-MLBQ,59,https://www.tms-lite.com/rgbw-illumination-md-mlbq,C:\Users\cxsun\Documents\Codex\2026-05-18\tms-lite-com-ai\data\raw\html\www.tms-lite.com_rgbw-illumination-md-mlbq_a429689e63.html,https://www.tms-lite.com/image/data/theme/Product%20Photos%20Master%20File/RGBW%20Illumination/MD-MLBQ/md-mlbq-030622165708-200622095229_250722085201.jpg,RGBW ILLUMINATION - MD-MLBQ,product photo path; image extension,,pending_download,
IOO-MLBQ,MLBQ,60,https://www.tms-lite.com/rgbw-illumination-mlbq,C:\Users\cxsun\Documents\Codex\2026-05-18\tms-lite-com-ai\data\raw\html\www.tms-lite.com_rgbw-illumination-mlbq_866f04b1ea.html,https://www.tms-lite.com/image/data/theme/Product%20Photos%20Master%20File/RGBW%20Illumination/MLBQ/_MLBQ.jpg,RGBW ILLUMINATION - MLBQ,product photo path; image extension,,pending_download,
IOO-HPD-2,HPD,61,https://www.tms-lite.com/uv-illumination-hpd,C:\Users\cxsun\Documents\Codex\2026-05-18\tms-lite-com-ai\data\raw\html\www.tms-lite.com_uv-illumination-hpd_2aeea07879.html,https://www.tms-lite.com/image/data/theme/PTS/pts3-blue_220124104333.png,UV ILLUMINATION - HPD,image extension,,pending_download,
IOO-LLA,LLA,62,https://www.tms-lite.com/uv-illumination-lla,C:\Users\cxsun\Documents\Codex\2026-05-18\tms-lite-com-ai\data\raw\html\www.tms-lite.com_uv-illumination-lla_6ed36904ce.html,https://www.tms-lite.com/image/data/theme/PTS/pts3-blue_220124104333.png,UV ILLUMINATION - LLA,image extension,,pending_download,
IOO-LSW,LSW,63,https://www.tms-lite.com/uv-illumination-lsw,C:\Users\cxsun\Documents\Codex\2026-05-18\tms-lite-com-ai\data\raw\html\www.tms-lite.com_uv-illumination-lsw_eefaf9b189.html,https://www.tms-lite.com/image/data/theme/PTS/pts3-blue_220124104333.png,UV ILLUMINATION - LSW,image extension,,pending_download,
IOO-CAS2-00-010-X-X,CAS2-00-010-X-X,64,https://www.tms-lite.com/cas2-00-serie.html,C:\Users\cxsun\Documents\Codex\2026-05-18\tms-lite-com-ai\data\raw\html\www.tms-lite.com_cas2-00-serie.html_af383b2570.html,https://www.tms-lite.com/image/cache/data/theme/Product%20Photos%20Master%20File/Coaxial%20Illumination/Coaxial%20Illumination%20Series/CAS2-00/whole-view_070725090434-850x1301_0.png,CAS2-00 Series,main image id; zoom image; product photo path; product view; title match; image extension,,pending_download,
IOO-CAS2-00-020-X-X,CAS2-00-020-X-X,65,https://www.tms-lite.com/cas2-00-serie.html,C:\Users\cxsun\Documents\Codex\2026-05-18\tms-lite-com-ai\data\raw\html\www.tms-lite.com_cas2-00-serie.html_af383b2570.html,https://www.tms-lite.com/image/cache/data/theme/Product%20Photos%20Master%20File/Coaxial%20Illumination/Coaxial%20Illumination%20Series/CAS2-00/whole-view_070725090434-850x1301_0.png,CAS2-00 Series,main image id; zoom image; product photo path; product view; title match; image extension,,pending_download,
IOO-CAS2-00-025-X-X,CAS2-00-025-X-X,66,https://www.tms-lite.com/cas2-00-serie.html,C:\Users\cxsun\Documents\Codex\2026-05-18\tms-lite-com-ai\data\raw\html\www.tms-lite.com_cas2-00-serie.html_af383b2570.html,https://www.tms-lite.com/image/cache/data/theme/Product%20Photos%20Master%20File/Coaxial%20Illumination/Coaxial%20Illumination%20Series/CAS2-00/whole-view_070725090434-850x1301_0.png,CAS2-00 Series,main image id; zoom image; product photo path; product view; title match; image extension,,pending_download,
IOO-CAS2-00-040-X-X,CAS2-00-040-X-X,67,https://www.tms-lite.com/cas2-00-serie.html,C:\Users\cxsun\Documents\Codex\2026-05-18\tms-lite-com-ai\data\raw\html\www.tms-lite.com_cas2-00-serie.html_af383b2570.html,https://www.tms-lite.com/image/cache/data/theme/Product%20Photos%20Master%20File/Coaxial%20Illumination/Coaxial%20Illumination%20Series/CAS2-00/whole-view_070725090434-850x1301_0.png,CAS2-00 Series,main image id; zoom image; product photo path; product view; title match; image extension,,pending_download,
IOO-CAS2-00-070-X-X,CAS2-00-070-X-X,68,https://www.tms-lite.com/cas2-00-serie.html,C:\Users\cxsun\Documents\Codex\2026-05-18\tms-lite-com-ai\data\raw\html\www.tms-lite.com_cas2-00-serie.html_af383b2570.html,https://www.tms-lite.com/image/cache/data/theme/Product%20Photos%20Master%20File/Coaxial%20Illumination/Coaxial%20Illumination%20Series/CAS2-00/whole-view_070725090434-850x1301_0.png,CAS2-00 Series,main image id; zoom image; product photo path; product view; title match; image extension,,pending_download,
IOO-CAS2-00-080-X-X,CAS2-00-080-X-X,69,https://www.tms-lite.com/cas2-00-serie.html,C:\Users\cxsun\Documents\Codex\2026-05-18\tms-lite-com-ai\data\raw\html\www.tms-lite.com_cas2-00-serie.html_af383b2570.html,https://www.tms-lite.com/image/cache/data/theme/Product%20Photos%20Master%20File/Coaxial%20Illumination/Coaxial%20Illumination%20Series/CAS2-00/whole-view_070725090434-850x1301_0.png,CAS2-00 Series,main image id; zoom image; product photo path; product view; title match; image extension,,pending_download,
IOO-CAS2-00-100-X-X,CAS2-00-100-X-X,70,https://www.tms-lite.com/cas2-00-serie.html,C:\Users\cxsun\Documents\Codex\2026-05-18\tms-lite-com-ai\data\raw\html\www.tms-lite.com_cas2-00-serie.html_af383b2570.html,https://www.tms-lite.com/image/cache/data/theme/Product%20Photos%20Master%20File/Coaxial%20Illumination/Coaxial%20Illumination%20Series/CAS2-00/whole-view_070725090434-850x1301_0.png,CAS2-00 Series,main image id; zoom image; product photo path; product view; title match; image extension,,pending_download,
IOO-CAS20-00-20X40-X-X,CAS20-00-20X40-X-X,71,https://www.tms-lite.com/cas2-00-serie.html,C:\Users\cxsun\Documents\Codex\2026-05-18\tms-lite-com-ai\data\raw\html\www.tms-lite.com_cas2-00-serie.html_af383b2570.html,https://www.tms-lite.com/image/cache/data/theme/Product%20Photos%20Master%20File/Coaxial%20Illumination/Coaxial%20Illumination%20Series/CAS2-00/whole-view_070725090434-850x1301_0.png,CAS2-00 Series,main image id; zoom image; product photo path; product view; title match; image extension,,pending_download,
IOO-CAS25-00-25X50-X-X,CAS25-00-25X50-X-X,72,https://www.tms-lite.com/cas2-00-serie.html,C:\Users\cxsun\Documents\Codex\2026-05-18\tms-lite-com-ai\data\raw\html\www.tms-lite.com_cas2-00-serie.html_af383b2570.html,https://www.tms-lite.com/image/cache/data/theme/Product%20Photos%20Master%20File/Coaxial%20Illumination/Coaxial%20Illumination%20Series/CAS2-00/whole-view_070725090434-850x1301_0.png,CAS2-00 Series,main image id; zoom image; product photo path; product view; title match; image extension,,pending_download,
IOO-CAS30-00-30X60-X-X,CAS30-00-30X60-X-X,73,https://www.tms-lite.com/cas2-00-serie.html,C:\Users\cxsun\Documents\Codex\2026-05-18\tms-lite-com-ai\data\raw\html\www.tms-lite.com_cas2-00-serie.html_af383b2570.html,https://www.tms-lite.com/image/cache/data/theme/Product%20Photos%20Master%20File/Coaxial%20Illumination/Coaxial%20Illumination%20Series/CAS2-00/whole-view_070725090434-850x1301_0.png,CAS2-00 Series,main image id; zoom image; product photo path; product view; title match; image extension,,pending_download,
IOO-CAS2-00-025-X-RGB,CAS2-00-025-X-RGB,74,https://www.tms-lite.com/cas2-00-serie.html,C:\Users\cxsun\Documents\Codex\2026-05-18\tms-lite-com-ai\data\raw\html\www.tms-lite.com_cas2-00-serie.html_af383b2570.html,https://www.tms-lite.com/image/cache/data/theme/Product%20Photos%20Master%20File/Coaxial%20Illumination/Coaxial%20Illumination%20Series/CAS2-00/whole-view_070725090434-850x1301_0.png,CAS2-00 Series,main image id; zoom image; product photo path; product view; title match; image extension,,pending_download,
IOO-CAS2-00-040-X-RGB,CAS2-00-040-X-RGB,75,https://www.tms-lite.com/cas2-00-serie.html,C:\Users\cxsun\Documents\Codex\2026-05-18\tms-lite-com-ai\data\raw\html\www.tms-lite.com_cas2-00-serie.html_af383b2570.html,https://www.tms-lite.com/image/cache/data/theme/Product%20Photos%20Master%20File/Coaxial%20Illumination/Coaxial%20Illumination%20Series/CAS2-00/whole-view_070725090434-850x1301_0.png,CAS2-00 Series,main image id; zoom image; product photo path; product view; title match; image extension,,pending_download,
IOO-CAS2-00-070-X-RGB,CAS2-00-070-X-RGB,76,https://www.tms-lite.com/cas2-00-serie.html,C:\Users\cxsun\Documents\Codex\2026-05-18\tms-lite-com-ai\data\raw\html\www.tms-lite.com_cas2-00-serie.html_af383b2570.html,https://www.tms-lite.com/image/cache/data/theme/Product%20Photos%20Master%20File/Coaxial%20Illumination/Coaxial%20Illumination%20Series/CAS2-00/whole-view_070725090434-850x1301_0.png,CAS2-00 Series,main image id; zoom image; product photo path; product view; title match; image extension,,pending_download,
IOO-CAS2-00-100-X-RGB,CAS2-00-100-X-RGB,77,https://www.tms-lite.com/cas2-00-serie.html,C:\Users\cxsun\Documents\Codex\2026-05-18\tms-lite-com-ai\data\raw\html\www.tms-lite.com_cas2-00-serie.html_af383b2570.html,https://www.tms-lite.com/image/cache/data/theme/Product%20Photos%20Master%20File/Coaxial%20Illumination/Coaxial%20Illumination%20Series/CAS2-00/whole-view_070725090434-850x1301_0.png,CAS2-00 Series,main image id; zoom image; product photo path; product view; title match; image extension,,pending_download,
IOO-CAS2-00-040-X-RGBW,CAS2-00-040-X-RGBW,78,https://www.tms-lite.com/cas2-00-serie.html,C:\Users\cxsun\Documents\Codex\2026-05-18\tms-lite-com-ai\data\raw\html\www.tms-lite.com_cas2-00-serie.html_af383b2570.html,https://www.tms-lite.com/image/cache/data/theme/Product%20Photos%20Master%20File/Coaxial%20Illumination/Coaxial%20Illumination%20Series/CAS2-00/whole-view_070725090434-850x1301_0.png,CAS2-00 Series,main image id; zoom image; product photo path; product view; title match; image extension,,pending_download,
IOO-CAS2-00-070-X-RGBW,CAS2-00-070-X-RGBW,79,https://www.tms-lite.com/cas2-00-serie.html,C:\Users\cxsun\Documents\Codex\2026-05-18\tms-lite-com-ai\data\raw\html\www.tms-lite.com_cas2-00-serie.html_af383b2570.html,https://www.tms-lite.com/image/cache/data/theme/Product%20Photos%20Master%20File/Coaxial%20Illumination/Coaxial%20Illumination%20Series/CAS2-00/whole-view_070725090434-850x1301_0.png,CAS2-00 Series,main image id; zoom image; product photo path; product view; title match; image extension,,pending_download,
IOO-CAS2-00-025-X-RGB-2,CAS2-00-025-X-RGB,80,https://www.tms-lite.com/rgb-illumination-cas2.html,C:\Users\cxsun\Documents\Codex\2026-05-18\tms-lite-com-ai\data\raw\html\www.tms-lite.com_rgb-illumination-cas2.html_3aa58a62fa.html,https://www.tms-lite.com/image/cache/data/theme/Product%20Photos%20Master%20File/Coaxial%20Illumination/Coaxial%20Illumination%20Series/CAS2-00/whole-view_070725090434-850x1301_0.png,RGB Illumination - CAS2,main image id; zoom image; product photo path; product view; title match; image extension,,pending_download,
IOO-CAS2-00-040-X-RGB-2,CAS2-00-040-X-RGB,81,https://www.tms-lite.com/rgb-illumination-cas2.html,C:\Users\cxsun\Documents\Codex\2026-05-18\tms-lite-com-ai\data\raw\html\www.tms-lite.com_rgb-illumination-cas2.html_3aa58a62fa.html,https://www.tms-lite.com/image/cache/data/theme/Product%20Photos%20Master%20File/Coaxial%20Illumination/Coaxial%20Illumination%20Series/CAS2-00/whole-view_070725090434-850x1301_0.png,RGB Illumination - CAS2,main image id; zoom image; product photo path; product view; title match; image extension,,pending_download,
IOO-CAS2-00-070-X-RGB-2,CAS2-00-070-X-RGB,82,https://www.tms-lite.com/rgb-illumination-cas2.html,C:\Users\cxsun\Documents\Codex\2026-05-18\tms-lite-com-ai\data\raw\html\www.tms-lite.com_rgb-illumination-cas2.html_3aa58a62fa.html,https://www.tms-lite.com/image/cache/data/theme/Product%20Photos%20Master%20File/Coaxial%20Illumination/Coaxial%20Illumination%20Series/CAS2-00/whole-view_070725090434-850x1301_0.png,RGB Illumination - CAS2,main image id; zoom image; product photo path; product view; title match; image extension,,pending_download,
IOO-CAS2-00-100-X-RGB-2,CAS2-00-100-X-RGB,83,https://www.tms-lite.com/rgb-illumination-cas2.html,C:\Users\cxsun\Documents\Codex\2026-05-18\tms-lite-com-ai\data\raw\html\www.tms-lite.com_rgb-illumination-cas2.html_3aa58a62fa.html,https://www.tms-lite.com/image/cache/data/theme/Product%20Photos%20Master%20File/Coaxial%20Illumination/Coaxial%20Illumination%20Series/CAS2-00/whole-view_070725090434-850x1301_0.png,RGB Illumination - CAS2,main image id; zoom image; product photo path; product view; title match; image extension,,pending_download,
IOO-CASC-00-015-X-X,CASC-00-015-X-X,84,https://www.tms-lite.com/case-serie.html,C:\Users\cxsun\Documents\Codex\2026-05-18\tms-lite-com-ai\data\raw\html\www.tms-lite.com_case-serie.html_638bf40563.html,https://www.tms-lite.com/image/cache/data/theme/Product%20Photos%20Master%20File/Coaxial%20Illumination/Coaxial%20Illumination%20Series/CASC/whole-view_030725090633-850x1301_0.png,CASC Series,main image id; zoom image; product photo path; product view; title match; image extension,,pending_download,
IOO-CASC-00-025-X-X,CASC-00-025-X-X,85,https://www.tms-lite.com/case-serie.html,C:\Users\cxsun\Documents\Codex\2026-05-18\tms-lite-com-ai\data\raw\html\www.tms-lite.com_case-serie.html_638bf40563.html,https://www.tms-lite.com/image/cache/data/theme/Product%20Photos%20Master%20File/Coaxial%20Illumination/Coaxial%20Illumination%20Series/CASC/whole-view_030725090633-850x1301_0.png,CASC Series,main image id; zoom image; product photo path; product view; title match; image extension,,pending_download,
IOO-CASC-00-035-X-X,CASC-00-035-X-X,86,https://www.tms-lite.com/case-serie.html,C:\Users\cxsun\Documents\Codex\2026-05-18\tms-lite-com-ai\data\raw\html\www.tms-lite.com_case-serie.html_638bf40563.html,https://www.tms-lite.com/image/cache/data/theme/Product%20Photos%20Master%20File/Coaxial%20Illumination/Coaxial%20Illumination%20Series/CASC/whole-view_030725090633-850x1301_0.png,CASC Series,main image id; zoom image; product photo path; product view; title match; image extension,,pending_download,
IOO-HCAS2-00-035-X-X,HCAS2-00-035-X-X,87,https://www.tms-lite.com/hcas2-serie.html,C:\Users\cxsun\Documents\Codex\2026-05-18\tms-lite-com-ai\data\raw\html\www.tms-lite.com_hcas2-serie.html_c4b4565a3b.html,https://www.tms-lite.com/image/cache/data/theme/Product%20Photos%20Master%20File/Coaxial%20Illumination/Coaxial%20Illumination%20Series/HCAS2/whole-view_080725084906-850x1301_0.png,HCAS2 Series,main image id; zoom image; product photo path; product view; title match; image extension,,pending_download,
IOO-HCAS2-00-070-X-X,HCAS2-00-070-X-X,88,https://www.tms-lite.com/hcas2-serie.html,C:\Users\cxsun\Documents\Codex\2026-05-18\tms-lite-com-ai\data\raw\html\www.tms-lite.com_hcas2-serie.html_c4b4565a3b.html,https://www.tms-lite.com/image/cache/data/theme/Product%20Photos%20Master%20File/Coaxial%20Illumination/Coaxial%20Illumination%20Series/HCAS2/whole-view_080725084906-850x1301_0.png,HCAS2 Series,main image id; zoom image; product photo path; product view; title match; image extension,,pending_download,
IOO-CAS3-00-150-X-X-BEAM-SPLITTER-ASSEMBLY-GUIDELINE,CAS3-00-150-X-X Beam splitter assembly guideline,89,https://www.tms-lite.com/cas3-serie.html,C:\Users\cxsun\Documents\Codex\2026-05-18\tms-lite-com-ai\data\raw\html\www.tms-lite.com_cas3-serie.html_f1deb43e8f.html,https://www.tms-lite.com/image/cache/data/theme/Product%20Photos%20Master%20File_bk081021/Coaxial%20Illumination/Coaxial%20Illumination%20Series/CAS3/cas3-series_150622103033-850x1301_0.png,CAS3 Series,main image id; zoom image; product photo path; title match; image extension,,pending_download,
IOO-CAS3-00-200-X-X-BEAM-SPLITTER-ASSEMBLY-GUIDELINE-VIDEO-BEAM-SPLITTER-ASSEMBLY,CAS3-00-200-X-X Beam splitter assembly guideline Video beam splitter assembly,90,https://www.tms-lite.com/cas3-serie.html,C:\Users\cxsun\Documents\Codex\2026-05-18\tms-lite-com-ai\data\raw\html\www.tms-lite.com_cas3-serie.html_f1deb43e8f.html,https://www.tms-lite.com/image/cache/data/theme/Product%20Photos%20Master%20File_bk081021/Coaxial%20Illumination/Coaxial%20Illumination%20Series/CAS3/cas3-series_150622103033-850x1301_0.png,CAS3 Series,main image id; zoom image; product photo path; title match; image extension,,pending_download,
IOO-CAS3-00-250-X-X-BEAM-SPLITTER-ASSEMBLY-GUIDELINE-VIDEO-BEAM-SPLITTER-ASSEMBLY,CAS3-00-250-X-X Beam splitter assembly guideline Video beam splitter assembly,91,https://www.tms-lite.com/cas3-serie.html,C:\Users\cxsun\Documents\Codex\2026-05-18\tms-lite-com-ai\data\raw\html\www.tms-lite.com_cas3-serie.html_f1deb43e8f.html,https://www.tms-lite.com/image/cache/data/theme/Product%20Photos%20Master%20File_bk081021/Coaxial%20Illumination/Coaxial%20Illumination%20Series/CAS3/cas3-series_150622103033-850x1301_0.png,CAS3 Series,main image id; zoom image; product photo path; title match; image extension,,pending_download,
IOO-CAS3-00-150-X-X,CAS3-00-150-X-X,92,https://www.tms-lite.com/cas3-serie.html,C:\Users\cxsun\Documents\Codex\2026-05-18\tms-lite-com-ai\data\raw\html\www.tms-lite.com_cas3-serie.html_f1deb43e8f.html,https://www.tms-lite.com/image/cache/data/theme/Product%20Photos%20Master%20File_bk081021/Coaxial%20Illumination/Coaxial%20Illumination%20Series/CAS3/cas3-series_150622103033-850x1301_0.png,CAS3 Series,main image id; zoom image; product photo path; title match; image extension,,pending_download,
IOO-CAS3-00-200-X-X,CAS3-00-200-X-X,93,https://www.tms-lite.com/cas3-serie.html,C:\Users\cxsun\Documents\Codex\2026-05-18\tms-lite-com-ai\data\raw\html\www.tms-lite.com_cas3-serie.html_f1deb43e8f.html,https://www.tms-lite.com/image/cache/data/theme/Product%20Photos%20Master%20File_bk081021/Coaxial%20Illumination/Coaxial%20Illumination%20Series/CAS3/cas3-series_150622103033-850x1301_0.png,CAS3 Series,main image id; zoom image; product photo path; title match; image extension,,pending_download,
IOO-CAS3-00-250-X-X,CAS3-00-250-X-X,94,https://www.tms-lite.com/cas3-serie.html,C:\Users\cxsun\Documents\Codex\2026-05-18\tms-lite-com-ai\data\raw\html\www.tms-lite.com_cas3-serie.html_f1deb43e8f.html,https://www.tms-lite.com/image/cache/data/theme/Product%20Photos%20Master%20File_bk081021/Coaxial%20Illumination/Coaxial%20Illumination%20Series/CAS3/cas3-series_150622103033-850x1301_0.png,CAS3 Series,main image id; zoom image; product photo path; title match; image extension,,pending_download,
IOO-CAS2-45-010-X-X,CAS2-45-010-X-X,95,https://www.tms-lite.com/cas2-45-serie.html,C:\Users\cxsun\Documents\Codex\2026-05-18\tms-lite-com-ai\data\raw\html\www.tms-lite.com_cas2-45-serie.html_72ca6136d7.html,https://www.tms-lite.com/image/cache/data/theme/Product%20Photos%20Master%20File_bk081021/Coaxial%20Illumination/Coaxial%20Illumination%20Series/CAS2-45/cas2-45-series_150622102925-850x1301_0.png,CAS2-45 Series,main image id; zoom image; product photo path; title match; image extension,,pending_download,
IOO-CAS2-45-020-X-X,CAS2-45-020-X-X,96,https://www.tms-lite.com/cas2-45-serie.html,C:\Users\cxsun\Documents\Codex\2026-05-18\tms-lite-com-ai\data\raw\html\www.tms-lite.com_cas2-45-serie.html_72ca6136d7.html,https://www.tms-lite.com/image/cache/data/theme/Product%20Photos%20Master%20File_bk081021/Coaxial%20Illumination/Coaxial%20Illumination%20Series/CAS2-45/cas2-45-series_150622102925-850x1301_0.png,CAS2-45 Series,main image id; zoom image; product photo path; title match; image extension,,pending_download,
IOO-CAS2-45-040-X-X,CAS2-45-040-X-X,97,https://www.tms-lite.com/cas2-45-serie.html,C:\Users\cxsun\Documents\Codex\2026-05-18\tms-lite-com-ai\data\raw\html\www.tms-lite.com_cas2-45-serie.html_72ca6136d7.html,https://www.tms-lite.com/image/cache/data/theme/Product%20Photos%20Master%20File_bk081021/Coaxial%20Illumination/Coaxial%20Illumination%20Series/CAS2-45/cas2-45-series_150622102925-850x1301_0.png,CAS2-45 Series,main image id; zoom image; product photo path; title match; image extension,,pending_download,
IOO-LC-18-1CH-X10,LC-18-1CH-X10,98,https://www.tms-lite.com/lc-18-1ch-x10-controller.html,C:\Users\cxsun\Documents\Codex\2026-05-18\tms-lite-com-ai\data\raw\html\www.tms-lite.com_lc-18-1ch-x10-controller.html_420a56f076.html,https://www.tms-lite.com/image/cache/data/theme/Controller/untitled%20folder/lc-18-1ch-x10_270622163638-850x1301_0.jpg,LC-18-1CH-X10 Controller,main image id; zoom image; title match; image extension; penalized controller/,,pending_download,
IOO-HPD-00-070-1-X-24V,HPD-00-070-1-X-24V,99,https://www.tms-lite.com/uv-illumination-hpd.html,C:\Users\cxsun\Documents\Codex\2026-05-18\tms-lite-com-ai\data\raw\html\www.tms-lite.com_uv-illumination-hpd.html_480202275d.html,https://www.tms-lite.com/image/cache/data/theme/Product%20Photos%20Master%20File/UV%20Illumination/HPD-UV/uv-hpd-white_150622160902-850x1301_0.png,UV Illumination - HPD,main image id; zoom image; product photo path; title match; image extension,,pending_download,
IOO-UV385,UV385,100,https://www.tms-lite.com/uv-illumination-hpd.html,C:\Users\cxsun\Documents\Codex\2026-05-18\tms-lite-com-ai\data\raw\html\www.tms-lite.com_uv-illumination-hpd.html_480202275d.html,https://www.tms-lite.com/image/cache/data/theme/Product%20Photos%20Master%20File/UV%20Illumination/HPD-UV/uv-hpd-white_150622160902-850x1301_0.png,UV Illumination - HPD,main image id; zoom image; product photo path; title match; image extension,,pending_download,
IOO-UV395,UV395,101,https://www.tms-lite.com/uv-illumination-hpd.html,C:\Users\cxsun\Documents\Codex\2026-05-18\tms-lite-com-ai\data\raw\html\www.tms-lite.com_uv-illumination-hpd.html_480202275d.html,https://www.tms-lite.com/image/cache/data/theme/Product%20Photos%20Master%20File/UV%20Illumination/HPD-UV/uv-hpd-white_150622160902-850x1301_0.png,UV Illumination - HPD,main image id; zoom image; product photo path; title match; image extension,,pending_download,
IOO-UV405,UV405,102,https://www.tms-lite.com/uv-illumination-hpd.html,C:\Users\cxsun\Documents\Codex\2026-05-18\tms-lite-com-ai\data\raw\html\www.tms-lite.com_uv-illumination-hpd.html_480202275d.html,https://www.tms-lite.com/image/cache/data/theme/Product%20Photos%20Master%20File/UV%20Illumination/HPD-UV/uv-hpd-white_150622160902-850x1301_0.png,UV Illumination - HPD,main image id; zoom image; product photo path; title match; image extension,,pending_download,
IOO-LSW-15-070-2-X,LSW-15-070-2-X,103,https://www.tms-lite.com/lsw-uv-illumination-serie.html,C:\Users\cxsun\Documents\Codex\2026-05-18\tms-lite-com-ai\data\raw\html\www.tms-lite.com_lsw-uv-illumination-serie.html_6c05bcad7c.html,https://www.tms-lite.com/image/cache/data/theme/Product%20Photos%20Master%20File/UV%20Illumination/LSW-UV/uv-lsw%20propic_150622160548-850x1301_0.png,UV Illumination - LSW,main image id; zoom image; product photo path; title match; image extension,,pending_download,
IOO-LSW-15-090-3-X,LSW-15-090-3-X,104,https://www.tms-lite.com/lsw-uv-illumination-serie.html,C:\Users\cxsun\Documents\Codex\2026-05-18\tms-lite-com-ai\data\raw\html\www.tms-lite.com_lsw-uv-illumination-serie.html_6c05bcad7c.html,https://www.tms-lite.com/image/cache/data/theme/Product%20Photos%20Master%20File/UV%20Illumination/LSW-UV/uv-lsw%20propic_150622160548-850x1301_0.png,UV Illumination - LSW,main image id; zoom image; product photo path; title match; image extension,,pending_download,
IOO-LSW-30-040-1-X,LSW-30-040-1-X,105,https://www.tms-lite.com/lsw-uv-illumination-serie.html,C:\Users\cxsun\Documents\Codex\2026-05-18\tms-lite-com-ai\data\raw\html\www.tms-lite.com_lsw-uv-illumination-serie.html_6c05bcad7c.html,https://www.tms-lite.com/image/cache/data/theme/Product%20Photos%20Master%20File/UV%20Illumination/LSW-UV/uv-lsw%20propic_150622160548-850x1301_0.png,UV Illumination - LSW,main image id; zoom image; product photo path; title match; image extension,,pending_download,
IOO-LSW-15-070-1-X,LSW-15-070-1-X,106,https://www.tms-lite.com/lsw-uv-illumination-serie.html,C:\Users\cxsun\Documents\Codex\2026-05-18\tms-lite-com-ai\data\raw\html\www.tms-lite.com_lsw-uv-illumination-serie.html_6c05bcad7c.html,https://www.tms-lite.com/image/cache/data/theme/Product%20Photos%20Master%20File/UV%20Illumination/LSW-UV/uv-lsw%20propic_150622160548-850x1301_0.png,UV Illumination - LSW,main image id; zoom image; product photo path; title match; image extension,,pending_download,
IOO-UV385-2,UV385,107,https://www.tms-lite.com/lsw-uv-illumination-serie.html,C:\Users\cxsun\Documents\Codex\2026-05-18\tms-lite-com-ai\data\raw\html\www.tms-lite.com_lsw-uv-illumination-serie.html_6c05bcad7c.html,https://www.tms-lite.com/image/cache/data/theme/Product%20Photos%20Master%20File/UV%20Illumination/LSW-UV/uv-lsw%20propic_150622160548-850x1301_0.png,UV Illumination - LSW,main image id; zoom image; product photo path; title match; image extension,,pending_download,
IOO-UV395-2,UV395,108,https://www.tms-lite.com/lsw-uv-illumination-serie.html,C:\Users\cxsun\Documents\Codex\2026-05-18\tms-lite-com-ai\data\raw\html\www.tms-lite.com_lsw-uv-illumination-serie.html_6c05bcad7c.html,https://www.tms-lite.com/image/cache/data/theme/Product%20Photos%20Master%20File/UV%20Illumination/LSW-UV/uv-lsw%20propic_150622160548-850x1301_0.png,UV Illumination - LSW,main image id; zoom image; product photo path; title match; image extension,,pending_download,
IOO-UV405-2,UV405,109,https://www.tms-lite.com/lsw-uv-illumination-serie.html,C:\Users\cxsun\Documents\Codex\2026-05-18\tms-lite-com-ai\data\raw\html\www.tms-lite.com_lsw-uv-illumination-serie.html_6c05bcad7c.html,https://www.tms-lite.com/image/cache/data/theme/Product%20Photos%20Master%20File/UV%20Illumination/LSW-UV/uv-lsw%20propic_150622160548-850x1301_0.png,UV Illumination - LSW,main image id; zoom image; product photo path; title match; image extension,,pending_download,
IOO-CAS2-00-025-X-X-2,CAS2-00-025-X-X,110,https://www.tms-lite.com/cas2-uv-illumination-serie.html,C:\Users\cxsun\Documents\Codex\2026-05-18\tms-lite-com-ai\data\raw\html\www.tms-lite.com_cas2-uv-illumination-serie.html_03465e0c73.html,https://www.tms-lite.com/image/cache/data/theme/Product%20Photos%20Master%20File/UV%20Illumination/CAS2-UV/cas2-white_150622161659-850x1301_0.png,UV Illumination - CAS2,main image id; zoom image; product photo path; title match; image extension,,pending_download,
IOO-CAS2-00-040-X-X-2,CAS2-00-040-X-X,111,https://www.tms-lite.com/cas2-uv-illumination-serie.html,C:\Users\cxsun\Documents\Codex\2026-05-18\tms-lite-com-ai\data\raw\html\www.tms-lite.com_cas2-uv-illumination-serie.html_03465e0c73.html,https://www.tms-lite.com/image/cache/data/theme/Product%20Photos%20Master%20File/UV%20Illumination/CAS2-UV/cas2-white_150622161659-850x1301_0.png,UV Illumination - CAS2,main image id; zoom image; product photo path; title match; image extension,,pending_download,
IOO-CAS2-00-025-X-UV365,CAS2-00-025-X-UV365,112,https://www.tms-lite.com/cas2-uv-illumination-serie.html,C:\Users\cxsun\Documents\Codex\2026-05-18\tms-lite-com-ai\data\raw\html\www.tms-lite.com_cas2-uv-illumination-serie.html_03465e0c73.html,https://www.tms-lite.com/image/cache/data/theme/Product%20Photos%20Master%20File/UV%20Illumination/CAS2-UV/cas2-white_150622161659-850x1301_0.png,UV Illumination - CAS2,main image id; zoom image; product photo path; title match; image extension,,pending_download,
IOO-CAS2-00-040-X-UV365,CAS2-00-040-X-UV365,113,https://www.tms-lite.com/cas2-uv-illumination-serie.html,C:\Users\cxsun\Documents\Codex\2026-05-18\tms-lite-com-ai\data\raw\html\www.tms-lite.com_cas2-uv-illumination-serie.html_03465e0c73.html,https://www.tms-lite.com/image/cache/data/theme/Product%20Photos%20Master%20File/UV%20Illumination/CAS2-UV/cas2-white_150622161659-850x1301_0.png,UV Illumination - CAS2,main image id; zoom image; product photo path; title match; image extension,,pending_download,
IOO-LLA-60-090-2-X,LLA-60-090-2-X,114,https://www.tms-lite.com/lla-uv-illumination-serie.html,C:\Users\cxsun\Documents\Codex\2026-05-18\tms-lite-com-ai\data\raw\html\www.tms-lite.com_lla-uv-illumination-serie.html_72ee4597fd.html,https://www.tms-lite.com/image/cache/data/theme/Product%20Photos%20Master%20File/UV%20Illumination/LLA-UV/uv-lla%20propic_150622160651-850x1301_0.png,UV Illumination - LLA,main image id; zoom image; product photo path; title match; image extension,,pending_download,
IOO-LLA-60-150-2-X,LLA-60-150-2-X,115,https://www.tms-lite.com/lla-uv-illumination-serie.html,C:\Users\cxsun\Documents\Codex\2026-05-18\tms-lite-com-ai\data\raw\html\www.tms-lite.com_lla-uv-illumination-serie.html_72ee4597fd.html,https://www.tms-lite.com/image/cache/data/theme/Product%20Photos%20Master%20File/UV%20Illumination/LLA-UV/uv-lla%20propic_150622160651-850x1301_0.png,UV Illumination - LLA,main image id; zoom image; product photo path; title match; image extension,,pending_download,
IOO-LLA-75-170-2-X,LLA-75-170-2-X,116,https://www.tms-lite.com/lla-uv-illumination-serie.html,C:\Users\cxsun\Documents\Codex\2026-05-18\tms-lite-com-ai\data\raw\html\www.tms-lite.com_lla-uv-illumination-serie.html_72ee4597fd.html,https://www.tms-lite.com/image/cache/data/theme/Product%20Photos%20Master%20File/UV%20Illumination/LLA-UV/uv-lla%20propic_150622160651-850x1301_0.png,UV Illumination - LLA,main image id; zoom image; product photo path; title match; image extension,,pending_download,
IOO-LLA-60-070-1-X,LLA-60-070-1-X,117,https://www.tms-lite.com/lla-uv-illumination-serie.html,C:\Users\cxsun\Documents\Codex\2026-05-18\tms-lite-com-ai\data\raw\html\www.tms-lite.com_lla-uv-illumination-serie.html_72ee4597fd.html,https://www.tms-lite.com/image/cache/data/theme/Product%20Photos%20Master%20File/UV%20Illumination/LLA-UV/uv-lla%20propic_150622160651-850x1301_0.png,UV Illumination - LLA,main image id; zoom image; product photo path; title match; image extension,,pending_download,
IOO-UV385-3,UV385,118,https://www.tms-lite.com/lla-uv-illumination-serie.html,C:\Users\cxsun\Documents\Codex\2026-05-18\tms-lite-com-ai\data\raw\html\www.tms-lite.com_lla-uv-illumination-serie.html_72ee4597fd.html,https://www.tms-lite.com/image/cache/data/theme/Product%20Photos%20Master%20File/UV%20Illumination/LLA-UV/uv-lla%20propic_150622160651-850x1301_0.png,UV Illumination - LLA,main image id; zoom image; product photo path; title match; image extension,,pending_download,
IOO-UV395-3,UV395,119,https://www.tms-lite.com/lla-uv-illumination-serie.html,C:\Users\cxsun\Documents\Codex\2026-05-18\tms-lite-com-ai\data\raw\html\www.tms-lite.com_lla-uv-illumination-serie.html_72ee4597fd.html,https://www.tms-lite.com/image/cache/data/theme/Product%20Photos%20Master%20File/UV%20Illumination/LLA-UV/uv-lla%20propic_150622160651-850x1301_0.png,UV Illumination - LLA,main image id; zoom image; product photo path; title match; image extension,,pending_download,
IOO-UV405-3,UV405,120,https://www.tms-lite.com/lla-uv-illumination-serie.html,C:\Users\cxsun\Documents\Codex\2026-05-18\tms-lite-com-ai\data\raw\html\www.tms-lite.com_lla-uv-illumination-serie.html_72ee4597fd.html,https://www.tms-lite.com/image/cache/data/theme/Product%20Photos%20Master%20File/UV%20Illumination/LLA-UV/uv-lla%20propic_150622160651-850x1301_0.png,UV Illumination - LLA,main image id; zoom image; product photo path; title match; image extension,,pending_download,
IOO-LBRX-00-080-1-X,LBRX-00-080-1-X,121,https://www.tms-lite.com/lbrx-uv-illumination-serie.html,C:\Users\cxsun\Documents\Codex\2026-05-18\tms-lite-com-ai\data\raw\html\www.tms-lite.com_lbrx-uv-illumination-serie.html_06fd018c9d.html,https://www.tms-lite.com/image/cache/data/theme/Product%20Photos%20Master%20File/UV%20Illumination/LBRX%20UV/uv-lbrx%20propic_150622160737-850x1301_0.png,UV Illumination - LBRX,main image id; zoom image; product photo path; title match; image extension,,pending_download,
IOO-UV385-4,UV385,122,https://www.tms-lite.com/lbrx-uv-illumination-serie.html,C:\Users\cxsun\Documents\Codex\2026-05-18\tms-lite-com-ai\data\raw\html\www.tms-lite.com_lbrx-uv-illumination-serie.html_06fd018c9d.html,https://www.tms-lite.com/image/cache/data/theme/Product%20Photos%20Master%20File/UV%20Illumination/LBRX%20UV/uv-lbrx%20propic_150622160737-850x1301_0.png,UV Illumination - LBRX,main image id; zoom image; product photo path; title match; image extension,,pending_download,
IOO-UV395-4,UV395,123,https://www.tms-lite.com/lbrx-uv-illumination-serie.html,C:\Users\cxsun\Documents\Codex\2026-05-18\tms-lite-com-ai\data\raw\html\www.tms-lite.com_lbrx-uv-illumination-serie.html_06fd018c9d.html,https://www.tms-lite.com/image/cache/data/theme/Product%20Photos%20Master%20File/UV%20Illumination/LBRX%20UV/uv-lbrx%20propic_150622160737-850x1301_0.png,UV Illumination - LBRX,main image id; zoom image; product photo path; title match; image extension,,pending_download,
IOO-UV405-4,UV405,124,https://www.tms-lite.com/lbrx-uv-illumination-serie.html,C:\Users\cxsun\Documents\Codex\2026-05-18\tms-lite-com-ai\data\raw\html\www.tms-lite.com_lbrx-uv-illumination-serie.html_06fd018c9d.html,https://www.tms-lite.com/image/cache/data/theme/Product%20Photos%20Master%20File/UV%20Illumination/LBRX%20UV/uv-lbrx%20propic_150622160737-850x1301_0.png,UV Illumination - LBRX,main image id; zoom image; product photo path; title match; image extension,,pending_download,
IOO-LBRX-00-160-1-X,LBRX-00-160-1-X,125,https://www.tms-lite.com/lbrx-uv-illumination-serie.html,C:\Users\cxsun\Documents\Codex\2026-05-18\tms-lite-com-ai\data\raw\html\www.tms-lite.com_lbrx-uv-illumination-serie.html_06fd018c9d.html,https://www.tms-lite.com/image/cache/data/theme/Product%20Photos%20Master%20File/UV%20Illumination/LBRX%20UV/uv-lbrx%20propic_150622160737-850x1301_0.png,UV Illumination - LBRX,main image id; zoom image; product photo path; title match; image extension,,pending_download,
IOO-LBRX-00-240-1-X,LBRX-00-240-1-X,126,https://www.tms-lite.com/lbrx-uv-illumination-serie.html,C:\Users\cxsun\Documents\Codex\2026-05-18\tms-lite-com-ai\data\raw\html\www.tms-lite.com_lbrx-uv-illumination-serie.html_06fd018c9d.html,https://www.tms-lite.com/image/cache/data/theme/Product%20Photos%20Master%20File/UV%20Illumination/LBRX%20UV/uv-lbrx%20propic_150622160737-850x1301_0.png,UV Illumination - LBRX,main image id; zoom image; product photo path; title match; image extension,,pending_download,
IOO-LBRQ-00-080-1-X,LBRQ-00-080-1-X,127,https://www.tms-lite.com/uv-illumination-lbrq.html,C:\Users\cxsun\Documents\Codex\2026-05-18\tms-lite-com-ai\data\raw\html\www.tms-lite.com_uv-illumination-lbrq.html_8017fc027e.html,https://www.tms-lite.com/image/cache/data/theme/Product%20Photos%20Master%20File/UV%20Illumination/LBRQ-UV/uv-lbrq-propic-150622160819--1_260722152324-850x1301_0.png,UV Illumination - LBRQ,main image id; zoom image; product photo path; title match; image extension,,pending_download,
IOO-UV385-5,UV385,128,https://www.tms-lite.com/uv-illumination-lbrq.html,C:\Users\cxsun\Documents\Codex\2026-05-18\tms-lite-com-ai\data\raw\html\www.tms-lite.com_uv-illumination-lbrq.html_8017fc027e.html,https://www.tms-lite.com/image/cache/data/theme/Product%20Photos%20Master%20File/UV%20Illumination/LBRQ-UV/uv-lbrq-propic-150622160819--1_260722152324-850x1301_0.png,UV Illumination - LBRQ,main image id; zoom image; product photo path; title match; image extension,,pending_download,
IOO-UV395-5,UV395,129,https://www.tms-lite.com/uv-illumination-lbrq.html,C:\Users\cxsun\Documents\Codex\2026-05-18\tms-lite-com-ai\data\raw\html\www.tms-lite.com_uv-illumination-lbrq.html_8017fc027e.html,https://www.tms-lite.com/image/cache/data/theme/Product%20Photos%20Master%20File/UV%20Illumination/LBRQ-UV/uv-lbrq-propic-150622160819--1_260722152324-850x1301_0.png,UV Illumination - LBRQ,main image id; zoom image; product photo path; title match; image extension,,pending_download,
IOO-UV405-5,UV405,130,https://www.tms-lite.com/uv-illumination-lbrq.html,C:\Users\cxsun\Documents\Codex\2026-05-18\tms-lite-com-ai\data\raw\html\www.tms-lite.com_uv-illumination-lbrq.html_8017fc027e.html,https://www.tms-lite.com/image/cache/data/theme/Product%20Photos%20Master%20File/UV%20Illumination/LBRQ-UV/uv-lbrq-propic-150622160819--1_260722152324-850x1301_0.png,UV Illumination - LBRQ,main image id; zoom image; product photo path; title match; image extension,,pending_download,
IOO-LBRX-00-040-3-X,LBRX-00-040-3-X,131,https://www.tms-lite.com/lbrx-ir-beleuchtungsserie.html,C:\Users\cxsun\Documents\Codex\2026-05-18\tms-lite-com-ai\data\raw\html\www.tms-lite.com_lbrx-ir-beleuchtungsserie.html_7476d5a4f1.html,https://www.tms-lite.com/image/no_image.jpg,IR-Illumination- LBRX,main image id; title match; image extension,,pending_download,
IOO-LBRX-00-080-3-X,LBRX-00-080-3-X,132,https://www.tms-lite.com/lbrx-ir-beleuchtungsserie.html,C:\Users\cxsun\Documents\Codex\2026-05-18\tms-lite-com-ai\data\raw\html\www.tms-lite.com_lbrx-ir-beleuchtungsserie.html_7476d5a4f1.html,https://www.tms-lite.com/image/no_image.jpg,IR-Illumination- LBRX,main image id; title match; image extension,,pending_download,
IOO-LBRX-00-120-3-X,LBRX-00-120-3-X,133,https://www.tms-lite.com/lbrx-ir-beleuchtungsserie.html,C:\Users\cxsun\Documents\Codex\2026-05-18\tms-lite-com-ai\data\raw\html\www.tms-lite.com_lbrx-ir-beleuchtungsserie.html_7476d5a4f1.html,https://www.tms-lite.com/image/no_image.jpg,IR-Illumination- LBRX,main image id; title match; image extension,,pending_download,
IOO-LBRX-00-160-3-X,LBRX-00-160-3-X,134,https://www.tms-lite.com/lbrx-ir-beleuchtungsserie.html,C:\Users\cxsun\Documents\Codex\2026-05-18\tms-lite-com-ai\data\raw\html\www.tms-lite.com_lbrx-ir-beleuchtungsserie.html_7476d5a4f1.html,https://www.tms-lite.com/image/no_image.jpg,IR-Illumination- LBRX,main image id; title match; image extension,,pending_download,
IOO-LBRX-00-200-3-X,LBRX-00-200-3-X,135,https://www.tms-lite.com/lbrx-ir-beleuchtungsserie.html,C:\Users\cxsun\Documents\Codex\2026-05-18\tms-lite-com-ai\data\raw\html\www.tms-lite.com_lbrx-ir-beleuchtungsserie.html_7476d5a4f1.html,https://www.tms-lite.com/image/no_image.jpg,IR-Illumination- LBRX,main image id; title match; image extension,,pending_download,
IOO-LBRX-00-040-6-X,LBRX-00-040-6-X,136,https://www.tms-lite.com/lbrx-ir-beleuchtungsserie.html,C:\Users\cxsun\Documents\Codex\2026-05-18\tms-lite-com-ai\data\raw\html\www.tms-lite.com_lbrx-ir-beleuchtungsserie.html_7476d5a4f1.html,https://www.tms-lite.com/image/no_image.jpg,IR-Illumination- LBRX,main image id; title match; image extension,,pending_download,
IOO-LBRX-00-080-6-X,LBRX-00-080-6-X,137,https://www.tms-lite.com/lbrx-ir-beleuchtungsserie.html,C:\Users\cxsun\Documents\Codex\2026-05-18\tms-lite-com-ai\data\raw\html\www.tms-lite.com_lbrx-ir-beleuchtungsserie.html_7476d5a4f1.html,https://www.tms-lite.com/image/no_image.jpg,IR-Illumination- LBRX,main image id; title match; image extension,,pending_download,
IOO-LBRX-00-120-6-X,LBRX-00-120-6-X,138,https://www.tms-lite.com/lbrx-ir-beleuchtungsserie.html,C:\Users\cxsun\Documents\Codex\2026-05-18\tms-lite-com-ai\data\raw\html\www.tms-lite.com_lbrx-ir-beleuchtungsserie.html_7476d5a4f1.html,https://www.tms-lite.com/image/no_image.jpg,IR-Illumination- LBRX,main image id; title match; image extension,,pending_download,
IOO-LBRX-00-160-6-X,LBRX-00-160-6-X,139,https://www.tms-lite.com/lbrx-ir-beleuchtungsserie.html,C:\Users\cxsun\Documents\Codex\2026-05-18\tms-lite-com-ai\data\raw\html\www.tms-lite.com_lbrx-ir-beleuchtungsserie.html_7476d5a4f1.html,https://www.tms-lite.com/image/no_image.jpg,IR-Illumination- LBRX,main image id; title match; image extension,,pending_download,
IOO-LBRX-00-200-6-X,LBRX-00-200-6-X,140,https://www.tms-lite.com/lbrx-ir-beleuchtungsserie.html,C:\Users\cxsun\Documents\Codex\2026-05-18\tms-lite-com-ai\data\raw\html\www.tms-lite.com_lbrx-ir-beleuchtungsserie.html_7476d5a4f1.html,https://www.tms-lite.com/image/no_image.jpg,IR-Illumination- LBRX,main image id; title match; image extension,,pending_download,
IOO-LBRX-00-040-3-IR850,LBRX-00-040-3-IR850,141,https://www.tms-lite.com/lbrx-ir-beleuchtungsserie.html,C:\Users\cxsun\Documents\Codex\2026-05-18\tms-lite-com-ai\data\raw\html\www.tms-lite.com_lbrx-ir-beleuchtungsserie.html_7476d5a4f1.html,https://www.tms-lite.com/image/no_image.jpg,IR-Illumination- LBRX,main image id; title match; image extension,,pending_download,
IOO-LBRX-00-080-3-IR850,LBRX-00-080-3-IR850,142,https://www.tms-lite.com/lbrx-ir-beleuchtungsserie.html,C:\Users\cxsun\Documents\Codex\2026-05-18\tms-lite-com-ai\data\raw\html\www.tms-lite.com_lbrx-ir-beleuchtungsserie.html_7476d5a4f1.html,https://www.tms-lite.com/image/no_image.jpg,IR-Illumination- LBRX,main image id; title match; image extension,,pending_download,
IOO-LBRX-00-120-3-IR850,LBRX-00-120-3-IR850,143,https://www.tms-lite.com/lbrx-ir-beleuchtungsserie.html,C:\Users\cxsun\Documents\Codex\2026-05-18\tms-lite-com-ai\data\raw\html\www.tms-lite.com_lbrx-ir-beleuchtungsserie.html_7476d5a4f1.html,https://www.tms-lite.com/image/no_image.jpg,IR-Illumination- LBRX,main image id; title match; image extension,,pending_download,
IOO-LBRX-00-160-3-IR850,LBRX-00-160-3-IR850,144,https://www.tms-lite.com/lbrx-ir-beleuchtungsserie.html,C:\Users\cxsun\Documents\Codex\2026-05-18\tms-lite-com-ai\data\raw\html\www.tms-lite.com_lbrx-ir-beleuchtungsserie.html_7476d5a4f1.html,https://www.tms-lite.com/image/no_image.jpg,IR-Illumination- LBRX,main image id; title match; image extension,,pending_download,
IOO-LBRX-00-200-3-IR850,LBRX-00-200-3-IR850,145,https://www.tms-lite.com/lbrx-ir-beleuchtungsserie.html,C:\Users\cxsun\Documents\Codex\2026-05-18\tms-lite-com-ai\data\raw\html\www.tms-lite.com_lbrx-ir-beleuchtungsserie.html_7476d5a4f1.html,https://www.tms-lite.com/image/no_image.jpg,IR-Illumination- LBRX,main image id; title match; image extension,,pending_download,
IOO-LBRX-00-040-6-IR850,LBRX-00-040-6-IR850,146,https://www.tms-lite.com/lbrx-ir-beleuchtungsserie.html,C:\Users\cxsun\Documents\Codex\2026-05-18\tms-lite-com-ai\data\raw\html\www.tms-lite.com_lbrx-ir-beleuchtungsserie.html_7476d5a4f1.html,https://www.tms-lite.com/image/no_image.jpg,IR-Illumination- LBRX,main image id; title match; image extension,,pending_download,
IOO-LBRX-00-080-6-IR850,LBRX-00-080-6-IR850,147,https://www.tms-lite.com/lbrx-ir-beleuchtungsserie.html,C:\Users\cxsun\Documents\Codex\2026-05-18\tms-lite-com-ai\data\raw\html\www.tms-lite.com_lbrx-ir-beleuchtungsserie.html_7476d5a4f1.html,https://www.tms-lite.com/image/no_image.jpg,IR-Illumination- LBRX,main image id; title match; image extension,,pending_download,
IOO-LBRX-00-120-6-IR850,LBRX-00-120-6-IR850,148,https://www.tms-lite.com/lbrx-ir-beleuchtungsserie.html,C:\Users\cxsun\Documents\Codex\2026-05-18\tms-lite-com-ai\data\raw\html\www.tms-lite.com_lbrx-ir-beleuchtungsserie.html_7476d5a4f1.html,https://www.tms-lite.com/image/no_image.jpg,IR-Illumination- LBRX,main image id; title match; image extension,,pending_download,
IOO-LBRX-00-160-6-IR850,LBRX-00-160-6-IR850,149,https://www.tms-lite.com/lbrx-ir-beleuchtungsserie.html,C:\Users\cxsun\Documents\Codex\2026-05-18\tms-lite-com-ai\data\raw\html\www.tms-lite.com_lbrx-ir-beleuchtungsserie.html_7476d5a4f1.html,https://www.tms-lite.com/image/no_image.jpg,IR-Illumination- LBRX,main image id; title match; image extension,,pending_download,
IOO-LBRX-00-200-6-IR850,LBRX-00-200-6-IR850,150,https://www.tms-lite.com/lbrx-ir-beleuchtungsserie.html,C:\Users\cxsun\Documents\Codex\2026-05-18\tms-lite-com-ai\data\raw\html\www.tms-lite.com_lbrx-ir-beleuchtungsserie.html_7476d5a4f1.html,https://www.tms-lite.com/image/no_image.jpg,IR-Illumination- LBRX,main image id; title match; image extension,,pending_download,
IOO-BHS4-00-025-X-X,BHS4-00-025-X-X,151,https://www.tms-lite.com/bhs4-ir-beleuchtungsserie.html,C:\Users\cxsun\Documents\Codex\2026-05-18\tms-lite-com-ai\data\raw\html\www.tms-lite.com_bhs4-ir-beleuchtungsserie.html_0d329c7bd6.html,https://www.tms-lite.com/image/cache/data/theme/Product%20Photos%20Master%20File_bk081021/Backlight%20Illumination/High%20Illumination%20Series/BHS4/bhs4-series_150622093752-850x1301_0.png,IR-Illumination - BHS4,main image id; zoom image; product photo path; title match; image extension,,pending_download,
IOO-BHS4-00-050-X-X,BHS4-00-050-X-X,152,https://www.tms-lite.com/bhs4-ir-beleuchtungsserie.html,C:\Users\cxsun\Documents\Codex\2026-05-18\tms-lite-com-ai\data\raw\html\www.tms-lite.com_bhs4-ir-beleuchtungsserie.html_0d329c7bd6.html,https://www.tms-lite.com/image/cache/data/theme/Product%20Photos%20Master%20File_bk081021/Backlight%20Illumination/High%20Illumination%20Series/BHS4/bhs4-series_150622093752-850x1301_0.png,IR-Illumination - BHS4,main image id; zoom image; product photo path; title match; image extension,,pending_download,
IOO-BHS4-00-075-X-X,BHS4-00-075-X-X,153,https://www.tms-lite.com/bhs4-ir-beleuchtungsserie.html,C:\Users\cxsun\Documents\Codex\2026-05-18\tms-lite-com-ai\data\raw\html\www.tms-lite.com_bhs4-ir-beleuchtungsserie.html_0d329c7bd6.html,https://www.tms-lite.com/image/cache/data/theme/Product%20Photos%20Master%20File_bk081021/Backlight%20Illumination/High%20Illumination%20Series/BHS4/bhs4-series_150622093752-850x1301_0.png,IR-Illumination - BHS4,main image id; zoom image; product photo path; title match; image extension,,pending_download,
IOO-BHS4-00-100-X-X,BHS4-00-100-X-X,154,https://www.tms-lite.com/bhs4-ir-beleuchtungsserie.html,C:\Users\cxsun\Documents\Codex\2026-05-18\tms-lite-com-ai\data\raw\html\www.tms-lite.com_bhs4-ir-beleuchtungsserie.html_0d329c7bd6.html,https://www.tms-lite.com/image/cache/data/theme/Product%20Photos%20Master%20File_bk081021/Backlight%20Illumination/High%20Illumination%20Series/BHS4/bhs4-series_150622093752-850x1301_0.png,IR-Illumination - BHS4,main image id; zoom image; product photo path; title match; image extension,,pending_download,
IOO-BHS4-00-030-X-X,BHS4-00-030-X-X,155,https://www.tms-lite.com/bhs4-ir-beleuchtungsserie.html,C:\Users\cxsun\Documents\Codex\2026-05-18\tms-lite-com-ai\data\raw\html\www.tms-lite.com_bhs4-ir-beleuchtungsserie.html_0d329c7bd6.html,https://www.tms-lite.com/image/cache/data/theme/Product%20Photos%20Master%20File_bk081021/Backlight%20Illumination/High%20Illumination%20Series/BHS4/bhs4-series_150622093752-850x1301_0.png,IR-Illumination - BHS4,main image id; zoom image; product photo path; title match; image extension,,pending_download,
IOO-BHS4-00-060-X-X,BHS4-00-060-X-X,156,https://www.tms-lite.com/bhs4-ir-beleuchtungsserie.html,C:\Users\cxsun\Documents\Codex\2026-05-18\tms-lite-com-ai\data\raw\html\www.tms-lite.com_bhs4-ir-beleuchtungsserie.html_0d329c7bd6.html,https://www.tms-lite.com/image/cache/data/theme/Product%20Photos%20Master%20File_bk081021/Backlight%20Illumination/High%20Illumination%20Series/BHS4/bhs4-series_150622093752-850x1301_0.png,IR-Illumination - BHS4,main image id; zoom image; product photo path; title match; image extension,,pending_download,
IOO-BHS4-00-090-X-X,BHS4-00-090-X-X,157,https://www.tms-lite.com/bhs4-ir-beleuchtungsserie.html,C:\Users\cxsun\Documents\Codex\2026-05-18\tms-lite-com-ai\data\raw\html\www.tms-lite.com_bhs4-ir-beleuchtungsserie.html_0d329c7bd6.html,https://www.tms-lite.com/image/cache/data/theme/Product%20Photos%20Master%20File_bk081021/Backlight%20Illumination/High%20Illumination%20Series/BHS4/bhs4-series_150622093752-850x1301_0.png,IR-Illumination - BHS4,main image id; zoom image; product photo path; title match; image extension,,pending_download,
IOO-BHS4-00-120-X-X,BHS4-00-120-X-X,158,https://www.tms-lite.com/bhs4-ir-beleuchtungsserie.html,C:\Users\cxsun\Documents\Codex\2026-05-18\tms-lite-com-ai\data\raw\html\www.tms-lite.com_bhs4-ir-beleuchtungsserie.html_0d329c7bd6.html,https://www.tms-lite.com/image/cache/data/theme/Product%20Photos%20Master%20File_bk081021/Backlight%20Illumination/High%20Illumination%20Series/BHS4/bhs4-series_150622093752-850x1301_0.png,IR-Illumination - BHS4,main image id; zoom image; product photo path; title match; image extension,,pending_download,
IOO-BHS4-00-025-X-IR850,BHS4-00-025-X-IR850,159,https://www.tms-lite.com/bhs4-ir-beleuchtungsserie.html,C:\Users\cxsun\Documents\Codex\2026-05-18\tms-lite-com-ai\data\raw\html\www.tms-lite.com_bhs4-ir-beleuchtungsserie.html_0d329c7bd6.html,https://www.tms-lite.com/image/cache/data/theme/Product%20Photos%20Master%20File_bk081021/Backlight%20Illumination/High%20Illumination%20Series/BHS4/bhs4-series_150622093752-850x1301_0.png,IR-Illumination - BHS4,main image id; zoom image; product photo path; title match; image extension,,pending_download,
IOO-BHS4-00-050-X-IR850,BHS4-00-050-X-IR850,160,https://www.tms-lite.com/bhs4-ir-beleuchtungsserie.html,C:\Users\cxsun\Documents\Codex\2026-05-18\tms-lite-com-ai\data\raw\html\www.tms-lite.com_bhs4-ir-beleuchtungsserie.html_0d329c7bd6.html,https://www.tms-lite.com/image/cache/data/theme/Product%20Photos%20Master%20File_bk081021/Backlight%20Illumination/High%20Illumination%20Series/BHS4/bhs4-series_150622093752-850x1301_0.png,IR-Illumination - BHS4,main image id; zoom image; product photo path; title match; image extension,,pending_download,
IOO-BHS4-00-075-X-IR850,BHS4-00-075-X-IR850,161,https://www.tms-lite.com/bhs4-ir-beleuchtungsserie.html,C:\Users\cxsun\Documents\Codex\2026-05-18\tms-lite-com-ai\data\raw\html\www.tms-lite.com_bhs4-ir-beleuchtungsserie.html_0d329c7bd6.html,https://www.tms-lite.com/image/cache/data/theme/Product%20Photos%20Master%20File_bk081021/Backlight%20Illumination/High%20Illumination%20Series/BHS4/bhs4-series_150622093752-850x1301_0.png,IR-Illumination - BHS4,main image id; zoom image; product photo path; title match; image extension,,pending_download,
IOO-BHS4-00-100-X-IR850,BHS4-00-100-X-IR850,162,https://www.tms-lite.com/bhs4-ir-beleuchtungsserie.html,C:\Users\cxsun\Documents\Codex\2026-05-18\tms-lite-com-ai\data\raw\html\www.tms-lite.com_bhs4-ir-beleuchtungsserie.html_0d329c7bd6.html,https://www.tms-lite.com/image/cache/data/theme/Product%20Photos%20Master%20File_bk081021/Backlight%20Illumination/High%20Illumination%20Series/BHS4/bhs4-series_150622093752-850x1301_0.png,IR-Illumination - BHS4,main image id; zoom image; product photo path; title match; image extension,,pending_download,
IOO-BHS4-00-030-X-IR850,BHS4-00-030-X-IR850,163,https://www.tms-lite.com/bhs4-ir-beleuchtungsserie.html,C:\Users\cxsun\Documents\Codex\2026-05-18\tms-lite-com-ai\data\raw\html\www.tms-lite.com_bhs4-ir-beleuchtungsserie.html_0d329c7bd6.html,https://www.tms-lite.com/image/cache/data/theme/Product%20Photos%20Master%20File_bk081021/Backlight%20Illumination/High%20Illumination%20Series/BHS4/bhs4-series_150622093752-850x1301_0.png,IR-Illumination - BHS4,main image id; zoom image; product photo path; title match; image extension,,pending_download,
IOO-BHS4-00-060-X-IR850,BHS4-00-060-X-IR850,164,https://www.tms-lite.com/bhs4-ir-beleuchtungsserie.html,C:\Users\cxsun\Documents\Codex\2026-05-18\tms-lite-com-ai\data\raw\html\www.tms-lite.com_bhs4-ir-beleuchtungsserie.html_0d329c7bd6.html,https://www.tms-lite.com/image/cache/data/theme/Product%20Photos%20Master%20File_bk081021/Backlight%20Illumination/High%20Illumination%20Series/BHS4/bhs4-series_150622093752-850x1301_0.png,IR-Illumination - BHS4,main image id; zoom image; product photo path; title match; image extension,,pending_download,
IOO-BHS4-00-090-X-IR850,BHS4-00-090-X-IR850,165,https://www.tms-lite.com/bhs4-ir-beleuchtungsserie.html,C:\Users\cxsun\Documents\Codex\2026-05-18\tms-lite-com-ai\data\raw\html\www.tms-lite.com_bhs4-ir-beleuchtungsserie.html_0d329c7bd6.html,https://www.tms-lite.com/image/cache/data/theme/Product%20Photos%20Master%20File_bk081021/Backlight%20Illumination/High%20Illumination%20Series/BHS4/bhs4-series_150622093752-850x1301_0.png,IR-Illumination - BHS4,main image id; zoom image; product photo path; title match; image extension,,pending_download,
IOO-BHS4-00-120-X-IR850,BHS4-00-120-X-IR850,166,https://www.tms-lite.com/bhs4-ir-beleuchtungsserie.html,C:\Users\cxsun\Documents\Codex\2026-05-18\tms-lite-com-ai\data\raw\html\www.tms-lite.com_bhs4-ir-beleuchtungsserie.html_0d329c7bd6.html,https://www.tms-lite.com/image/cache/data/theme/Product%20Photos%20Master%20File_bk081021/Backlight%20Illumination/High%20Illumination%20Series/BHS4/bhs4-series_150622093752-850x1301_0.png,IR-Illumination - BHS4,main image id; zoom image; product photo path; title match; image extension,,pending_download,
IOO-CAS2-00-025-X-X-3,CAS2-00-025-X-X,167,https://www.tms-lite.com/cas2-ir-beleuchtungsserie.html,C:\Users\cxsun\Documents\Codex\2026-05-18\tms-lite-com-ai\data\raw\html\www.tms-lite.com_cas2-ir-beleuchtungsserie.html_4928cb6663.html,https://www.tms-lite.com/image/cache/data/theme/Product%20Photos%20Master%20File/Coaxial%20Illumination/Coaxial%20Illumination%20Series/CAS2-00/whole-view_070725090434-850x1301_0.png,IR-Illumination - CAS2,main image id; zoom image; product photo path; product view; title match; image extension,,pending_download,
IOO-CAS2-00-040-X-X-3,CAS2-00-040-X-X,168,https://www.tms-lite.com/cas2-ir-beleuchtungsserie.html,C:\Users\cxsun\Documents\Codex\2026-05-18\tms-lite-com-ai\data\raw\html\www.tms-lite.com_cas2-ir-beleuchtungsserie.html_4928cb6663.html,https://www.tms-lite.com/image/cache/data/theme/Product%20Photos%20Master%20File/Coaxial%20Illumination/Coaxial%20Illumination%20Series/CAS2-00/whole-view_070725090434-850x1301_0.png,IR-Illumination - CAS2,main image id; zoom image; product photo path; product view; title match; image extension,,pending_download,
IOO-LBRQ-00-040-3-X,LBRQ-00-040-3-X,169,https://www.tms-lite.com/lbrq-ir-beleuchtungsserie.html,C:\Users\cxsun\Documents\Codex\2026-05-18\tms-lite-com-ai\data\raw\html\www.tms-lite.com_lbrq-ir-beleuchtungsserie.html_a7004c8baa.html,https://www.tms-lite.com/image/cache/data/theme/Product%20Photos%20Master%20File/Direct%20Illumination/Direct%20Illumination%20Bar%20Series/LBRQ-3%20Rows/LBRQ-3%20Rows%20Series%20WHITE-850x1301_0.png,IR-Illumination - LBRQ,main image id; zoom image; product photo path; title match; image extension,,pending_download,
IOO-LBRQ-00-080-3-X,LBRQ-00-080-3-X,170,https://www.tms-lite.com/lbrq-ir-beleuchtungsserie.html,C:\Users\cxsun\Documents\Codex\2026-05-18\tms-lite-com-ai\data\raw\html\www.tms-lite.com_lbrq-ir-beleuchtungsserie.html_a7004c8baa.html,https://www.tms-lite.com/image/cache/data/theme/Product%20Photos%20Master%20File/Direct%20Illumination/Direct%20Illumination%20Bar%20Series/LBRQ-3%20Rows/LBRQ-3%20Rows%20Series%20WHITE-850x1301_0.png,IR-Illumination - LBRQ,main image id; zoom image; product photo path; title match; image extension,,pending_download,
IOO-LBRQ-00-120-3-X,LBRQ-00-120-3-X,171,https://www.tms-lite.com/lbrq-ir-beleuchtungsserie.html,C:\Users\cxsun\Documents\Codex\2026-05-18\tms-lite-com-ai\data\raw\html\www.tms-lite.com_lbrq-ir-beleuchtungsserie.html_a7004c8baa.html,https://www.tms-lite.com/image/cache/data/theme/Product%20Photos%20Master%20File/Direct%20Illumination/Direct%20Illumination%20Bar%20Series/LBRQ-3%20Rows/LBRQ-3%20Rows%20Series%20WHITE-850x1301_0.png,IR-Illumination - LBRQ,main image id; zoom image; product photo path; title match; image extension,,pending_download,
IOO-LBRQ-00-160-3-X,LBRQ-00-160-3-X,172,https://www.tms-lite.com/lbrq-ir-beleuchtungsserie.html,C:\Users\cxsun\Documents\Codex\2026-05-18\tms-lite-com-ai\data\raw\html\www.tms-lite.com_lbrq-ir-beleuchtungsserie.html_a7004c8baa.html,https://www.tms-lite.com/image/cache/data/theme/Product%20Photos%20Master%20File/Direct%20Illumination/Direct%20Illumination%20Bar%20Series/LBRQ-3%20Rows/LBRQ-3%20Rows%20Series%20WHITE-850x1301_0.png,IR-Illumination - LBRQ,main image id; zoom image; product photo path; title match; image extension,,pending_download,
IOO-LBRQ-00-200-3-X,LBRQ-00-200-3-X,173,https://www.tms-lite.com/lbrq-ir-beleuchtungsserie.html,C:\Users\cxsun\Documents\Codex\2026-05-18\tms-lite-com-ai\data\raw\html\www.tms-lite.com_lbrq-ir-beleuchtungsserie.html_a7004c8baa.html,https://www.tms-lite.com/image/cache/data/theme/Product%20Photos%20Master%20File/Direct%20Illumination/Direct%20Illumination%20Bar%20Series/LBRQ-3%20Rows/LBRQ-3%20Rows%20Series%20WHITE-850x1301_0.png,IR-Illumination - LBRQ,main image id; zoom image; product photo path; title match; image extension,,pending_download,
IOO-LBRQ-00-040-6-X,LBRQ-00-040-6-X,174,https://www.tms-lite.com/lbrq-ir-beleuchtungsserie.html,C:\Users\cxsun\Documents\Codex\2026-05-18\tms-lite-com-ai\data\raw\html\www.tms-lite.com_lbrq-ir-beleuchtungsserie.html_a7004c8baa.html,https://www.tms-lite.com/image/cache/data/theme/Product%20Photos%20Master%20File/Direct%20Illumination/Direct%20Illumination%20Bar%20Series/LBRQ-3%20Rows/LBRQ-3%20Rows%20Series%20WHITE-850x1301_0.png,IR-Illumination - LBRQ,main image id; zoom image; product photo path; title match; image extension,,pending_download,
IOO-LBRQ-00-080-6-X,LBRQ-00-080-6-X,175,https://www.tms-lite.com/lbrq-ir-beleuchtungsserie.html,C:\Users\cxsun\Documents\Codex\2026-05-18\tms-lite-com-ai\data\raw\html\www.tms-lite.com_lbrq-ir-beleuchtungsserie.html_a7004c8baa.html,https://www.tms-lite.com/image/cache/data/theme/Product%20Photos%20Master%20File/Direct%20Illumination/Direct%20Illumination%20Bar%20Series/LBRQ-3%20Rows/LBRQ-3%20Rows%20Series%20WHITE-850x1301_0.png,IR-Illumination - LBRQ,main image id; zoom image; product photo path; title match; image extension,,pending_download,
IOO-LBRQ-00-120-6-X,LBRQ-00-120-6-X,176,https://www.tms-lite.com/lbrq-ir-beleuchtungsserie.html,C:\Users\cxsun\Documents\Codex\2026-05-18\tms-lite-com-ai\data\raw\html\www.tms-lite.com_lbrq-ir-beleuchtungsserie.html_a7004c8baa.html,https://www.tms-lite.com/image/cache/data/theme/Product%20Photos%20Master%20File/Direct%20Illumination/Direct%20Illumination%20Bar%20Series/LBRQ-3%20Rows/LBRQ-3%20Rows%20Series%20WHITE-850x1301_0.png,IR-Illumination - LBRQ,main image id; zoom image; product photo path; title match; image extension,,pending_download,
IOO-LBRQ-00-160-6-X,LBRQ-00-160-6-X,177,https://www.tms-lite.com/lbrq-ir-beleuchtungsserie.html,C:\Users\cxsun\Documents\Codex\2026-05-18\tms-lite-com-ai\data\raw\html\www.tms-lite.com_lbrq-ir-beleuchtungsserie.html_a7004c8baa.html,https://www.tms-lite.com/image/cache/data/theme/Product%20Photos%20Master%20File/Direct%20Illumination/Direct%20Illumination%20Bar%20Series/LBRQ-3%20Rows/LBRQ-3%20Rows%20Series%20WHITE-850x1301_0.png,IR-Illumination - LBRQ,main image id; zoom image; product photo path; title match; image extension,,pending_download,
IOO-LBRQ-00-200-6-X,LBRQ-00-200-6-X,178,https://www.tms-lite.com/lbrq-ir-beleuchtungsserie.html,C:\Users\cxsun\Documents\Codex\2026-05-18\tms-lite-com-ai\data\raw\html\www.tms-lite.com_lbrq-ir-beleuchtungsserie.html_a7004c8baa.html,https://www.tms-lite.com/image/cache/data/theme/Product%20Photos%20Master%20File/Direct%20Illumination/Direct%20Illumination%20Bar%20Series/LBRQ-3%20Rows/LBRQ-3%20Rows%20Series%20WHITE-850x1301_0.png,IR-Illumination - LBRQ,main image id; zoom image; product photo path; title match; image extension,,pending_download,
IOO-LBRQ-00-040-3-IR850,LBRQ-00-040-3-IR850,179,https://www.tms-lite.com/lbrq-ir-beleuchtungsserie.html,C:\Users\cxsun\Documents\Codex\2026-05-18\tms-lite-com-ai\data\raw\html\www.tms-lite.com_lbrq-ir-beleuchtungsserie.html_a7004c8baa.html,https://www.tms-lite.com/image/cache/data/theme/Product%20Photos%20Master%20File/Direct%20Illumination/Direct%20Illumination%20Bar%20Series/LBRQ-3%20Rows/LBRQ-3%20Rows%20Series%20WHITE-850x1301_0.png,IR-Illumination - LBRQ,main image id; zoom image; product photo path; title match; image extension,,pending_download,
IOO-LBRQ-00-080-3-IR850,LBRQ-00-080-3-IR850,180,https://www.tms-lite.com/lbrq-ir-beleuchtungsserie.html,C:\Users\cxsun\Documents\Codex\2026-05-18\tms-lite-com-ai\data\raw\html\www.tms-lite.com_lbrq-ir-beleuchtungsserie.html_a7004c8baa.html,https://www.tms-lite.com/image/cache/data/theme/Product%20Photos%20Master%20File/Direct%20Illumination/Direct%20Illumination%20Bar%20Series/LBRQ-3%20Rows/LBRQ-3%20Rows%20Series%20WHITE-850x1301_0.png,IR-Illumination - LBRQ,main image id; zoom image; product photo path; title match; image extension,,pending_download,
IOO-LBRQ-00-120-3-IR850,LBRQ-00-120-3-IR850,181,https://www.tms-lite.com/lbrq-ir-beleuchtungsserie.html,C:\Users\cxsun\Documents\Codex\2026-05-18\tms-lite-com-ai\data\raw\html\www.tms-lite.com_lbrq-ir-beleuchtungsserie.html_a7004c8baa.html,https://www.tms-lite.com/image/cache/data/theme/Product%20Photos%20Master%20File/Direct%20Illumination/Direct%20Illumination%20Bar%20Series/LBRQ-3%20Rows/LBRQ-3%20Rows%20Series%20WHITE-850x1301_0.png,IR-Illumination - LBRQ,main image id; zoom image; product photo path; title match; image extension,,pending_download,
IOO-LBRQ-00-160-3-IR850,LBRQ-00-160-3-IR850,182,https://www.tms-lite.com/lbrq-ir-beleuchtungsserie.html,C:\Users\cxsun\Documents\Codex\2026-05-18\tms-lite-com-ai\data\raw\html\www.tms-lite.com_lbrq-ir-beleuchtungsserie.html_a7004c8baa.html,https://www.tms-lite.com/image/cache/data/theme/Product%20Photos%20Master%20File/Direct%20Illumination/Direct%20Illumination%20Bar%20Series/LBRQ-3%20Rows/LBRQ-3%20Rows%20Series%20WHITE-850x1301_0.png,IR-Illumination - LBRQ,main image id; zoom image; product photo path; title match; image extension,,pending_download,
IOO-LBRQ-00-200-3-IR850,LBRQ-00-200-3-IR850,183,https://www.tms-lite.com/lbrq-ir-beleuchtungsserie.html,C:\Users\cxsun\Documents\Codex\2026-05-18\tms-lite-com-ai\data\raw\html\www.tms-lite.com_lbrq-ir-beleuchtungsserie.html_a7004c8baa.html,https://www.tms-lite.com/image/cache/data/theme/Product%20Photos%20Master%20File/Direct%20Illumination/Direct%20Illumination%20Bar%20Series/LBRQ-3%20Rows/LBRQ-3%20Rows%20Series%20WHITE-850x1301_0.png,IR-Illumination - LBRQ,main image id; zoom image; product photo path; title match; image extension,,pending_download,
IOO-LBRQ-00-040-6-IR850,LBRQ-00-040-6-IR850,184,https://www.tms-lite.com/lbrq-ir-beleuchtungsserie.html,C:\Users\cxsun\Documents\Codex\2026-05-18\tms-lite-com-ai\data\raw\html\www.tms-lite.com_lbrq-ir-beleuchtungsserie.html_a7004c8baa.html,https://www.tms-lite.com/image/cache/data/theme/Product%20Photos%20Master%20File/Direct%20Illumination/Direct%20Illumination%20Bar%20Series/LBRQ-3%20Rows/LBRQ-3%20Rows%20Series%20WHITE-850x1301_0.png,IR-Illumination - LBRQ,main image id; zoom image; product photo path; title match; image extension,,pending_download,
IOO-LBRQ-00-080-6-IR850,LBRQ-00-080-6-IR850,185,https://www.tms-lite.com/lbrq-ir-beleuchtungsserie.html,C:\Users\cxsun\Documents\Codex\2026-05-18\tms-lite-com-ai\data\raw\html\www.tms-lite.com_lbrq-ir-beleuchtungsserie.html_a7004c8baa.html,https://www.tms-lite.com/image/cache/data/theme/Product%20Photos%20Master%20File/Direct%20Illumination/Direct%20Illumination%20Bar%20Series/LBRQ-3%20Rows/LBRQ-3%20Rows%20Series%20WHITE-850x1301_0.png,IR-Illumination - LBRQ,main image id; zoom image; product photo path; title match; image extension,,pending_download,
IOO-LBRQ-00-120-6-IR850,LBRQ-00-120-6-IR850,186,https://www.tms-lite.com/lbrq-ir-beleuchtungsserie.html,C:\Users\cxsun\Documents\Codex\2026-05-18\tms-lite-com-ai\data\raw\html\www.tms-lite.com_lbrq-ir-beleuchtungsserie.html_a7004c8baa.html,https://www.tms-lite.com/image/cache/data/theme/Product%20Photos%20Master%20File/Direct%20Illumination/Direct%20Illumination%20Bar%20Series/LBRQ-3%20Rows/LBRQ-3%20Rows%20Series%20WHITE-850x1301_0.png,IR-Illumination - LBRQ,main image id; zoom image; product photo path; title match; image extension,,pending_download,
IOO-LBRQ-00-160-6-IR850,LBRQ-00-160-6-IR850,187,https://www.tms-lite.com/lbrq-ir-beleuchtungsserie.html,C:\Users\cxsun\Documents\Codex\2026-05-18\tms-lite-com-ai\data\raw\html\www.tms-lite.com_lbrq-ir-beleuchtungsserie.html_a7004c8baa.html,https://www.tms-lite.com/image/cache/data/theme/Product%20Photos%20Master%20File/Direct%20Illumination/Direct%20Illumination%20Bar%20Series/LBRQ-3%20Rows/LBRQ-3%20Rows%20Series%20WHITE-850x1301_0.png,IR-Illumination - LBRQ,main image id; zoom image; product photo path; title match; image extension,,pending_download,
IOO-LBRQ-00-200-6-IR850,LBRQ-00-200-6-IR850,188,https://www.tms-lite.com/lbrq-ir-beleuchtungsserie.html,C:\Users\cxsun\Documents\Codex\2026-05-18\tms-lite-com-ai\data\raw\html\www.tms-lite.com_lbrq-ir-beleuchtungsserie.html_a7004c8baa.html,https://www.tms-lite.com/image/cache/data/theme/Product%20Photos%20Master%20File/Direct%20Illumination/Direct%20Illumination%20Bar%20Series/LBRQ-3%20Rows/LBRQ-3%20Rows%20Series%20WHITE-850x1301_0.png,IR-Illumination - LBRQ,main image id; zoom image; product photo path; title match; image extension,,pending_download,
IOO-LSW-15-070-3-X,LSW-15-070-3-X,189,https://www.tms-lite.com/lsw-ir-beleuchtungsserie.html,C:\Users\cxsun\Documents\Codex\2026-05-18\tms-lite-com-ai\data\raw\html\www.tms-lite.com_lsw-ir-beleuchtungsserie.html_5953ec2b93.html,https://www.tms-lite.com/image/cache/data/theme/Product%20Photos%20Master%20File/Direct%20Illumination/Direct%20Illumination%20Shower%20Series/LSW/lsw_090622092618-850x1301_0.png,IR-Illumination - LSW,main image id; zoom image; product photo path; title match; image extension,,pending_download,
IOO-LSW-15-070-3-IR850,LSW-15-070-3-IR850,190,https://www.tms-lite.com/lsw-ir-beleuchtungsserie.html,C:\Users\cxsun\Documents\Codex\2026-05-18\tms-lite-com-ai\data\raw\html\www.tms-lite.com_lsw-ir-beleuchtungsserie.html_5953ec2b93.html,https://www.tms-lite.com/image/cache/data/theme/Product%20Photos%20Master%20File/Direct%20Illumination/Direct%20Illumination%20Shower%20Series/LSW/lsw_090622092618-850x1301_0.png,IR-Illumination - LSW,main image id; zoom image; product photo path; title match; image extension,,pending_download,
IOO-LSW-15-070-3-IR940,LSW-15-070-3-IR940,191,https://www.tms-lite.com/lsw-ir-beleuchtungsserie.html,C:\Users\cxsun\Documents\Codex\2026-05-18\tms-lite-com-ai\data\raw\html\www.tms-lite.com_lsw-ir-beleuchtungsserie.html_5953ec2b93.html,https://www.tms-lite.com/image/cache/data/theme/Product%20Photos%20Master%20File/Direct%20Illumination/Direct%20Illumination%20Shower%20Series/LSW/lsw_090622092618-850x1301_0.png,IR-Illumination - LSW,main image id; zoom image; product photo path; title match; image extension,,pending_download,
IOO-LLA-60-090-2-X-2,LLA-60-090-2-X,192,https://www.tms-lite.com/lla-ir-beleuchtungsserie.html,C:\Users\cxsun\Documents\Codex\2026-05-18\tms-lite-com-ai\data\raw\html\www.tms-lite.com_lla-ir-beleuchtungsserie.html_e650c11c46.html,https://www.tms-lite.com/image/cache/data/theme/Product%20Photos%20Master%20File/Direct%20Illumination/Direct%20Illumination%20Low%20Angle%20Series/LLA-60_75/LLA-60/lla60-propic_140622143114-850x1301_0.png,IR-Illumination - LLA,main image id; zoom image; product photo path; title match; image extension,,pending_download,
IOO-LLA-60-090-2-IR850,LLA-60-090-2-IR850,193,https://www.tms-lite.com/lla-ir-beleuchtungsserie.html,C:\Users\cxsun\Documents\Codex\2026-05-18\tms-lite-com-ai\data\raw\html\www.tms-lite.com_lla-ir-beleuchtungsserie.html_e650c11c46.html,https://www.tms-lite.com/image/cache/data/theme/Product%20Photos%20Master%20File/Direct%20Illumination/Direct%20Illumination%20Low%20Angle%20Series/LLA-60_75/LLA-60/lla60-propic_140622143114-850x1301_0.png,IR-Illumination - LLA,main image id; zoom image; product photo path; title match; image extension,,pending_download,
IOO-LLA-60-090-2-IR940,LLA-60-090-2-IR940,194,https://www.tms-lite.com/lla-ir-beleuchtungsserie.html,C:\Users\cxsun\Documents\Codex\2026-05-18\tms-lite-com-ai\data\raw\html\www.tms-lite.com_lla-ir-beleuchtungsserie.html_e650c11c46.html,https://www.tms-lite.com/image/cache/data/theme/Product%20Photos%20Master%20File/Direct%20Illumination/Direct%20Illumination%20Low%20Angle%20Series/LLA-60_75/LLA-60/lla60-propic_140622143114-850x1301_0.png,IR-Illumination - LLA,main image id; zoom image; product photo path; title match; image extension,,pending_download,
IOO-BHLX3-00-160X160-X-X,BHLX3-00-160X160-X-X,195,https://www.tms-lite.com/ir-illumination-bhlx3.html,C:\Users\cxsun\Documents\Codex\2026-05-18\tms-lite-com-ai\data\raw\html\www.tms-lite.com_ir-illumination-bhlx3.html_b419ea9c48.html,https://www.tms-lite.com/image/cache/data/theme/Product%20Photos%20Master%20File/IR%20Illumination/bhlx3-090622115559_240622154850-850x1301_0.png,IR-Illumination - BHLX3,main image id; zoom image; product photo path; title match; image extension,,pending_download,
IOO-BHLX3-00-160X240-X-X,BHLX3-00-160X240-X-X,196,https://www.tms-lite.com/ir-illumination-bhlx3.html,C:\Users\cxsun\Documents\Codex\2026-05-18\tms-lite-com-ai\data\raw\html\www.tms-lite.com_ir-illumination-bhlx3.html_b419ea9c48.html,https://www.tms-lite.com/image/cache/data/theme/Product%20Photos%20Master%20File/IR%20Illumination/bhlx3-090622115559_240622154850-850x1301_0.png,IR-Illumination - BHLX3,main image id; zoom image; product photo path; title match; image extension,,pending_download,
IOO-BHLX3-00-160X320-X-X,BHLX3-00-160X320-X-X,197,https://www.tms-lite.com/ir-illumination-bhlx3.html,C:\Users\cxsun\Documents\Codex\2026-05-18\tms-lite-com-ai\data\raw\html\www.tms-lite.com_ir-illumination-bhlx3.html_b419ea9c48.html,https://www.tms-lite.com/image/cache/data/theme/Product%20Photos%20Master%20File/IR%20Illumination/bhlx3-090622115559_240622154850-850x1301_0.png,IR-Illumination - BHLX3,main image id; zoom image; product photo path; title match; image extension,,pending_download,
IOO-BHLX3-00-160X400-X-X,BHLX3-00-160X400-X-X,198,https://www.tms-lite.com/ir-illumination-bhlx3.html,C:\Users\cxsun\Documents\Codex\2026-05-18\tms-lite-com-ai\data\raw\html\www.tms-lite.com_ir-illumination-bhlx3.html_b419ea9c48.html,https://www.tms-lite.com/image/cache/data/theme/Product%20Photos%20Master%20File/IR%20Illumination/bhlx3-090622115559_240622154850-850x1301_0.png,IR-Illumination - BHLX3,main image id; zoom image; product photo path; title match; image extension,,pending_download,
IOO-BHLX3-00-240X240-X-X,BHLX3-00-240X240-X-X,199,https://www.tms-lite.com/ir-illumination-bhlx3.html,C:\Users\cxsun\Documents\Codex\2026-05-18\tms-lite-com-ai\data\raw\html\www.tms-lite.com_ir-illumination-bhlx3.html_b419ea9c48.html,https://www.tms-lite.com/image/cache/data/theme/Product%20Photos%20Master%20File/IR%20Illumination/bhlx3-090622115559_240622154850-850x1301_0.png,IR-Illumination - BHLX3,main image id; zoom image; product photo path; title match; image extension,,pending_download,
IOO-BHLX3-00-240X320-X-X,BHLX3-00-240X320-X-X,200,https://www.tms-lite.com/ir-illumination-bhlx3.html,C:\Users\cxsun\Documents\Codex\2026-05-18\tms-lite-com-ai\data\raw\html\www.tms-lite.com_ir-illumination-bhlx3.html_b419ea9c48.html,https://www.tms-lite.com/image/cache/data/theme/Product%20Photos%20Master%20File/IR%20Illumination/bhlx3-090622115559_240622154850-850x1301_0.png,IR-Illumination - BHLX3,main image id; zoom image; product photo path; title match; image extension,,pending_download,
IOO-BHLX3-00-240X400-X-X,BHLX3-00-240X400-X-X,201,https://www.tms-lite.com/ir-illumination-bhlx3.html,C:\Users\cxsun\Documents\Codex\2026-05-18\tms-lite-com-ai\data\raw\html\www.tms-lite.com_ir-illumination-bhlx3.html_b419ea9c48.html,https://www.tms-lite.com/image/cache/data/theme/Product%20Photos%20Master%20File/IR%20Illumination/bhlx3-090622115559_240622154850-850x1301_0.png,IR-Illumination - BHLX3,main image id; zoom image; product photo path; title match; image extension,,pending_download,
IOO-BHLX3-00-320X320-X-X,BHLX3-00-320X320-X-X,202,https://www.tms-lite.com/ir-illumination-bhlx3.html,C:\Users\cxsun\Documents\Codex\2026-05-18\tms-lite-com-ai\data\raw\html\www.tms-lite.com_ir-illumination-bhlx3.html_b419ea9c48.html,https://www.tms-lite.com/image/cache/data/theme/Product%20Photos%20Master%20File/IR%20Illumination/bhlx3-090622115559_240622154850-850x1301_0.png,IR-Illumination - BHLX3,main image id; zoom image; product photo path; title match; image extension,,pending_download,
IOO-BHLX3-00-320X400-X-X,BHLX3-00-320X400-X-X,203,https://www.tms-lite.com/ir-illumination-bhlx3.html,C:\Users\cxsun\Documents\Codex\2026-05-18\tms-lite-com-ai\data\raw\html\www.tms-lite.com_ir-illumination-bhlx3.html_b419ea9c48.html,https://www.tms-lite.com/image/cache/data/theme/Product%20Photos%20Master%20File/IR%20Illumination/bhlx3-090622115559_240622154850-850x1301_0.png,IR-Illumination - BHLX3,main image id; zoom image; product photo path; title match; image extension,,pending_download,
IOO-BHLX3-00-400X400-X-X,BHLX3-00-400X400-X-X,204,https://www.tms-lite.com/ir-illumination-bhlx3.html,C:\Users\cxsun\Documents\Codex\2026-05-18\tms-lite-com-ai\data\raw\html\www.tms-lite.com_ir-illumination-bhlx3.html_b419ea9c48.html,https://www.tms-lite.com/image/cache/data/theme/Product%20Photos%20Master%20File/IR%20Illumination/bhlx3-090622115559_240622154850-850x1301_0.png,IR-Illumination - BHLX3,main image id; zoom image; product photo path; title match; image extension,,pending_download,
IOO-BHLX3-00-160X160-X-IR850,BHLX3-00-160X160-X-IR850,205,https://www.tms-lite.com/ir-illumination-bhlx3.html,C:\Users\cxsun\Documents\Codex\2026-05-18\tms-lite-com-ai\data\raw\html\www.tms-lite.com_ir-illumination-bhlx3.html_b419ea9c48.html,https://www.tms-lite.com/image/cache/data/theme/Product%20Photos%20Master%20File/IR%20Illumination/bhlx3-090622115559_240622154850-850x1301_0.png,IR-Illumination - BHLX3,main image id; zoom image; product photo path; title match; image extension,,pending_download,
IOO-BHLX3-00-160X240-X-IR850,BHLX3-00-160X240-X-IR850,206,https://www.tms-lite.com/ir-illumination-bhlx3.html,C:\Users\cxsun\Documents\Codex\2026-05-18\tms-lite-com-ai\data\raw\html\www.tms-lite.com_ir-illumination-bhlx3.html_b419ea9c48.html,https://www.tms-lite.com/image/cache/data/theme/Product%20Photos%20Master%20File/IR%20Illumination/bhlx3-090622115559_240622154850-850x1301_0.png,IR-Illumination - BHLX3,main image id; zoom image; product photo path; title match; image extension,,pending_download,
IOO-BHLX3-00-160X320-X-IR850,BHLX3-00-160X320-X-IR850,207,https://www.tms-lite.com/ir-illumination-bhlx3.html,C:\Users\cxsun\Documents\Codex\2026-05-18\tms-lite-com-ai\data\raw\html\www.tms-lite.com_ir-illumination-bhlx3.html_b419ea9c48.html,https://www.tms-lite.com/image/cache/data/theme/Product%20Photos%20Master%20File/IR%20Illumination/bhlx3-090622115559_240622154850-850x1301_0.png,IR-Illumination - BHLX3,main image id; zoom image; product photo path; title match; image extension,,pending_download,
IOO-BHLX3-00-160X400-X-IR850,BHLX3-00-160X400-X-IR850,208,https://www.tms-lite.com/ir-illumination-bhlx3.html,C:\Users\cxsun\Documents\Codex\2026-05-18\tms-lite-com-ai\data\raw\html\www.tms-lite.com_ir-illumination-bhlx3.html_b419ea9c48.html,https://www.tms-lite.com/image/cache/data/theme/Product%20Photos%20Master%20File/IR%20Illumination/bhlx3-090622115559_240622154850-850x1301_0.png,IR-Illumination - BHLX3,main image id; zoom image; product photo path; title match; image extension,,pending_download,
IOO-BHLX3-00-240X240-X-IR850,BHLX3-00-240X240-X-IR850,209,https://www.tms-lite.com/ir-illumination-bhlx3.html,C:\Users\cxsun\Documents\Codex\2026-05-18\tms-lite-com-ai\data\raw\html\www.tms-lite.com_ir-illumination-bhlx3.html_b419ea9c48.html,https://www.tms-lite.com/image/cache/data/theme/Product%20Photos%20Master%20File/IR%20Illumination/bhlx3-090622115559_240622154850-850x1301_0.png,IR-Illumination - BHLX3,main image id; zoom image; product photo path; title match; image extension,,pending_download,
IOO-BHLX3-00-240X320-X-IR850,BHLX3-00-240X320-X-IR850,210,https://www.tms-lite.com/ir-illumination-bhlx3.html,C:\Users\cxsun\Documents\Codex\2026-05-18\tms-lite-com-ai\data\raw\html\www.tms-lite.com_ir-illumination-bhlx3.html_b419ea9c48.html,https://www.tms-lite.com/image/cache/data/theme/Product%20Photos%20Master%20File/IR%20Illumination/bhlx3-090622115559_240622154850-850x1301_0.png,IR-Illumination - BHLX3,main image id; zoom image; product photo path; title match; image extension,,pending_download,
IOO-BHLX3-00-240X400-X-IR850,BHLX3-00-240X400-X-IR850,211,https://www.tms-lite.com/ir-illumination-bhlx3.html,C:\Users\cxsun\Documents\Codex\2026-05-18\tms-lite-com-ai\data\raw\html\www.tms-lite.com_ir-illumination-bhlx3.html_b419ea9c48.html,https://www.tms-lite.com/image/cache/data/theme/Product%20Photos%20Master%20File/IR%20Illumination/bhlx3-090622115559_240622154850-850x1301_0.png,IR-Illumination - BHLX3,main image id; zoom image; product photo path; title match; image extension,,pending_download,
IOO-BHLX3-00-320X320-X-IR850,BHLX3-00-320X320-X-IR850,212,https://www.tms-lite.com/ir-illumination-bhlx3.html,C:\Users\cxsun\Documents\Codex\2026-05-18\tms-lite-com-ai\data\raw\html\www.tms-lite.com_ir-illumination-bhlx3.html_b419ea9c48.html,https://www.tms-lite.com/image/cache/data/theme/Product%20Photos%20Master%20File/IR%20Illumination/bhlx3-090622115559_240622154850-850x1301_0.png,IR-Illumination - BHLX3,main image id; zoom image; product photo path; title match; image extension,,pending_download,
IOO-BHLX3-00-320X400-X-IR850,BHLX3-00-320X400-X-IR850,213,https://www.tms-lite.com/ir-illumination-bhlx3.html,C:\Users\cxsun\Documents\Codex\2026-05-18\tms-lite-com-ai\data\raw\html\www.tms-lite.com_ir-illumination-bhlx3.html_b419ea9c48.html,https://www.tms-lite.com/image/cache/data/theme/Product%20Photos%20Master%20File/IR%20Illumination/bhlx3-090622115559_240622154850-850x1301_0.png,IR-Illumination - BHLX3,main image id; zoom image; product photo path; title match; image extension,,pending_download,
IOO-BHLX3-00-400X400-X-IR850,BHLX3-00-400X400-X-IR850,214,https://www.tms-lite.com/ir-illumination-bhlx3.html,C:\Users\cxsun\Documents\Codex\2026-05-18\tms-lite-com-ai\data\raw\html\www.tms-lite.com_ir-illumination-bhlx3.html_b419ea9c48.html,https://www.tms-lite.com/image/cache/data/theme/Product%20Photos%20Master%20File/IR%20Illumination/bhlx3-090622115559_240622154850-850x1301_0.png,IR-Illumination - BHLX3,main image id; zoom image; product photo path; title match; image extension,,pending_download,
IOO-IDS5-00-050-1-X,IDS5-00-050-1-X,215,https://www.tms-lite.com/ir-illumination-ids5.html,C:\Users\cxsun\Documents\Codex\2026-05-18\tms-lite-com-ai\data\raw\html\www.tms-lite.com_ir-illumination-ids5.html_da76bc265d.html,https://www.tms-lite.com/image/cache/data/theme/Product%20Photos%20Master%20File/Indirect%20Illumination/Indirect%20Illumination%20Dome%20Series/IDS5/whole-view_030725104210-850x1301_0.png,IR-Illumination - IDS5,main image id; zoom image; product photo path; product view; title match; image extension,,pending_download,
IOO-IDS5-00-070-1-X,IDS5-00-070-1-X,216,https://www.tms-lite.com/ir-illumination-ids5.html,C:\Users\cxsun\Documents\Codex\2026-05-18\tms-lite-com-ai\data\raw\html\www.tms-lite.com_ir-illumination-ids5.html_da76bc265d.html,https://www.tms-lite.com/image/cache/data/theme/Product%20Photos%20Master%20File/Indirect%20Illumination/Indirect%20Illumination%20Dome%20Series/IDS5/whole-view_030725104210-850x1301_0.png,IR-Illumination - IDS5,main image id; zoom image; product photo path; product view; title match; image extension,,pending_download,
IOO-IDS5-00-100-1-X,IDS5-00-100-1-X,217,https://www.tms-lite.com/ir-illumination-ids5.html,C:\Users\cxsun\Documents\Codex\2026-05-18\tms-lite-com-ai\data\raw\html\www.tms-lite.com_ir-illumination-ids5.html_da76bc265d.html,https://www.tms-lite.com/image/cache/data/theme/Product%20Photos%20Master%20File/Indirect%20Illumination/Indirect%20Illumination%20Dome%20Series/IDS5/whole-view_030725104210-850x1301_0.png,IR-Illumination - IDS5,main image id; zoom image; product photo path; product view; title match; image extension,,pending_download,
IOO-IDS5-00-150-1-X,IDS5-00-150-1-X,218,https://www.tms-lite.com/ir-illumination-ids5.html,C:\Users\cxsun\Documents\Codex\2026-05-18\tms-lite-com-ai\data\raw\html\www.tms-lite.com_ir-illumination-ids5.html_da76bc265d.html,https://www.tms-lite.com/image/cache/data/theme/Product%20Photos%20Master%20File/Indirect%20Illumination/Indirect%20Illumination%20Dome%20Series/IDS5/whole-view_030725104210-850x1301_0.png,IR-Illumination - IDS5,main image id; zoom image; product photo path; product view; title match; image extension,,pending_download,
IOO-IDS5-00-200-1-X,IDS5-00-200-1-X,219,https://www.tms-lite.com/ir-illumination-ids5.html,C:\Users\cxsun\Documents\Codex\2026-05-18\tms-lite-com-ai\data\raw\html\www.tms-lite.com_ir-illumination-ids5.html_da76bc265d.html,https://www.tms-lite.com/image/cache/data/theme/Product%20Photos%20Master%20File/Indirect%20Illumination/Indirect%20Illumination%20Dome%20Series/IDS5/whole-view_030725104210-850x1301_0.png,IR-Illumination - IDS5,main image id; zoom image; product photo path; product view; title match; image extension,,pending_download,
IOO-IDS5-00-250-1-X,IDS5-00-250-1-X,220,https://www.tms-lite.com/ir-illumination-ids5.html,C:\Users\cxsun\Documents\Codex\2026-05-18\tms-lite-com-ai\data\raw\html\www.tms-lite.com_ir-illumination-ids5.html_da76bc265d.html,https://www.tms-lite.com/image/cache/data/theme/Product%20Photos%20Master%20File/Indirect%20Illumination/Indirect%20Illumination%20Dome%20Series/IDS5/whole-view_030725104210-850x1301_0.png,IR-Illumination - IDS5,main image id; zoom image; product photo path; product view; title match; image extension,,pending_download,
IOO-IDS5-00-150-1-RGBW,IDS5-00-150-1-RGBW,221,https://www.tms-lite.com/ids5-rgbw-beleuchtungen.html,C:\Users\cxsun\Documents\Codex\2026-05-18\tms-lite-com-ai\data\raw\html\www.tms-lite.com_ids5-rgbw-beleuchtungen.html_4197c36ff5.html,https://www.tms-lite.com/image/cache/data/theme/Product%20Photos%20Master%20File/Indirect%20Illumination/Indirect%20Illumination%20Dome%20Series/IDS5/whole-view_030725104210-850x1301_0.png, RGBW Illumination - IDS5,main image id; zoom image; product photo path; product view; title match; image extension,,pending_download,
IOO-IDS5-00-200-1-RGBW,IDS5-00-200-1-RGBW,222,https://www.tms-lite.com/ids5-rgbw-beleuchtungen.html,C:\Users\cxsun\Documents\Codex\2026-05-18\tms-lite-com-ai\data\raw\html\www.tms-lite.com_ids5-rgbw-beleuchtungen.html_4197c36ff5.html,https://www.tms-lite.com/image/cache/data/theme/Product%20Photos%20Master%20File/Indirect%20Illumination/Indirect%20Illumination%20Dome%20Series/IDS5/whole-view_030725104210-850x1301_0.png, RGBW Illumination - IDS5,main image id; zoom image; product photo path; product view; title match; image extension,,pending_download,
IOO-IDS5-00-250-1-RGBW,IDS5-00-250-1-RGBW,223,https://www.tms-lite.com/ids5-rgbw-beleuchtungen.html,C:\Users\cxsun\Documents\Codex\2026-05-18\tms-lite-com-ai\data\raw\html\www.tms-lite.com_ids5-rgbw-beleuchtungen.html_4197c36ff5.html,https://www.tms-lite.com/image/cache/data/theme/Product%20Photos%20Master%20File/Indirect%20Illumination/Indirect%20Illumination%20Dome%20Series/IDS5/whole-view_030725104210-850x1301_0.png, RGBW Illumination - IDS5,main image id; zoom image; product photo path; product view; title match; image extension,,pending_download,
IOO-DLR3-45-100-1-RGBW-24V,DLR3-45-100-1-RGBW-24V,224,https://www.tms-lite.com/rgbw-illumination-dlr3.html,C:\Users\cxsun\Documents\Codex\2026-05-18\tms-lite-com-ai\data\raw\html\www.tms-lite.com_rgbw-illumination-dlr3.html_2da121ab47.html,https://www.tms-lite.com/image/cache/data/theme/Product%20Photos%20Master%20File/Diffused%20Illumination/Diffused%20Illumination%20Ring%20Series/DLR3/New/dlr3_110725112400-850x1301_0.png,  RGBW Illumination - DLR3,main image id; zoom image; product photo path; title match; image extension,,pending_download,
IOO-DLR3-60-100-1-RGBW-24V,DLR3-60-100-1-RGBW-24V,225,https://www.tms-lite.com/rgbw-illumination-dlr3.html,C:\Users\cxsun\Documents\Codex\2026-05-18\tms-lite-com-ai\data\raw\html\www.tms-lite.com_rgbw-illumination-dlr3.html_2da121ab47.html,https://www.tms-lite.com/image/cache/data/theme/Product%20Photos%20Master%20File/Diffused%20Illumination/Diffused%20Illumination%20Ring%20Series/DLR3/New/dlr3_110725112400-850x1301_0.png,  RGBW Illumination - DLR3,main image id; zoom image; product photo path; title match; image extension,,pending_download,
IOO-CAS2-00-040-X-RGBW-24V,CAS2-00-040-X-RGBW-24V,226,https://www.tms-lite.com/rgbw-illumination-cas2.html,C:\Users\cxsun\Documents\Codex\2026-05-18\tms-lite-com-ai\data\raw\html\www.tms-lite.com_rgbw-illumination-cas2.html_fee0c803e9.html,https://www.tms-lite.com/image/cache/data/theme/Product%20Photos%20Master%20File/Coaxial%20Illumination/Coaxial%20Illumination%20Series/CAS2-00/whole-view_070725090434-850x1301_0.png,  RGBW Illumination - CAS2,main image id; zoom image; product photo path; product view; title match; image extension,,pending_download,
IOO-CAS2-00-070-X-RGBW-2,CAS2-00-070-X-RGBW,227,https://www.tms-lite.com/rgbw-illumination-cas2.html,C:\Users\cxsun\Documents\Codex\2026-05-18\tms-lite-com-ai\data\raw\html\www.tms-lite.com_rgbw-illumination-cas2.html_fee0c803e9.html,https://www.tms-lite.com/image/cache/data/theme/Product%20Photos%20Master%20File/Coaxial%20Illumination/Coaxial%20Illumination%20Series/CAS2-00/whole-view_070725090434-850x1301_0.png,  RGBW Illumination - CAS2,main image id; zoom image; product photo path; product view; title match; image extension,,pending_download,
IOO-DLC2-00-070-1-RGBW,DLC2-00-070-1-RGBW,228,https://www.tms-lite.com/dlc2-rgbw-beleuchtungen.html,C:\Users\cxsun\Documents\Codex\2026-05-18\tms-lite-com-ai\data\raw\html\www.tms-lite.com_dlc2-rgbw-beleuchtungen.html_85f42f00a1.html,https://www.tms-lite.com/image/cache/data/theme/Product%20Photos%20Master%20File/RGBW%20Illumination/DLC2/rgbw-dlc2-wh_150622141707-850x1301_0.png, RGBW Illumination - DLC2,main image id; zoom image; product photo path; title match; image extension; penalized rgbw-,,pending_download,
IOO-DLC2-00-100-1-RGBW,DLC2-00-100-1-RGBW,229,https://www.tms-lite.com/dlc2-rgbw-beleuchtungen.html,C:\Users\cxsun\Documents\Codex\2026-05-18\tms-lite-com-ai\data\raw\html\www.tms-lite.com_dlc2-rgbw-beleuchtungen.html_85f42f00a1.html,https://www.tms-lite.com/image/cache/data/theme/Product%20Photos%20Master%20File/RGBW%20Illumination/DLC2/rgbw-dlc2-wh_150622141707-850x1301_0.png, RGBW Illumination - DLC2,main image id; zoom image; product photo path; title match; image extension; penalized rgbw-,,pending_download,
IOO-DLC2-00-120-1-RGBW,DLC2-00-120-1-RGBW,230,https://www.tms-lite.com/dlc2-rgbw-beleuchtungen.html,C:\Users\cxsun\Documents\Codex\2026-05-18\tms-lite-com-ai\data\raw\html\www.tms-lite.com_dlc2-rgbw-beleuchtungen.html_85f42f00a1.html,https://www.tms-lite.com/image/cache/data/theme/Product%20Photos%20Master%20File/RGBW%20Illumination/DLC2/rgbw-dlc2-wh_150622141707-850x1301_0.png, RGBW Illumination - DLC2,main image id; zoom image; product photo path; title match; image extension; penalized rgbw-,,pending_download,
IOO-HPD2-00-050-1-RGBW,HPD2-00-050-1-RGBW,231,https://www.tms-lite.com/rgbw-illumination-hpd2.html,C:\Users\cxsun\Documents\Codex\2026-05-18\tms-lite-com-ai\data\raw\html\www.tms-lite.com_rgbw-illumination-hpd2.html_7ba634d800.html,https://www.tms-lite.com/image/cache/data/theme/Product%20Photos%20Master%20File/Diffused%20Illumination/Diffused%20Illumination%20Ring%20Series/HPD2/New/hpd2_110725114127-850x1301_0.png,  RGBW Illumination - HPD2,main image id; zoom image; product photo path; title match; image extension,,pending_download,
IOO-HPD2-00-080-1-RGBW,HPD2-00-080-1-RGBW,232,https://www.tms-lite.com/rgbw-illumination-hpd2.html,C:\Users\cxsun\Documents\Codex\2026-05-18\tms-lite-com-ai\data\raw\html\www.tms-lite.com_rgbw-illumination-hpd2.html_7ba634d800.html,https://www.tms-lite.com/image/cache/data/theme/Product%20Photos%20Master%20File/Diffused%20Illumination/Diffused%20Illumination%20Ring%20Series/HPD2/New/hpd2_110725114127-850x1301_0.png,  RGBW Illumination - HPD2,main image id; zoom image; product photo path; title match; image extension,,pending_download,
IOO-HPD2-00-100-1-RGBW,HPD2-00-100-1-RGBW,233,https://www.tms-lite.com/rgbw-illumination-hpd2.html,C:\Users\cxsun\Documents\Codex\2026-05-18\tms-lite-com-ai\data\raw\html\www.tms-lite.com_rgbw-illumination-hpd2.html_7ba634d800.html,https://www.tms-lite.com/image/cache/data/theme/Product%20Photos%20Master%20File/Diffused%20Illumination/Diffused%20Illumination%20Ring%20Series/HPD2/New/hpd2_110725114127-850x1301_0.png,  RGBW Illumination - HPD2,main image id; zoom image; product photo path; title match; image extension,,pending_download,
IOO-HPD2-00-130-1-RGBW,HPD2-00-130-1-RGBW,234,https://www.tms-lite.com/rgbw-illumination-hpd2.html,C:\Users\cxsun\Documents\Codex\2026-05-18\tms-lite-com-ai\data\raw\html\www.tms-lite.com_rgbw-illumination-hpd2.html_7ba634d800.html,https://www.tms-lite.com/image/cache/data/theme/Product%20Photos%20Master%20File/Diffused%20Illumination/Diffused%20Illumination%20Ring%20Series/HPD2/New/hpd2_110725114127-850x1301_0.png,  RGBW Illumination - HPD2,main image id; zoom image; product photo path; title match; image extension,,pending_download,
IOO-HPD-00-070-1-RGBW,HPD-00-070-1-RGBW,235,https://www.tms-lite.com/rgbw-illumination-hpd.html,C:\Users\cxsun\Documents\Codex\2026-05-18\tms-lite-com-ai\data\raw\html\www.tms-lite.com_rgbw-illumination-hpd.html_5dfd26da33.html,https://www.tms-lite.com/image/cache/data/theme/Product%20Photos%20Master%20File/Diffused%20Illumination/Diffused%20Illumination%20Ring%20Series/HPD/New/hpd_110725113504-850x1301_0.png,  RGBW Illumination - HPD,main image id; zoom image; product photo path; title match; image extension,,pending_download,
IOO-HPD-00-240-1-RGBW,HPD-00-240-1-RGBW,236,https://www.tms-lite.com/rgbw-illumination-hpd.html,C:\Users\cxsun\Documents\Codex\2026-05-18\tms-lite-com-ai\data\raw\html\www.tms-lite.com_rgbw-illumination-hpd.html_5dfd26da33.html,https://www.tms-lite.com/image/cache/data/theme/Product%20Photos%20Master%20File/Diffused%20Illumination/Diffused%20Illumination%20Ring%20Series/HPD/New/hpd_110725113504-850x1301_0.png,  RGBW Illumination - HPD,main image id; zoom image; product photo path; title match; image extension,,pending_download,
IOO-MD-IDT3-00-360-1-RGBW,MD-IDT3-00-360-1-RGBW,237,https://www.tms-lite.com/rgbw-illumination-md-idt3.html,C:\Users\cxsun\Documents\Codex\2026-05-18\tms-lite-com-ai\data\raw\html\www.tms-lite.com_rgbw-illumination-md-idt3.html_9db7e81147.html,https://www.tms-lite.com/image/cache/data/theme/Product%20Photos%20Master%20File/Modular%20Illumination/Big%20View/MD-IDT3/IDT3-850x1301_0.png,  RGBW Illumination - MD-IDT3,main image id; zoom image; product photo path; title match; image extension,,pending_download,
IOO-MD-IDQ3-360-1-RGBW,MD-IDQ3-360-1-RGBW,238,https://www.tms-lite.com/rgbw-illumination-md-idq3.html,C:\Users\cxsun\Documents\Codex\2026-05-18\tms-lite-com-ai\data\raw\html\www.tms-lite.com_rgbw-illumination-md-idq3.html_cd63829a38.html,https://www.tms-lite.com/image/cache/data/theme/Product%20Photos%20Master%20File/Modular%20Illumination/Big%20View/MD-IDQ3/whole-view_080725095259-850x1301_0.png,  RGBW Illumination - MD-IDQ3,main image id; zoom image; product photo path; product view; title match; image extension,,pending_download,
IOO-LSW2-00-100-2-RGBW-24V,LSW2-00-100-2-RGBW-24V,239,https://www.tms-lite.com/rgbw-illumination-lsw2.html,C:\Users\cxsun\Documents\Codex\2026-05-18\tms-lite-com-ai\data\raw\html\www.tms-lite.com_rgbw-illumination-lsw2.html_69d0a72071.html,https://www.tms-lite.com/image/cache/data/theme/Product%20Photos%20Master%20File/RGBW%20Illumination/LSW/New/lsw2_110725140007-850x1301_0.png,RGBW ILLUMINATION - LSW2,main image id; zoom image; product photo path; title match; image extension,,pending_download,
IOO-MD-MLBQ-00-360-2-RGBW,MD-MLBQ-00-360-2-RGBW,240,https://www.tms-lite.com/rgbw-illumination-md-mlbq.html,C:\Users\cxsun\Documents\Codex\2026-05-18\tms-lite-com-ai\data\raw\html\www.tms-lite.com_rgbw-illumination-md-mlbq.html_efc0d1b917.html,https://www.tms-lite.com/image/cache/data/theme/Product%20Photos%20Master%20File/RGBW%20Illumination/MD-MLBQ/whole-view_040725084409-850x1301_0.png,RGBW Illumination - MD-MLBQ,main image id; zoom image; product photo path; product view; title match; image extension,,pending_download,
IOO-MLBQ-00-090-2-RGBW,MLBQ-00-090-2-RGBW,241,https://www.tms-lite.com/mlbq-rgbw-beleuchtungen.html,C:\Users\cxsun\Documents\Codex\2026-05-18\tms-lite-com-ai\data\raw\html\www.tms-lite.com_mlbq-rgbw-beleuchtungen.html_7eb829c699.html,https://www.tms-lite.com/image/cache/data/theme/Product%20Photos%20Master%20File/RGBW%20Illumination/MLBQ/New/mlbq_110725135419-850x1301_0.png, RGBW Illumination - MLBQ,main image id; zoom image; product photo path; title match; image extension,,pending_download,
IOO-BHLQ-00-240X240-X-X,BHLQ-00-240X240-X-X,242,https://www.tms-lite.com/bhlq-serie.html,C:\Users\cxsun\Documents\Codex\2026-05-18\tms-lite-com-ai\data\raw\html\www.tms-lite.com_bhlq-serie.html_9a9921cdbb.html,https://www.tms-lite.com/image/cache/data/theme/Product%20Photos%20Master%20File/Backlight%20Illumination/High%20Illumination%20Series/BHLQ/whole-view--1_040725091314-850x1301_0.png,BHLQ Series,main image id; zoom image; product photo path; product view; title match; image extension,,pending_download,
IOO-BHLQ-00-400X400-X-X,BHLQ-00-400X400-X-X,243,https://www.tms-lite.com/bhlq-serie.html,C:\Users\cxsun\Documents\Codex\2026-05-18\tms-lite-com-ai\data\raw\html\www.tms-lite.com_bhlq-serie.html_9a9921cdbb.html,https://www.tms-lite.com/image/cache/data/theme/Product%20Photos%20Master%20File/Backlight%20Illumination/High%20Illumination%20Series/BHLQ/whole-view--1_040725091314-850x1301_0.png,BHLQ Series,main image id; zoom image; product photo path; product view; title match; image extension,,pending_download,
IOO-HPF-00-190-1-IR850,HPF-00-190-1-IR850,244,https://www.tms-lite.com/hpf-series.html,C:\Users\cxsun\Documents\Codex\2026-05-18\tms-lite-com-ai\data\raw\html\www.tms-lite.com_hpf-series.html_abe580b7da.html,https://www.tms-lite.com/image/cache/data/theme/Product%20Photos%20Master%20File_bk081021/Diffused%20Illumination/Diffused%20Illumination%20Ring%20Series/HPF/hpf_281024105752-850x1301_0.png,HPF Series,main image id; zoom image; product photo path; title match; image extension,,pending_download,
IOO-HPF-00-190-1-UV365,HPF-00-190-1-UV365,245,https://www.tms-lite.com/hpf-series.html,C:\Users\cxsun\Documents\Codex\2026-05-18\tms-lite-com-ai\data\raw\html\www.tms-lite.com_hpf-series.html_abe580b7da.html,https://www.tms-lite.com/image/cache/data/theme/Product%20Photos%20Master%20File_bk081021/Diffused%20Illumination/Diffused%20Illumination%20Ring%20Series/HPF/hpf_281024105752-850x1301_0.png,HPF Series,main image id; zoom image; product photo path; title match; image extension,,pending_download,
IOO-HPD2-00-050-1-X,HPD2-00-050-1-X,246,https://www.tms-lite.com/hpd2-serie.html,C:\Users\cxsun\Documents\Codex\2026-05-18\tms-lite-com-ai\data\raw\html\www.tms-lite.com_hpd2-serie.html_5efabe1ca3.html,https://www.tms-lite.com/image/cache/data/theme/Product%20Photos%20Master%20File/Diffused%20Illumination/Diffused%20Illumination%20Ring%20Series/HPD2/New/hpd2_110725114127-850x1301_0.png,HPD2 Series,main image id; zoom image; product photo path; title match; image extension,,pending_download,
IOO-HPD2-00-080-1-X,HPD2-00-080-1-X,247,https://www.tms-lite.com/hpd2-serie.html,C:\Users\cxsun\Documents\Codex\2026-05-18\tms-lite-com-ai\data\raw\html\www.tms-lite.com_hpd2-serie.html_5efabe1ca3.html,https://www.tms-lite.com/image/cache/data/theme/Product%20Photos%20Master%20File/Diffused%20Illumination/Diffused%20Illumination%20Ring%20Series/HPD2/New/hpd2_110725114127-850x1301_0.png,HPD2 Series,main image id; zoom image; product photo path; title match; image extension,,pending_download,
IOO-HPD2-00-100-1-X,HPD2-00-100-1-X,248,https://www.tms-lite.com/hpd2-serie.html,C:\Users\cxsun\Documents\Codex\2026-05-18\tms-lite-com-ai\data\raw\html\www.tms-lite.com_hpd2-serie.html_5efabe1ca3.html,https://www.tms-lite.com/image/cache/data/theme/Product%20Photos%20Master%20File/Diffused%20Illumination/Diffused%20Illumination%20Ring%20Series/HPD2/New/hpd2_110725114127-850x1301_0.png,HPD2 Series,main image id; zoom image; product photo path; title match; image extension,,pending_download,
IOO-HPD2-00-130-1-X,HPD2-00-130-1-X,249,https://www.tms-lite.com/hpd2-serie.html,C:\Users\cxsun\Documents\Codex\2026-05-18\tms-lite-com-ai\data\raw\html\www.tms-lite.com_hpd2-serie.html_5efabe1ca3.html,https://www.tms-lite.com/image/cache/data/theme/Product%20Photos%20Master%20File/Diffused%20Illumination/Diffused%20Illumination%20Ring%20Series/HPD2/New/hpd2_110725114127-850x1301_0.png,HPD2 Series,main image id; zoom image; product photo path; title match; image extension,,pending_download,
IOO-HPD2-00-050-1-RGBW-2,HPD2-00-050-1-RGBW,250,https://www.tms-lite.com/hpd2-serie.html,C:\Users\cxsun\Documents\Codex\2026-05-18\tms-lite-com-ai\data\raw\html\www.tms-lite.com_hpd2-serie.html_5efabe1ca3.html,https://www.tms-lite.com/image/cache/data/theme/Product%20Photos%20Master%20File/Diffused%20Illumination/Diffused%20Illumination%20Ring%20Series/HPD2/New/hpd2_110725114127-850x1301_0.png,HPD2 Series,main image id; zoom image; product photo path; title match; image extension,,pending_download,
IOO-HPD2-00-080-1-RGBW-2,HPD2-00-080-1-RGBW,251,https://www.tms-lite.com/hpd2-serie.html,C:\Users\cxsun\Documents\Codex\2026-05-18\tms-lite-com-ai\data\raw\html\www.tms-lite.com_hpd2-serie.html_5efabe1ca3.html,https://www.tms-lite.com/image/cache/data/theme/Product%20Photos%20Master%20File/Diffused%20Illumination/Diffused%20Illumination%20Ring%20Series/HPD2/New/hpd2_110725114127-850x1301_0.png,HPD2 Series,main image id; zoom image; product photo path; title match; image extension,,pending_download,
IOO-HPD2-00-100-1-RGBW-2,HPD2-00-100-1-RGBW,252,https://www.tms-lite.com/hpd2-serie.html,C:\Users\cxsun\Documents\Codex\2026-05-18\tms-lite-com-ai\data\raw\html\www.tms-lite.com_hpd2-serie.html_5efabe1ca3.html,https://www.tms-lite.com/image/cache/data/theme/Product%20Photos%20Master%20File/Diffused%20Illumination/Diffused%20Illumination%20Ring%20Series/HPD2/New/hpd2_110725114127-850x1301_0.png,HPD2 Series,main image id; zoom image; product photo path; title match; image extension,,pending_download,
IOO-HPD2-00-130-1-RGBW-2,HPD2-00-130-1-RGBW,253,https://www.tms-lite.com/hpd2-serie.html,C:\Users\cxsun\Documents\Codex\2026-05-18\tms-lite-com-ai\data\raw\html\www.tms-lite.com_hpd2-serie.html_5efabe1ca3.html,https://www.tms-lite.com/image/cache/data/theme/Product%20Photos%20Master%20File/Diffused%20Illumination/Diffused%20Illumination%20Ring%20Series/HPD2/New/hpd2_110725114127-850x1301_0.png,HPD2 Series,main image id; zoom image; product photo path; title match; image extension,,pending_download,
IOO-HPD-00-170-1-X,HPD-00-170-1-X,254,https://www.tms-lite.com/hpd-serie.html,C:\Users\cxsun\Documents\Codex\2026-05-18\tms-lite-com-ai\data\raw\html\www.tms-lite.com_hpd-serie.html_c7d6416cfd.html,https://www.tms-lite.com/image/cache/data/theme/Product%20Photos%20Master%20File/Diffused%20Illumination/Diffused%20Illumination%20Ring%20Series/HPD/New/hpd_110725113504-850x1301_0.png,HPD Series,main image id; zoom image; product photo path; title match; image extension,,pending_download,
IOO-HPD-00-240-1-X,HPD-00-240-1-X,255,https://www.tms-lite.com/hpd-serie.html,C:\Users\cxsun\Documents\Codex\2026-05-18\tms-lite-com-ai\data\raw\html\www.tms-lite.com_hpd-serie.html_c7d6416cfd.html,https://www.tms-lite.com/image/cache/data/theme/Product%20Photos%20Master%20File/Diffused%20Illumination/Diffused%20Illumination%20Ring%20Series/HPD/New/hpd_110725113504-850x1301_0.png,HPD Series,main image id; zoom image; product photo path; title match; image extension,,pending_download,
IOO-HPD-00-240-3-RGB,HPD-00-240-3-RGB,256,https://www.tms-lite.com/hpd-serie.html,C:\Users\cxsun\Documents\Codex\2026-05-18\tms-lite-com-ai\data\raw\html\www.tms-lite.com_hpd-serie.html_c7d6416cfd.html,https://www.tms-lite.com/image/cache/data/theme/Product%20Photos%20Master%20File/Diffused%20Illumination/Diffused%20Illumination%20Ring%20Series/HPD/New/hpd_110725113504-850x1301_0.png,HPD Series,main image id; zoom image; product photo path; title match; image extension,,pending_download,
IOO-HPD-00-070-1-RGBW-2,HPD-00-070-1-RGBW,257,https://www.tms-lite.com/hpd-serie.html,C:\Users\cxsun\Documents\Codex\2026-05-18\tms-lite-com-ai\data\raw\html\www.tms-lite.com_hpd-serie.html_c7d6416cfd.html,https://www.tms-lite.com/image/cache/data/theme/Product%20Photos%20Master%20File/Diffused%20Illumination/Diffused%20Illumination%20Ring%20Series/HPD/New/hpd_110725113504-850x1301_0.png,HPD Series,main image id; zoom image; product photo path; title match; image extension,,pending_download,
IOO-HPD-00-240-1-RGBW-2,HPD-00-240-1-RGBW,258,https://www.tms-lite.com/hpd-serie.html,C:\Users\cxsun\Documents\Codex\2026-05-18\tms-lite-com-ai\data\raw\html\www.tms-lite.com_hpd-serie.html_c7d6416cfd.html,https://www.tms-lite.com/image/cache/data/theme/Product%20Photos%20Master%20File/Diffused%20Illumination/Diffused%20Illumination%20Ring%20Series/HPD/New/hpd_110725113504-850x1301_0.png,HPD Series,main image id; zoom image; product photo path; title match; image extension,,pending_download,
IOO-HPD-75-170-1-IR850,HPD-75-170-1-IR850,259,https://www.tms-lite.com/hpd-serie.html,C:\Users\cxsun\Documents\Codex\2026-05-18\tms-lite-com-ai\data\raw\html\www.tms-lite.com_hpd-serie.html_c7d6416cfd.html,https://www.tms-lite.com/image/cache/data/theme/Product%20Photos%20Master%20File/Diffused%20Illumination/Diffused%20Illumination%20Ring%20Series/HPD/New/hpd_110725113504-850x1301_0.png,HPD Series,main image id; zoom image; product photo path; title match; image extension,,pending_download,
IOO-HPD-75-170-1-UV365,HPD-75-170-1-UV365,260,https://www.tms-lite.com/hpd-serie.html,C:\Users\cxsun\Documents\Codex\2026-05-18\tms-lite-com-ai\data\raw\html\www.tms-lite.com_hpd-serie.html_c7d6416cfd.html,https://www.tms-lite.com/image/cache/data/theme/Product%20Photos%20Master%20File/Diffused%20Illumination/Diffused%20Illumination%20Ring%20Series/HPD/New/hpd_110725113504-850x1301_0.png,HPD Series,main image id; zoom image; product photo path; title match; image extension,,pending_download,
IOO-HPD-00-240-1-UV365,HPD-00-240-1-UV365,261,https://www.tms-lite.com/hpd-serie.html,C:\Users\cxsun\Documents\Codex\2026-05-18\tms-lite-com-ai\data\raw\html\www.tms-lite.com_hpd-serie.html_c7d6416cfd.html,https://www.tms-lite.com/image/cache/data/theme/Product%20Photos%20Master%20File/Diffused%20Illumination/Diffused%20Illumination%20Ring%20Series/HPD/New/hpd_110725113504-850x1301_0.png,HPD Series,main image id; zoom image; product photo path; title match; image extension,,pending_download,
IOO-HPD-00-240-3-RGB-2,HPD-00-240-3-RGB,262,https://www.tms-lite.com/rgb-illumination-hpd.html,C:\Users\cxsun\Documents\Codex\2026-05-18\tms-lite-com-ai\data\raw\html\www.tms-lite.com_rgb-illumination-hpd.html_a6185b81a9.html,https://www.tms-lite.com/image/cache/data/theme/Product%20Photos%20Master%20File/Diffused%20Illumination/Diffused%20Illumination%20Ring%20Series/HPD/New/hpd_110725113504-850x1301_0.png,RGB Illumination - HPD,main image id; zoom image; product photo path; title match; image extension,,pending_download,
IOO-IDQ3-00-120-X-RGB,IDQ3-00-120-X-RGB,263,https://www.tms-lite.com/rgb-illumination-idq3.html,C:\Users\cxsun\Documents\Codex\2026-05-18\tms-lite-com-ai\data\raw\html\www.tms-lite.com_rgb-illumination-idq3.html_442c17510d.html,https://www.tms-lite.com/image/cache/data/theme/Product%20Photos%20Master%20File/Indirect%20Illumination/Indirect%20Illumination%20Square%20Series/whole-view_080725090249-850x1301_0.png,RGB Illumination - IDQ3,main image id; zoom image; product photo path; product view; title match; image extension,,pending_download,
IOO-IDQ3-00-190-X-RGB,IDQ3-00-190-X-RGB,264,https://www.tms-lite.com/rgb-illumination-idq3.html,C:\Users\cxsun\Documents\Codex\2026-05-18\tms-lite-com-ai\data\raw\html\www.tms-lite.com_rgb-illumination-idq3.html_442c17510d.html,https://www.tms-lite.com/image/cache/data/theme/Product%20Photos%20Master%20File/Indirect%20Illumination/Indirect%20Illumination%20Square%20Series/whole-view_080725090249-850x1301_0.png,RGB Illumination - IDQ3,main image id; zoom image; product photo path; product view; title match; image extension,,pending_download,
IOO-IDQ3-00-300-X-RGB,IDQ3-00-300-X-RGB,265,https://www.tms-lite.com/rgb-illumination-idq3.html,C:\Users\cxsun\Documents\Codex\2026-05-18\tms-lite-com-ai\data\raw\html\www.tms-lite.com_rgb-illumination-idq3.html_442c17510d.html,https://www.tms-lite.com/image/cache/data/theme/Product%20Photos%20Master%20File/Indirect%20Illumination/Indirect%20Illumination%20Square%20Series/whole-view_080725090249-850x1301_0.png,RGB Illumination - IDQ3,main image id; zoom image; product photo path; product view; title match; image extension,,pending_download,
IOO-IDQ3-00-120-1-RGB,IDQ3-00-120-1-RGB,266,https://www.tms-lite.com/rgb-illumination-idq3.html,C:\Users\cxsun\Documents\Codex\2026-05-18\tms-lite-com-ai\data\raw\html\www.tms-lite.com_rgb-illumination-idq3.html_442c17510d.html,https://www.tms-lite.com/image/cache/data/theme/Product%20Photos%20Master%20File/Indirect%20Illumination/Indirect%20Illumination%20Square%20Series/whole-view_080725090249-850x1301_0.png,RGB Illumination - IDQ3,main image id; zoom image; product photo path; product view; title match; image extension,,pending_download,
IOO-IDQ3-00-190-1-RGB,IDQ3-00-190-1-RGB,267,https://www.tms-lite.com/rgb-illumination-idq3.html,C:\Users\cxsun\Documents\Codex\2026-05-18\tms-lite-com-ai\data\raw\html\www.tms-lite.com_rgb-illumination-idq3.html_442c17510d.html,https://www.tms-lite.com/image/cache/data/theme/Product%20Photos%20Master%20File/Indirect%20Illumination/Indirect%20Illumination%20Square%20Series/whole-view_080725090249-850x1301_0.png,RGB Illumination - IDQ3,main image id; zoom image; product photo path; product view; title match; image extension,,pending_download,
IOO-IDQ3-00-300-1-RGB,IDQ3-00-300-1-RGB,268,https://www.tms-lite.com/rgb-illumination-idq3.html,C:\Users\cxsun\Documents\Codex\2026-05-18\tms-lite-com-ai\data\raw\html\www.tms-lite.com_rgb-illumination-idq3.html_442c17510d.html,https://www.tms-lite.com/image/cache/data/theme/Product%20Photos%20Master%20File/Indirect%20Illumination/Indirect%20Illumination%20Square%20Series/whole-view_080725090249-850x1301_0.png,RGB Illumination - IDQ3,main image id; zoom image; product photo path; product view; title match; image extension,,pending_download,
IOO-IDQ3-00-120-X-X,IDQ3-00-120-X-X,269,https://www.tms-lite.com/idq-serie.html,C:\Users\cxsun\Documents\Codex\2026-05-18\tms-lite-com-ai\data\raw\html\www.tms-lite.com_idq-serie.html_08969f8f6e.html,https://www.tms-lite.com/image/cache/data/theme/Product%20Photos%20Master%20File/Indirect%20Illumination/Indirect%20Illumination%20Square%20Series/whole-view_080725090249-850x1301_0.png,IDQ3 Series,main image id; zoom image; product photo path; product view; title match; image extension,,pending_download,
IOO-IDQ3-00-190-X-X,IDQ3-00-190-X-X,270,https://www.tms-lite.com/idq-serie.html,C:\Users\cxsun\Documents\Codex\2026-05-18\tms-lite-com-ai\data\raw\html\www.tms-lite.com_idq-serie.html_08969f8f6e.html,https://www.tms-lite.com/image/cache/data/theme/Product%20Photos%20Master%20File/Indirect%20Illumination/Indirect%20Illumination%20Square%20Series/whole-view_080725090249-850x1301_0.png,IDQ3 Series,main image id; zoom image; product photo path; product view; title match; image extension,,pending_download,
IOO-IDQ3-00-300-X-X,IDQ3-00-300-X-X,271,https://www.tms-lite.com/idq-serie.html,C:\Users\cxsun\Documents\Codex\2026-05-18\tms-lite-com-ai\data\raw\html\www.tms-lite.com_idq-serie.html_08969f8f6e.html,https://www.tms-lite.com/image/cache/data/theme/Product%20Photos%20Master%20File/Indirect%20Illumination/Indirect%20Illumination%20Square%20Series/whole-view_080725090249-850x1301_0.png,IDQ3 Series,main image id; zoom image; product photo path; product view; title match; image extension,,pending_download,
IOO-IDQ3-00-120-X-RGB-2,IDQ3-00-120-X-RGB,272,https://www.tms-lite.com/idq-serie.html,C:\Users\cxsun\Documents\Codex\2026-05-18\tms-lite-com-ai\data\raw\html\www.tms-lite.com_idq-serie.html_08969f8f6e.html,https://www.tms-lite.com/image/cache/data/theme/Product%20Photos%20Master%20File/Indirect%20Illumination/Indirect%20Illumination%20Square%20Series/whole-view_080725090249-850x1301_0.png,IDQ3 Series,main image id; zoom image; product photo path; product view; title match; image extension,,pending_download,
IOO-IDQ3-00-190-X-RGB-2,IDQ3-00-190-X-RGB,273,https://www.tms-lite.com/idq-serie.html,C:\Users\cxsun\Documents\Codex\2026-05-18\tms-lite-com-ai\data\raw\html\www.tms-lite.com_idq-serie.html_08969f8f6e.html,https://www.tms-lite.com/image/cache/data/theme/Product%20Photos%20Master%20File/Indirect%20Illumination/Indirect%20Illumination%20Square%20Series/whole-view_080725090249-850x1301_0.png,IDQ3 Series,main image id; zoom image; product photo path; product view; title match; image extension,,pending_download,
IOO-IDQ3-00-300-X-RGB-2,IDQ3-00-300-X-RGB,274,https://www.tms-lite.com/idq-serie.html,C:\Users\cxsun\Documents\Codex\2026-05-18\tms-lite-com-ai\data\raw\html\www.tms-lite.com_idq-serie.html_08969f8f6e.html,https://www.tms-lite.com/image/cache/data/theme/Product%20Photos%20Master%20File/Indirect%20Illumination/Indirect%20Illumination%20Square%20Series/whole-view_080725090249-850x1301_0.png,IDQ3 Series,main image id; zoom image; product photo path; product view; title match; image extension,,pending_download,
IOO-IDQ3-00-120-1-X,IDQ3-00-120-1-X,275,https://www.tms-lite.com/idq-serie.html,C:\Users\cxsun\Documents\Codex\2026-05-18\tms-lite-com-ai\data\raw\html\www.tms-lite.com_idq-serie.html_08969f8f6e.html,https://www.tms-lite.com/image/cache/data/theme/Product%20Photos%20Master%20File/Indirect%20Illumination/Indirect%20Illumination%20Square%20Series/whole-view_080725090249-850x1301_0.png,IDQ3 Series,main image id; zoom image; product photo path; product view; title match; image extension,,pending_download,
IOO-IDQ3-00-190-1-X,IDQ3-00-190-1-X,276,https://www.tms-lite.com/idq-serie.html,C:\Users\cxsun\Documents\Codex\2026-05-18\tms-lite-com-ai\data\raw\html\www.tms-lite.com_idq-serie.html_08969f8f6e.html,https://www.tms-lite.com/image/cache/data/theme/Product%20Photos%20Master%20File/Indirect%20Illumination/Indirect%20Illumination%20Square%20Series/whole-view_080725090249-850x1301_0.png,IDQ3 Series,main image id; zoom image; product photo path; product view; title match; image extension,,pending_download,
IOO-IDQ3-00-300-1-X,IDQ3-00-300-1-X,277,https://www.tms-lite.com/idq-serie.html,C:\Users\cxsun\Documents\Codex\2026-05-18\tms-lite-com-ai\data\raw\html\www.tms-lite.com_idq-serie.html_08969f8f6e.html,https://www.tms-lite.com/image/cache/data/theme/Product%20Photos%20Master%20File/Indirect%20Illumination/Indirect%20Illumination%20Square%20Series/whole-view_080725090249-850x1301_0.png,IDQ3 Series,main image id; zoom image; product photo path; product view; title match; image extension,,pending_download,
IOO-IDQ3-00-120-1-RGB-2,IDQ3-00-120-1-RGB,278,https://www.tms-lite.com/idq-serie.html,C:\Users\cxsun\Documents\Codex\2026-05-18\tms-lite-com-ai\data\raw\html\www.tms-lite.com_idq-serie.html_08969f8f6e.html,https://www.tms-lite.com/image/cache/data/theme/Product%20Photos%20Master%20File/Indirect%20Illumination/Indirect%20Illumination%20Square%20Series/whole-view_080725090249-850x1301_0.png,IDQ3 Series,main image id; zoom image; product photo path; product view; title match; image extension,,pending_download,
IOO-IDQ3-00-190-1-RGB-2,IDQ3-00-190-1-RGB,279,https://www.tms-lite.com/idq-serie.html,C:\Users\cxsun\Documents\Codex\2026-05-18\tms-lite-com-ai\data\raw\html\www.tms-lite.com_idq-serie.html_08969f8f6e.html,https://www.tms-lite.com/image/cache/data/theme/Product%20Photos%20Master%20File/Indirect%20Illumination/Indirect%20Illumination%20Square%20Series/whole-view_080725090249-850x1301_0.png,IDQ3 Series,main image id; zoom image; product photo path; product view; title match; image extension,,pending_download,
IOO-IDQ3-00-300-1-RGB-2,IDQ3-00-300-1-RGB,280,https://www.tms-lite.com/idq-serie.html,C:\Users\cxsun\Documents\Codex\2026-05-18\tms-lite-com-ai\data\raw\html\www.tms-lite.com_idq-serie.html_08969f8f6e.html,https://www.tms-lite.com/image/cache/data/theme/Product%20Photos%20Master%20File/Indirect%20Illumination/Indirect%20Illumination%20Square%20Series/whole-view_080725090249-850x1301_0.png,IDQ3 Series,main image id; zoom image; product photo path; product view; title match; image extension,,pending_download,
IOO-IDT3-00-120-1-X,IDT3-00-120-1-X,281,https://www.tms-lite.com/idt3-serie.html,C:\Users\cxsun\Documents\Codex\2026-05-18\tms-lite-com-ai\data\raw\html\www.tms-lite.com_idt3-serie.html_f86cbde149.html,https://www.tms-lite.com/image/cache/data/theme/Product%20Photos%20Master%20File/Indirect%20Illumination/Indirect%20Illumination%20Tunnel%20Series/whole-view_080725091138-850x1301_0.png,IDT3 Series,main image id; zoom image; product photo path; product view; title match; image extension,,pending_download,
IOO-IDT3-00-150-1-X,IDT3-00-150-1-X,282,https://www.tms-lite.com/idt3-serie.html,C:\Users\cxsun\Documents\Codex\2026-05-18\tms-lite-com-ai\data\raw\html\www.tms-lite.com_idt3-serie.html_f86cbde149.html,https://www.tms-lite.com/image/cache/data/theme/Product%20Photos%20Master%20File/Indirect%20Illumination/Indirect%20Illumination%20Tunnel%20Series/whole-view_080725091138-850x1301_0.png,IDT3 Series,main image id; zoom image; product photo path; product view; title match; image extension,,pending_download,
IOO-IDT3-00-200-1-X,IDT3-00-200-1-X,283,https://www.tms-lite.com/idt3-serie.html,C:\Users\cxsun\Documents\Codex\2026-05-18\tms-lite-com-ai\data\raw\html\www.tms-lite.com_idt3-serie.html_f86cbde149.html,https://www.tms-lite.com/image/cache/data/theme/Product%20Photos%20Master%20File/Indirect%20Illumination/Indirect%20Illumination%20Tunnel%20Series/whole-view_080725091138-850x1301_0.png,IDT3 Series,main image id; zoom image; product photo path; product view; title match; image extension,,pending_download,
IOO-IDT3-00-120-1-RGB,IDT3-00-120-1-RGB,284,https://www.tms-lite.com/idt3-serie.html,C:\Users\cxsun\Documents\Codex\2026-05-18\tms-lite-com-ai\data\raw\html\www.tms-lite.com_idt3-serie.html_f86cbde149.html,https://www.tms-lite.com/image/cache/data/theme/Product%20Photos%20Master%20File/Indirect%20Illumination/Indirect%20Illumination%20Tunnel%20Series/whole-view_080725091138-850x1301_0.png,IDT3 Series,main image id; zoom image; product photo path; product view; title match; image extension,,pending_download,
IOO-IDT3-00-150-1-RGB,IDT3-00-150-1-RGB,285,https://www.tms-lite.com/idt3-serie.html,C:\Users\cxsun\Documents\Codex\2026-05-18\tms-lite-com-ai\data\raw\html\www.tms-lite.com_idt3-serie.html_f86cbde149.html,https://www.tms-lite.com/image/cache/data/theme/Product%20Photos%20Master%20File/Indirect%20Illumination/Indirect%20Illumination%20Tunnel%20Series/whole-view_080725091138-850x1301_0.png,IDT3 Series,main image id; zoom image; product photo path; product view; title match; image extension,,pending_download,
IOO-IDT3-00-200-1-RGB,IDT3-00-200-1-RGB,286,https://www.tms-lite.com/idt3-serie.html,C:\Users\cxsun\Documents\Codex\2026-05-18\tms-lite-com-ai\data\raw\html\www.tms-lite.com_idt3-serie.html_f86cbde149.html,https://www.tms-lite.com/image/cache/data/theme/Product%20Photos%20Master%20File/Indirect%20Illumination/Indirect%20Illumination%20Tunnel%20Series/whole-view_080725091138-850x1301_0.png,IDT3 Series,main image id; zoom image; product photo path; product view; title match; image extension,,pending_download,
IOO-IDT3-00-120-1-RGB-2,IDT3-00-120-1-RGB,287,https://www.tms-lite.com/rgb-illumination-idt3.html,C:\Users\cxsun\Documents\Codex\2026-05-18\tms-lite-com-ai\data\raw\html\www.tms-lite.com_rgb-illumination-idt3.html_8c6fc767a6.html,https://www.tms-lite.com/image/cache/data/theme/Product%20Photos%20Master%20File/Indirect%20Illumination/Indirect%20Illumination%20Tunnel%20Series/whole-view_080725091138-850x1301_0.png,RGB Illumination - IDT3,main image id; zoom image; product photo path; product view; title match; image extension,,pending_download,
IOO-IDT3-00-150-1-RGB-2,IDT3-00-150-1-RGB,288,https://www.tms-lite.com/rgb-illumination-idt3.html,C:\Users\cxsun\Documents\Codex\2026-05-18\tms-lite-com-ai\data\raw\html\www.tms-lite.com_rgb-illumination-idt3.html_8c6fc767a6.html,https://www.tms-lite.com/image/cache/data/theme/Product%20Photos%20Master%20File/Indirect%20Illumination/Indirect%20Illumination%20Tunnel%20Series/whole-view_080725091138-850x1301_0.png,RGB Illumination - IDT3,main image id; zoom image; product photo path; product view; title match; image extension,,pending_download,
IOO-IDT3-00-200-1-RGB-2,IDT3-00-200-1-RGB,289,https://www.tms-lite.com/rgb-illumination-idt3.html,C:\Users\cxsun\Documents\Codex\2026-05-18\tms-lite-com-ai\data\raw\html\www.tms-lite.com_rgb-illumination-idt3.html_8c6fc767a6.html,https://www.tms-lite.com/image/cache/data/theme/Product%20Photos%20Master%20File/Indirect%20Illumination/Indirect%20Illumination%20Tunnel%20Series/whole-view_080725091138-850x1301_0.png,RGB Illumination - IDT3,main image id; zoom image; product photo path; product view; title match; image extension,,pending_download,
IOO-IDS5-00-050-1-X-2,IDS5-00-050-1-X,290,https://www.tms-lite.com/ids5-serie.html,C:\Users\cxsun\Documents\Codex\2026-05-18\tms-lite-com-ai\data\raw\html\www.tms-lite.com_ids5-serie.html_b3ed5a6c57.html,https://www.tms-lite.com/image/cache/data/theme/Product%20Photos%20Master%20File/Indirect%20Illumination/Indirect%20Illumination%20Dome%20Series/IDS5/whole-view_030725104210-850x1301_0.png,IDS5 Series,main image id; zoom image; product photo path; product view; title match; image extension,,pending_download,
IOO-IDS5-00-070-1-X-2,IDS5-00-070-1-X,291,https://www.tms-lite.com/ids5-serie.html,C:\Users\cxsun\Documents\Codex\2026-05-18\tms-lite-com-ai\data\raw\html\www.tms-lite.com_ids5-serie.html_b3ed5a6c57.html,https://www.tms-lite.com/image/cache/data/theme/Product%20Photos%20Master%20File/Indirect%20Illumination/Indirect%20Illumination%20Dome%20Series/IDS5/whole-view_030725104210-850x1301_0.png,IDS5 Series,main image id; zoom image; product photo path; product view; title match; image extension,,pending_download,
IOO-IDS5-00-100-1-X-2,IDS5-00-100-1-X,292,https://www.tms-lite.com/ids5-serie.html,C:\Users\cxsun\Documents\Codex\2026-05-18\tms-lite-com-ai\data\raw\html\www.tms-lite.com_ids5-serie.html_b3ed5a6c57.html,https://www.tms-lite.com/image/cache/data/theme/Product%20Photos%20Master%20File/Indirect%20Illumination/Indirect%20Illumination%20Dome%20Series/IDS5/whole-view_030725104210-850x1301_0.png,IDS5 Series,main image id; zoom image; product photo path; product view; title match; image extension,,pending_download,
IOO-IDS5-00-150-1-X-2,IDS5-00-150-1-X,293,https://www.tms-lite.com/ids5-serie.html,C:\Users\cxsun\Documents\Codex\2026-05-18\tms-lite-com-ai\data\raw\html\www.tms-lite.com_ids5-serie.html_b3ed5a6c57.html,https://www.tms-lite.com/image/cache/data/theme/Product%20Photos%20Master%20File/Indirect%20Illumination/Indirect%20Illumination%20Dome%20Series/IDS5/whole-view_030725104210-850x1301_0.png,IDS5 Series,main image id; zoom image; product photo path; product view; title match; image extension,,pending_download,
IOO-IDS5-00-200-1-X-2,IDS5-00-200-1-X,294,https://www.tms-lite.com/ids5-serie.html,C:\Users\cxsun\Documents\Codex\2026-05-18\tms-lite-com-ai\data\raw\html\www.tms-lite.com_ids5-serie.html_b3ed5a6c57.html,https://www.tms-lite.com/image/cache/data/theme/Product%20Photos%20Master%20File/Indirect%20Illumination/Indirect%20Illumination%20Dome%20Series/IDS5/whole-view_030725104210-850x1301_0.png,IDS5 Series,main image id; zoom image; product photo path; product view; title match; image extension,,pending_download,
IOO-IDS5-00-250-1-X-2,IDS5-00-250-1-X,295,https://www.tms-lite.com/ids5-serie.html,C:\Users\cxsun\Documents\Codex\2026-05-18\tms-lite-com-ai\data\raw\html\www.tms-lite.com_ids5-serie.html_b3ed5a6c57.html,https://www.tms-lite.com/image/cache/data/theme/Product%20Photos%20Master%20File/Indirect%20Illumination/Indirect%20Illumination%20Dome%20Series/IDS5/whole-view_030725104210-850x1301_0.png,IDS5 Series,main image id; zoom image; product photo path; product view; title match; image extension,,pending_download,
IOO-IDS4-00-360-1-X,IDS4-00-360-1-X,296,https://www.tms-lite.com/ids5-serie.html,C:\Users\cxsun\Documents\Codex\2026-05-18\tms-lite-com-ai\data\raw\html\www.tms-lite.com_ids5-serie.html_b3ed5a6c57.html,https://www.tms-lite.com/image/cache/data/theme/Product%20Photos%20Master%20File/Indirect%20Illumination/Indirect%20Illumination%20Dome%20Series/IDS5/whole-view_030725104210-850x1301_0.png,IDS5 Series,main image id; zoom image; product photo path; product view; title match; image extension,,pending_download,
IOO-IDS4-00-150-1-RGB,IDS4-00-150-1-RGB,297,https://www.tms-lite.com/ids5-serie.html,C:\Users\cxsun\Documents\Codex\2026-05-18\tms-lite-com-ai\data\raw\html\www.tms-lite.com_ids5-serie.html_b3ed5a6c57.html,https://www.tms-lite.com/image/cache/data/theme/Product%20Photos%20Master%20File/Indirect%20Illumination/Indirect%20Illumination%20Dome%20Series/IDS5/whole-view_030725104210-850x1301_0.png,IDS5 Series,main image id; zoom image; product photo path; product view; title match; image extension,,pending_download,
IOO-IDS4-00-200-1-RGB,IDS4-00-200-1-RGB,298,https://www.tms-lite.com/ids5-serie.html,C:\Users\cxsun\Documents\Codex\2026-05-18\tms-lite-com-ai\data\raw\html\www.tms-lite.com_ids5-serie.html_b3ed5a6c57.html,https://www.tms-lite.com/image/cache/data/theme/Product%20Photos%20Master%20File/Indirect%20Illumination/Indirect%20Illumination%20Dome%20Series/IDS5/whole-view_030725104210-850x1301_0.png,IDS5 Series,main image id; zoom image; product photo path; product view; title match; image extension,,pending_download,
IOO-IDS5-00-150-1-RGBW-2,IDS5-00-150-1-RGBW,299,https://www.tms-lite.com/ids5-serie.html,C:\Users\cxsun\Documents\Codex\2026-05-18\tms-lite-com-ai\data\raw\html\www.tms-lite.com_ids5-serie.html_b3ed5a6c57.html,https://www.tms-lite.com/image/cache/data/theme/Product%20Photos%20Master%20File/Indirect%20Illumination/Indirect%20Illumination%20Dome%20Series/IDS5/whole-view_030725104210-850x1301_0.png,IDS5 Series,main image id; zoom image; product photo path; product view; title match; image extension,,pending_download,
IOO-IDS5-00-200-1-RGBW-2,IDS5-00-200-1-RGBW,300,https://www.tms-lite.com/ids5-serie.html,C:\Users\cxsun\Documents\Codex\2026-05-18\tms-lite-com-ai\data\raw\html\www.tms-lite.com_ids5-serie.html_b3ed5a6c57.html,https://www.tms-lite.com/image/cache/data/theme/Product%20Photos%20Master%20File/Indirect%20Illumination/Indirect%20Illumination%20Dome%20Series/IDS5/whole-view_030725104210-850x1301_0.png,IDS5 Series,main image id; zoom image; product photo path; product view; title match; image extension,,pending_download,
IOO-IDS5-00-250-1-RGBW-2,IDS5-00-250-1-RGBW,301,https://www.tms-lite.com/ids5-serie.html,C:\Users\cxsun\Documents\Codex\2026-05-18\tms-lite-com-ai\data\raw\html\www.tms-lite.com_ids5-serie.html_b3ed5a6c57.html,https://www.tms-lite.com/image/cache/data/theme/Product%20Photos%20Master%20File/Indirect%20Illumination/Indirect%20Illumination%20Dome%20Series/IDS5/whole-view_030725104210-850x1301_0.png,IDS5 Series,main image id; zoom image; product photo path; product view; title match; image extension,,pending_download,
IOO-IDS4-00-150-1-RGB-2,IDS4-00-150-1-RGB,302,https://www.tms-lite.com/rgb-illumination-ids4.html,C:\Users\cxsun\Documents\Codex\2026-05-18\tms-lite-com-ai\data\raw\html\www.tms-lite.com_rgb-illumination-ids4.html_7da23eae70.html,https://www.tms-lite.com/image/cache/data/theme/Product%20Photos%20Master%20File/Indirect%20Illumination/Indirect%20Illumination%20Dome%20Series/IDS5/whole-view_030725104210-850x1301_0.png,RGB Illumination - IDS4,main image id; zoom image; product photo path; product view; title match; image extension,,pending_download,
IOO-IDS4-00-200-1-RGB-2,IDS4-00-200-1-RGB,303,https://www.tms-lite.com/rgb-illumination-ids4.html,C:\Users\cxsun\Documents\Codex\2026-05-18\tms-lite-com-ai\data\raw\html\www.tms-lite.com_rgb-illumination-ids4.html_7da23eae70.html,https://www.tms-lite.com/image/cache/data/theme/Product%20Photos%20Master%20File/Indirect%20Illumination/Indirect%20Illumination%20Dome%20Series/IDS5/whole-view_030725104210-850x1301_0.png,RGB Illumination - IDS4,main image id; zoom image; product photo path; product view; title match; image extension,,pending_download,
IOO-LLA-90-050-1-X,LLA-90-050-1-X,304,https://www.tms-lite.com/lla-90-serie.html,C:\Users\cxsun\Documents\Codex\2026-05-18\tms-lite-com-ai\data\raw\html\www.tms-lite.com_lla-90-serie.html_28b663a47b.html,https://www.tms-lite.com/image/cache/data/theme/Product%20Photos%20Master%20File/Direct%20Illumination/Direct%20Illumination%20Low%20Angle%20Series/LLA-90/lla-90-white_140622143036-850x1301_0.png,LLA-90 Series,main image id; zoom image; product photo path; title match; image extension,,pending_download,
IOO-LLA-90-080-1-X,LLA-90-080-1-X,305,https://www.tms-lite.com/lla-90-serie.html,C:\Users\cxsun\Documents\Codex\2026-05-18\tms-lite-com-ai\data\raw\html\www.tms-lite.com_lla-90-serie.html_28b663a47b.html,https://www.tms-lite.com/image/cache/data/theme/Product%20Photos%20Master%20File/Direct%20Illumination/Direct%20Illumination%20Low%20Angle%20Series/LLA-90/lla-90-white_140622143036-850x1301_0.png,LLA-90 Series,main image id; zoom image; product photo path; title match; image extension,,pending_download,
IOO-LLA-90-100-1-X,LLA-90-100-1-X,306,https://www.tms-lite.com/lla-90-serie.html,C:\Users\cxsun\Documents\Codex\2026-05-18\tms-lite-com-ai\data\raw\html\www.tms-lite.com_lla-90-serie.html_28b663a47b.html,https://www.tms-lite.com/image/cache/data/theme/Product%20Photos%20Master%20File/Direct%20Illumination/Direct%20Illumination%20Low%20Angle%20Series/LLA-90/lla-90-white_140622143036-850x1301_0.png,LLA-90 Series,main image id; zoom image; product photo path; title match; image extension,,pending_download,
IOO-LLA-90-118-1-X,LLA-90-118-1-X,307,https://www.tms-lite.com/lla-90-serie.html,C:\Users\cxsun\Documents\Codex\2026-05-18\tms-lite-com-ai\data\raw\html\www.tms-lite.com_lla-90-serie.html_28b663a47b.html,https://www.tms-lite.com/image/cache/data/theme/Product%20Photos%20Master%20File/Direct%20Illumination/Direct%20Illumination%20Low%20Angle%20Series/LLA-90/lla-90-white_140622143036-850x1301_0.png,LLA-90 Series,main image id; zoom image; product photo path; title match; image extension,,pending_download,
IOO-LLA-90-120-1-X,LLA-90-120-1-X,308,https://www.tms-lite.com/lla-90-serie.html,C:\Users\cxsun\Documents\Codex\2026-05-18\tms-lite-com-ai\data\raw\html\www.tms-lite.com_lla-90-serie.html_28b663a47b.html,https://www.tms-lite.com/image/cache/data/theme/Product%20Photos%20Master%20File/Direct%20Illumination/Direct%20Illumination%20Low%20Angle%20Series/LLA-90/lla-90-white_140622143036-850x1301_0.png,LLA-90 Series,main image id; zoom image; product photo path; title match; image extension,,pending_download,
IOO-LLA-90-150-1-X,LLA-90-150-1-X,309,https://www.tms-lite.com/lla-90-serie.html,C:\Users\cxsun\Documents\Codex\2026-05-18\tms-lite-com-ai\data\raw\html\www.tms-lite.com_lla-90-serie.html_28b663a47b.html,https://www.tms-lite.com/image/cache/data/theme/Product%20Photos%20Master%20File/Direct%20Illumination/Direct%20Illumination%20Low%20Angle%20Series/LLA-90/lla-90-white_140622143036-850x1301_0.png,LLA-90 Series,main image id; zoom image; product photo path; title match; image extension,,pending_download,
IOO-LLA-90-180-1-X,LLA-90-180-1-X,310,https://www.tms-lite.com/lla-90-serie.html,C:\Users\cxsun\Documents\Codex\2026-05-18\tms-lite-com-ai\data\raw\html\www.tms-lite.com_lla-90-serie.html_28b663a47b.html,https://www.tms-lite.com/image/cache/data/theme/Product%20Photos%20Master%20File/Direct%20Illumination/Direct%20Illumination%20Low%20Angle%20Series/LLA-90/lla-90-white_140622143036-850x1301_0.png,LLA-90 Series,main image id; zoom image; product photo path; title match; image extension,,pending_download,
IOO-LLA-90-210-1-X,LLA-90-210-1-X,311,https://www.tms-lite.com/lla-90-serie.html,C:\Users\cxsun\Documents\Codex\2026-05-18\tms-lite-com-ai\data\raw\html\www.tms-lite.com_lla-90-serie.html_28b663a47b.html,https://www.tms-lite.com/image/cache/data/theme/Product%20Photos%20Master%20File/Direct%20Illumination/Direct%20Illumination%20Low%20Angle%20Series/LLA-90/lla-90-white_140622143036-850x1301_0.png,LLA-90 Series,main image id; zoom image; product photo path; title match; image extension,,pending_download,
IOO-LLA-90-230-1-X,LLA-90-230-1-X,312,https://www.tms-lite.com/lla-90-serie.html,C:\Users\cxsun\Documents\Codex\2026-05-18\tms-lite-com-ai\data\raw\html\www.tms-lite.com_lla-90-serie.html_28b663a47b.html,https://www.tms-lite.com/image/cache/data/theme/Product%20Photos%20Master%20File/Direct%20Illumination/Direct%20Illumination%20Low%20Angle%20Series/LLA-90/lla-90-white_140622143036-850x1301_0.png,LLA-90 Series,main image id; zoom image; product photo path; title match; image extension,,pending_download,
IOO-LBRX-00-040-6-X-2,LBRX-00-040-6-X,313,https://www.tms-lite.com/lbrx-6-rows.html,C:\Users\cxsun\Documents\Codex\2026-05-18\tms-lite-com-ai\data\raw\html\www.tms-lite.com_lbrx-6-rows.html_d4a8de53c2.html,https://www.tms-lite.com/image/cache/data/theme/Product%20Photos%20Master%20File/Direct%20Illumination/Direct%20Illumination%20Bar%20Series/LBRX-6%20Rows/whole-view_080725103102-850x1301_0.png,LBRX-6 Rows Series,main image id; zoom image; product photo path; product view; title match; image extension,,pending_download,
IOO-LBRX-00-080-6-X-2,LBRX-00-080-6-X,314,https://www.tms-lite.com/lbrx-6-rows.html,C:\Users\cxsun\Documents\Codex\2026-05-18\tms-lite-com-ai\data\raw\html\www.tms-lite.com_lbrx-6-rows.html_d4a8de53c2.html,https://www.tms-lite.com/image/cache/data/theme/Product%20Photos%20Master%20File/Direct%20Illumination/Direct%20Illumination%20Bar%20Series/LBRX-6%20Rows/whole-view_080725103102-850x1301_0.png,LBRX-6 Rows Series,main image id; zoom image; product photo path; product view; title match; image extension,,pending_download,
IOO-LBRX-00-120-6-X-2,LBRX-00-120-6-X,315,https://www.tms-lite.com/lbrx-6-rows.html,C:\Users\cxsun\Documents\Codex\2026-05-18\tms-lite-com-ai\data\raw\html\www.tms-lite.com_lbrx-6-rows.html_d4a8de53c2.html,https://www.tms-lite.com/image/cache/data/theme/Product%20Photos%20Master%20File/Direct%20Illumination/Direct%20Illumination%20Bar%20Series/LBRX-6%20Rows/whole-view_080725103102-850x1301_0.png,LBRX-6 Rows Series,main image id; zoom image; product photo path; product view; title match; image extension,,pending_download,
IOO-LBRX-00-160-6-X-2,LBRX-00-160-6-X,316,https://www.tms-lite.com/lbrx-6-rows.html,C:\Users\cxsun\Documents\Codex\2026-05-18\tms-lite-com-ai\data\raw\html\www.tms-lite.com_lbrx-6-rows.html_d4a8de53c2.html,https://www.tms-lite.com/image/cache/data/theme/Product%20Photos%20Master%20File/Direct%20Illumination/Direct%20Illumination%20Bar%20Series/LBRX-6%20Rows/whole-view_080725103102-850x1301_0.png,LBRX-6 Rows Series,main image id; zoom image; product photo path; product view; title match; image extension,,pending_download,
IOO-LBRX-00-200-6-X-2,LBRX-00-200-6-X,317,https://www.tms-lite.com/lbrx-6-rows.html,C:\Users\cxsun\Documents\Codex\2026-05-18\tms-lite-com-ai\data\raw\html\www.tms-lite.com_lbrx-6-rows.html_d4a8de53c2.html,https://www.tms-lite.com/image/cache/data/theme/Product%20Photos%20Master%20File/Direct%20Illumination/Direct%20Illumination%20Bar%20Series/LBRX-6%20Rows/whole-view_080725103102-850x1301_0.png,LBRX-6 Rows Series,main image id; zoom image; product photo path; product view; title match; image extension,,pending_download,
IOO-LBRQ-00-040-3-X-2,LBRQ-00-040-3-X,318,https://www.tms-lite.com/lbrq-3-rows.html,C:\Users\cxsun\Documents\Codex\2026-05-18\tms-lite-com-ai\data\raw\html\www.tms-lite.com_lbrq-3-rows.html_6ea04e17cd.html,https://www.tms-lite.com/image/cache/data/theme/Product%20Photos%20Master%20File/Direct%20Illumination/Direct%20Illumination%20Bar%20Series/LBRQ-3%20Rows/LBRQ-3%20Rows%20Series%20WHITE-850x1301_0.png,LBRQ-3 Rows Series,main image id; zoom image; product photo path; title match; image extension,,pending_download,
IOO-LBRQ-00-080-3-X-2,LBRQ-00-080-3-X,319,https://www.tms-lite.com/lbrq-3-rows.html,C:\Users\cxsun\Documents\Codex\2026-05-18\tms-lite-com-ai\data\raw\html\www.tms-lite.com_lbrq-3-rows.html_6ea04e17cd.html,https://www.tms-lite.com/image/cache/data/theme/Product%20Photos%20Master%20File/Direct%20Illumination/Direct%20Illumination%20Bar%20Series/LBRQ-3%20Rows/LBRQ-3%20Rows%20Series%20WHITE-850x1301_0.png,LBRQ-3 Rows Series,main image id; zoom image; product photo path; title match; image extension,,pending_download,
IOO-LBRQ-00-120-3-X-2,LBRQ-00-120-3-X,320,https://www.tms-lite.com/lbrq-3-rows.html,C:\Users\cxsun\Documents\Codex\2026-05-18\tms-lite-com-ai\data\raw\html\www.tms-lite.com_lbrq-3-rows.html_6ea04e17cd.html,https://www.tms-lite.com/image/cache/data/theme/Product%20Photos%20Master%20File/Direct%20Illumination/Direct%20Illumination%20Bar%20Series/LBRQ-3%20Rows/LBRQ-3%20Rows%20Series%20WHITE-850x1301_0.png,LBRQ-3 Rows Series,main image id; zoom image; product photo path; title match; image extension,,pending_download,
IOO-LBRQ-00-160-3-X-2,LBRQ-00-160-3-X,321,https://www.tms-lite.com/lbrq-3-rows.html,C:\Users\cxsun\Documents\Codex\2026-05-18\tms-lite-com-ai\data\raw\html\www.tms-lite.com_lbrq-3-rows.html_6ea04e17cd.html,https://www.tms-lite.com/image/cache/data/theme/Product%20Photos%20Master%20File/Direct%20Illumination/Direct%20Illumination%20Bar%20Series/LBRQ-3%20Rows/LBRQ-3%20Rows%20Series%20WHITE-850x1301_0.png,LBRQ-3 Rows Series,main image id; zoom image; product photo path; title match; image extension,,pending_download,
IOO-LBRQ-00-200-3-X-2,LBRQ-00-200-3-X,322,https://www.tms-lite.com/lbrq-3-rows.html,C:\Users\cxsun\Documents\Codex\2026-05-18\tms-lite-com-ai\data\raw\html\www.tms-lite.com_lbrq-3-rows.html_6ea04e17cd.html,https://www.tms-lite.com/image/cache/data/theme/Product%20Photos%20Master%20File/Direct%20Illumination/Direct%20Illumination%20Bar%20Series/LBRQ-3%20Rows/LBRQ-3%20Rows%20Series%20WHITE-850x1301_0.png,LBRQ-3 Rows Series,main image id; zoom image; product photo path; title match; image extension,,pending_download,
IOO-LBRX-00-040-3-X-2,LBRX-00-040-3-X,323,https://www.tms-lite.com/lbrx-3-rows.html,C:\Users\cxsun\Documents\Codex\2026-05-18\tms-lite-com-ai\data\raw\html\www.tms-lite.com_lbrx-3-rows.html_0b7de3a65b.html,https://www.tms-lite.com/image/cache/data/theme/Product%20Photos%20Master%20File/Direct%20Illumination/Direct%20Illumination%20Bar%20Series/LBRX-3%20Rows/whole-view_080725092614-850x1301_0.png,LBRX-3 Rows Series,main image id; zoom image; product photo path; product view; title match; image extension,,pending_download,
IOO-LBRX-00-080-3-X-2,LBRX-00-080-3-X,324,https://www.tms-lite.com/lbrx-3-rows.html,C:\Users\cxsun\Documents\Codex\2026-05-18\tms-lite-com-ai\data\raw\html\www.tms-lite.com_lbrx-3-rows.html_0b7de3a65b.html,https://www.tms-lite.com/image/cache/data/theme/Product%20Photos%20Master%20File/Direct%20Illumination/Direct%20Illumination%20Bar%20Series/LBRX-3%20Rows/whole-view_080725092614-850x1301_0.png,LBRX-3 Rows Series,main image id; zoom image; product photo path; product view; title match; image extension,,pending_download,
IOO-LBRX-00-120-3-X-2,LBRX-00-120-3-X,325,https://www.tms-lite.com/lbrx-3-rows.html,C:\Users\cxsun\Documents\Codex\2026-05-18\tms-lite-com-ai\data\raw\html\www.tms-lite.com_lbrx-3-rows.html_0b7de3a65b.html,https://www.tms-lite.com/image/cache/data/theme/Product%20Photos%20Master%20File/Direct%20Illumination/Direct%20Illumination%20Bar%20Series/LBRX-3%20Rows/whole-view_080725092614-850x1301_0.png,LBRX-3 Rows Series,main image id; zoom image; product photo path; product view; title match; image extension,,pending_download,
IOO-LBRX-00-160-3-X-2,LBRX-00-160-3-X,326,https://www.tms-lite.com/lbrx-3-rows.html,C:\Users\cxsun\Documents\Codex\2026-05-18\tms-lite-com-ai\data\raw\html\www.tms-lite.com_lbrx-3-rows.html_0b7de3a65b.html,https://www.tms-lite.com/image/cache/data/theme/Product%20Photos%20Master%20File/Direct%20Illumination/Direct%20Illumination%20Bar%20Series/LBRX-3%20Rows/whole-view_080725092614-850x1301_0.png,LBRX-3 Rows Series,main image id; zoom image; product photo path; product view; title match; image extension,,pending_download,
IOO-LBRX-00-200-3-X-2,LBRX-00-200-3-X,327,https://www.tms-lite.com/lbrx-3-rows.html,C:\Users\cxsun\Documents\Codex\2026-05-18\tms-lite-com-ai\data\raw\html\www.tms-lite.com_lbrx-3-rows.html_0b7de3a65b.html,https://www.tms-lite.com/image/cache/data/theme/Product%20Photos%20Master%20File/Direct%20Illumination/Direct%20Illumination%20Bar%20Series/LBRX-3%20Rows/whole-view_080725092614-850x1301_0.png,LBRX-3 Rows Series,main image id; zoom image; product photo path; product view; title match; image extension,,pending_download,
IOO-LLA-75-120-3-X,LLA-75-120-3-X,328,https://www.tms-lite.com/lla-75-serie.html,C:\Users\cxsun\Documents\Codex\2026-05-18\tms-lite-com-ai\data\raw\html\www.tms-lite.com_lla-75-serie.html_a1c0207028.html,https://www.tms-lite.com/image/cache/data/theme/Product%20Photos%20Master%20File/Direct%20Illumination/Direct%20Illumination%20Low%20Angle%20Series/LLA-60_75/LLA-75/lla-75-propic_140622142603-850x1301_0.png,LLA-75 Series,main image id; zoom image; product photo path; title match; image extension,,pending_download,
IOO-LLA-75-130-3-X,LLA-75-130-3-X,329,https://www.tms-lite.com/lla-75-serie.html,C:\Users\cxsun\Documents\Codex\2026-05-18\tms-lite-com-ai\data\raw\html\www.tms-lite.com_lla-75-serie.html_a1c0207028.html,https://www.tms-lite.com/image/cache/data/theme/Product%20Photos%20Master%20File/Direct%20Illumination/Direct%20Illumination%20Low%20Angle%20Series/LLA-60_75/LLA-75/lla-75-propic_140622142603-850x1301_0.png,LLA-75 Series,main image id; zoom image; product photo path; title match; image extension,,pending_download,
IOO-LLA-75-170-3-X,LLA-75-170-3-X,330,https://www.tms-lite.com/lla-75-serie.html,C:\Users\cxsun\Documents\Codex\2026-05-18\tms-lite-com-ai\data\raw\html\www.tms-lite.com_lla-75-serie.html_a1c0207028.html,https://www.tms-lite.com/image/cache/data/theme/Product%20Photos%20Master%20File/Direct%20Illumination/Direct%20Illumination%20Low%20Angle%20Series/LLA-60_75/LLA-75/lla-75-propic_140622142603-850x1301_0.png,LLA-75 Series,main image id; zoom image; product photo path; title match; image extension,,pending_download,
IOO-LLA-75-180-3-X,LLA-75-180-3-X,331,https://www.tms-lite.com/lla-75-serie.html,C:\Users\cxsun\Documents\Codex\2026-05-18\tms-lite-com-ai\data\raw\html\www.tms-lite.com_lla-75-serie.html_a1c0207028.html,https://www.tms-lite.com/image/cache/data/theme/Product%20Photos%20Master%20File/Direct%20Illumination/Direct%20Illumination%20Low%20Angle%20Series/LLA-60_75/LLA-75/lla-75-propic_140622142603-850x1301_0.png,LLA-75 Series,main image id; zoom image; product photo path; title match; image extension,,pending_download,
IOO-LLA-75-230-3-X,LLA-75-230-3-X,332,https://www.tms-lite.com/lla-75-serie.html,C:\Users\cxsun\Documents\Codex\2026-05-18\tms-lite-com-ai\data\raw\html\www.tms-lite.com_lla-75-serie.html_a1c0207028.html,https://www.tms-lite.com/image/cache/data/theme/Product%20Photos%20Master%20File/Direct%20Illumination/Direct%20Illumination%20Low%20Angle%20Series/LLA-60_75/LLA-75/lla-75-propic_140622142603-850x1301_0.png,LLA-75 Series,main image id; zoom image; product photo path; title match; image extension,,pending_download,
IOO-LLA-60-060-2-X,LLA-60-060-2-X,333,https://www.tms-lite.com/lla-60-serie.html,C:\Users\cxsun\Documents\Codex\2026-05-18\tms-lite-com-ai\data\raw\html\www.tms-lite.com_lla-60-serie.html_a29ddcb2f6.html,https://www.tms-lite.com/image/cache/data/theme/Product%20Photos%20Master%20File/Direct%20Illumination/Direct%20Illumination%20Low%20Angle%20Series/LLA-60_75/LLA-60/New/whole-view_090725151743-850x1301_0.png,LLA-60 Series,main image id; zoom image; product photo path; product view; title match; image extension,,pending_download,
IOO-LLA-60-070-1-X-2,LLA-60-070-1-X,334,https://www.tms-lite.com/lla-60-serie.html,C:\Users\cxsun\Documents\Codex\2026-05-18\tms-lite-com-ai\data\raw\html\www.tms-lite.com_lla-60-serie.html_a29ddcb2f6.html,https://www.tms-lite.com/image/cache/data/theme/Product%20Photos%20Master%20File/Direct%20Illumination/Direct%20Illumination%20Low%20Angle%20Series/LLA-60_75/LLA-60/New/whole-view_090725151743-850x1301_0.png,LLA-60 Series,main image id; zoom image; product photo path; product view; title match; image extension,,pending_download,
IOO-LLA-60-070-2-X,LLA-60-070-2-X,335,https://www.tms-lite.com/lla-60-serie.html,C:\Users\cxsun\Documents\Codex\2026-05-18\tms-lite-com-ai\data\raw\html\www.tms-lite.com_lla-60-serie.html_a29ddcb2f6.html,https://www.tms-lite.com/image/cache/data/theme/Product%20Photos%20Master%20File/Direct%20Illumination/Direct%20Illumination%20Low%20Angle%20Series/LLA-60_75/LLA-60/New/whole-view_090725151743-850x1301_0.png,LLA-60 Series,main image id; zoom image; product photo path; product view; title match; image extension,,pending_download,
IOO-LLA-60-090-2-X-3,LLA-60-090-2-X,336,https://www.tms-lite.com/lla-60-serie.html,C:\Users\cxsun\Documents\Codex\2026-05-18\tms-lite-com-ai\data\raw\html\www.tms-lite.com_lla-60-serie.html_a29ddcb2f6.html,https://www.tms-lite.com/image/cache/data/theme/Product%20Photos%20Master%20File/Direct%20Illumination/Direct%20Illumination%20Low%20Angle%20Series/LLA-60_75/LLA-60/New/whole-view_090725151743-850x1301_0.png,LLA-60 Series,main image id; zoom image; product photo path; product view; title match; image extension,,pending_download,
IOO-LLA-60-100-2-X,LLA-60-100-2-X,337,https://www.tms-lite.com/lla-60-serie.html,C:\Users\cxsun\Documents\Codex\2026-05-18\tms-lite-com-ai\data\raw\html\www.tms-lite.com_lla-60-serie.html_a29ddcb2f6.html,https://www.tms-lite.com/image/cache/data/theme/Product%20Photos%20Master%20File/Direct%20Illumination/Direct%20Illumination%20Low%20Angle%20Series/LLA-60_75/LLA-60/New/whole-view_090725151743-850x1301_0.png,LLA-60 Series,main image id; zoom image; product photo path; product view; title match; image extension,,pending_download,
IOO-LLA-60-150-3-X,LLA-60-150-3-X,338,https://www.tms-lite.com/lla-60-serie.html,C:\Users\cxsun\Documents\Codex\2026-05-18\tms-lite-com-ai\data\raw\html\www.tms-lite.com_lla-60-serie.html_a29ddcb2f6.html,https://www.tms-lite.com/image/cache/data/theme/Product%20Photos%20Master%20File/Direct%20Illumination/Direct%20Illumination%20Low%20Angle%20Series/LLA-60_75/LLA-60/New/whole-view_090725151743-850x1301_0.png,LLA-60 Series,main image id; zoom image; product photo path; product view; title match; image extension,,pending_download,
IOO-LLA-60-200-2-X,LLA-60-200-2-X,339,https://www.tms-lite.com/lla-60-serie.html,C:\Users\cxsun\Documents\Codex\2026-05-18\tms-lite-com-ai\data\raw\html\www.tms-lite.com_lla-60-serie.html_a29ddcb2f6.html,https://www.tms-lite.com/image/cache/data/theme/Product%20Photos%20Master%20File/Direct%20Illumination/Direct%20Illumination%20Low%20Angle%20Series/LLA-60_75/LLA-60/New/whole-view_090725151743-850x1301_0.png,LLA-60 Series,main image id; zoom image; product photo path; product view; title match; image extension,,pending_download,
IOO-LLA-60-235-2-X,LLA-60-235-2-X,340,https://www.tms-lite.com/lla-60-serie.html,C:\Users\cxsun\Documents\Codex\2026-05-18\tms-lite-com-ai\data\raw\html\www.tms-lite.com_lla-60-serie.html_a29ddcb2f6.html,https://www.tms-lite.com/image/cache/data/theme/Product%20Photos%20Master%20File/Direct%20Illumination/Direct%20Illumination%20Low%20Angle%20Series/LLA-60_75/LLA-60/New/whole-view_090725151743-850x1301_0.png,LLA-60 Series,main image id; zoom image; product photo path; product view; title match; image extension,,pending_download,
IOO-LLA-60-263-2-X,LLA-60-263-2-X,341,https://www.tms-lite.com/lla-60-serie.html,C:\Users\cxsun\Documents\Codex\2026-05-18\tms-lite-com-ai\data\raw\html\www.tms-lite.com_lla-60-serie.html_a29ddcb2f6.html,https://www.tms-lite.com/image/cache/data/theme/Product%20Photos%20Master%20File/Direct%20Illumination/Direct%20Illumination%20Low%20Angle%20Series/LLA-60_75/LLA-60/New/whole-view_090725151743-850x1301_0.png,LLA-60 Series,main image id; zoom image; product photo path; product view; title match; image extension,,pending_download,
IOO-LLA-60-430-3-X,LLA-60-430-3-X,342,https://www.tms-lite.com/lla-60-serie.html,C:\Users\cxsun\Documents\Codex\2026-05-18\tms-lite-com-ai\data\raw\html\www.tms-lite.com_lla-60-serie.html_a29ddcb2f6.html,https://www.tms-lite.com/image/cache/data/theme/Product%20Photos%20Master%20File/Direct%20Illumination/Direct%20Illumination%20Low%20Angle%20Series/LLA-60_75/LLA-60/New/whole-view_090725151743-850x1301_0.png,LLA-60 Series,main image id; zoom image; product photo path; product view; title match; image extension,,pending_download,
IOO-IR850,IR850,343,https://www.tms-lite.com/lla-60-serie.html,C:\Users\cxsun\Documents\Codex\2026-05-18\tms-lite-com-ai\data\raw\html\www.tms-lite.com_lla-60-serie.html_a29ddcb2f6.html,https://www.tms-lite.com/image/cache/data/theme/Product%20Photos%20Master%20File/Direct%20Illumination/Direct%20Illumination%20Low%20Angle%20Series/LLA-60_75/LLA-60/New/whole-view_090725151743-850x1301_0.png,LLA-60 Series,main image id; zoom image; product photo path; product view; title match; image extension,,pending_download,
IOO-IDD-00-045-4-X,IDD-00-045-4-X,344,https://www.tms-lite.com/idd-series.html,C:\Users\cxsun\Documents\Codex\2026-05-18\tms-lite-com-ai\data\raw\html\www.tms-lite.com_idd-series.html_de7ec9dca9.html,https://www.tms-lite.com/image/cache/data/theme/Product%20Photos%20Master%20File/Direct%20Illumination/Direct%20Illumination%20Shower%20Series/IDD/idd-series_140622151246-850x1301_0.png,IDD Series,main image id; zoom image; product photo path; title match; image extension,,pending_download,
IOO-IDD-00-075-7-X,IDD-00-075-7-X,345,https://www.tms-lite.com/idd-series.html,C:\Users\cxsun\Documents\Codex\2026-05-18\tms-lite-com-ai\data\raw\html\www.tms-lite.com_idd-series.html_de7ec9dca9.html,https://www.tms-lite.com/image/cache/data/theme/Product%20Photos%20Master%20File/Direct%20Illumination/Direct%20Illumination%20Shower%20Series/IDD/idd-series_140622151246-850x1301_0.png,IDD Series,main image id; zoom image; product photo path; title match; image extension,,pending_download,
IOO-LSW-00-040-2-X,LSW-00-040-2-X,346,https://www.tms-lite.com/lsw-series.html,C:\Users\cxsun\Documents\Codex\2026-05-18\tms-lite-com-ai\data\raw\html\www.tms-lite.com_lsw-series.html_12719c6808.html,https://www.tms-lite.com/image/cache/data/theme/Product%20Photos%20Master%20File/Direct%20Illumination/Direct%20Illumination%20Shower%20Series/LSW/lsw-white_140622153157-850x1301_0.png,LSW Series,main image id; zoom image; product photo path; title match; image extension,,pending_download,
IOO-LSW-00-050-1-X,LSW-00-050-1-X,347,https://www.tms-lite.com/lsw-series.html,C:\Users\cxsun\Documents\Codex\2026-05-18\tms-lite-com-ai\data\raw\html\www.tms-lite.com_lsw-series.html_12719c6808.html,https://www.tms-lite.com/image/cache/data/theme/Product%20Photos%20Master%20File/Direct%20Illumination/Direct%20Illumination%20Shower%20Series/LSW/lsw-white_140622153157-850x1301_0.png,LSW Series,main image id; zoom image; product photo path; title match; image extension,,pending_download,
IOO-LSW-00-050-2-X,LSW-00-050-2-X,348,https://www.tms-lite.com/lsw-series.html,C:\Users\cxsun\Documents\Codex\2026-05-18\tms-lite-com-ai\data\raw\html\www.tms-lite.com_lsw-series.html_12719c6808.html,https://www.tms-lite.com/image/cache/data/theme/Product%20Photos%20Master%20File/Direct%20Illumination/Direct%20Illumination%20Shower%20Series/LSW/lsw-white_140622153157-850x1301_0.png,LSW Series,main image id; zoom image; product photo path; title match; image extension,,pending_download,
IOO-LSW-00-070-3-X,LSW-00-070-3-X,349,https://www.tms-lite.com/lsw-series.html,C:\Users\cxsun\Documents\Codex\2026-05-18\tms-lite-com-ai\data\raw\html\www.tms-lite.com_lsw-series.html_12719c6808.html,https://www.tms-lite.com/image/cache/data/theme/Product%20Photos%20Master%20File/Direct%20Illumination/Direct%20Illumination%20Shower%20Series/LSW/lsw-white_140622153157-850x1301_0.png,LSW Series,main image id; zoom image; product photo path; title match; image extension,,pending_download,
IOO-LSW-00-090-4-X,LSW-00-090-4-X,350,https://www.tms-lite.com/lsw-series.html,C:\Users\cxsun\Documents\Codex\2026-05-18\tms-lite-com-ai\data\raw\html\www.tms-lite.com_lsw-series.html_12719c6808.html,https://www.tms-lite.com/image/cache/data/theme/Product%20Photos%20Master%20File/Direct%20Illumination/Direct%20Illumination%20Shower%20Series/LSW/lsw-white_140622153157-850x1301_0.png,LSW Series,main image id; zoom image; product photo path; title match; image extension,,pending_download,
IOO-LSW-00-157-7-X-24V,LSW-00-157-7-X-24V,351,https://www.tms-lite.com/lsw-series.html,C:\Users\cxsun\Documents\Codex\2026-05-18\tms-lite-com-ai\data\raw\html\www.tms-lite.com_lsw-series.html_12719c6808.html,https://www.tms-lite.com/image/cache/data/theme/Product%20Photos%20Master%20File/Direct%20Illumination/Direct%20Illumination%20Shower%20Series/LSW/lsw-white_140622153157-850x1301_0.png,LSW Series,main image id; zoom image; product photo path; title match; image extension,,pending_download,
IOO-LSW-15-038-2-X,LSW-15-038-2-X,352,https://www.tms-lite.com/lsw-series.html,C:\Users\cxsun\Documents\Codex\2026-05-18\tms-lite-com-ai\data\raw\html\www.tms-lite.com_lsw-series.html_12719c6808.html,https://www.tms-lite.com/image/cache/data/theme/Product%20Photos%20Master%20File/Direct%20Illumination/Direct%20Illumination%20Shower%20Series/LSW/lsw-white_140622153157-850x1301_0.png,LSW Series,main image id; zoom image; product photo path; title match; image extension,,pending_download,
IOO-LSW-15-050-2-X,LSW-15-050-2-X,353,https://www.tms-lite.com/lsw-series.html,C:\Users\cxsun\Documents\Codex\2026-05-18\tms-lite-com-ai\data\raw\html\www.tms-lite.com_lsw-series.html_12719c6808.html,https://www.tms-lite.com/image/cache/data/theme/Product%20Photos%20Master%20File/Direct%20Illumination/Direct%20Illumination%20Shower%20Series/LSW/lsw-white_140622153157-850x1301_0.png,LSW Series,main image id; zoom image; product photo path; title match; image extension,,pending_download,
IOO-LSW-15-070-2-X-2,LSW-15-070-2-X,354,https://www.tms-lite.com/lsw-series.html,C:\Users\cxsun\Documents\Codex\2026-05-18\tms-lite-com-ai\data\raw\html\www.tms-lite.com_lsw-series.html_12719c6808.html,https://www.tms-lite.com/image/cache/data/theme/Product%20Photos%20Master%20File/Direct%20Illumination/Direct%20Illumination%20Shower%20Series/LSW/lsw-white_140622153157-850x1301_0.png,LSW Series,main image id; zoom image; product photo path; title match; image extension,,pending_download,
IOO-LSW-15-070-3-X-2,LSW-15-070-3-X,355,https://www.tms-lite.com/lsw-series.html,C:\Users\cxsun\Documents\Codex\2026-05-18\tms-lite-com-ai\data\raw\html\www.tms-lite.com_lsw-series.html_12719c6808.html,https://www.tms-lite.com/image/cache/data/theme/Product%20Photos%20Master%20File/Direct%20Illumination/Direct%20Illumination%20Shower%20Series/LSW/lsw-white_140622153157-850x1301_0.png,LSW Series,main image id; zoom image; product photo path; title match; image extension,,pending_download,
IOO-LSW-15-090-4-X,LSW-15-090-4-X,356,https://www.tms-lite.com/lsw-series.html,C:\Users\cxsun\Documents\Codex\2026-05-18\tms-lite-com-ai\data\raw\html\www.tms-lite.com_lsw-series.html_12719c6808.html,https://www.tms-lite.com/image/cache/data/theme/Product%20Photos%20Master%20File/Direct%20Illumination/Direct%20Illumination%20Shower%20Series/LSW/lsw-white_140622153157-850x1301_0.png,LSW Series,main image id; zoom image; product photo path; title match; image extension,,pending_download,
IOO-LSW-15-100-5-X,LSW-15-100-5-X,357,https://www.tms-lite.com/lsw-series.html,C:\Users\cxsun\Documents\Codex\2026-05-18\tms-lite-com-ai\data\raw\html\www.tms-lite.com_lsw-series.html_12719c6808.html,https://www.tms-lite.com/image/cache/data/theme/Product%20Photos%20Master%20File/Direct%20Illumination/Direct%20Illumination%20Shower%20Series/LSW/lsw-white_140622153157-850x1301_0.png,LSW Series,main image id; zoom image; product photo path; title match; image extension,,pending_download,
IOO-LSW-30-040-2-X,LSW-30-040-2-X,358,https://www.tms-lite.com/lsw-series.html,C:\Users\cxsun\Documents\Codex\2026-05-18\tms-lite-com-ai\data\raw\html\www.tms-lite.com_lsw-series.html_12719c6808.html,https://www.tms-lite.com/image/cache/data/theme/Product%20Photos%20Master%20File/Direct%20Illumination/Direct%20Illumination%20Shower%20Series/LSW/lsw-white_140622153157-850x1301_0.png,LSW Series,main image id; zoom image; product photo path; title match; image extension,,pending_download,
IOO-LSW-30-050-2-X,LSW-30-050-2-X,359,https://www.tms-lite.com/lsw-series.html,C:\Users\cxsun\Documents\Codex\2026-05-18\tms-lite-com-ai\data\raw\html\www.tms-lite.com_lsw-series.html_12719c6808.html,https://www.tms-lite.com/image/cache/data/theme/Product%20Photos%20Master%20File/Direct%20Illumination/Direct%20Illumination%20Shower%20Series/LSW/lsw-white_140622153157-850x1301_0.png,LSW Series,main image id; zoom image; product photo path; title match; image extension,,pending_download,
IOO-LSW-30-070-3-X,LSW-30-070-3-X,360,https://www.tms-lite.com/lsw-series.html,C:\Users\cxsun\Documents\Codex\2026-05-18\tms-lite-com-ai\data\raw\html\www.tms-lite.com_lsw-series.html_12719c6808.html,https://www.tms-lite.com/image/cache/data/theme/Product%20Photos%20Master%20File/Direct%20Illumination/Direct%20Illumination%20Shower%20Series/LSW/lsw-white_140622153157-850x1301_0.png,LSW Series,main image id; zoom image; product photo path; title match; image extension,,pending_download,
IOO-LSW-30-090-4-X,LSW-30-090-4-X,361,https://www.tms-lite.com/lsw-series.html,C:\Users\cxsun\Documents\Codex\2026-05-18\tms-lite-com-ai\data\raw\html\www.tms-lite.com_lsw-series.html_12719c6808.html,https://www.tms-lite.com/image/cache/data/theme/Product%20Photos%20Master%20File/Direct%20Illumination/Direct%20Illumination%20Shower%20Series/LSW/lsw-white_140622153157-850x1301_0.png,LSW Series,main image id; zoom image; product photo path; title match; image extension,,pending_download,
IOO-LSW-30-130-5-X,LSW-30-130-5-X,362,https://www.tms-lite.com/lsw-series.html,C:\Users\cxsun\Documents\Codex\2026-05-18\tms-lite-com-ai\data\raw\html\www.tms-lite.com_lsw-series.html_12719c6808.html,https://www.tms-lite.com/image/cache/data/theme/Product%20Photos%20Master%20File/Direct%20Illumination/Direct%20Illumination%20Shower%20Series/LSW/lsw-white_140622153157-850x1301_0.png,LSW Series,main image id; zoom image; product photo path; title match; image extension,,pending_download,
IOO-LSW-45-050-2-X,LSW-45-050-2-X,363,https://www.tms-lite.com/lsw-series.html,C:\Users\cxsun\Documents\Codex\2026-05-18\tms-lite-com-ai\data\raw\html\www.tms-lite.com_lsw-series.html_12719c6808.html,https://www.tms-lite.com/image/cache/data/theme/Product%20Photos%20Master%20File/Direct%20Illumination/Direct%20Illumination%20Shower%20Series/LSW/lsw-white_140622153157-850x1301_0.png,LSW Series,main image id; zoom image; product photo path; title match; image extension,,pending_download,
IOO-LSW-45-070-3-X,LSW-45-070-3-X,364,https://www.tms-lite.com/lsw-series.html,C:\Users\cxsun\Documents\Codex\2026-05-18\tms-lite-com-ai\data\raw\html\www.tms-lite.com_lsw-series.html_12719c6808.html,https://www.tms-lite.com/image/cache/data/theme/Product%20Photos%20Master%20File/Direct%20Illumination/Direct%20Illumination%20Shower%20Series/LSW/lsw-white_140622153157-850x1301_0.png,LSW Series,main image id; zoom image; product photo path; title match; image extension,,pending_download,
IOO-LSW-45-090-4-X,LSW-45-090-4-X,365,https://www.tms-lite.com/lsw-series.html,C:\Users\cxsun\Documents\Codex\2026-05-18\tms-lite-com-ai\data\raw\html\www.tms-lite.com_lsw-series.html_12719c6808.html,https://www.tms-lite.com/image/cache/data/theme/Product%20Photos%20Master%20File/Direct%20Illumination/Direct%20Illumination%20Shower%20Series/LSW/lsw-white_140622153157-850x1301_0.png,LSW Series,main image id; zoom image; product photo path; title match; image extension,,pending_download,
IOO-LSW-45-100-5-X,LSW-45-100-5-X,366,https://www.tms-lite.com/lsw-series.html,C:\Users\cxsun\Documents\Codex\2026-05-18\tms-lite-com-ai\data\raw\html\www.tms-lite.com_lsw-series.html_12719c6808.html,https://www.tms-lite.com/image/cache/data/theme/Product%20Photos%20Master%20File/Direct%20Illumination/Direct%20Illumination%20Shower%20Series/LSW/lsw-white_140622153157-850x1301_0.png,LSW Series,main image id; zoom image; product photo path; title match; image extension,,pending_download,
IOO-LSW-45-120-3-X-24V,LSW-45-120-3-X-24V,367,https://www.tms-lite.com/lsw-series.html,C:\Users\cxsun\Documents\Codex\2026-05-18\tms-lite-com-ai\data\raw\html\www.tms-lite.com_lsw-series.html_12719c6808.html,https://www.tms-lite.com/image/cache/data/theme/Product%20Photos%20Master%20File/Direct%20Illumination/Direct%20Illumination%20Shower%20Series/LSW/lsw-white_140622153157-850x1301_0.png,LSW Series,main image id; zoom image; product photo path; title match; image extension,,pending_download,
IOO-LSW-45-170-5-X-24V,LSW-45-170-5-X-24V,368,https://www.tms-lite.com/lsw-series.html,C:\Users\cxsun\Documents\Codex\2026-05-18\tms-lite-com-ai\data\raw\html\www.tms-lite.com_lsw-series.html_12719c6808.html,https://www.tms-lite.com/image/cache/data/theme/Product%20Photos%20Master%20File/Direct%20Illumination/Direct%20Illumination%20Shower%20Series/LSW/lsw-white_140622153157-850x1301_0.png,LSW Series,main image id; zoom image; product photo path; title match; image extension,,pending_download,
IOO-LSW-00-157-7-X,LSW-00-157-7-X,369,https://www.tms-lite.com/lsw-series.html,C:\Users\cxsun\Documents\Codex\2026-05-18\tms-lite-com-ai\data\raw\html\www.tms-lite.com_lsw-series.html_12719c6808.html,https://www.tms-lite.com/image/cache/data/theme/Product%20Photos%20Master%20File/Direct%20Illumination/Direct%20Illumination%20Shower%20Series/LSW/lsw-white_140622153157-850x1301_0.png,LSW Series,main image id; zoom image; product photo path; title match; image extension,,pending_download,
IOO-LSW-45-120-3-X,LSW-45-120-3-X,370,https://www.tms-lite.com/lsw-series.html,C:\Users\cxsun\Documents\Codex\2026-05-18\tms-lite-com-ai\data\raw\html\www.tms-lite.com_lsw-series.html_12719c6808.html,https://www.tms-lite.com/image/cache/data/theme/Product%20Photos%20Master%20File/Direct%20Illumination/Direct%20Illumination%20Shower%20Series/LSW/lsw-white_140622153157-850x1301_0.png,LSW Series,main image id; zoom image; product photo path; title match; image extension,,pending_download,
IOO-LSW-45-170-5-X,LSW-45-170-5-X,371,https://www.tms-lite.com/lsw-series.html,C:\Users\cxsun\Documents\Codex\2026-05-18\tms-lite-com-ai\data\raw\html\www.tms-lite.com_lsw-series.html_12719c6808.html,https://www.tms-lite.com/image/cache/data/theme/Product%20Photos%20Master%20File/Direct%20Illumination/Direct%20Illumination%20Shower%20Series/LSW/lsw-white_140622153157-850x1301_0.png,LSW Series,main image id; zoom image; product photo path; title match; image extension,,pending_download,
IOO-LSQF-00-033-1-X,LSQF-00-033-1-X,372,https://www.tms-lite.com/lsqf-series-stackable.html,C:\Users\cxsun\Documents\Codex\2026-05-18\tms-lite-com-ai\data\raw\html\www.tms-lite.com_lsqf-series-stackable.html_c876067fc9.html,https://www.tms-lite.com/image/cache/data/theme/Product%20Photos%20Master%20File/Direct%20Illumination/Direct%20Illumination%20Shower%20Series/LSQF/New/whole-view_090725155201-850x1301_0.png,"LSQF-00, 15, 30, 45 Stackable Series",main image id; zoom image; product photo path; product view; title match; image extension,,pending_download,
IOO-LSQF-00-045-1-X,LSQF-00-045-1-X,373,https://www.tms-lite.com/lsqf-series-stackable.html,C:\Users\cxsun\Documents\Codex\2026-05-18\tms-lite-com-ai\data\raw\html\www.tms-lite.com_lsqf-series-stackable.html_c876067fc9.html,https://www.tms-lite.com/image/cache/data/theme/Product%20Photos%20Master%20File/Direct%20Illumination/Direct%20Illumination%20Shower%20Series/LSQF/New/whole-view_090725155201-850x1301_0.png,"LSQF-00, 15, 30, 45 Stackable Series",main image id; zoom image; product photo path; product view; title match; image extension,,pending_download,
IOO-LSQF-00-051-1-X,LSQF-00-051-1-X,374,https://www.tms-lite.com/lsqf-series-stackable.html,C:\Users\cxsun\Documents\Codex\2026-05-18\tms-lite-com-ai\data\raw\html\www.tms-lite.com_lsqf-series-stackable.html_c876067fc9.html,https://www.tms-lite.com/image/cache/data/theme/Product%20Photos%20Master%20File/Direct%20Illumination/Direct%20Illumination%20Shower%20Series/LSQF/New/whole-view_090725155201-850x1301_0.png,"LSQF-00, 15, 30, 45 Stackable Series",main image id; zoom image; product photo path; product view; title match; image extension,,pending_download,
IOO-LSQF-15-033-1-X,LSQF-15-033-1-X,375,https://www.tms-lite.com/lsqf-series-stackable.html,C:\Users\cxsun\Documents\Codex\2026-05-18\tms-lite-com-ai\data\raw\html\www.tms-lite.com_lsqf-series-stackable.html_c876067fc9.html,https://www.tms-lite.com/image/cache/data/theme/Product%20Photos%20Master%20File/Direct%20Illumination/Direct%20Illumination%20Shower%20Series/LSQF/New/whole-view_090725155201-850x1301_0.png,"LSQF-00, 15, 30, 45 Stackable Series",main image id; zoom image; product photo path; product view; title match; image extension,,pending_download,
IOO-LSQF-15-045-1-X,LSQF-15-045-1-X,376,https://www.tms-lite.com/lsqf-series-stackable.html,C:\Users\cxsun\Documents\Codex\2026-05-18\tms-lite-com-ai\data\raw\html\www.tms-lite.com_lsqf-series-stackable.html_c876067fc9.html,https://www.tms-lite.com/image/cache/data/theme/Product%20Photos%20Master%20File/Direct%20Illumination/Direct%20Illumination%20Shower%20Series/LSQF/New/whole-view_090725155201-850x1301_0.png,"LSQF-00, 15, 30, 45 Stackable Series",main image id; zoom image; product photo path; product view; title match; image extension,,pending_download,
IOO-LSQF-15-051-1-X,LSQF-15-051-1-X,377,https://www.tms-lite.com/lsqf-series-stackable.html,C:\Users\cxsun\Documents\Codex\2026-05-18\tms-lite-com-ai\data\raw\html\www.tms-lite.com_lsqf-series-stackable.html_c876067fc9.html,https://www.tms-lite.com/image/cache/data/theme/Product%20Photos%20Master%20File/Direct%20Illumination/Direct%20Illumination%20Shower%20Series/LSQF/New/whole-view_090725155201-850x1301_0.png,"LSQF-00, 15, 30, 45 Stackable Series",main image id; zoom image; product photo path; product view; title match; image extension,,pending_download,
IOO-LSQF-30-033-1-X,LSQF-30-033-1-X,378,https://www.tms-lite.com/lsqf-series-stackable.html,C:\Users\cxsun\Documents\Codex\2026-05-18\tms-lite-com-ai\data\raw\html\www.tms-lite.com_lsqf-series-stackable.html_c876067fc9.html,https://www.tms-lite.com/image/cache/data/theme/Product%20Photos%20Master%20File/Direct%20Illumination/Direct%20Illumination%20Shower%20Series/LSQF/New/whole-view_090725155201-850x1301_0.png,"LSQF-00, 15, 30, 45 Stackable Series",main image id; zoom image; product photo path; product view; title match; image extension,,pending_download,
IOO-LSQF-30-045-1-X,LSQF-30-045-1-X,379,https://www.tms-lite.com/lsqf-series-stackable.html,C:\Users\cxsun\Documents\Codex\2026-05-18\tms-lite-com-ai\data\raw\html\www.tms-lite.com_lsqf-series-stackable.html_c876067fc9.html,https://www.tms-lite.com/image/cache/data/theme/Product%20Photos%20Master%20File/Direct%20Illumination/Direct%20Illumination%20Shower%20Series/LSQF/New/whole-view_090725155201-850x1301_0.png,"LSQF-00, 15, 30, 45 Stackable Series",main image id; zoom image; product photo path; product view; title match; image extension,,pending_download,
IOO-LSQF-30-051-1-X,LSQF-30-051-1-X,380,https://www.tms-lite.com/lsqf-series-stackable.html,C:\Users\cxsun\Documents\Codex\2026-05-18\tms-lite-com-ai\data\raw\html\www.tms-lite.com_lsqf-series-stackable.html_c876067fc9.html,https://www.tms-lite.com/image/cache/data/theme/Product%20Photos%20Master%20File/Direct%20Illumination/Direct%20Illumination%20Shower%20Series/LSQF/New/whole-view_090725155201-850x1301_0.png,"LSQF-00, 15, 30, 45 Stackable Series",main image id; zoom image; product photo path; product view; title match; image extension,,pending_download,
IOO-LSQF-45-033-1-X,LSQF-45-033-1-X,381,https://www.tms-lite.com/lsqf-series-stackable.html,C:\Users\cxsun\Documents\Codex\2026-05-18\tms-lite-com-ai\data\raw\html\www.tms-lite.com_lsqf-series-stackable.html_c876067fc9.html,https://www.tms-lite.com/image/cache/data/theme/Product%20Photos%20Master%20File/Direct%20Illumination/Direct%20Illumination%20Shower%20Series/LSQF/New/whole-view_090725155201-850x1301_0.png,"LSQF-00, 15, 30, 45 Stackable Series",main image id; zoom image; product photo path; product view; title match; image extension,,pending_download,
IOO-LSQF-45-045-1-X,LSQF-45-045-1-X,382,https://www.tms-lite.com/lsqf-series-stackable.html,C:\Users\cxsun\Documents\Codex\2026-05-18\tms-lite-com-ai\data\raw\html\www.tms-lite.com_lsqf-series-stackable.html_c876067fc9.html,https://www.tms-lite.com/image/cache/data/theme/Product%20Photos%20Master%20File/Direct%20Illumination/Direct%20Illumination%20Shower%20Series/LSQF/New/whole-view_090725155201-850x1301_0.png,"LSQF-00, 15, 30, 45 Stackable Series",main image id; zoom image; product photo path; product view; title match; image extension,,pending_download,
IOO-LSQF-45-051-1-X,LSQF-45-051-1-X,383,https://www.tms-lite.com/lsqf-series-stackable.html,C:\Users\cxsun\Documents\Codex\2026-05-18\tms-lite-com-ai\data\raw\html\www.tms-lite.com_lsqf-series-stackable.html_c876067fc9.html,https://www.tms-lite.com/image/cache/data/theme/Product%20Photos%20Master%20File/Direct%20Illumination/Direct%20Illumination%20Shower%20Series/LSQF/New/whole-view_090725155201-850x1301_0.png,"LSQF-00, 15, 30, 45 Stackable Series",main image id; zoom image; product photo path; product view; title match; image extension,,pending_download,
IOO-LSQ-00-033-1-X,LSQ-00-033-1-X,384,https://www.tms-lite.com/lsq-series-stackable.html,C:\Users\cxsun\Documents\Codex\2026-05-18\tms-lite-com-ai\data\raw\html\www.tms-lite.com_lsq-series-stackable.html_43b586c99b.html,https://www.tms-lite.com/image/cache/data/theme/Product%20Photos%20Master%20File/Direct%20Illumination/Direct%20Illumination%20Shower%20Series/LSQ-00_15_30_45%20Stackable%20Series/New/whole-view_090725153718-850x1301_0.png,"LSQ-00, 15, 30, 45 LSQ Stackable Series",main image id; zoom image; product photo path; product view; title match; image extension,,pending_download,
IOO-LSQ-00-045-1-X,LSQ-00-045-1-X,385,https://www.tms-lite.com/lsq-series-stackable.html,C:\Users\cxsun\Documents\Codex\2026-05-18\tms-lite-com-ai\data\raw\html\www.tms-lite.com_lsq-series-stackable.html_43b586c99b.html,https://www.tms-lite.com/image/cache/data/theme/Product%20Photos%20Master%20File/Direct%20Illumination/Direct%20Illumination%20Shower%20Series/LSQ-00_15_30_45%20Stackable%20Series/New/whole-view_090725153718-850x1301_0.png,"LSQ-00, 15, 30, 45 LSQ Stackable Series",main image id; zoom image; product photo path; product view; title match; image extension,,pending_download,
IOO-LSQ-00-051-1-X,LSQ-00-051-1-X,386,https://www.tms-lite.com/lsq-series-stackable.html,C:\Users\cxsun\Documents\Codex\2026-05-18\tms-lite-com-ai\data\raw\html\www.tms-lite.com_lsq-series-stackable.html_43b586c99b.html,https://www.tms-lite.com/image/cache/data/theme/Product%20Photos%20Master%20File/Direct%20Illumination/Direct%20Illumination%20Shower%20Series/LSQ-00_15_30_45%20Stackable%20Series/New/whole-view_090725153718-850x1301_0.png,"LSQ-00, 15, 30, 45 LSQ Stackable Series",main image id; zoom image; product photo path; product view; title match; image extension,,pending_download,
IOO-LSQ-15-033-1-X,LSQ-15-033-1-X,387,https://www.tms-lite.com/lsq-series-stackable.html,C:\Users\cxsun\Documents\Codex\2026-05-18\tms-lite-com-ai\data\raw\html\www.tms-lite.com_lsq-series-stackable.html_43b586c99b.html,https://www.tms-lite.com/image/cache/data/theme/Product%20Photos%20Master%20File/Direct%20Illumination/Direct%20Illumination%20Shower%20Series/LSQ-00_15_30_45%20Stackable%20Series/New/whole-view_090725153718-850x1301_0.png,"LSQ-00, 15, 30, 45 LSQ Stackable Series",main image id; zoom image; product photo path; product view; title match; image extension,,pending_download,
IOO-LSQ-15-045-1-X,LSQ-15-045-1-X,388,https://www.tms-lite.com/lsq-series-stackable.html,C:\Users\cxsun\Documents\Codex\2026-05-18\tms-lite-com-ai\data\raw\html\www.tms-lite.com_lsq-series-stackable.html_43b586c99b.html,https://www.tms-lite.com/image/cache/data/theme/Product%20Photos%20Master%20File/Direct%20Illumination/Direct%20Illumination%20Shower%20Series/LSQ-00_15_30_45%20Stackable%20Series/New/whole-view_090725153718-850x1301_0.png,"LSQ-00, 15, 30, 45 LSQ Stackable Series",main image id; zoom image; product photo path; product view; title match; image extension,,pending_download,
IOO-LSQ-15-051-1-X,LSQ-15-051-1-X,389,https://www.tms-lite.com/lsq-series-stackable.html,C:\Users\cxsun\Documents\Codex\2026-05-18\tms-lite-com-ai\data\raw\html\www.tms-lite.com_lsq-series-stackable.html_43b586c99b.html,https://www.tms-lite.com/image/cache/data/theme/Product%20Photos%20Master%20File/Direct%20Illumination/Direct%20Illumination%20Shower%20Series/LSQ-00_15_30_45%20Stackable%20Series/New/whole-view_090725153718-850x1301_0.png,"LSQ-00, 15, 30, 45 LSQ Stackable Series",main image id; zoom image; product photo path; product view; title match; image extension,,pending_download,
IOO-LSQ-30-033-1-X,LSQ-30-033-1-X,390,https://www.tms-lite.com/lsq-series-stackable.html,C:\Users\cxsun\Documents\Codex\2026-05-18\tms-lite-com-ai\data\raw\html\www.tms-lite.com_lsq-series-stackable.html_43b586c99b.html,https://www.tms-lite.com/image/cache/data/theme/Product%20Photos%20Master%20File/Direct%20Illumination/Direct%20Illumination%20Shower%20Series/LSQ-00_15_30_45%20Stackable%20Series/New/whole-view_090725153718-850x1301_0.png,"LSQ-00, 15, 30, 45 LSQ Stackable Series",main image id; zoom image; product photo path; product view; title match; image extension,,pending_download,
IOO-LSQ-30-045-1-X,LSQ-30-045-1-X,391,https://www.tms-lite.com/lsq-series-stackable.html,C:\Users\cxsun\Documents\Codex\2026-05-18\tms-lite-com-ai\data\raw\html\www.tms-lite.com_lsq-series-stackable.html_43b586c99b.html,https://www.tms-lite.com/image/cache/data/theme/Product%20Photos%20Master%20File/Direct%20Illumination/Direct%20Illumination%20Shower%20Series/LSQ-00_15_30_45%20Stackable%20Series/New/whole-view_090725153718-850x1301_0.png,"LSQ-00, 15, 30, 45 LSQ Stackable Series",main image id; zoom image; product photo path; product view; title match; image extension,,pending_download,
IOO-LSQ-30-051-1-X,LSQ-30-051-1-X,392,https://www.tms-lite.com/lsq-series-stackable.html,C:\Users\cxsun\Documents\Codex\2026-05-18\tms-lite-com-ai\data\raw\html\www.tms-lite.com_lsq-series-stackable.html_43b586c99b.html,https://www.tms-lite.com/image/cache/data/theme/Product%20Photos%20Master%20File/Direct%20Illumination/Direct%20Illumination%20Shower%20Series/LSQ-00_15_30_45%20Stackable%20Series/New/whole-view_090725153718-850x1301_0.png,"LSQ-00, 15, 30, 45 LSQ Stackable Series",main image id; zoom image; product photo path; product view; title match; image extension,,pending_download,
IOO-LSQ-45-033-1-X,LSQ-45-033-1-X,393,https://www.tms-lite.com/lsq-series-stackable.html,C:\Users\cxsun\Documents\Codex\2026-05-18\tms-lite-com-ai\data\raw\html\www.tms-lite.com_lsq-series-stackable.html_43b586c99b.html,https://www.tms-lite.com/image/cache/data/theme/Product%20Photos%20Master%20File/Direct%20Illumination/Direct%20Illumination%20Shower%20Series/LSQ-00_15_30_45%20Stackable%20Series/New/whole-view_090725153718-850x1301_0.png,"LSQ-00, 15, 30, 45 LSQ Stackable Series",main image id; zoom image; product photo path; product view; title match; image extension,,pending_download,
IOO-LSQ-45-045-1-X,LSQ-45-045-1-X,394,https://www.tms-lite.com/lsq-series-stackable.html,C:\Users\cxsun\Documents\Codex\2026-05-18\tms-lite-com-ai\data\raw\html\www.tms-lite.com_lsq-series-stackable.html_43b586c99b.html,https://www.tms-lite.com/image/cache/data/theme/Product%20Photos%20Master%20File/Direct%20Illumination/Direct%20Illumination%20Shower%20Series/LSQ-00_15_30_45%20Stackable%20Series/New/whole-view_090725153718-850x1301_0.png,"LSQ-00, 15, 30, 45 LSQ Stackable Series",main image id; zoom image; product photo path; product view; title match; image extension,,pending_download,
IOO-LSQ-45-051-1-X,LSQ-45-051-1-X,395,https://www.tms-lite.com/lsq-series-stackable.html,C:\Users\cxsun\Documents\Codex\2026-05-18\tms-lite-com-ai\data\raw\html\www.tms-lite.com_lsq-series-stackable.html_43b586c99b.html,https://www.tms-lite.com/image/cache/data/theme/Product%20Photos%20Master%20File/Direct%20Illumination/Direct%20Illumination%20Shower%20Series/LSQ-00_15_30_45%20Stackable%20Series/New/whole-view_090725153718-850x1301_0.png,"LSQ-00, 15, 30, 45 LSQ Stackable Series",main image id; zoom image; product photo path; product view; title match; image extension,,pending_download,
IOO-R,R,396,https://www.tms-lite.com/lsq-series-stackable.html,C:\Users\cxsun\Documents\Codex\2026-05-18\tms-lite-com-ai\data\raw\html\www.tms-lite.com_lsq-series-stackable.html_43b586c99b.html,https://www.tms-lite.com/image/cache/data/theme/Product%20Photos%20Master%20File/Direct%20Illumination/Direct%20Illumination%20Shower%20Series/LSQ-00_15_30_45%20Stackable%20Series/New/whole-view_090725153718-850x1301_0.png,"LSQ-00, 15, 30, 45 LSQ Stackable Series",main image id; zoom image; product photo path; product view; title match; image extension,,pending_download,
IOO-LSQ-45-030-1-X,LSQ-45-030-1-X,397,https://www.tms-lite.com/lsq-45-series.html,C:\Users\cxsun\Documents\Codex\2026-05-18\tms-lite-com-ai\data\raw\html\www.tms-lite.com_lsq-45-series.html_2451319c3d.html,https://www.tms-lite.com/image/cache/data/theme/Product%20Photos%20Master%20File/Direct%20Illumination/Direct%20Illumination%20Shower%20Series/LSQ-45/lsq-45-white-850x1301_0.png,LSQ-45 Series,main image id; zoom image; product photo path; title match; image extension,,pending_download,
IOO-LSQ-45-040-1-X,LSQ-45-040-1-X,398,https://www.tms-lite.com/lsq-45-series.html,C:\Users\cxsun\Documents\Codex\2026-05-18\tms-lite-com-ai\data\raw\html\www.tms-lite.com_lsq-45-series.html_2451319c3d.html,https://www.tms-lite.com/image/cache/data/theme/Product%20Photos%20Master%20File/Direct%20Illumination/Direct%20Illumination%20Shower%20Series/LSQ-45/lsq-45-white-850x1301_0.png,LSQ-45 Series,main image id; zoom image; product photo path; title match; image extension,,pending_download,
IOO-LSQ-45-050-1-X,LSQ-45-050-1-X,399,https://www.tms-lite.com/lsq-45-series.html,C:\Users\cxsun\Documents\Codex\2026-05-18\tms-lite-com-ai\data\raw\html\www.tms-lite.com_lsq-45-series.html_2451319c3d.html,https://www.tms-lite.com/image/cache/data/theme/Product%20Photos%20Master%20File/Direct%20Illumination/Direct%20Illumination%20Shower%20Series/LSQ-45/lsq-45-white-850x1301_0.png,LSQ-45 Series,main image id; zoom image; product photo path; title match; image extension,,pending_download,
IOO-LSQ-00-050-2-X,LSQ-00-050-2-X,400,https://www.tms-lite.com/lsq-00-series.html,C:\Users\cxsun\Documents\Codex\2026-05-18\tms-lite-com-ai\data\raw\html\www.tms-lite.com_lsq-00-series.html_0c7197622a.html,https://www.tms-lite.com/image/cache/data/theme/Product%20Photos%20Master%20File/Direct%20Illumination/Direct%20Illumination%20Shower%20Series/LSQ-00/lsq-00-series_140622151054-850x1301_0.png,LSQ-00 Series,main image id; zoom image; product photo path; title match; image extension,,pending_download,
IOO-LSQ-00-060-3-X,LSQ-00-060-3-X,401,https://www.tms-lite.com/lsq-00-series.html,C:\Users\cxsun\Documents\Codex\2026-05-18\tms-lite-com-ai\data\raw\html\www.tms-lite.com_lsq-00-series.html_0c7197622a.html,https://www.tms-lite.com/image/cache/data/theme/Product%20Photos%20Master%20File/Direct%20Illumination/Direct%20Illumination%20Shower%20Series/LSQ-00/lsq-00-series_140622151054-850x1301_0.png,LSQ-00 Series,main image id; zoom image; product photo path; title match; image extension,,pending_download,
IOO-HLBQ3-00-065-1-X,HLBQ3-00-065-1-X,402,https://www.tms-lite.com/hlbq3-series.html,C:\Users\cxsun\Documents\Codex\2026-05-18\tms-lite-com-ai\data\raw\html\www.tms-lite.com_hlbq3-series.html_0cd9eff0d7.html,https://www.tms-lite.com/image/cache/data/theme/Product%20Photos%20Master%20File/Direct%20Illumination/Direct%20Illumination%20Bar%20Series/HLBQ2/hlbq2-series_140622112745-850x1301_0.png,HLBQ3 Series,main image id; zoom image; product photo path; title match; image extension,,pending_download,
IOO-HLBQ3-00-130-1-X,HLBQ3-00-130-1-X,403,https://www.tms-lite.com/hlbq3-series.html,C:\Users\cxsun\Documents\Codex\2026-05-18\tms-lite-com-ai\data\raw\html\www.tms-lite.com_hlbq3-series.html_0cd9eff0d7.html,https://www.tms-lite.com/image/cache/data/theme/Product%20Photos%20Master%20File/Direct%20Illumination/Direct%20Illumination%20Bar%20Series/HLBQ2/hlbq2-series_140622112745-850x1301_0.png,HLBQ3 Series,main image id; zoom image; product photo path; title match; image extension,,pending_download,
IOO-MLBX2-00-060-2-X,MLBX2-00-060-2-X,404,https://www.tms-lite.com/mlbx-serie.html,C:\Users\cxsun\Documents\Codex\2026-05-18\tms-lite-com-ai\data\raw\html\www.tms-lite.com_mlbx-serie.html_aef6b647a1.html,https://www.tms-lite.com/image/cache/data/theme/Product%20Photos%20Master%20File/Direct%20Illumination/Direct%20Illumination%20Bar%20Series/MLBX2/whole-view_090725102417-850x1301_0.png,MLBX2 Series,main image id; zoom image; product photo path; product view; title match; image extension,,pending_download,
IOO-MLBX2-00-090-2-X,MLBX2-00-090-2-X,405,https://www.tms-lite.com/mlbx-serie.html,C:\Users\cxsun\Documents\Codex\2026-05-18\tms-lite-com-ai\data\raw\html\www.tms-lite.com_mlbx-serie.html_aef6b647a1.html,https://www.tms-lite.com/image/cache/data/theme/Product%20Photos%20Master%20File/Direct%20Illumination/Direct%20Illumination%20Bar%20Series/MLBX2/whole-view_090725102417-850x1301_0.png,MLBX2 Series,main image id; zoom image; product photo path; product view; title match; image extension,,pending_download,
IOO-MLBX2-00-120-2-X,MLBX2-00-120-2-X,406,https://www.tms-lite.com/mlbx-serie.html,C:\Users\cxsun\Documents\Codex\2026-05-18\tms-lite-com-ai\data\raw\html\www.tms-lite.com_mlbx-serie.html_aef6b647a1.html,https://www.tms-lite.com/image/cache/data/theme/Product%20Photos%20Master%20File/Direct%20Illumination/Direct%20Illumination%20Bar%20Series/MLBX2/whole-view_090725102417-850x1301_0.png,MLBX2 Series,main image id; zoom image; product photo path; product view; title match; image extension,,pending_download,
IOO-MLBX2-00-150-2-X,MLBX2-00-150-2-X,407,https://www.tms-lite.com/mlbx-serie.html,C:\Users\cxsun\Documents\Codex\2026-05-18\tms-lite-com-ai\data\raw\html\www.tms-lite.com_mlbx-serie.html_aef6b647a1.html,https://www.tms-lite.com/image/cache/data/theme/Product%20Photos%20Master%20File/Direct%20Illumination/Direct%20Illumination%20Bar%20Series/MLBX2/whole-view_090725102417-850x1301_0.png,MLBX2 Series,main image id; zoom image; product photo path; product view; title match; image extension,,pending_download,
IOO-MLBX2-00-060-2-RGB,MLBX2-00-060-2-RGB,408,https://www.tms-lite.com/mlbx-serie.html,C:\Users\cxsun\Documents\Codex\2026-05-18\tms-lite-com-ai\data\raw\html\www.tms-lite.com_mlbx-serie.html_aef6b647a1.html,https://www.tms-lite.com/image/cache/data/theme/Product%20Photos%20Master%20File/Direct%20Illumination/Direct%20Illumination%20Bar%20Series/MLBX2/whole-view_090725102417-850x1301_0.png,MLBX2 Series,main image id; zoom image; product photo path; product view; title match; image extension,,pending_download,
IOO-MLBX2-00-090-2-RGB,MLBX2-00-090-2-RGB,409,https://www.tms-lite.com/mlbx-serie.html,C:\Users\cxsun\Documents\Codex\2026-05-18\tms-lite-com-ai\data\raw\html\www.tms-lite.com_mlbx-serie.html_aef6b647a1.html,https://www.tms-lite.com/image/cache/data/theme/Product%20Photos%20Master%20File/Direct%20Illumination/Direct%20Illumination%20Bar%20Series/MLBX2/whole-view_090725102417-850x1301_0.png,MLBX2 Series,main image id; zoom image; product photo path; product view; title match; image extension,,pending_download,
IOO-MLBX2-00-120-2-RGB,MLBX2-00-120-2-RGB,410,https://www.tms-lite.com/mlbx-serie.html,C:\Users\cxsun\Documents\Codex\2026-05-18\tms-lite-com-ai\data\raw\html\www.tms-lite.com_mlbx-serie.html_aef6b647a1.html,https://www.tms-lite.com/image/cache/data/theme/Product%20Photos%20Master%20File/Direct%20Illumination/Direct%20Illumination%20Bar%20Series/MLBX2/whole-view_090725102417-850x1301_0.png,MLBX2 Series,main image id; zoom image; product photo path; product view; title match; image extension,,pending_download,
IOO-MLBX2-00-150-2-RGB,MLBX2-00-150-2-RGB,411,https://www.tms-lite.com/mlbx-serie.html,C:\Users\cxsun\Documents\Codex\2026-05-18\tms-lite-com-ai\data\raw\html\www.tms-lite.com_mlbx-serie.html_aef6b647a1.html,https://www.tms-lite.com/image/cache/data/theme/Product%20Photos%20Master%20File/Direct%20Illumination/Direct%20Illumination%20Bar%20Series/MLBX2/whole-view_090725102417-850x1301_0.png,MLBX2 Series,main image id; zoom image; product photo path; product view; title match; image extension,,pending_download,
IOO-HLBRX-00-040-3-X,HLBRX-00-040-3-X,412,https://www.tms-lite.com/hlbrx-serie.html,C:\Users\cxsun\Documents\Codex\2026-05-18\tms-lite-com-ai\data\raw\html\www.tms-lite.com_hlbrx-serie.html_a60a713e0e.html,https://www.tms-lite.com/image/cache/data/theme/Product%20Photos%20Master%20File/Direct%20Illumination/Direct%20Illumination%20Bar%20Series/HLBRX/whole-view_090725103015-850x1301_0.png,HLBRX Series,main image id; zoom image; product photo path; product view; title match; image extension,,pending_download,
IOO-HLBRX-00-080-3-X,HLBRX-00-080-3-X,413,https://www.tms-lite.com/hlbrx-serie.html,C:\Users\cxsun\Documents\Codex\2026-05-18\tms-lite-com-ai\data\raw\html\www.tms-lite.com_hlbrx-serie.html_a60a713e0e.html,https://www.tms-lite.com/image/cache/data/theme/Product%20Photos%20Master%20File/Direct%20Illumination/Direct%20Illumination%20Bar%20Series/HLBRX/whole-view_090725103015-850x1301_0.png,HLBRX Series,main image id; zoom image; product photo path; product view; title match; image extension,,pending_download,
IOO-MLBQ-00-090-2-RGBW-2,MLBQ-00-090-2-RGBW,414,https://www.tms-lite.com/mlbq-serie.html,C:\Users\cxsun\Documents\Codex\2026-05-18\tms-lite-com-ai\data\raw\html\www.tms-lite.com_mlbq-serie.html_b731abfeb9.html,https://www.tms-lite.com/image/cache/data/theme/Product%20Photos%20Master%20File/Direct%20Illumination/Direct%20Illumination%20Bar%20Series/MLBQ/mlbq-white_140622120008-850x1301_0.png,MLBQ Series,main image id; zoom image; product photo path; title match; image extension,,pending_download,
IOO-LBQ25-00-050-3-X,LBQ25-00-050-3-X,415,https://www.tms-lite.com/lbq-serie.html,C:\Users\cxsun\Documents\Codex\2026-05-18\tms-lite-com-ai\data\raw\html\www.tms-lite.com_lbq-serie.html_12941e43cd.html,https://www.tms-lite.com/image/cache/data/theme/Product%20Photos%20Master%20File/Direct%20Illumination/Direct%20Illumination%20Bar%20Series/LBQ/lbq-white_140622114711-850x1301_0.png,LBQ Series,main image id; zoom image; product photo path; title match; image extension,,pending_download,
IOO-LBQ30-00-060-3-X,LBQ30-00-060-3-X,416,https://www.tms-lite.com/lbq-serie.html,C:\Users\cxsun\Documents\Codex\2026-05-18\tms-lite-com-ai\data\raw\html\www.tms-lite.com_lbq-serie.html_12941e43cd.html,https://www.tms-lite.com/image/cache/data/theme/Product%20Photos%20Master%20File/Direct%20Illumination/Direct%20Illumination%20Bar%20Series/LBQ/lbq-white_140622114711-850x1301_0.png,LBQ Series,main image id; zoom image; product photo path; title match; image extension,,pending_download,
IOO-LBQ40-00-080-3-X,LBQ40-00-080-3-X,417,https://www.tms-lite.com/lbq-serie.html,C:\Users\cxsun\Documents\Codex\2026-05-18\tms-lite-com-ai\data\raw\html\www.tms-lite.com_lbq-serie.html_12941e43cd.html,https://www.tms-lite.com/image/cache/data/theme/Product%20Photos%20Master%20File/Direct%20Illumination/Direct%20Illumination%20Bar%20Series/LBQ/lbq-white_140622114711-850x1301_0.png,LBQ Series,main image id; zoom image; product photo path; title match; image extension,,pending_download,
IOO-LBQ45-00-090-3-X,LBQ45-00-090-3-X,418,https://www.tms-lite.com/lbq-serie.html,C:\Users\cxsun\Documents\Codex\2026-05-18\tms-lite-com-ai\data\raw\html\www.tms-lite.com_lbq-serie.html_12941e43cd.html,https://www.tms-lite.com/image/cache/data/theme/Product%20Photos%20Master%20File/Direct%20Illumination/Direct%20Illumination%20Bar%20Series/LBQ/lbq-white_140622114711-850x1301_0.png,LBQ Series,main image id; zoom image; product photo path; title match; image extension,,pending_download,
IOO-LBS25-00-050-3-X,LBS25-00-050-3-X,419,https://www.tms-lite.com/lbs-serie.html,C:\Users\cxsun\Documents\Codex\2026-05-18\tms-lite-com-ai\data\raw\html\www.tms-lite.com_lbs-serie.html_8b62ab234a.html,https://www.tms-lite.com/image/cache/data/theme/Product%20Photos%20Master%20File/Direct%20Illumination/Direct%20Illumination%20Bar%20Series/LBS/whole-view_090725101732-850x1301_0.png,LBS Series,main image id; zoom image; product photo path; product view; title match; image extension,,pending_download,
IOO-LBS30-00-060-3-X,LBS30-00-060-3-X,420,https://www.tms-lite.com/lbs-serie.html,C:\Users\cxsun\Documents\Codex\2026-05-18\tms-lite-com-ai\data\raw\html\www.tms-lite.com_lbs-serie.html_8b62ab234a.html,https://www.tms-lite.com/image/cache/data/theme/Product%20Photos%20Master%20File/Direct%20Illumination/Direct%20Illumination%20Bar%20Series/LBS/whole-view_090725101732-850x1301_0.png,LBS Series,main image id; zoom image; product photo path; product view; title match; image extension,,pending_download,
IOO-LBS40-00-080-3-X,LBS40-00-080-3-X,421,https://www.tms-lite.com/lbs-serie.html,C:\Users\cxsun\Documents\Codex\2026-05-18\tms-lite-com-ai\data\raw\html\www.tms-lite.com_lbs-serie.html_8b62ab234a.html,https://www.tms-lite.com/image/cache/data/theme/Product%20Photos%20Master%20File/Direct%20Illumination/Direct%20Illumination%20Bar%20Series/LBS/whole-view_090725101732-850x1301_0.png,LBS Series,main image id; zoom image; product photo path; product view; title match; image extension,,pending_download,
IOO-LBS45-00-135-3-X,LBS45-00-135-3-X,422,https://www.tms-lite.com/lbs-serie.html,C:\Users\cxsun\Documents\Codex\2026-05-18\tms-lite-com-ai\data\raw\html\www.tms-lite.com_lbs-serie.html_8b62ab234a.html,https://www.tms-lite.com/image/cache/data/theme/Product%20Photos%20Master%20File/Direct%20Illumination/Direct%20Illumination%20Bar%20Series/LBS/whole-view_090725101732-850x1301_0.png,LBS Series,main image id; zoom image; product photo path; product view; title match; image extension,,pending_download,
IOO-LBMQ-00-040-1-X,LBMQ-00-040-1-X,423,https://www.tms-lite.com/lbmq-serie.html,C:\Users\cxsun\Documents\Codex\2026-05-18\tms-lite-com-ai\data\raw\html\www.tms-lite.com_lbmq-serie.html_964628ae06.html,https://www.tms-lite.com/image/cache/data/theme/Product%20Photos%20Master%20File/Direct%20Illumination/Direct%20Illumination%20Bar%20Series/LBMQ/whole-view_090725150622-850x1301_0.png,LBMQ Series,main image id; zoom image; product photo path; product view; title match; image extension,,pending_download,
IOO-LBMQ-00-040-2-X,LBMQ-00-040-2-X,424,https://www.tms-lite.com/lbmq-serie.html,C:\Users\cxsun\Documents\Codex\2026-05-18\tms-lite-com-ai\data\raw\html\www.tms-lite.com_lbmq-serie.html_964628ae06.html,https://www.tms-lite.com/image/cache/data/theme/Product%20Photos%20Master%20File/Direct%20Illumination/Direct%20Illumination%20Bar%20Series/LBMQ/whole-view_090725150622-850x1301_0.png,LBMQ Series,main image id; zoom image; product photo path; product view; title match; image extension,,pending_download,
IOO-LBMQ-00-040-3-X,LBMQ-00-040-3-X,425,https://www.tms-lite.com/lbmq-serie.html,C:\Users\cxsun\Documents\Codex\2026-05-18\tms-lite-com-ai\data\raw\html\www.tms-lite.com_lbmq-serie.html_964628ae06.html,https://www.tms-lite.com/image/cache/data/theme/Product%20Photos%20Master%20File/Direct%20Illumination/Direct%20Illumination%20Bar%20Series/LBMQ/whole-view_090725150622-850x1301_0.png,LBMQ Series,main image id; zoom image; product photo path; product view; title match; image extension,,pending_download,
IOO-LBMQ-00-040-1-X-24V,LBMQ-00-040-1-X-24V,426,https://www.tms-lite.com/lbmq-serie.html,C:\Users\cxsun\Documents\Codex\2026-05-18\tms-lite-com-ai\data\raw\html\www.tms-lite.com_lbmq-serie.html_964628ae06.html,https://www.tms-lite.com/image/cache/data/theme/Product%20Photos%20Master%20File/Direct%20Illumination/Direct%20Illumination%20Bar%20Series/LBMQ/whole-view_090725150622-850x1301_0.png,LBMQ Series,main image id; zoom image; product photo path; product view; title match; image extension,,pending_download,
IOO-LBMQ-00-040-2-X-24V,LBMQ-00-040-2-X-24V,427,https://www.tms-lite.com/lbmq-serie.html,C:\Users\cxsun\Documents\Codex\2026-05-18\tms-lite-com-ai\data\raw\html\www.tms-lite.com_lbmq-serie.html_964628ae06.html,https://www.tms-lite.com/image/cache/data/theme/Product%20Photos%20Master%20File/Direct%20Illumination/Direct%20Illumination%20Bar%20Series/LBMQ/whole-view_090725150622-850x1301_0.png,LBMQ Series,main image id; zoom image; product photo path; product view; title match; image extension,,pending_download,
IOO-LBMQ-00-040-3-X-24V,LBMQ-00-040-3-X-24V,428,https://www.tms-lite.com/lbmq-serie.html,C:\Users\cxsun\Documents\Codex\2026-05-18\tms-lite-com-ai\data\raw\html\www.tms-lite.com_lbmq-serie.html_964628ae06.html,https://www.tms-lite.com/image/cache/data/theme/Product%20Photos%20Master%20File/Direct%20Illumination/Direct%20Illumination%20Bar%20Series/LBMQ/whole-view_090725150622-850x1301_0.png,LBMQ Series,main image id; zoom image; product photo path; product view; title match; image extension,,pending_download,
IOO-LBM-00-040-1-X,LBM-00-040-1-X,429,https://www.tms-lite.com/lbm-serie.html,C:\Users\cxsun\Documents\Codex\2026-05-18\tms-lite-com-ai\data\raw\html\www.tms-lite.com_lbm-serie.html_d2b7306bbc.html,https://www.tms-lite.com/image/cache/data/theme/Product%20Photos%20Master%20File/Direct%20Illumination/Direct%20Illumination%20Bar%20Series/LBM/New/whole-view_090725134317-850x1301_0.png,LBM Series,main image id; zoom image; product photo path; product view; title match; image extension,,pending_download,
IOO-LBM-00-080-1-X,LBM-00-080-1-X,430,https://www.tms-lite.com/lbm-serie.html,C:\Users\cxsun\Documents\Codex\2026-05-18\tms-lite-com-ai\data\raw\html\www.tms-lite.com_lbm-serie.html_d2b7306bbc.html,https://www.tms-lite.com/image/cache/data/theme/Product%20Photos%20Master%20File/Direct%20Illumination/Direct%20Illumination%20Bar%20Series/LBM/New/whole-view_090725134317-850x1301_0.png,LBM Series,main image id; zoom image; product photo path; product view; title match; image extension,,pending_download,
IOO-LBM-00-040-2-X,LBM-00-040-2-X,431,https://www.tms-lite.com/lbm-serie.html,C:\Users\cxsun\Documents\Codex\2026-05-18\tms-lite-com-ai\data\raw\html\www.tms-lite.com_lbm-serie.html_d2b7306bbc.html,https://www.tms-lite.com/image/cache/data/theme/Product%20Photos%20Master%20File/Direct%20Illumination/Direct%20Illumination%20Bar%20Series/LBM/New/whole-view_090725134317-850x1301_0.png,LBM Series,main image id; zoom image; product photo path; product view; title match; image extension,,pending_download,
IOO-LBM-00-080-2-X,LBM-00-080-2-X,432,https://www.tms-lite.com/lbm-serie.html,C:\Users\cxsun\Documents\Codex\2026-05-18\tms-lite-com-ai\data\raw\html\www.tms-lite.com_lbm-serie.html_d2b7306bbc.html,https://www.tms-lite.com/image/cache/data/theme/Product%20Photos%20Master%20File/Direct%20Illumination/Direct%20Illumination%20Bar%20Series/LBM/New/whole-view_090725134317-850x1301_0.png,LBM Series,main image id; zoom image; product photo path; product view; title match; image extension,,pending_download,
IOO-LBM-00-040-3-X,LBM-00-040-3-X,433,https://www.tms-lite.com/lbm-serie.html,C:\Users\cxsun\Documents\Codex\2026-05-18\tms-lite-com-ai\data\raw\html\www.tms-lite.com_lbm-serie.html_d2b7306bbc.html,https://www.tms-lite.com/image/cache/data/theme/Product%20Photos%20Master%20File/Direct%20Illumination/Direct%20Illumination%20Bar%20Series/LBM/New/whole-view_090725134317-850x1301_0.png,LBM Series,main image id; zoom image; product photo path; product view; title match; image extension,,pending_download,
IOO-LBM-00-080-3-X,LBM-00-080-3-X,434,https://www.tms-lite.com/lbm-serie.html,C:\Users\cxsun\Documents\Codex\2026-05-18\tms-lite-com-ai\data\raw\html\www.tms-lite.com_lbm-serie.html_d2b7306bbc.html,https://www.tms-lite.com/image/cache/data/theme/Product%20Photos%20Master%20File/Direct%20Illumination/Direct%20Illumination%20Bar%20Series/LBM/New/whole-view_090725134317-850x1301_0.png,LBM Series,main image id; zoom image; product photo path; product view; title match; image extension,,pending_download,
IOO-LBM-00-040-1-X-24V,LBM-00-040-1-X-24V,435,https://www.tms-lite.com/lbm-serie.html,C:\Users\cxsun\Documents\Codex\2026-05-18\tms-lite-com-ai\data\raw\html\www.tms-lite.com_lbm-serie.html_d2b7306bbc.html,https://www.tms-lite.com/image/cache/data/theme/Product%20Photos%20Master%20File/Direct%20Illumination/Direct%20Illumination%20Bar%20Series/LBM/New/whole-view_090725134317-850x1301_0.png,LBM Series,main image id; zoom image; product photo path; product view; title match; image extension,,pending_download,
IOO-LBM-00-080-1-X-24V,LBM-00-080-1-X-24V,436,https://www.tms-lite.com/lbm-serie.html,C:\Users\cxsun\Documents\Codex\2026-05-18\tms-lite-com-ai\data\raw\html\www.tms-lite.com_lbm-serie.html_d2b7306bbc.html,https://www.tms-lite.com/image/cache/data/theme/Product%20Photos%20Master%20File/Direct%20Illumination/Direct%20Illumination%20Bar%20Series/LBM/New/whole-view_090725134317-850x1301_0.png,LBM Series,main image id; zoom image; product photo path; product view; title match; image extension,,pending_download,
IOO-LBM-00-040-2-X-24V,LBM-00-040-2-X-24V,437,https://www.tms-lite.com/lbm-serie.html,C:\Users\cxsun\Documents\Codex\2026-05-18\tms-lite-com-ai\data\raw\html\www.tms-lite.com_lbm-serie.html_d2b7306bbc.html,https://www.tms-lite.com/image/cache/data/theme/Product%20Photos%20Master%20File/Direct%20Illumination/Direct%20Illumination%20Bar%20Series/LBM/New/whole-view_090725134317-850x1301_0.png,LBM Series,main image id; zoom image; product photo path; product view; title match; image extension,,pending_download,
IOO-LBM-00-080-2-X-24V,LBM-00-080-2-X-24V,438,https://www.tms-lite.com/lbm-serie.html,C:\Users\cxsun\Documents\Codex\2026-05-18\tms-lite-com-ai\data\raw\html\www.tms-lite.com_lbm-serie.html_d2b7306bbc.html,https://www.tms-lite.com/image/cache/data/theme/Product%20Photos%20Master%20File/Direct%20Illumination/Direct%20Illumination%20Bar%20Series/LBM/New/whole-view_090725134317-850x1301_0.png,LBM Series,main image id; zoom image; product photo path; product view; title match; image extension,,pending_download,
IOO-LBM-00-040-3-X-24V,LBM-00-040-3-X-24V,439,https://www.tms-lite.com/lbm-serie.html,C:\Users\cxsun\Documents\Codex\2026-05-18\tms-lite-com-ai\data\raw\html\www.tms-lite.com_lbm-serie.html_d2b7306bbc.html,https://www.tms-lite.com/image/cache/data/theme/Product%20Photos%20Master%20File/Direct%20Illumination/Direct%20Illumination%20Bar%20Series/LBM/New/whole-view_090725134317-850x1301_0.png,LBM Series,main image id; zoom image; product photo path; product view; title match; image extension,,pending_download,
IOO-LBM-00-080-3-X-24V,LBM-00-080-3-X-24V,440,https://www.tms-lite.com/lbm-serie.html,C:\Users\cxsun\Documents\Codex\2026-05-18\tms-lite-com-ai\data\raw\html\www.tms-lite.com_lbm-serie.html_d2b7306bbc.html,https://www.tms-lite.com/image/cache/data/theme/Product%20Photos%20Master%20File/Direct%20Illumination/Direct%20Illumination%20Bar%20Series/LBM/New/whole-view_090725134317-850x1301_0.png,LBM Series,main image id; zoom image; product photo path; product view; title match; image extension,,pending_download,
IOO-LBRQ-00-040-6-X-2,LBRQ-00-040-6-X,441,https://www.tms-lite.com/lbrq-6-rows.html,C:\Users\cxsun\Documents\Codex\2026-05-18\tms-lite-com-ai\data\raw\html\www.tms-lite.com_lbrq-6-rows.html_91dc066afc.html,https://www.tms-lite.com/image/cache/data/theme/Product%20Photos%20Master%20File/Direct%20Illumination/Direct%20Illumination%20Bar%20Series/LBRQ-6%20Rows/whole-view_090725150005-850x1301_0.png,LBRQ-6 Rows Series,main image id; zoom image; product photo path; product view; title match; image extension,,pending_download,
IOO-LBRQ-00-080-6-X-2,LBRQ-00-080-6-X,442,https://www.tms-lite.com/lbrq-6-rows.html,C:\Users\cxsun\Documents\Codex\2026-05-18\tms-lite-com-ai\data\raw\html\www.tms-lite.com_lbrq-6-rows.html_91dc066afc.html,https://www.tms-lite.com/image/cache/data/theme/Product%20Photos%20Master%20File/Direct%20Illumination/Direct%20Illumination%20Bar%20Series/LBRQ-6%20Rows/whole-view_090725150005-850x1301_0.png,LBRQ-6 Rows Series,main image id; zoom image; product photo path; product view; title match; image extension,,pending_download,
IOO-LBRQ-00-120-6-X-2,LBRQ-00-120-6-X,443,https://www.tms-lite.com/lbrq-6-rows.html,C:\Users\cxsun\Documents\Codex\2026-05-18\tms-lite-com-ai\data\raw\html\www.tms-lite.com_lbrq-6-rows.html_91dc066afc.html,https://www.tms-lite.com/image/cache/data/theme/Product%20Photos%20Master%20File/Direct%20Illumination/Direct%20Illumination%20Bar%20Series/LBRQ-6%20Rows/whole-view_090725150005-850x1301_0.png,LBRQ-6 Rows Series,main image id; zoom image; product photo path; product view; title match; image extension,,pending_download,
IOO-LBRQ-00-160-6-X-2,LBRQ-00-160-6-X,444,https://www.tms-lite.com/lbrq-6-rows.html,C:\Users\cxsun\Documents\Codex\2026-05-18\tms-lite-com-ai\data\raw\html\www.tms-lite.com_lbrq-6-rows.html_91dc066afc.html,https://www.tms-lite.com/image/cache/data/theme/Product%20Photos%20Master%20File/Direct%20Illumination/Direct%20Illumination%20Bar%20Series/LBRQ-6%20Rows/whole-view_090725150005-850x1301_0.png,LBRQ-6 Rows Series,main image id; zoom image; product photo path; product view; title match; image extension,,pending_download,
IOO-LBRQ-00-200-6-X-2,LBRQ-00-200-6-X,445,https://www.tms-lite.com/lbrq-6-rows.html,C:\Users\cxsun\Documents\Codex\2026-05-18\tms-lite-com-ai\data\raw\html\www.tms-lite.com_lbrq-6-rows.html_91dc066afc.html,https://www.tms-lite.com/image/cache/data/theme/Product%20Photos%20Master%20File/Direct%20Illumination/Direct%20Illumination%20Bar%20Series/LBRQ-6%20Rows/whole-view_090725150005-850x1301_0.png,LBRQ-6 Rows Series,main image id; zoom image; product photo path; product view; title match; image extension,,pending_download,
IOO-R-2,R,446,https://www.tms-lite.com/hlbq2-serie.html,C:\Users\cxsun\Documents\Codex\2026-05-18\tms-lite-com-ai\data\raw\html\www.tms-lite.com_hlbq2-serie.html_3349bd5cc5.html,https://www.tms-lite.com/image/cache/data/theme/Product%20Photos%20Master%20File/Direct%20Illumination/Direct%20Illumination%20Bar%20Series/HLBQ2/New/whole-view_090725143524-850x1301_0.png,HLBQ2 Series,main image id; zoom image; product photo path; product view; title match; image extension,,pending_download,
IOO-HLBQ2-00-065-1-X,HLBQ2-00-065-1-X,447,https://www.tms-lite.com/hlbq2-serie.html,C:\Users\cxsun\Documents\Codex\2026-05-18\tms-lite-com-ai\data\raw\html\www.tms-lite.com_hlbq2-serie.html_3349bd5cc5.html,https://www.tms-lite.com/image/cache/data/theme/Product%20Photos%20Master%20File/Direct%20Illumination/Direct%20Illumination%20Bar%20Series/HLBQ2/New/whole-view_090725143524-850x1301_0.png,HLBQ2 Series,main image id; zoom image; product photo path; product view; title match; image extension,,pending_download,
IOO-HLBQ2-00-130-1-X,HLBQ2-00-130-1-X,448,https://www.tms-lite.com/hlbq2-serie.html,C:\Users\cxsun\Documents\Codex\2026-05-18\tms-lite-com-ai\data\raw\html\www.tms-lite.com_hlbq2-serie.html_3349bd5cc5.html,https://www.tms-lite.com/image/cache/data/theme/Product%20Photos%20Master%20File/Direct%20Illumination/Direct%20Illumination%20Bar%20Series/HLBQ2/New/whole-view_090725143524-850x1301_0.png,HLBQ2 Series,main image id; zoom image; product photo path; product view; title match; image extension,,pending_download,
IOO-HDLBQ-00-065-1-X,HDLBQ-00-065-1-X,449,https://www.tms-lite.com/hdlbq-serie.html,C:\Users\cxsun\Documents\Codex\2026-05-18\tms-lite-com-ai\data\raw\html\www.tms-lite.com_hdlbq-serie.html_b4c47e7a8a.html,https://www.tms-lite.com/image/cache/data/theme/Product%20Photos%20Master%20File/Direct%20Illumination/Direct%20Illumination%20Bar%20Series/HDLBQ/New/whole-view_090725142635-850x1301_0.png,HDLBQ Series,main image id; zoom image; product photo path; product view; title match; image extension,,pending_download,
IOO-HDLBQ-00-130-1-X,HDLBQ-00-130-1-X,450,https://www.tms-lite.com/hdlbq-serie.html,C:\Users\cxsun\Documents\Codex\2026-05-18\tms-lite-com-ai\data\raw\html\www.tms-lite.com_hdlbq-serie.html_b4c47e7a8a.html,https://www.tms-lite.com/image/cache/data/theme/Product%20Photos%20Master%20File/Direct%20Illumination/Direct%20Illumination%20Bar%20Series/HDLBQ/New/whole-view_090725142635-850x1301_0.png,HDLBQ Series,main image id; zoom image; product photo path; product view; title match; image extension,,pending_download,
IOO-HDLB-00-065-1-X,HDLB-00-065-1-X,451,https://www.tms-lite.com/hdlb-serie.html,C:\Users\cxsun\Documents\Codex\2026-05-18\tms-lite-com-ai\data\raw\html\www.tms-lite.com_hdlb-serie.html_4ff2ac7a7c.html,https://www.tms-lite.com/image/cache/data/theme/Product%20Photos%20Master%20File/Direct%20Illumination/Direct%20Illumination%20Bar%20Series/HDLB/New/whole-view_090725133605-850x1301_0.png,HDLB Series,main image id; zoom image; product photo path; product view; title match; image extension,,pending_download,
IOO-HDLB-00-130-1-X,HDLB-00-130-1-X,452,https://www.tms-lite.com/hdlb-serie.html,C:\Users\cxsun\Documents\Codex\2026-05-18\tms-lite-com-ai\data\raw\html\www.tms-lite.com_hdlb-serie.html_4ff2ac7a7c.html,https://www.tms-lite.com/image/cache/data/theme/Product%20Photos%20Master%20File/Direct%20Illumination/Direct%20Illumination%20Bar%20Series/HDLB/New/whole-view_090725133605-850x1301_0.png,HDLB Series,main image id; zoom image; product photo path; product view; title match; image extension,,pending_download,
IOO-LBRX-00-080-12-X,LBRX-00-080-12-X,453,https://www.tms-lite.com/lbrx-12-rows-series.html,C:\Users\cxsun\Documents\Codex\2026-05-18\tms-lite-com-ai\data\raw\html\www.tms-lite.com_lbrx-12-rows-series.html_1568dd9495.html,https://www.tms-lite.com/image/cache/data/theme/Product%20Photos%20Master%20File/Direct%20Illumination/Direct%20Illumination%20Bar%20Series/LBRX-12%20ROWS/lbrx--12-rows-white_140622115303-850x1301_0.png,LBRX - 12 ROWS SERIES,main image id; zoom image; product photo path; title match; image extension,,pending_download,
IOO-LBRX-00-160-12-X,LBRX-00-160-12-X,454,https://www.tms-lite.com/lbrx-12-rows-series.html,C:\Users\cxsun\Documents\Codex\2026-05-18\tms-lite-com-ai\data\raw\html\www.tms-lite.com_lbrx-12-rows-series.html_1568dd9495.html,https://www.tms-lite.com/image/cache/data/theme/Product%20Photos%20Master%20File/Direct%20Illumination/Direct%20Illumination%20Bar%20Series/LBRX-12%20ROWS/lbrx--12-rows-white_140622115303-850x1301_0.png,LBRX - 12 ROWS SERIES,main image id; zoom image; product photo path; title match; image extension,,pending_download,
IOO-HLBS3-00-065-2-X,HLBS3-00-065-2-X,455,https://www.tms-lite.com/hlbs3-2-rows-series.html,C:\Users\cxsun\Documents\Codex\2026-05-18\tms-lite-com-ai\data\raw\html\www.tms-lite.com_hlbs3-2-rows-series.html_d46413d9c3.html,https://www.tms-lite.com/image/cache/data/theme/Product%20Photos%20Master%20File_bk081021/Direct%20Illumination/Direct%20Illumination%20Bar%20Series/HLBS3-2%20ROWS/hlbs3-2-row_271125135024-850x1301_0.png,HLBS3 - 2 ROWS SERIES,main image id; zoom image; product photo path; title match; image extension,,pending_download,
IOO-HLBS3-00-130-2-X,HLBS3-00-130-2-X,456,https://www.tms-lite.com/hlbs3-2-rows-series.html,C:\Users\cxsun\Documents\Codex\2026-05-18\tms-lite-com-ai\data\raw\html\www.tms-lite.com_hlbs3-2-rows-series.html_d46413d9c3.html,https://www.tms-lite.com/image/cache/data/theme/Product%20Photos%20Master%20File_bk081021/Direct%20Illumination/Direct%20Illumination%20Bar%20Series/HLBS3-2%20ROWS/hlbs3-2-row_271125135024-850x1301_0.png,HLBS3 - 2 ROWS SERIES,main image id; zoom image; product photo path; title match; image extension,,pending_download,
IOO-HLBS2-00-065-2-X,HLBS2-00-065-2-X,457,https://www.tms-lite.com/hlbs2-2-rows-series.html,C:\Users\cxsun\Documents\Codex\2026-05-18\tms-lite-com-ai\data\raw\html\www.tms-lite.com_hlbs2-2-rows-series.html_1cd480c18f.html,https://www.tms-lite.com/image/cache/data/theme/Product%20Photos%20Master%20File/Direct%20Illumination/Direct%20Illumination%20Bar%20Series/HLBS2-2%20ROWS/HLBS2%202ROW%20White%20Background-850x1301_0.png,HLBS2 - 2 ROWS SERIES,main image id; zoom image; product photo path; title match; image extension,,pending_download,
IOO-HLBS2-00-130-2-X,HLBS2-00-130-2-X,458,https://www.tms-lite.com/hlbs2-2-rows-series.html,C:\Users\cxsun\Documents\Codex\2026-05-18\tms-lite-com-ai\data\raw\html\www.tms-lite.com_hlbs2-2-rows-series.html_1cd480c18f.html,https://www.tms-lite.com/image/cache/data/theme/Product%20Photos%20Master%20File/Direct%20Illumination/Direct%20Illumination%20Bar%20Series/HLBS2-2%20ROWS/HLBS2%202ROW%20White%20Background-850x1301_0.png,HLBS2 - 2 ROWS SERIES,main image id; zoom image; product photo path; title match; image extension,,pending_download,
IOO-HLBS3-00-065-1-X,HLBS3-00-065-1-X,459,https://www.tms-lite.com/hlbs3-series.html,C:\Users\cxsun\Documents\Codex\2026-05-18\tms-lite-com-ai\data\raw\html\www.tms-lite.com_hlbs3-series.html_4e273f2681.html,https://www.tms-lite.com/image/cache/data/theme/Product%20Photos%20Master%20File_bk081021/Direct%20Illumination/Direct%20Illumination%20Bar%20Series/HLBS3-1%20ROW/hlbs3-1-row_271125134955-850x1301_0.png,HLBS3 Series,main image id; zoom image; product photo path; title match; image extension,,pending_download,
IOO-HLBS3-00-130-1-X,HLBS3-00-130-1-X,460,https://www.tms-lite.com/hlbs3-series.html,C:\Users\cxsun\Documents\Codex\2026-05-18\tms-lite-com-ai\data\raw\html\www.tms-lite.com_hlbs3-series.html_4e273f2681.html,https://www.tms-lite.com/image/cache/data/theme/Product%20Photos%20Master%20File_bk081021/Direct%20Illumination/Direct%20Illumination%20Bar%20Series/HLBS3-1%20ROW/hlbs3-1-row_271125134955-850x1301_0.png,HLBS3 Series,main image id; zoom image; product photo path; title match; image extension,,pending_download,
IOO-HLBS2-00-065-1-X,HLBS2-00-065-1-X,461,https://www.tms-lite.com/hlbs2-1row-series.html,C:\Users\cxsun\Documents\Codex\2026-05-18\tms-lite-com-ai\data\raw\html\www.tms-lite.com_hlbs2-1row-series.html_27b6b5f082.html,https://www.tms-lite.com/image/cache/data/theme/Product%20Photos%20Master%20File/Direct%20Illumination/Direct%20Illumination%20Bar%20Series/HLBS2/whole-view_090725103443-850x1301_0.png,HLBS2 Series,main image id; zoom image; product photo path; product view; title match; image extension,,pending_download,
IOO-HLBS2-00-130-1-X,HLBS2-00-130-1-X,462,https://www.tms-lite.com/hlbs2-1row-series.html,C:\Users\cxsun\Documents\Codex\2026-05-18\tms-lite-com-ai\data\raw\html\www.tms-lite.com_hlbs2-1row-series.html_27b6b5f082.html,https://www.tms-lite.com/image/cache/data/theme/Product%20Photos%20Master%20File/Direct%20Illumination/Direct%20Illumination%20Bar%20Series/HLBS2/whole-view_090725103443-850x1301_0.png,HLBS2 Series,main image id; zoom image; product photo path; product view; title match; image extension,,pending_download,
IOO-LBRX2-00-080-6-X,LBRX2-00-080-6-X,463,https://www.tms-lite.com/lbrx2-6-rows-series.html,C:\Users\cxsun\Documents\Codex\2026-05-18\tms-lite-com-ai\data\raw\html\www.tms-lite.com_lbrx2-6-rows-series.html_120c176be0.html,https://www.tms-lite.com/image/cache/data/theme/Product%20Photos%20Master%20File/Direct%20Illumination/Direct%20Illumination%20Bar%20Series/LBRX-6%20Rows/whole-view_080725103102-850x1301_0.png,LBRX2-6 Rows Series,main image id; zoom image; product photo path; product view; title match; image extension,,pending_download,
IOO-CAS2-00-020-X-X-2,CAS2-00-020-X-X,464,https://www.tms-lite.com/cas2-12v-beleuchtungen.html,C:\Users\cxsun\Documents\Codex\2026-05-18\tms-lite-com-ai\data\raw\html\www.tms-lite.com_cas2-12v-beleuchtungen.html_dc7e75e386.html,https://www.tms-lite.com/image/cache/data/theme/Product%20Photos%20Master%20File/12V%20Illumination/CAS2/12v-cas2-white_150622133302-850x1301_0.png,12V Illumination - CAS2,main image id; zoom image; product photo path; title match; image extension,,pending_download,
IOO-CAS2-00-040-X-X-4,CAS2-00-040-X-X,465,https://www.tms-lite.com/cas2-12v-beleuchtungen.html,C:\Users\cxsun\Documents\Codex\2026-05-18\tms-lite-com-ai\data\raw\html\www.tms-lite.com_cas2-12v-beleuchtungen.html_dc7e75e386.html,https://www.tms-lite.com/image/cache/data/theme/Product%20Photos%20Master%20File/12V%20Illumination/CAS2/12v-cas2-white_150622133302-850x1301_0.png,12V Illumination - CAS2,main image id; zoom image; product photo path; title match; image extension,,pending_download,
IOO-LSW-00-050-2-X-2,LSW-00-050-2-X,466,https://www.tms-lite.com/lsw-12v-illumination-series.html,C:\Users\cxsun\Documents\Codex\2026-05-18\tms-lite-com-ai\data\raw\html\www.tms-lite.com_lsw-12v-illumination-series.html_818eba823a.html,https://www.tms-lite.com/image/cache/data/theme/Product%20Photos%20Master%20File/Direct%20Illumination/Direct%20Illumination%20Shower%20Series/LSW/lsw_090622092618-850x1301_0.png,12V Illumination - LSW,main image id; zoom image; product photo path; title match; image extension,,pending_download,
IOO-LSW-15-050-2-X-2,LSW-15-050-2-X,467,https://www.tms-lite.com/lsw-12v-illumination-series.html,C:\Users\cxsun\Documents\Codex\2026-05-18\tms-lite-com-ai\data\raw\html\www.tms-lite.com_lsw-12v-illumination-series.html_818eba823a.html,https://www.tms-lite.com/image/cache/data/theme/Product%20Photos%20Master%20File/Direct%20Illumination/Direct%20Illumination%20Shower%20Series/LSW/lsw_090622092618-850x1301_0.png,12V Illumination - LSW,main image id; zoom image; product photo path; title match; image extension,,pending_download,
IOO-LSW-15-070-3-X-3,LSW-15-070-3-X,468,https://www.tms-lite.com/lsw-12v-illumination-series.html,C:\Users\cxsun\Documents\Codex\2026-05-18\tms-lite-com-ai\data\raw\html\www.tms-lite.com_lsw-12v-illumination-series.html_818eba823a.html,https://www.tms-lite.com/image/cache/data/theme/Product%20Photos%20Master%20File/Direct%20Illumination/Direct%20Illumination%20Shower%20Series/LSW/lsw_090622092618-850x1301_0.png,12V Illumination - LSW,main image id; zoom image; product photo path; title match; image extension,,pending_download,
IOO-LSW-15-090-4-X-2,LSW-15-090-4-X,469,https://www.tms-lite.com/lsw-12v-illumination-series.html,C:\Users\cxsun\Documents\Codex\2026-05-18\tms-lite-com-ai\data\raw\html\www.tms-lite.com_lsw-12v-illumination-series.html_818eba823a.html,https://www.tms-lite.com/image/cache/data/theme/Product%20Photos%20Master%20File/Direct%20Illumination/Direct%20Illumination%20Shower%20Series/LSW/lsw_090622092618-850x1301_0.png,12V Illumination - LSW,main image id; zoom image; product photo path; title match; image extension,,pending_download,
IOO-LSW-30-050-2-X-2,LSW-30-050-2-X,470,https://www.tms-lite.com/lsw-12v-illumination-series.html,C:\Users\cxsun\Documents\Codex\2026-05-18\tms-lite-com-ai\data\raw\html\www.tms-lite.com_lsw-12v-illumination-series.html_818eba823a.html,https://www.tms-lite.com/image/cache/data/theme/Product%20Photos%20Master%20File/Direct%20Illumination/Direct%20Illumination%20Shower%20Series/LSW/lsw_090622092618-850x1301_0.png,12V Illumination - LSW,main image id; zoom image; product photo path; title match; image extension,,pending_download,
IOO-LSW-30-070-3-X-2,LSW-30-070-3-X,471,https://www.tms-lite.com/lsw-12v-illumination-series.html,C:\Users\cxsun\Documents\Codex\2026-05-18\tms-lite-com-ai\data\raw\html\www.tms-lite.com_lsw-12v-illumination-series.html_818eba823a.html,https://www.tms-lite.com/image/cache/data/theme/Product%20Photos%20Master%20File/Direct%20Illumination/Direct%20Illumination%20Shower%20Series/LSW/lsw_090622092618-850x1301_0.png,12V Illumination - LSW,main image id; zoom image; product photo path; title match; image extension,,pending_download,
IOO-LSW-30-090-4-X-2,LSW-30-090-4-X,472,https://www.tms-lite.com/lsw-12v-illumination-series.html,C:\Users\cxsun\Documents\Codex\2026-05-18\tms-lite-com-ai\data\raw\html\www.tms-lite.com_lsw-12v-illumination-series.html_818eba823a.html,https://www.tms-lite.com/image/cache/data/theme/Product%20Photos%20Master%20File/Direct%20Illumination/Direct%20Illumination%20Shower%20Series/LSW/lsw_090622092618-850x1301_0.png,12V Illumination - LSW,main image id; zoom image; product photo path; title match; image extension,,pending_download,
IOO-LSW-45-050-2-X-2,LSW-45-050-2-X,473,https://www.tms-lite.com/lsw-12v-illumination-series.html,C:\Users\cxsun\Documents\Codex\2026-05-18\tms-lite-com-ai\data\raw\html\www.tms-lite.com_lsw-12v-illumination-series.html_818eba823a.html,https://www.tms-lite.com/image/cache/data/theme/Product%20Photos%20Master%20File/Direct%20Illumination/Direct%20Illumination%20Shower%20Series/LSW/lsw_090622092618-850x1301_0.png,12V Illumination - LSW,main image id; zoom image; product photo path; title match; image extension,,pending_download,
IOO-LSW-45-070-3-X-2,LSW-45-070-3-X,474,https://www.tms-lite.com/lsw-12v-illumination-series.html,C:\Users\cxsun\Documents\Codex\2026-05-18\tms-lite-com-ai\data\raw\html\www.tms-lite.com_lsw-12v-illumination-series.html_818eba823a.html,https://www.tms-lite.com/image/cache/data/theme/Product%20Photos%20Master%20File/Direct%20Illumination/Direct%20Illumination%20Shower%20Series/LSW/lsw_090622092618-850x1301_0.png,12V Illumination - LSW,main image id; zoom image; product photo path; title match; image extension,,pending_download,
IOO-LSNY-00-075-1-X,LSNY-00-075-1-X,475,https://www.tms-lite.com/lsny-series.html,C:\Users\cxsun\Documents\Codex\2026-05-18\tms-lite-com-ai\data\raw\html\www.tms-lite.com_lsny-series.html_47d67074c6.html,https://www.tms-lite.com/image/cache/data/theme/Product%20Photos%20Master%20File/Line%20Scan%20Illumination/Line%20Scan%20Illumination%20Series/LSNY/whole-view_080725094041-850x1301_0.png,LSNY Series,main image id; zoom image; product photo path; product view; title match; image extension,,pending_download,
IOO-LSNY-00-150-1-X,LSNY-00-150-1-X,476,https://www.tms-lite.com/lsny-series.html,C:\Users\cxsun\Documents\Codex\2026-05-18\tms-lite-com-ai\data\raw\html\www.tms-lite.com_lsny-series.html_47d67074c6.html,https://www.tms-lite.com/image/cache/data/theme/Product%20Photos%20Master%20File/Line%20Scan%20Illumination/Line%20Scan%20Illumination%20Series/LSNY/whole-view_080725094041-850x1301_0.png,LSNY Series,main image id; zoom image; product photo path; product view; title match; image extension,,pending_download,
IOO-LSNY-00-225-1-X,LSNY-00-225-1-X,477,https://www.tms-lite.com/lsny-series.html,C:\Users\cxsun\Documents\Codex\2026-05-18\tms-lite-com-ai\data\raw\html\www.tms-lite.com_lsny-series.html_47d67074c6.html,https://www.tms-lite.com/image/cache/data/theme/Product%20Photos%20Master%20File/Line%20Scan%20Illumination/Line%20Scan%20Illumination%20Series/LSNY/whole-view_080725094041-850x1301_0.png,LSNY Series,main image id; zoom image; product photo path; product view; title match; image extension,,pending_download,
IOO-LSNY-00-300-1-X,LSNY-00-300-1-X,478,https://www.tms-lite.com/lsny-series.html,C:\Users\cxsun\Documents\Codex\2026-05-18\tms-lite-com-ai\data\raw\html\www.tms-lite.com_lsny-series.html_47d67074c6.html,https://www.tms-lite.com/image/cache/data/theme/Product%20Photos%20Master%20File/Line%20Scan%20Illumination/Line%20Scan%20Illumination%20Series/LSNY/whole-view_080725094041-850x1301_0.png,LSNY Series,main image id; zoom image; product photo path; product view; title match; image extension,,pending_download,
IOO-LSN6-00-075-1-X,LSN6-00-075-1-X,479,https://www.tms-lite.com/lsn6-series.html,C:\Users\cxsun\Documents\Codex\2026-05-18\tms-lite-com-ai\data\raw\html\www.tms-lite.com_lsn6-series.html_6cb8651590.html,https://www.tms-lite.com/image/cache/data/theme/Product%20Photos%20Master%20File/Line%20Scan%20Illumination/Line%20Scan%20Illumination%20Series/LSN6/whole-view_080725093613-850x1301_0.png,LSN6 Series,main image id; zoom image; product photo path; product view; title match; image extension,,pending_download,
IOO-LSN6-00-150-1-X,LSN6-00-150-1-X,480,https://www.tms-lite.com/lsn6-series.html,C:\Users\cxsun\Documents\Codex\2026-05-18\tms-lite-com-ai\data\raw\html\www.tms-lite.com_lsn6-series.html_6cb8651590.html,https://www.tms-lite.com/image/cache/data/theme/Product%20Photos%20Master%20File/Line%20Scan%20Illumination/Line%20Scan%20Illumination%20Series/LSN6/whole-view_080725093613-850x1301_0.png,LSN6 Series,main image id; zoom image; product photo path; product view; title match; image extension,,pending_download,
IOO-LSN6-00-225-1-X,LSN6-00-225-1-X,481,https://www.tms-lite.com/lsn6-series.html,C:\Users\cxsun\Documents\Codex\2026-05-18\tms-lite-com-ai\data\raw\html\www.tms-lite.com_lsn6-series.html_6cb8651590.html,https://www.tms-lite.com/image/cache/data/theme/Product%20Photos%20Master%20File/Line%20Scan%20Illumination/Line%20Scan%20Illumination%20Series/LSN6/whole-view_080725093613-850x1301_0.png,LSN6 Series,main image id; zoom image; product photo path; product view; title match; image extension,,pending_download,
IOO-LSN6-00-300-1-X,LSN6-00-300-1-X,482,https://www.tms-lite.com/lsn6-series.html,C:\Users\cxsun\Documents\Codex\2026-05-18\tms-lite-com-ai\data\raw\html\www.tms-lite.com_lsn6-series.html_6cb8651590.html,https://www.tms-lite.com/image/cache/data/theme/Product%20Photos%20Master%20File/Line%20Scan%20Illumination/Line%20Scan%20Illumination%20Series/LSN6/whole-view_080725093613-850x1301_0.png,LSN6 Series,main image id; zoom image; product photo path; product view; title match; image extension,,pending_download,
IOO-LBRP-00-040-3-X,LBRP-00-040-3-X,483,https://www.tms-lite.com/lbrp-serie.html,C:\Users\cxsun\Documents\Codex\2026-05-18\tms-lite-com-ai\data\raw\html\www.tms-lite.com_lbrp-serie.html_320343b46f.html,https://www.tms-lite.com/image/cache/data/theme/Product%20Photos%20Master%20File/Ingress%20Protection%20Illumination%20%28IP-65%29/IP%20Series/LBRP/whole-view_030725105008-850x1301_0.png,LBRP Series,main image id; zoom image; product photo path; product view; title match; image extension,,pending_download,
IOO-LBRP-00-080-3-X,LBRP-00-080-3-X,484,https://www.tms-lite.com/lbrp-serie.html,C:\Users\cxsun\Documents\Codex\2026-05-18\tms-lite-com-ai\data\raw\html\www.tms-lite.com_lbrp-serie.html_320343b46f.html,https://www.tms-lite.com/image/cache/data/theme/Product%20Photos%20Master%20File/Ingress%20Protection%20Illumination%20%28IP-65%29/IP%20Series/LBRP/whole-view_030725105008-850x1301_0.png,LBRP Series,main image id; zoom image; product photo path; product view; title match; image extension,,pending_download,
IOO-BHP1010-X-X,BHP1010-X-X,485,https://www.tms-lite.com/bhp-serie.html,C:\Users\cxsun\Documents\Codex\2026-05-18\tms-lite-com-ai\data\raw\html\www.tms-lite.com_bhp-serie.html_c760460642.html,https://www.tms-lite.com/image/cache/data/theme/Product%20Photos%20Master%20File/Ingress%20Protection%20Illumination%20%28IP-65%29/IP%20Series/BHP/whole-view_070725084938-850x1301_0.png,BHP Series,main image id; zoom image; product photo path; product view; title match; image extension,,pending_download,
IOO-BHP1515-X-X,BHP1515-X-X,486,https://www.tms-lite.com/bhp-serie.html,C:\Users\cxsun\Documents\Codex\2026-05-18\tms-lite-com-ai\data\raw\html\www.tms-lite.com_bhp-serie.html_c760460642.html,https://www.tms-lite.com/image/cache/data/theme/Product%20Photos%20Master%20File/Ingress%20Protection%20Illumination%20%28IP-65%29/IP%20Series/BHP/whole-view_070725084938-850x1301_0.png,BHP Series,main image id; zoom image; product photo path; product view; title match; image extension,,pending_download,
IOO-BHP1520-X-X,BHP1520-X-X,487,https://www.tms-lite.com/bhp-serie.html,C:\Users\cxsun\Documents\Codex\2026-05-18\tms-lite-com-ai\data\raw\html\www.tms-lite.com_bhp-serie.html_c760460642.html,https://www.tms-lite.com/image/cache/data/theme/Product%20Photos%20Master%20File/Ingress%20Protection%20Illumination%20%28IP-65%29/IP%20Series/BHP/whole-view_070725084938-850x1301_0.png,BHP Series,main image id; zoom image; product photo path; product view; title match; image extension,,pending_download,
IOO-HPDP-00-070-1-X,HPDP-00-070-1-X,488,https://www.tms-lite.com/hpdp-serie.html,C:\Users\cxsun\Documents\Codex\2026-05-18\tms-lite-com-ai\data\raw\html\www.tms-lite.com_hpdp-serie.html_d89754dca4.html,https://www.tms-lite.com/image/cache/data/theme/Product%20Photos%20Master%20File/Ingress%20Protection%20Illumination%20%28IP-65%29/IP%20Series/HPDP/whole-view_030725103533-850x1301_0.png,HPDP Series,main image id; zoom image; product photo path; product view; title match; image extension,,pending_download,
IOO-HPDP-00-110-2-X,HPDP-00-110-2-X,489,https://www.tms-lite.com/hpdp-serie.html,C:\Users\cxsun\Documents\Codex\2026-05-18\tms-lite-com-ai\data\raw\html\www.tms-lite.com_hpdp-serie.html_d89754dca4.html,https://www.tms-lite.com/image/cache/data/theme/Product%20Photos%20Master%20File/Ingress%20Protection%20Illumination%20%28IP-65%29/IP%20Series/HPDP/whole-view_030725103533-850x1301_0.png,HPDP Series,main image id; zoom image; product photo path; product view; title match; image extension,,pending_download,
IOO-HBFS2-00-08-1-X,HBFS2-00-08-1-X,490,https://www.tms-lite.com/hbfs2-series.html,C:\Users\cxsun\Documents\Codex\2026-05-18\tms-lite-com-ai\data\raw\html\www.tms-lite.com_hbfs2-series.html_cb7d4f8619.html,https://www.tms-lite.com/image/cache/data/theme/Product%20Photos%20Master%20File/Spotlight%20Illumination/Spotlight%20Illumination%20Series/HBFS/whole-view_030725102922-850x1301_0.png,HBFS2 Series,main image id; zoom image; product photo path; product view; title match; image extension,,pending_download,
IOO-HBFS2-00-08-1-W,HBFS2-00-08-1-W,491,https://www.tms-lite.com/hbfs2-series.html,C:\Users\cxsun\Documents\Codex\2026-05-18\tms-lite-com-ai\data\raw\html\www.tms-lite.com_hbfs2-series.html_cb7d4f8619.html,https://www.tms-lite.com/image/cache/data/theme/Product%20Photos%20Master%20File/Spotlight%20Illumination/Spotlight%20Illumination%20Series/HBFS/whole-view_030725102922-850x1301_0.png,HBFS2 Series,main image id; zoom image; product photo path; product view; title match; image extension,,pending_download,
IOO-HBFS2-00-08-1-X-5V,HBFS2-00-08-1-X-5V,492,https://www.tms-lite.com/hbfs2-series.html,C:\Users\cxsun\Documents\Codex\2026-05-18\tms-lite-com-ai\data\raw\html\www.tms-lite.com_hbfs2-series.html_cb7d4f8619.html,https://www.tms-lite.com/image/cache/data/theme/Product%20Photos%20Master%20File/Spotlight%20Illumination/Spotlight%20Illumination%20Series/HBFS/whole-view_030725102922-850x1301_0.png,HBFS2 Series,main image id; zoom image; product photo path; product view; title match; image extension,,pending_download,
IOO-HBFS2-00-08-1-W-24V,HBFS2-00-08-1-W-24V,493,https://www.tms-lite.com/hbfs2-series.html,C:\Users\cxsun\Documents\Codex\2026-05-18\tms-lite-com-ai\data\raw\html\www.tms-lite.com_hbfs2-series.html_cb7d4f8619.html,https://www.tms-lite.com/image/cache/data/theme/Product%20Photos%20Master%20File/Spotlight%20Illumination/Spotlight%20Illumination%20Series/HBFS/whole-view_030725102922-850x1301_0.png,HBFS2 Series,main image id; zoom image; product photo path; product view; title match; image extension,,pending_download,
IOO-HBF2-00-08-1-X-5V,HBF2-00-08-1-X-5V,494,https://www.tms-lite.com/hbf2-series.html,C:\Users\cxsun\Documents\Codex\2026-05-18\tms-lite-com-ai\data\raw\html\www.tms-lite.com_hbf2-series.html_70e035d257.html,https://www.tms-lite.com/image/cache/data/theme/Product%20Photos%20Master%20File/Spotlight%20Illumination/Spotlight%20Illumination%20Series/HBF%20-%2008/whole-view_030725102302-850x1301_0.png,HBF2-08 Series,main image id; zoom image; product photo path; product view; title match; image extension,,pending_download,
IOO-HBF2-00-08-1-W-24V,HBF2-00-08-1-W-24V,495,https://www.tms-lite.com/hbf2-series.html,C:\Users\cxsun\Documents\Codex\2026-05-18\tms-lite-com-ai\data\raw\html\www.tms-lite.com_hbf2-series.html_70e035d257.html,https://www.tms-lite.com/image/cache/data/theme/Product%20Photos%20Master%20File/Spotlight%20Illumination/Spotlight%20Illumination%20Series/HBF%20-%2008/whole-view_030725102302-850x1301_0.png,HBF2-08 Series,main image id; zoom image; product photo path; product view; title match; image extension,,pending_download,
IOO-HBF2-00-16-1-X,HBF2-00-16-1-X,496,https://www.tms-lite.com/hbf2-16-series.html,C:\Users\cxsun\Documents\Codex\2026-05-18\tms-lite-com-ai\data\raw\html\www.tms-lite.com_hbf2-16-series.html_e62c72c5c4.html,https://www.tms-lite.com/image/cache/data/theme/Product%20Photos%20Master%20File/Spotlight%20Illumination/Spotlight%20Illumination%20Series/HBF%20-%2016/whole-view_080725084414-850x1301_0.png,HBF2-16 Series,main image id; zoom image; product photo path; product view; title match; image extension,,pending_download,
IOO-HBF2-00-16-1-W,HBF2-00-16-1-W,497,https://www.tms-lite.com/hbf2-16-series.html,C:\Users\cxsun\Documents\Codex\2026-05-18\tms-lite-com-ai\data\raw\html\www.tms-lite.com_hbf2-16-series.html_e62c72c5c4.html,https://www.tms-lite.com/image/cache/data/theme/Product%20Photos%20Master%20File/Spotlight%20Illumination/Spotlight%20Illumination%20Series/HBF%20-%2016/whole-view_080725084414-850x1301_0.png,HBF2-16 Series,main image id; zoom image; product photo path; product view; title match; image extension,,pending_download,
IOO-HBF2-00-16-1-X-5V,HBF2-00-16-1-X-5V,498,https://www.tms-lite.com/hbf2-16-series.html,C:\Users\cxsun\Documents\Codex\2026-05-18\tms-lite-com-ai\data\raw\html\www.tms-lite.com_hbf2-16-series.html_e62c72c5c4.html,https://www.tms-lite.com/image/cache/data/theme/Product%20Photos%20Master%20File/Spotlight%20Illumination/Spotlight%20Illumination%20Series/HBF%20-%2016/whole-view_080725084414-850x1301_0.png,HBF2-16 Series,main image id; zoom image; product photo path; product view; title match; image extension,,pending_download,
IOO-HBF2-00-16-1-W-24V,HBF2-00-16-1-W-24V,499,https://www.tms-lite.com/hbf2-16-series.html,C:\Users\cxsun\Documents\Codex\2026-05-18\tms-lite-com-ai\data\raw\html\www.tms-lite.com_hbf2-16-series.html_e62c72c5c4.html,https://www.tms-lite.com/image/cache/data/theme/Product%20Photos%20Master%20File/Spotlight%20Illumination/Spotlight%20Illumination%20Series/HBF%20-%2016/whole-view_080725084414-850x1301_0.png,HBF2-16 Series,main image id; zoom image; product photo path; product view; title match; image extension,,pending_download,
IOO-HBFS-00-08-1-X,HBFS-00-08-1-X,500,https://www.tms-lite.com/hbf-serie-hbfs.html,C:\Users\cxsun\Documents\Codex\2026-05-18\tms-lite-com-ai\data\raw\html\www.tms-lite.com_hbf-serie-hbfs.html_175594cad9.html,https://www.tms-lite.com/image/cache/data/theme/Product%20Photos%20Master%20File/Spotlight%20Illumination/Spotlight%20Illumination%20Series/HBFS/whole-view_030725102922-850x1301_0.png,HBFS Series,main image id; zoom image; product photo path; product view; title match; image extension,,pending_download,
IOO-HBFS-00-08-1-W,HBFS-00-08-1-W,501,https://www.tms-lite.com/hbf-serie-hbfs.html,C:\Users\cxsun\Documents\Codex\2026-05-18\tms-lite-com-ai\data\raw\html\www.tms-lite.com_hbf-serie-hbfs.html_175594cad9.html,https://www.tms-lite.com/image/cache/data/theme/Product%20Photos%20Master%20File/Spotlight%20Illumination/Spotlight%20Illumination%20Series/HBFS/whole-view_030725102922-850x1301_0.png,HBFS Series,main image id; zoom image; product photo path; product view; title match; image extension,,pending_download,
IOO-HBFS-00-08-1-X-5V,HBFS-00-08-1-X-5V,502,https://www.tms-lite.com/hbf-serie-hbfs.html,C:\Users\cxsun\Documents\Codex\2026-05-18\tms-lite-com-ai\data\raw\html\www.tms-lite.com_hbf-serie-hbfs.html_175594cad9.html,https://www.tms-lite.com/image/cache/data/theme/Product%20Photos%20Master%20File/Spotlight%20Illumination/Spotlight%20Illumination%20Series/HBFS/whole-view_030725102922-850x1301_0.png,HBFS Series,main image id; zoom image; product photo path; product view; title match; image extension,,pending_download,
IOO-HBFS-00-08-1-W-24V,HBFS-00-08-1-W-24V,503,https://www.tms-lite.com/hbf-serie-hbfs.html,C:\Users\cxsun\Documents\Codex\2026-05-18\tms-lite-com-ai\data\raw\html\www.tms-lite.com_hbf-serie-hbfs.html_175594cad9.html,https://www.tms-lite.com/image/cache/data/theme/Product%20Photos%20Master%20File/Spotlight%20Illumination/Spotlight%20Illumination%20Series/HBFS/whole-view_030725102922-850x1301_0.png,HBFS Series,main image id; zoom image; product photo path; product view; title match; image extension,,pending_download,
IOO-HBF-00-16-1-X,HBF-00-16-1-X,504,https://www.tms-lite.com/hbf-serie-hbf-16.html,C:\Users\cxsun\Documents\Codex\2026-05-18\tms-lite-com-ai\data\raw\html\www.tms-lite.com_hbf-serie-hbf-16.html_fcf6980a87.html,https://www.tms-lite.com/image/cache/data/theme/Product%20Photos%20Master%20File/Spotlight%20Illumination/Spotlight%20Illumination%20Series/HBF%20-%2016/whole-view_080725084414-850x1301_0.png,HBF-16 Series,main image id; zoom image; product photo path; product view; title match; image extension,,pending_download,
IOO-HBF-00-16-1-W,HBF-00-16-1-W,505,https://www.tms-lite.com/hbf-serie-hbf-16.html,C:\Users\cxsun\Documents\Codex\2026-05-18\tms-lite-com-ai\data\raw\html\www.tms-lite.com_hbf-serie-hbf-16.html_fcf6980a87.html,https://www.tms-lite.com/image/cache/data/theme/Product%20Photos%20Master%20File/Spotlight%20Illumination/Spotlight%20Illumination%20Series/HBF%20-%2016/whole-view_080725084414-850x1301_0.png,HBF-16 Series,main image id; zoom image; product photo path; product view; title match; image extension,,pending_download,
IOO-HBF-00-16-1-X-5V,HBF-00-16-1-X-5V,506,https://www.tms-lite.com/hbf-serie-hbf-16.html,C:\Users\cxsun\Documents\Codex\2026-05-18\tms-lite-com-ai\data\raw\html\www.tms-lite.com_hbf-serie-hbf-16.html_fcf6980a87.html,https://www.tms-lite.com/image/cache/data/theme/Product%20Photos%20Master%20File/Spotlight%20Illumination/Spotlight%20Illumination%20Series/HBF%20-%2016/whole-view_080725084414-850x1301_0.png,HBF-16 Series,main image id; zoom image; product photo path; product view; title match; image extension,,pending_download,
IOO-HBF-00-16-1-W-24V,HBF-00-16-1-W-24V,507,https://www.tms-lite.com/hbf-serie-hbf-16.html,C:\Users\cxsun\Documents\Codex\2026-05-18\tms-lite-com-ai\data\raw\html\www.tms-lite.com_hbf-serie-hbf-16.html_fcf6980a87.html,https://www.tms-lite.com/image/cache/data/theme/Product%20Photos%20Master%20File/Spotlight%20Illumination/Spotlight%20Illumination%20Series/HBF%20-%2016/whole-view_080725084414-850x1301_0.png,HBF-16 Series,main image id; zoom image; product photo path; product view; title match; image extension,,pending_download,
IOO-HBF-00-08-1-X-5V,HBF-00-08-1-X-5V,508,https://www.tms-lite.com/hbf-serie-hbf-08.html,C:\Users\cxsun\Documents\Codex\2026-05-18\tms-lite-com-ai\data\raw\html\www.tms-lite.com_hbf-serie-hbf-08.html_f5976efbe4.html,https://www.tms-lite.com/image/cache/data/theme/Product%20Photos%20Master%20File/Spotlight%20Illumination/Spotlight%20Illumination%20Series/HBF%20-%2008/whole-view_030725102302-850x1301_0.png,HBF-08 Series,main image id; zoom image; product photo path; product view; title match; image extension,,pending_download,
IOO-HBF-00-08-1-W-24V,HBF-00-08-1-W-24V,509,https://www.tms-lite.com/hbf-serie-hbf-08.html,C:\Users\cxsun\Documents\Codex\2026-05-18\tms-lite-com-ai\data\raw\html\www.tms-lite.com_hbf-serie-hbf-08.html_f5976efbe4.html,https://www.tms-lite.com/image/cache/data/theme/Product%20Photos%20Master%20File/Spotlight%20Illumination/Spotlight%20Illumination%20Series/HBF%20-%2008/whole-view_030725102302-850x1301_0.png,HBF-08 Series,main image id; zoom image; product photo path; product view; title match; image extension,,pending_download,
IOO-PM2-025-X-CUBE-MODULE,PM2-025-X-CUBE-MODULE,510,https://www.tms-lite.com/pm2-series.html,C:\Users\cxsun\Documents\Codex\2026-05-18\tms-lite-com-ai\data\raw\html\www.tms-lite.com_pm2-series.html_38840777d3.html,https://www.tms-lite.com/image/cache/data/theme/Product%20Photos%20Master%20File/Modular%20Illumination/Small%20View/PM2%20Series/pm2-025_080725102101-850x1301_0.png,PM2 Series,main image id; zoom image; product photo path; title match; image extension,,pending_download,
IOO-PM2-025-X-HPD2-00-050-1-X-24V,PM2-025-X-HPD2-00-050-1-X-24V,511,https://www.tms-lite.com/pm2-series.html,C:\Users\cxsun\Documents\Codex\2026-05-18\tms-lite-com-ai\data\raw\html\www.tms-lite.com_pm2-series.html_38840777d3.html,https://www.tms-lite.com/image/cache/data/theme/Product%20Photos%20Master%20File/Modular%20Illumination/Small%20View/PM2%20Series/pm2-025_080725102101-850x1301_0.png,PM2 Series,main image id; zoom image; product photo path; title match; image extension,,pending_download,
IOO-PM2-025-X-IDD-00-045-4-X-24V,PM2-025-X-IDD-00-045-4-X-24V,512,https://www.tms-lite.com/pm2-series.html,C:\Users\cxsun\Documents\Codex\2026-05-18\tms-lite-com-ai\data\raw\html\www.tms-lite.com_pm2-series.html_38840777d3.html,https://www.tms-lite.com/image/cache/data/theme/Product%20Photos%20Master%20File/Modular%20Illumination/Small%20View/PM2%20Series/pm2-025_080725102101-850x1301_0.png,PM2 Series,main image id; zoom image; product photo path; title match; image extension,,pending_download,
IOO-PM2-025-X-LBMQ-00-040-3-X-24V,PM2-025-X-LBMQ-00-040-3-X-24V,513,https://www.tms-lite.com/pm2-series.html,C:\Users\cxsun\Documents\Codex\2026-05-18\tms-lite-com-ai\data\raw\html\www.tms-lite.com_pm2-series.html_38840777d3.html,https://www.tms-lite.com/image/cache/data/theme/Product%20Photos%20Master%20File/Modular%20Illumination/Small%20View/PM2%20Series/pm2-025_080725102101-850x1301_0.png,PM2 Series,main image id; zoom image; product photo path; title match; image extension,,pending_download,
IOO-PM2-025-X-LSQ-15.30.45-051-3-X-24V,PM2-025-X-LSQ-15.30.45-051-3-X-24V,514,https://www.tms-lite.com/pm2-series.html,C:\Users\cxsun\Documents\Codex\2026-05-18\tms-lite-com-ai\data\raw\html\www.tms-lite.com_pm2-series.html_38840777d3.html,https://www.tms-lite.com/image/cache/data/theme/Product%20Photos%20Master%20File/Modular%20Illumination/Small%20View/PM2%20Series/pm2-025_080725102101-850x1301_0.png,PM2 Series,main image id; zoom image; product photo path; title match; image extension,,pending_download,
IOO-PM2-025-X-LSQF-15.30.45-051-3-X-24V,PM2-025-X-LSQF-15.30.45-051-3-X-24V,515,https://www.tms-lite.com/pm2-series.html,C:\Users\cxsun\Documents\Codex\2026-05-18\tms-lite-com-ai\data\raw\html\www.tms-lite.com_pm2-series.html_38840777d3.html,https://www.tms-lite.com/image/cache/data/theme/Product%20Photos%20Master%20File/Modular%20Illumination/Small%20View/PM2%20Series/pm2-025_080725102101-850x1301_0.png,PM2 Series,main image id; zoom image; product photo path; title match; image extension,,pending_download,
IOO-PM2-040-X-CUBE-MODULE,PM2-040-X-CUBE-MODULE,516,https://www.tms-lite.com/pm2-series.html,C:\Users\cxsun\Documents\Codex\2026-05-18\tms-lite-com-ai\data\raw\html\www.tms-lite.com_pm2-series.html_38840777d3.html,https://www.tms-lite.com/image/cache/data/theme/Product%20Photos%20Master%20File/Modular%20Illumination/Small%20View/PM2%20Series/pm2-025_080725102101-850x1301_0.png,PM2 Series,main image id; zoom image; product photo path; title match; image extension,,pending_download,
IOO-PM2-040-X-IDD-00-080-3-X-24V,PM2-040-X-IDD-00-080-3-X-24V,517,https://www.tms-lite.com/pm2-series.html,C:\Users\cxsun\Documents\Codex\2026-05-18\tms-lite-com-ai\data\raw\html\www.tms-lite.com_pm2-series.html_38840777d3.html,https://www.tms-lite.com/image/cache/data/theme/Product%20Photos%20Master%20File/Modular%20Illumination/Small%20View/PM2%20Series/pm2-025_080725102101-850x1301_0.png,PM2 Series,main image id; zoom image; product photo path; title match; image extension,,pending_download,
IOO-PM2-040-X-IDDQ-00-070-3-X-24V,PM2-040-X-IDDQ-00-070-3-X-24V,518,https://www.tms-lite.com/pm2-series.html,C:\Users\cxsun\Documents\Codex\2026-05-18\tms-lite-com-ai\data\raw\html\www.tms-lite.com_pm2-series.html_38840777d3.html,https://www.tms-lite.com/image/cache/data/theme/Product%20Photos%20Master%20File/Modular%20Illumination/Small%20View/PM2%20Series/pm2-025_080725102101-850x1301_0.png,PM2 Series,main image id; zoom image; product photo path; title match; image extension,,pending_download,
IOO-PM2-040-X-HLBQ2-00-065-1-X-24V,PM2-040-X-HLBQ2-00-065-1-X-24V,519,https://www.tms-lite.com/pm2-series.html,C:\Users\cxsun\Documents\Codex\2026-05-18\tms-lite-com-ai\data\raw\html\www.tms-lite.com_pm2-series.html_38840777d3.html,https://www.tms-lite.com/image/cache/data/theme/Product%20Photos%20Master%20File/Modular%20Illumination/Small%20View/PM2%20Series/pm2-025_080725102101-850x1301_0.png,PM2 Series,main image id; zoom image; product photo path; title match; image extension,,pending_download,
IOO-PM2-040-X-DLC-00-070-1-X-24V,PM2-040-X-DLC-00-070-1-X-24V,520,https://www.tms-lite.com/pm2-series.html,C:\Users\cxsun\Documents\Codex\2026-05-18\tms-lite-com-ai\data\raw\html\www.tms-lite.com_pm2-series.html_38840777d3.html,https://www.tms-lite.com/image/cache/data/theme/Product%20Photos%20Master%20File/Modular%20Illumination/Small%20View/PM2%20Series/pm2-025_080725102101-850x1301_0.png,PM2 Series,main image id; zoom image; product photo path; title match; image extension,,pending_download,
IOO-PM2-040-X-HPD2-00-080-1-X-24V,PM2-040-X-HPD2-00-080-1-X-24V,521,https://www.tms-lite.com/pm2-series.html,C:\Users\cxsun\Documents\Codex\2026-05-18\tms-lite-com-ai\data\raw\html\www.tms-lite.com_pm2-series.html_38840777d3.html,https://www.tms-lite.com/image/cache/data/theme/Product%20Photos%20Master%20File/Modular%20Illumination/Small%20View/PM2%20Series/pm2-025_080725102101-850x1301_0.png,PM2 Series,main image id; zoom image; product photo path; title match; image extension,,pending_download,
IOO-MD-MLBQ-00-360-2-X,MD-MLBQ-00-360-2-X,522,https://www.tms-lite.com/md-mlbq-serie.html,C:\Users\cxsun\Documents\Codex\2026-05-18\tms-lite-com-ai\data\raw\html\www.tms-lite.com_md-mlbq-serie.html_3ac3e5883d.html,https://www.tms-lite.com/image/cache/data/theme/Product%20Photos%20Master%20File/Modular%20Illumination/Big%20View/MD-MLBQ/whole-view_030725105510-850x1301_0.png,MD-MLBQ Series,main image id; zoom image; product photo path; product view; title match; image extension,,pending_download,
IOO-MD-IDQ3-360-X-X,MD-IDQ3-360-X-X,523,https://www.tms-lite.com/md-idq-3-serie.html,C:\Users\cxsun\Documents\Codex\2026-05-18\tms-lite-com-ai\data\raw\html\www.tms-lite.com_md-idq-3-serie.html_e02c45eaec.html,https://www.tms-lite.com/image/cache/data/theme/Product%20Photos%20Master%20File/Modular%20Illumination/Big%20View/MD-IDQ3/whole-view_080725095259-850x1301_0.png,MD-IDQ3 Series,main image id; zoom image; product photo path; product view; title match; image extension,,pending_download,
IOO-MD-IDT3-00-360-1-X,MD-IDT3-00-360-1-X,524,https://www.tms-lite.com/md-idt-3-serie.html,C:\Users\cxsun\Documents\Codex\2026-05-18\tms-lite-com-ai\data\raw\html\www.tms-lite.com_md-idt-3-serie.html_887de4fb16.html,https://www.tms-lite.com/image/cache/data/theme/Product%20Photos%20Master%20File/RGBW%20Illumination/MD-IDT3/md-idt3-00-360-1-x-090921165804_200622094652-850x1301_0.png,MD-IDT3 Series,main image id; zoom image; product photo path; title match; image extension,,pending_download,
IOO-HPD-4CH,HPD-4CH,525,https://www.tms-lite.com/4-section-led-illumination-series-1091998366.html,C:\Users\cxsun\Documents\Codex\2026-05-18\tms-lite-com-ai\data\raw\html\www.tms-lite.com_4-section-led-illumination-series-1091998366.html_3f74c572e3.html,https://www.tms-lite.com/image/cache/data/theme/Product%20Photos%20Master%20File/4-Sectional%20Illumination/annotation-2022-07-26-122718_260722122807-850x1301_0.png,4 SECTION LED ILLUMINATION SERIES,main image id; zoom image; product photo path; title match; image extension,,pending_download,
IOO-HPD-00-240-1-X-24V-4CH,HPD-00-240-1-X-24V-4CH,526,https://www.tms-lite.com/4-section-led-illumination-series-1091998366.html,C:\Users\cxsun\Documents\Codex\2026-05-18\tms-lite-com-ai\data\raw\html\www.tms-lite.com_4-section-led-illumination-series-1091998366.html_3f74c572e3.html,https://www.tms-lite.com/image/cache/data/theme/Product%20Photos%20Master%20File/4-Sectional%20Illumination/annotation-2022-07-26-122718_260722122807-850x1301_0.png,4 SECTION LED ILLUMINATION SERIES,main image id; zoom image; product photo path; title match; image extension,,pending_download,
IOO-HPD-00-070-1-RGBW-24V-4CH,HPD-00-070-1-RGBW-24V-4CH,527,https://www.tms-lite.com/4-section-led-illumination-series-1091998366.html,C:\Users\cxsun\Documents\Codex\2026-05-18\tms-lite-com-ai\data\raw\html\www.tms-lite.com_4-section-led-illumination-series-1091998366.html_3f74c572e3.html,https://www.tms-lite.com/image/cache/data/theme/Product%20Photos%20Master%20File/4-Sectional%20Illumination/annotation-2022-07-26-122718_260722122807-850x1301_0.png,4 SECTION LED ILLUMINATION SERIES,main image id; zoom image; product photo path; title match; image extension,,pending_download,
IOO-IDS5-4CH,IDS5-4CH,528,https://www.tms-lite.com/4-section-led-illumination-series-1091998366.html,C:\Users\cxsun\Documents\Codex\2026-05-18\tms-lite-com-ai\data\raw\html\www.tms-lite.com_4-section-led-illumination-series-1091998366.html_3f74c572e3.html,https://www.tms-lite.com/image/cache/data/theme/Product%20Photos%20Master%20File/4-Sectional%20Illumination/annotation-2022-07-26-122718_260722122807-850x1301_0.png,4 SECTION LED ILLUMINATION SERIES,main image id; zoom image; product photo path; title match; image extension,,pending_download,
IOO-IDS5-00-070-1-X-24V-4CH,IDS5-00-070-1-X-24V-4CH,529,https://www.tms-lite.com/4-section-led-illumination-series-1091998366.html,C:\Users\cxsun\Documents\Codex\2026-05-18\tms-lite-com-ai\data\raw\html\www.tms-lite.com_4-section-led-illumination-series-1091998366.html_3f74c572e3.html,https://www.tms-lite.com/image/cache/data/theme/Product%20Photos%20Master%20File/4-Sectional%20Illumination/annotation-2022-07-26-122718_260722122807-850x1301_0.png,4 SECTION LED ILLUMINATION SERIES,main image id; zoom image; product photo path; title match; image extension,,pending_download,
IOO-IDS5-00-100-1-X-24V-4CH,IDS5-00-100-1-X-24V-4CH,530,https://www.tms-lite.com/4-section-led-illumination-series-1091998366.html,C:\Users\cxsun\Documents\Codex\2026-05-18\tms-lite-com-ai\data\raw\html\www.tms-lite.com_4-section-led-illumination-series-1091998366.html_3f74c572e3.html,https://www.tms-lite.com/image/cache/data/theme/Product%20Photos%20Master%20File/4-Sectional%20Illumination/annotation-2022-07-26-122718_260722122807-850x1301_0.png,4 SECTION LED ILLUMINATION SERIES,main image id; zoom image; product photo path; title match; image extension,,pending_download,
IOO-IDS5-00-150-1-X-24V-4CH,IDS5-00-150-1-X-24V-4CH,531,https://www.tms-lite.com/4-section-led-illumination-series-1091998366.html,C:\Users\cxsun\Documents\Codex\2026-05-18\tms-lite-com-ai\data\raw\html\www.tms-lite.com_4-section-led-illumination-series-1091998366.html_3f74c572e3.html,https://www.tms-lite.com/image/cache/data/theme/Product%20Photos%20Master%20File/4-Sectional%20Illumination/annotation-2022-07-26-122718_260722122807-850x1301_0.png,4 SECTION LED ILLUMINATION SERIES,main image id; zoom image; product photo path; title match; image extension,,pending_download,
IOO-IDS5-00-200-1-X-24V-4CH,IDS5-00-200-1-X-24V-4CH,532,https://www.tms-lite.com/4-section-led-illumination-series-1091998366.html,C:\Users\cxsun\Documents\Codex\2026-05-18\tms-lite-com-ai\data\raw\html\www.tms-lite.com_4-section-led-illumination-series-1091998366.html_3f74c572e3.html,https://www.tms-lite.com/image/cache/data/theme/Product%20Photos%20Master%20File/4-Sectional%20Illumination/annotation-2022-07-26-122718_260722122807-850x1301_0.png,4 SECTION LED ILLUMINATION SERIES,main image id; zoom image; product photo path; title match; image extension,,pending_download,
IOO-IDS5-00-250-1-X-24V-4CH,IDS5-00-250-1-X-24V-4CH,533,https://www.tms-lite.com/4-section-led-illumination-series-1091998366.html,C:\Users\cxsun\Documents\Codex\2026-05-18\tms-lite-com-ai\data\raw\html\www.tms-lite.com_4-section-led-illumination-series-1091998366.html_3f74c572e3.html,https://www.tms-lite.com/image/cache/data/theme/Product%20Photos%20Master%20File/4-Sectional%20Illumination/annotation-2022-07-26-122718_260722122807-850x1301_0.png,4 SECTION LED ILLUMINATION SERIES,main image id; zoom image; product photo path; title match; image extension,,pending_download,
IOO-IDS4-00-360-1-X-24V-4CH,IDS4-00-360-1-X-24V-4CH,534,https://www.tms-lite.com/4-section-led-illumination-series-1091998366.html,C:\Users\cxsun\Documents\Codex\2026-05-18\tms-lite-com-ai\data\raw\html\www.tms-lite.com_4-section-led-illumination-series-1091998366.html_3f74c572e3.html,https://www.tms-lite.com/image/cache/data/theme/Product%20Photos%20Master%20File/4-Sectional%20Illumination/annotation-2022-07-26-122718_260722122807-850x1301_0.png,4 SECTION LED ILLUMINATION SERIES,main image id; zoom image; product photo path; title match; image extension,,pending_download,
IOO-IDSL-00-150-1-X-24V-4CH,IDSL-00-150-1-X-24V-4CH,535,https://www.tms-lite.com/4-section-led-illumination-series-1091998366.html,C:\Users\cxsun\Documents\Codex\2026-05-18\tms-lite-com-ai\data\raw\html\www.tms-lite.com_4-section-led-illumination-series-1091998366.html_3f74c572e3.html,https://www.tms-lite.com/image/cache/data/theme/Product%20Photos%20Master%20File/4-Sectional%20Illumination/annotation-2022-07-26-122718_260722122807-850x1301_0.png,4 SECTION LED ILLUMINATION SERIES,main image id; zoom image; product photo path; title match; image extension,,pending_download,
IOO-LBRQ-4CH,LBRQ-4CH,536,https://www.tms-lite.com/4-section-led-illumination-series-1091998366.html,C:\Users\cxsun\Documents\Codex\2026-05-18\tms-lite-com-ai\data\raw\html\www.tms-lite.com_4-section-led-illumination-series-1091998366.html_3f74c572e3.html,https://www.tms-lite.com/image/cache/data/theme/Product%20Photos%20Master%20File/4-Sectional%20Illumination/annotation-2022-07-26-122718_260722122807-850x1301_0.png,4 SECTION LED ILLUMINATION SERIES,main image id; zoom image; product photo path; title match; image extension,,pending_download,
IOO-LLA-4CH,LLA-4CH,537,https://www.tms-lite.com/4-section-led-illumination-series-1091998366.html,C:\Users\cxsun\Documents\Codex\2026-05-18\tms-lite-com-ai\data\raw\html\www.tms-lite.com_4-section-led-illumination-series-1091998366.html_3f74c572e3.html,https://www.tms-lite.com/image/cache/data/theme/Product%20Photos%20Master%20File/4-Sectional%20Illumination/annotation-2022-07-26-122718_260722122807-850x1301_0.png,4 SECTION LED ILLUMINATION SERIES,main image id; zoom image; product photo path; title match; image extension,,pending_download,
IOO-MLLA-4CH,MLLA-4CH,538,https://www.tms-lite.com/4-section-led-illumination-series-1091998366.html,C:\Users\cxsun\Documents\Codex\2026-05-18\tms-lite-com-ai\data\raw\html\www.tms-lite.com_4-section-led-illumination-series-1091998366.html_3f74c572e3.html,https://www.tms-lite.com/image/cache/data/theme/Product%20Photos%20Master%20File/4-Sectional%20Illumination/annotation-2022-07-26-122718_260722122807-850x1301_0.png,4 SECTION LED ILLUMINATION SERIES,main image id; zoom image; product photo path; title match; image extension,,pending_download,
IOO-BHDS-00-25X36-1-X,BHDS-00-25X36-1-X,539,https://www.tms-lite.com/bids-serie.html,C:\Users\cxsun\Documents\Codex\2026-05-18\tms-lite-com-ai\data\raw\html\www.tms-lite.com_bids-serie.html_481d38c6e8.html,https://www.tms-lite.com/image/cache/data/theme/Product%20Photos%20Master%20File/Backlight%20Illumination/Side%20Illumination%20Series/BHDS/whole-view_040725093429-850x1301_0.png,BHDS Series,main image id; zoom image; product photo path; product view; title match; image extension,,pending_download,
IOO-BHDS-00-31X58-1-X,BHDS-00-31X58-1-X,540,https://www.tms-lite.com/bids-serie.html,C:\Users\cxsun\Documents\Codex\2026-05-18\tms-lite-com-ai\data\raw\html\www.tms-lite.com_bids-serie.html_481d38c6e8.html,https://www.tms-lite.com/image/cache/data/theme/Product%20Photos%20Master%20File/Backlight%20Illumination/Side%20Illumination%20Series/BHDS/whole-view_040725093429-850x1301_0.png,BHDS Series,main image id; zoom image; product photo path; product view; title match; image extension,,pending_download,
IOO-BHDS-00-070-1-X,BHDS-00-070-1-X,541,https://www.tms-lite.com/bids-serie.html,C:\Users\cxsun\Documents\Codex\2026-05-18\tms-lite-com-ai\data\raw\html\www.tms-lite.com_bids-serie.html_481d38c6e8.html,https://www.tms-lite.com/image/cache/data/theme/Product%20Photos%20Master%20File/Backlight%20Illumination/Side%20Illumination%20Series/BHDS/whole-view_040725093429-850x1301_0.png,BHDS Series,main image id; zoom image; product photo path; product view; title match; image extension,,pending_download,
IOO-BHDS-00-30X150-1-X,BHDS-00-30X150-1-X,542,https://www.tms-lite.com/bids-serie.html,C:\Users\cxsun\Documents\Codex\2026-05-18\tms-lite-com-ai\data\raw\html\www.tms-lite.com_bids-serie.html_481d38c6e8.html,https://www.tms-lite.com/image/cache/data/theme/Product%20Photos%20Master%20File/Backlight%20Illumination/Side%20Illumination%20Series/BHDS/whole-view_040725093429-850x1301_0.png,BHDS Series,main image id; zoom image; product photo path; product view; title match; image extension,,pending_download,
IOO-BHLX4-00-160X160-X-X,BHLX4-00-160X160-X-X,543,https://www.tms-lite.com/bhlx4-series.html,C:\Users\cxsun\Documents\Codex\2026-05-18\tms-lite-com-ai\data\raw\html\www.tms-lite.com_bhlx4-series.html_abcf9dc35d.html,https://www.tms-lite.com/image/cache/data/theme/Product%20Photos%20Master%20File/Backlight%20Illumination/High%20Illumination%20Series/BHLX3/whole-view_040725094606-850x1301_0.png,BHLX4 Series,main image id; zoom image; product photo path; product view; title match; image extension,,pending_download,
IOO-BHH2-00-035-X-X,BHH2-00-035-X-X,544,https://www.tms-lite.com/bhh2-series.html,C:\Users\cxsun\Documents\Codex\2026-05-18\tms-lite-com-ai\data\raw\html\www.tms-lite.com_bhh2-series.html_b60a31c3f3.html,https://www.tms-lite.com/image/cache/data/theme/Product%20Photos%20Master%20File/Backlight%20Illumination/High%20Illumination%20Series/BHH/whole-view_020725164634-850x1301_0.png,BHH2 Series,main image id; zoom image; product photo path; product view; title match; image extension,,pending_download,
IOO-BHH2-00-070-X-X,BHH2-00-070-X-X,545,https://www.tms-lite.com/bhh2-series.html,C:\Users\cxsun\Documents\Codex\2026-05-18\tms-lite-com-ai\data\raw\html\www.tms-lite.com_bhh2-series.html_b60a31c3f3.html,https://www.tms-lite.com/image/cache/data/theme/Product%20Photos%20Master%20File/Backlight%20Illumination/High%20Illumination%20Series/BHH/whole-view_020725164634-850x1301_0.png,BHH2 Series,main image id; zoom image; product photo path; product view; title match; image extension,,pending_download,
IOO-BHS5-00-050-X-X,BHS5-00-050-X-X,546,https://www.tms-lite.com/bhs5-series.html,C:\Users\cxsun\Documents\Codex\2026-05-18\tms-lite-com-ai\data\raw\html\www.tms-lite.com_bhs5-series.html_64cb002550.html,https://www.tms-lite.com/image/cache/data/theme/Product%20Photos%20Master%20File_bk081021/Backlight%20Illumination/High%20Illumination%20Series/BHS4/bhs4-series_150622093752-850x1301_0.png,BHS5 Series,main image id; zoom image; product photo path; title match; image extension,,pending_download,
IOO-BHS5-00-075-X-X,BHS5-00-075-X-X,547,https://www.tms-lite.com/bhs5-series.html,C:\Users\cxsun\Documents\Codex\2026-05-18\tms-lite-com-ai\data\raw\html\www.tms-lite.com_bhs5-series.html_64cb002550.html,https://www.tms-lite.com/image/cache/data/theme/Product%20Photos%20Master%20File_bk081021/Backlight%20Illumination/High%20Illumination%20Series/BHS4/bhs4-series_150622093752-850x1301_0.png,BHS5 Series,main image id; zoom image; product photo path; title match; image extension,,pending_download,
IOO-BHS5-00-100-X-X,BHS5-00-100-X-X,548,https://www.tms-lite.com/bhs5-series.html,C:\Users\cxsun\Documents\Codex\2026-05-18\tms-lite-com-ai\data\raw\html\www.tms-lite.com_bhs5-series.html_64cb002550.html,https://www.tms-lite.com/image/cache/data/theme/Product%20Photos%20Master%20File_bk081021/Backlight%20Illumination/High%20Illumination%20Series/BHS4/bhs4-series_150622093752-850x1301_0.png,BHS5 Series,main image id; zoom image; product photo path; title match; image extension,,pending_download,
IOO-BHS5-00-125-X-X,BHS5-00-125-X-X,549,https://www.tms-lite.com/bhs5-series.html,C:\Users\cxsun\Documents\Codex\2026-05-18\tms-lite-com-ai\data\raw\html\www.tms-lite.com_bhs5-series.html_64cb002550.html,https://www.tms-lite.com/image/cache/data/theme/Product%20Photos%20Master%20File_bk081021/Backlight%20Illumination/High%20Illumination%20Series/BHS4/bhs4-series_150622093752-850x1301_0.png,BHS5 Series,main image id; zoom image; product photo path; title match; image extension,,pending_download,
IOO-BHLC2-00-200X200-X-W-24V,BHLC2-00-200X200-X-W-24V,550,https://www.tms-lite.com/bhlc2-series.html,C:\Users\cxsun\Documents\Codex\2026-05-18\tms-lite-com-ai\data\raw\html\www.tms-lite.com_bhlc2-series.html_0b54355fb7.html,https://www.tms-lite.com/image/cache/data/theme/Product%20Photos%20Master%20File_bk081021/Backlight%20Illumination/High%20Illumination%20Series/BHLC2/bhlc2_281024085750-850x1301_0.png,BHLC2 Series,main image id; zoom image; product photo path; title match; image extension,,pending_download,
IOO-BHLC2-00-240X240-X-W-24V,BHLC2-00-240X240-X-W-24V,551,https://www.tms-lite.com/bhlc2-series.html,C:\Users\cxsun\Documents\Codex\2026-05-18\tms-lite-com-ai\data\raw\html\www.tms-lite.com_bhlc2-series.html_0b54355fb7.html,https://www.tms-lite.com/image/cache/data/theme/Product%20Photos%20Master%20File_bk081021/Backlight%20Illumination/High%20Illumination%20Series/BHLC2/bhlc2_281024085750-850x1301_0.png,BHLC2 Series,main image id; zoom image; product photo path; title match; image extension,,pending_download,
IOO-R-3,R,552,https://www.tms-lite.com/bhh-serie.html,C:\Users\cxsun\Documents\Codex\2026-05-18\tms-lite-com-ai\data\raw\html\www.tms-lite.com_bhh-serie.html_7d853e68ce.html,https://www.tms-lite.com/image/cache/data/theme/Product%20Photos%20Master%20File/Backlight%20Illumination/High%20Illumination%20Series/BHH/whole-view_020725164634-850x1301_0.png,BHH Series,main image id; zoom image; product photo path; product view; title match; image extension,,pending_download,
IOO-BHH-00-035-X-X,BHH-00-035-X-X,553,https://www.tms-lite.com/bhh-serie.html,C:\Users\cxsun\Documents\Codex\2026-05-18\tms-lite-com-ai\data\raw\html\www.tms-lite.com_bhh-serie.html_7d853e68ce.html,https://www.tms-lite.com/image/cache/data/theme/Product%20Photos%20Master%20File/Backlight%20Illumination/High%20Illumination%20Series/BHH/whole-view_020725164634-850x1301_0.png,BHH Series,main image id; zoom image; product photo path; product view; title match; image extension,,pending_download,
IOO-BHH-00-070-X-X,BHH-00-070-X-X,554,https://www.tms-lite.com/bhh-serie.html,C:\Users\cxsun\Documents\Codex\2026-05-18\tms-lite-com-ai\data\raw\html\www.tms-lite.com_bhh-serie.html_7d853e68ce.html,https://www.tms-lite.com/image/cache/data/theme/Product%20Photos%20Master%20File/Backlight%20Illumination/High%20Illumination%20Series/BHH/whole-view_020725164634-850x1301_0.png,BHH Series,main image id; zoom image; product photo path; product view; title match; image extension,,pending_download,
IOO-BHC2-00-025-X-X,BHC2-00-025-X-X,555,https://www.tms-lite.com/bhc2-serie.html,C:\Users\cxsun\Documents\Codex\2026-05-18\tms-lite-com-ai\data\raw\html\www.tms-lite.com_bhc2-serie.html_55c6ef3b19.html,https://www.tms-lite.com/image/cache/data/theme/Product%20Photos%20Master%20File/Backlight%20Illumination/High%20Illumination%20Series/BHC2/whole-view_040725090356-850x1301_0.png,BHC2 Series,main image id; zoom image; product photo path; product view; title match; image extension,,pending_download,
IOO-BHC2-00-050-X-X,BHC2-00-050-X-X,556,https://www.tms-lite.com/bhc2-serie.html,C:\Users\cxsun\Documents\Codex\2026-05-18\tms-lite-com-ai\data\raw\html\www.tms-lite.com_bhc2-serie.html_55c6ef3b19.html,https://www.tms-lite.com/image/cache/data/theme/Product%20Photos%20Master%20File/Backlight%20Illumination/High%20Illumination%20Series/BHC2/whole-view_040725090356-850x1301_0.png,BHC2 Series,main image id; zoom image; product photo path; product view; title match; image extension,,pending_download,
IOO-BHC2-00-075-X-X,BHC2-00-075-X-X,557,https://www.tms-lite.com/bhc2-serie.html,C:\Users\cxsun\Documents\Codex\2026-05-18\tms-lite-com-ai\data\raw\html\www.tms-lite.com_bhc2-serie.html_55c6ef3b19.html,https://www.tms-lite.com/image/cache/data/theme/Product%20Photos%20Master%20File/Backlight%20Illumination/High%20Illumination%20Series/BHC2/whole-view_040725090356-850x1301_0.png,BHC2 Series,main image id; zoom image; product photo path; product view; title match; image extension,,pending_download,
IOO-BHC2-00-100-X-X,BHC2-00-100-X-X,558,https://www.tms-lite.com/bhc2-serie.html,C:\Users\cxsun\Documents\Codex\2026-05-18\tms-lite-com-ai\data\raw\html\www.tms-lite.com_bhc2-serie.html_55c6ef3b19.html,https://www.tms-lite.com/image/cache/data/theme/Product%20Photos%20Master%20File/Backlight%20Illumination/High%20Illumination%20Series/BHC2/whole-view_040725090356-850x1301_0.png,BHC2 Series,main image id; zoom image; product photo path; product view; title match; image extension,,pending_download,
IOO-BHLX3-00-160X160-X-X-2,BHLX3-00-160X160-X-X,559,https://www.tms-lite.com/bhlx3-serie.html,C:\Users\cxsun\Documents\Codex\2026-05-18\tms-lite-com-ai\data\raw\html\www.tms-lite.com_bhlx3-serie.html_0caf9ba98f.html,https://www.tms-lite.com/image/cache/data/theme/Product%20Photos%20Master%20File/Backlight%20Illumination/High%20Illumination%20Series/BHLX3/whole-view_040725094606-850x1301_0.png,BHLX3 Series,main image id; zoom image; product photo path; product view; title match; image extension,,pending_download,
IOO-BHLX3-00-160X240-X-X-2,BHLX3-00-160X240-X-X,560,https://www.tms-lite.com/bhlx3-serie.html,C:\Users\cxsun\Documents\Codex\2026-05-18\tms-lite-com-ai\data\raw\html\www.tms-lite.com_bhlx3-serie.html_0caf9ba98f.html,https://www.tms-lite.com/image/cache/data/theme/Product%20Photos%20Master%20File/Backlight%20Illumination/High%20Illumination%20Series/BHLX3/whole-view_040725094606-850x1301_0.png,BHLX3 Series,main image id; zoom image; product photo path; product view; title match; image extension,,pending_download,
IOO-BHLX3-00-160X320-X-X-2,BHLX3-00-160X320-X-X,561,https://www.tms-lite.com/bhlx3-serie.html,C:\Users\cxsun\Documents\Codex\2026-05-18\tms-lite-com-ai\data\raw\html\www.tms-lite.com_bhlx3-serie.html_0caf9ba98f.html,https://www.tms-lite.com/image/cache/data/theme/Product%20Photos%20Master%20File/Backlight%20Illumination/High%20Illumination%20Series/BHLX3/whole-view_040725094606-850x1301_0.png,BHLX3 Series,main image id; zoom image; product photo path; product view; title match; image extension,,pending_download,
IOO-BHLX3-00-160X400-X-X-2,BHLX3-00-160X400-X-X,562,https://www.tms-lite.com/bhlx3-serie.html,C:\Users\cxsun\Documents\Codex\2026-05-18\tms-lite-com-ai\data\raw\html\www.tms-lite.com_bhlx3-serie.html_0caf9ba98f.html,https://www.tms-lite.com/image/cache/data/theme/Product%20Photos%20Master%20File/Backlight%20Illumination/High%20Illumination%20Series/BHLX3/whole-view_040725094606-850x1301_0.png,BHLX3 Series,main image id; zoom image; product photo path; product view; title match; image extension,,pending_download,
IOO-BHLX3-00-240X240-X-X-2,BHLX3-00-240X240-X-X,563,https://www.tms-lite.com/bhlx3-serie.html,C:\Users\cxsun\Documents\Codex\2026-05-18\tms-lite-com-ai\data\raw\html\www.tms-lite.com_bhlx3-serie.html_0caf9ba98f.html,https://www.tms-lite.com/image/cache/data/theme/Product%20Photos%20Master%20File/Backlight%20Illumination/High%20Illumination%20Series/BHLX3/whole-view_040725094606-850x1301_0.png,BHLX3 Series,main image id; zoom image; product photo path; product view; title match; image extension,,pending_download,
IOO-BHLX3-00-240X320-X-X-2,BHLX3-00-240X320-X-X,564,https://www.tms-lite.com/bhlx3-serie.html,C:\Users\cxsun\Documents\Codex\2026-05-18\tms-lite-com-ai\data\raw\html\www.tms-lite.com_bhlx3-serie.html_0caf9ba98f.html,https://www.tms-lite.com/image/cache/data/theme/Product%20Photos%20Master%20File/Backlight%20Illumination/High%20Illumination%20Series/BHLX3/whole-view_040725094606-850x1301_0.png,BHLX3 Series,main image id; zoom image; product photo path; product view; title match; image extension,,pending_download,
IOO-BHLX3-00-240X400-X-X-2,BHLX3-00-240X400-X-X,565,https://www.tms-lite.com/bhlx3-serie.html,C:\Users\cxsun\Documents\Codex\2026-05-18\tms-lite-com-ai\data\raw\html\www.tms-lite.com_bhlx3-serie.html_0caf9ba98f.html,https://www.tms-lite.com/image/cache/data/theme/Product%20Photos%20Master%20File/Backlight%20Illumination/High%20Illumination%20Series/BHLX3/whole-view_040725094606-850x1301_0.png,BHLX3 Series,main image id; zoom image; product photo path; product view; title match; image extension,,pending_download,
IOO-BHLX3-00-320X320-X-X-2,BHLX3-00-320X320-X-X,566,https://www.tms-lite.com/bhlx3-serie.html,C:\Users\cxsun\Documents\Codex\2026-05-18\tms-lite-com-ai\data\raw\html\www.tms-lite.com_bhlx3-serie.html_0caf9ba98f.html,https://www.tms-lite.com/image/cache/data/theme/Product%20Photos%20Master%20File/Backlight%20Illumination/High%20Illumination%20Series/BHLX3/whole-view_040725094606-850x1301_0.png,BHLX3 Series,main image id; zoom image; product photo path; product view; title match; image extension,,pending_download,
IOO-BHLX3-00-320X400-X-X-2,BHLX3-00-320X400-X-X,567,https://www.tms-lite.com/bhlx3-serie.html,C:\Users\cxsun\Documents\Codex\2026-05-18\tms-lite-com-ai\data\raw\html\www.tms-lite.com_bhlx3-serie.html_0caf9ba98f.html,https://www.tms-lite.com/image/cache/data/theme/Product%20Photos%20Master%20File/Backlight%20Illumination/High%20Illumination%20Series/BHLX3/whole-view_040725094606-850x1301_0.png,BHLX3 Series,main image id; zoom image; product photo path; product view; title match; image extension,,pending_download,
IOO-BHLX3-00-400X400-X-X-2,BHLX3-00-400X400-X-X,568,https://www.tms-lite.com/bhlx3-serie.html,C:\Users\cxsun\Documents\Codex\2026-05-18\tms-lite-com-ai\data\raw\html\www.tms-lite.com_bhlx3-serie.html_0caf9ba98f.html,https://www.tms-lite.com/image/cache/data/theme/Product%20Photos%20Master%20File/Backlight%20Illumination/High%20Illumination%20Series/BHLX3/whole-view_040725094606-850x1301_0.png,BHLX3 Series,main image id; zoom image; product photo path; product view; title match; image extension,,pending_download,
IOO-BHS4-00-025-X-X-2,BHS4-00-025-X-X,569,https://www.tms-lite.com/bhs4-serie.html,C:\Users\cxsun\Documents\Codex\2026-05-18\tms-lite-com-ai\data\raw\html\www.tms-lite.com_bhs4-serie.html_308cb0e3db.html,https://www.tms-lite.com/image/cache/data/theme/Product%20Photos%20Master%20File/Backlight%20Illumination/High%20Illumination%20Series/BHS4/whole-view_070725085748-850x1301_0.png,BHS4 Series,main image id; zoom image; product photo path; product view; title match; image extension,,pending_download,
IOO-BHS4-00-050-X-X-2,BHS4-00-050-X-X,570,https://www.tms-lite.com/bhs4-serie.html,C:\Users\cxsun\Documents\Codex\2026-05-18\tms-lite-com-ai\data\raw\html\www.tms-lite.com_bhs4-serie.html_308cb0e3db.html,https://www.tms-lite.com/image/cache/data/theme/Product%20Photos%20Master%20File/Backlight%20Illumination/High%20Illumination%20Series/BHS4/whole-view_070725085748-850x1301_0.png,BHS4 Series,main image id; zoom image; product photo path; product view; title match; image extension,,pending_download,
IOO-BHS4-00-075-X-X-2,BHS4-00-075-X-X,571,https://www.tms-lite.com/bhs4-serie.html,C:\Users\cxsun\Documents\Codex\2026-05-18\tms-lite-com-ai\data\raw\html\www.tms-lite.com_bhs4-serie.html_308cb0e3db.html,https://www.tms-lite.com/image/cache/data/theme/Product%20Photos%20Master%20File/Backlight%20Illumination/High%20Illumination%20Series/BHS4/whole-view_070725085748-850x1301_0.png,BHS4 Series,main image id; zoom image; product photo path; product view; title match; image extension,,pending_download,
IOO-BHS4-00-100-X-X-2,BHS4-00-100-X-X,572,https://www.tms-lite.com/bhs4-serie.html,C:\Users\cxsun\Documents\Codex\2026-05-18\tms-lite-com-ai\data\raw\html\www.tms-lite.com_bhs4-serie.html_308cb0e3db.html,https://www.tms-lite.com/image/cache/data/theme/Product%20Photos%20Master%20File/Backlight%20Illumination/High%20Illumination%20Series/BHS4/whole-view_070725085748-850x1301_0.png,BHS4 Series,main image id; zoom image; product photo path; product view; title match; image extension,,pending_download,
IOO-BHS4-00-030-X-X-2,BHS4-00-030-X-X,573,https://www.tms-lite.com/bhs4-serie.html,C:\Users\cxsun\Documents\Codex\2026-05-18\tms-lite-com-ai\data\raw\html\www.tms-lite.com_bhs4-serie.html_308cb0e3db.html,https://www.tms-lite.com/image/cache/data/theme/Product%20Photos%20Master%20File/Backlight%20Illumination/High%20Illumination%20Series/BHS4/whole-view_070725085748-850x1301_0.png,BHS4 Series,main image id; zoom image; product photo path; product view; title match; image extension,,pending_download,
IOO-BHS4-00-060-X-X-2,BHS4-00-060-X-X,574,https://www.tms-lite.com/bhs4-serie.html,C:\Users\cxsun\Documents\Codex\2026-05-18\tms-lite-com-ai\data\raw\html\www.tms-lite.com_bhs4-serie.html_308cb0e3db.html,https://www.tms-lite.com/image/cache/data/theme/Product%20Photos%20Master%20File/Backlight%20Illumination/High%20Illumination%20Series/BHS4/whole-view_070725085748-850x1301_0.png,BHS4 Series,main image id; zoom image; product photo path; product view; title match; image extension,,pending_download,
IOO-BHS4-00-090-X-X-2,BHS4-00-090-X-X,575,https://www.tms-lite.com/bhs4-serie.html,C:\Users\cxsun\Documents\Codex\2026-05-18\tms-lite-com-ai\data\raw\html\www.tms-lite.com_bhs4-serie.html_308cb0e3db.html,https://www.tms-lite.com/image/cache/data/theme/Product%20Photos%20Master%20File/Backlight%20Illumination/High%20Illumination%20Series/BHS4/whole-view_070725085748-850x1301_0.png,BHS4 Series,main image id; zoom image; product photo path; product view; title match; image extension,,pending_download,
IOO-BHS4-00-120-X-X-2,BHS4-00-120-X-X,576,https://www.tms-lite.com/bhs4-serie.html,C:\Users\cxsun\Documents\Codex\2026-05-18\tms-lite-com-ai\data\raw\html\www.tms-lite.com_bhs4-serie.html_308cb0e3db.html,https://www.tms-lite.com/image/cache/data/theme/Product%20Photos%20Master%20File/Backlight%20Illumination/High%20Illumination%20Series/BHS4/whole-view_070725085748-850x1301_0.png,BHS4 Series,main image id; zoom image; product photo path; product view; title match; image extension,,pending_download,
IOO-BHDQ-00-200-1-X,BHDQ-00-200-1-X,577,https://www.tms-lite.com/bhdq-serie.html,C:\Users\cxsun\Documents\Codex\2026-05-18\tms-lite-com-ai\data\raw\html\www.tms-lite.com_bhdq-serie.html_fcd678e5de.html,https://www.tms-lite.com/image/cache/data/theme/Product%20Photos%20Master%20File/Backlight%20Illumination/Side%20Illumination%20Series/BHDQ/whole-view_040725092651-850x1301_0.png,BHDQ Series,main image id; zoom image; product photo path; product view; title match; image extension,,pending_download,
IOO-BHD-00-070-1-X,BHD-00-070-1-X,578,https://www.tms-lite.com/bhd-serie.html,C:\Users\cxsun\Documents\Codex\2026-05-18\tms-lite-com-ai\data\raw\html\www.tms-lite.com_bhd-serie.html_2263711e99.html,https://www.tms-lite.com/image/cache/data/theme/Product%20Photos%20Master%20File/Backlight%20Illumination/Side%20Illumination%20Series/BHD/whole-view--1_040725091910-850x1301_0.png,BHD Series,main image id; zoom image; product photo path; product view; title match; image extension,,pending_download,
IOO-BHD-00-100-1-X,BHD-00-100-1-X,579,https://www.tms-lite.com/bhd-serie.html,C:\Users\cxsun\Documents\Codex\2026-05-18\tms-lite-com-ai\data\raw\html\www.tms-lite.com_bhd-serie.html_2263711e99.html,https://www.tms-lite.com/image/cache/data/theme/Product%20Photos%20Master%20File/Backlight%20Illumination/Side%20Illumination%20Series/BHD/whole-view--1_040725091910-850x1301_0.png,BHD Series,main image id; zoom image; product photo path; product view; title match; image extension,,pending_download,
IOO-BHD-00-100X80-1-X,BHD-00-100X80-1-X,580,https://www.tms-lite.com/bhd-serie.html,C:\Users\cxsun\Documents\Codex\2026-05-18\tms-lite-com-ai\data\raw\html\www.tms-lite.com_bhd-serie.html_2263711e99.html,https://www.tms-lite.com/image/cache/data/theme/Product%20Photos%20Master%20File/Backlight%20Illumination/Side%20Illumination%20Series/BHD/whole-view--1_040725091910-850x1301_0.png,BHD Series,main image id; zoom image; product photo path; product view; title match; image extension,,pending_download,
IOO-LBL3-00-100-X-X,LBL3-00-100-X-X,581,https://www.tms-lite.com/lbl3-serie.html,C:\Users\cxsun\Documents\Codex\2026-05-18\tms-lite-com-ai\data\raw\html\www.tms-lite.com_lbl3-serie.html_c8efdfbcf1.html,https://www.tms-lite.com/image/cache/data/theme/Product%20Photos%20Master%20File/Backlight%20Illumination/Line%20Illumination%20Series/LBL3/whole-view_080725091724-850x1301_0.png,LBL3 Series,main image id; zoom image; product photo path; product view; title match; image extension,,pending_download,
IOO-LBL3-00-200-X-X,LBL3-00-200-X-X,582,https://www.tms-lite.com/lbl3-serie.html,C:\Users\cxsun\Documents\Codex\2026-05-18\tms-lite-com-ai\data\raw\html\www.tms-lite.com_lbl3-serie.html_c8efdfbcf1.html,https://www.tms-lite.com/image/cache/data/theme/Product%20Photos%20Master%20File/Backlight%20Illumination/Line%20Illumination%20Series/LBL3/whole-view_080725091724-850x1301_0.png,LBL3 Series,main image id; zoom image; product photo path; product view; title match; image extension,,pending_download,
IOO-LBL3-00-300-X-X,LBL3-00-300-X-X,583,https://www.tms-lite.com/lbl3-serie.html,C:\Users\cxsun\Documents\Codex\2026-05-18\tms-lite-com-ai\data\raw\html\www.tms-lite.com_lbl3-serie.html_c8efdfbcf1.html,https://www.tms-lite.com/image/cache/data/theme/Product%20Photos%20Master%20File/Backlight%20Illumination/Line%20Illumination%20Series/LBL3/whole-view_080725091724-850x1301_0.png,LBL3 Series,main image id; zoom image; product photo path; product view; title match; image extension,,pending_download,
IOO-LBL3-00-400-X-X,LBL3-00-400-X-X,584,https://www.tms-lite.com/lbl3-serie.html,C:\Users\cxsun\Documents\Codex\2026-05-18\tms-lite-com-ai\data\raw\html\www.tms-lite.com_lbl3-serie.html_c8efdfbcf1.html,https://www.tms-lite.com/image/cache/data/theme/Product%20Photos%20Master%20File/Backlight%20Illumination/Line%20Illumination%20Series/LBL3/whole-view_080725091724-850x1301_0.png,LBL3 Series,main image id; zoom image; product photo path; product view; title match; image extension,,pending_download,
IOO-LBL3-00-500-X-X,LBL3-00-500-X-X,585,https://www.tms-lite.com/lbl3-serie.html,C:\Users\cxsun\Documents\Codex\2026-05-18\tms-lite-com-ai\data\raw\html\www.tms-lite.com_lbl3-serie.html_c8efdfbcf1.html,https://www.tms-lite.com/image/cache/data/theme/Product%20Photos%20Master%20File/Backlight%20Illumination/Line%20Illumination%20Series/LBL3/whole-view_080725091724-850x1301_0.png,LBL3 Series,main image id; zoom image; product photo path; product view; title match; image extension,,pending_download,
IOO-LBL3-00-600-X-X,LBL3-00-600-X-X,586,https://www.tms-lite.com/lbl3-serie.html,C:\Users\cxsun\Documents\Codex\2026-05-18\tms-lite-com-ai\data\raw\html\www.tms-lite.com_lbl3-serie.html_c8efdfbcf1.html,https://www.tms-lite.com/image/cache/data/theme/Product%20Photos%20Master%20File/Backlight%20Illumination/Line%20Illumination%20Series/LBL3/whole-view_080725091724-850x1301_0.png,LBL3 Series,main image id; zoom image; product photo path; product view; title match; image extension,,pending_download,
IOO-LBL3-00-700-X-X,LBL3-00-700-X-X,587,https://www.tms-lite.com/lbl3-serie.html,C:\Users\cxsun\Documents\Codex\2026-05-18\tms-lite-com-ai\data\raw\html\www.tms-lite.com_lbl3-serie.html_c8efdfbcf1.html,https://www.tms-lite.com/image/cache/data/theme/Product%20Photos%20Master%20File/Backlight%20Illumination/Line%20Illumination%20Series/LBL3/whole-view_080725091724-850x1301_0.png,LBL3 Series,main image id; zoom image; product photo path; product view; title match; image extension,,pending_download,
IOO-LBL3-00-800-X-X,LBL3-00-800-X-X,588,https://www.tms-lite.com/lbl3-serie.html,C:\Users\cxsun\Documents\Codex\2026-05-18\tms-lite-com-ai\data\raw\html\www.tms-lite.com_lbl3-serie.html_c8efdfbcf1.html,https://www.tms-lite.com/image/cache/data/theme/Product%20Photos%20Master%20File/Backlight%20Illumination/Line%20Illumination%20Series/LBL3/whole-view_080725091724-850x1301_0.png,LBL3 Series,main image id; zoom image; product photo path; product view; title match; image extension,,pending_download,
IOO-LBL3-00-900-X-X,LBL3-00-900-X-X,589,https://www.tms-lite.com/lbl3-serie.html,C:\Users\cxsun\Documents\Codex\2026-05-18\tms-lite-com-ai\data\raw\html\www.tms-lite.com_lbl3-serie.html_c8efdfbcf1.html,https://www.tms-lite.com/image/cache/data/theme/Product%20Photos%20Master%20File/Backlight%20Illumination/Line%20Illumination%20Series/LBL3/whole-view_080725091724-850x1301_0.png,LBL3 Series,main image id; zoom image; product photo path; product view; title match; image extension,,pending_download,
IOO-LBL3-00-1000-X-X,LBL3-00-1000-X-X,590,https://www.tms-lite.com/lbl3-serie.html,C:\Users\cxsun\Documents\Codex\2026-05-18\tms-lite-com-ai\data\raw\html\www.tms-lite.com_lbl3-serie.html_c8efdfbcf1.html,https://www.tms-lite.com/image/cache/data/theme/Product%20Photos%20Master%20File/Backlight%20Illumination/Line%20Illumination%20Series/LBL3/whole-view_080725091724-850x1301_0.png,LBL3 Series,main image id; zoom image; product photo path; product view; title match; image extension,,pending_download,
IOO-F-DXX-070-1-RGBW,F-DXX-070-1-RGBW,591,https://www.tms-lite.com/dlc-dlf-dls-45-60-dla-dlp-dlg-series.html,C:\Users\cxsun\Documents\Codex\2026-05-18\tms-lite-com-ai\data\raw\html\www.tms-lite.com_dlc-dlf-dls-45-60-dla-dlp-dlg-series.html_493a1920c8.html,https://www.tms-lite.com/image/cache/data/theme/Product%20Photos%20Master%20File_bk081021/Diffused%20Illumination/Diffused%20Illumination%20Square_Angular%20Series/f-dxx_200324114336-850x1301_0.png,F-DXX SERIES ( SQUARE ),main image id; zoom image; product photo path; title match; image extension,,pending_download,
IOO-F-DLC3-00-070-DIFFUSER,(F-DLC3-00-070-DIFFUSER),592,https://www.tms-lite.com/dlc-dlf-dls-45-60-dla-dlp-dlg-series.html,C:\Users\cxsun\Documents\Codex\2026-05-18\tms-lite-com-ai\data\raw\html\www.tms-lite.com_dlc-dlf-dls-45-60-dla-dlp-dlg-series.html_493a1920c8.html,https://www.tms-lite.com/image/cache/data/theme/Product%20Photos%20Master%20File_bk081021/Diffused%20Illumination/Diffused%20Illumination%20Square_Angular%20Series/f-dxx_200324114336-850x1301_0.png,F-DXX SERIES ( SQUARE ),main image id; zoom image; product photo path; title match; image extension,,pending_download,
IOO-F-DLS4-45-070-DIFFUSER,(F-DLS4-45-070-DIFFUSER),593,https://www.tms-lite.com/dlc-dlf-dls-45-60-dla-dlp-dlg-series.html,C:\Users\cxsun\Documents\Codex\2026-05-18\tms-lite-com-ai\data\raw\html\www.tms-lite.com_dlc-dlf-dls-45-60-dla-dlp-dlg-series.html_493a1920c8.html,https://www.tms-lite.com/image/cache/data/theme/Product%20Photos%20Master%20File_bk081021/Diffused%20Illumination/Diffused%20Illumination%20Square_Angular%20Series/f-dxx_200324114336-850x1301_0.png,F-DXX SERIES ( SQUARE ),main image id; zoom image; product photo path; title match; image extension,,pending_download,
IOO-F-DLS4-60-070-DIFFUSER,(F-DLS4-60-070-DIFFUSER),594,https://www.tms-lite.com/dlc-dlf-dls-45-60-dla-dlp-dlg-series.html,C:\Users\cxsun\Documents\Codex\2026-05-18\tms-lite-com-ai\data\raw\html\www.tms-lite.com_dlc-dlf-dls-45-60-dla-dlp-dlg-series.html_493a1920c8.html,https://www.tms-lite.com/image/cache/data/theme/Product%20Photos%20Master%20File_bk081021/Diffused%20Illumination/Diffused%20Illumination%20Square_Angular%20Series/f-dxx_200324114336-850x1301_0.png,F-DXX SERIES ( SQUARE ),main image id; zoom image; product photo path; title match; image extension,,pending_download,
IOO-F-DLF5-90-070-DIFFUSER,(F-DLF5-90-070-DIFFUSER),595,https://www.tms-lite.com/dlc-dlf-dls-45-60-dla-dlp-dlg-series.html,C:\Users\cxsun\Documents\Codex\2026-05-18\tms-lite-com-ai\data\raw\html\www.tms-lite.com_dlc-dlf-dls-45-60-dla-dlp-dlg-series.html_493a1920c8.html,https://www.tms-lite.com/image/cache/data/theme/Product%20Photos%20Master%20File_bk081021/Diffused%20Illumination/Diffused%20Illumination%20Square_Angular%20Series/f-dxx_200324114336-850x1301_0.png,F-DXX SERIES ( SQUARE ),main image id; zoom image; product photo path; title match; image extension,,pending_download,
IOO-F-DXX-100-1-RGBW,F-DXX-100-1-RGBW,596,https://www.tms-lite.com/dlc-dlf-dls-45-60-dla-dlp-dlg-series.html,C:\Users\cxsun\Documents\Codex\2026-05-18\tms-lite-com-ai\data\raw\html\www.tms-lite.com_dlc-dlf-dls-45-60-dla-dlp-dlg-series.html_493a1920c8.html,https://www.tms-lite.com/image/cache/data/theme/Product%20Photos%20Master%20File_bk081021/Diffused%20Illumination/Diffused%20Illumination%20Square_Angular%20Series/f-dxx_200324114336-850x1301_0.png,F-DXX SERIES ( SQUARE ),main image id; zoom image; product photo path; title match; image extension,,pending_download,
IOO-F-DLC3-00-100-DIFFUSER,(F-DLC3-00-100-DIFFUSER),597,https://www.tms-lite.com/dlc-dlf-dls-45-60-dla-dlp-dlg-series.html,C:\Users\cxsun\Documents\Codex\2026-05-18\tms-lite-com-ai\data\raw\html\www.tms-lite.com_dlc-dlf-dls-45-60-dla-dlp-dlg-series.html_493a1920c8.html,https://www.tms-lite.com/image/cache/data/theme/Product%20Photos%20Master%20File_bk081021/Diffused%20Illumination/Diffused%20Illumination%20Square_Angular%20Series/f-dxx_200324114336-850x1301_0.png,F-DXX SERIES ( SQUARE ),main image id; zoom image; product photo path; title match; image extension,,pending_download,
IOO-F-DLS4-45-100-DIFFUSER,(F-DLS4-45-100-DIFFUSER),598,https://www.tms-lite.com/dlc-dlf-dls-45-60-dla-dlp-dlg-series.html,C:\Users\cxsun\Documents\Codex\2026-05-18\tms-lite-com-ai\data\raw\html\www.tms-lite.com_dlc-dlf-dls-45-60-dla-dlp-dlg-series.html_493a1920c8.html,https://www.tms-lite.com/image/cache/data/theme/Product%20Photos%20Master%20File_bk081021/Diffused%20Illumination/Diffused%20Illumination%20Square_Angular%20Series/f-dxx_200324114336-850x1301_0.png,F-DXX SERIES ( SQUARE ),main image id; zoom image; product photo path; title match; image extension,,pending_download,
IOO-F-DLS4-60-100-DIFFUSER,(F-DLS4-60-100-DIFFUSER),599,https://www.tms-lite.com/dlc-dlf-dls-45-60-dla-dlp-dlg-series.html,C:\Users\cxsun\Documents\Codex\2026-05-18\tms-lite-com-ai\data\raw\html\www.tms-lite.com_dlc-dlf-dls-45-60-dla-dlp-dlg-series.html_493a1920c8.html,https://www.tms-lite.com/image/cache/data/theme/Product%20Photos%20Master%20File_bk081021/Diffused%20Illumination/Diffused%20Illumination%20Square_Angular%20Series/f-dxx_200324114336-850x1301_0.png,F-DXX SERIES ( SQUARE ),main image id; zoom image; product photo path; title match; image extension,,pending_download,
IOO-F-DLF5-90-100-DIFFUSER,(F-DLF5-90-100-DIFFUSER),600,https://www.tms-lite.com/dlc-dlf-dls-45-60-dla-dlp-dlg-series.html,C:\Users\cxsun\Documents\Codex\2026-05-18\tms-lite-com-ai\data\raw\html\www.tms-lite.com_dlc-dlf-dls-45-60-dla-dlp-dlg-series.html_493a1920c8.html,https://www.tms-lite.com/image/cache/data/theme/Product%20Photos%20Master%20File_bk081021/Diffused%20Illumination/Diffused%20Illumination%20Square_Angular%20Series/f-dxx_200324114336-850x1301_0.png,F-DXX SERIES ( SQUARE ),main image id; zoom image; product photo path; title match; image extension,,pending_download,
IOO-F-DXX-120-1-RGBW,F-DXX-120-1-RGBW,601,https://www.tms-lite.com/dlc-dlf-dls-45-60-dla-dlp-dlg-series.html,C:\Users\cxsun\Documents\Codex\2026-05-18\tms-lite-com-ai\data\raw\html\www.tms-lite.com_dlc-dlf-dls-45-60-dla-dlp-dlg-series.html_493a1920c8.html,https://www.tms-lite.com/image/cache/data/theme/Product%20Photos%20Master%20File_bk081021/Diffused%20Illumination/Diffused%20Illumination%20Square_Angular%20Series/f-dxx_200324114336-850x1301_0.png,F-DXX SERIES ( SQUARE ),main image id; zoom image; product photo path; title match; image extension,,pending_download,
IOO-F-DLC3-00-120-DIFFUSER,(F-DLC3-00-120-DIFFUSER),602,https://www.tms-lite.com/dlc-dlf-dls-45-60-dla-dlp-dlg-series.html,C:\Users\cxsun\Documents\Codex\2026-05-18\tms-lite-com-ai\data\raw\html\www.tms-lite.com_dlc-dlf-dls-45-60-dla-dlp-dlg-series.html_493a1920c8.html,https://www.tms-lite.com/image/cache/data/theme/Product%20Photos%20Master%20File_bk081021/Diffused%20Illumination/Diffused%20Illumination%20Square_Angular%20Series/f-dxx_200324114336-850x1301_0.png,F-DXX SERIES ( SQUARE ),main image id; zoom image; product photo path; title match; image extension,,pending_download,
IOO-F-DLS4-45-120-DIFFUSER,(F-DLS4-45-120-DIFFUSER),603,https://www.tms-lite.com/dlc-dlf-dls-45-60-dla-dlp-dlg-series.html,C:\Users\cxsun\Documents\Codex\2026-05-18\tms-lite-com-ai\data\raw\html\www.tms-lite.com_dlc-dlf-dls-45-60-dla-dlp-dlg-series.html_493a1920c8.html,https://www.tms-lite.com/image/cache/data/theme/Product%20Photos%20Master%20File_bk081021/Diffused%20Illumination/Diffused%20Illumination%20Square_Angular%20Series/f-dxx_200324114336-850x1301_0.png,F-DXX SERIES ( SQUARE ),main image id; zoom image; product photo path; title match; image extension,,pending_download,
IOO-F-DLS4-60-120-DIFFUSER,(F-DLS4-60-120-DIFFUSER),604,https://www.tms-lite.com/dlc-dlf-dls-45-60-dla-dlp-dlg-series.html,C:\Users\cxsun\Documents\Codex\2026-05-18\tms-lite-com-ai\data\raw\html\www.tms-lite.com_dlc-dlf-dls-45-60-dla-dlp-dlg-series.html_493a1920c8.html,https://www.tms-lite.com/image/cache/data/theme/Product%20Photos%20Master%20File_bk081021/Diffused%20Illumination/Diffused%20Illumination%20Square_Angular%20Series/f-dxx_200324114336-850x1301_0.png,F-DXX SERIES ( SQUARE ),main image id; zoom image; product photo path; title match; image extension,,pending_download,
IOO-F-DLF5-90-120-DIFFUSER,(F-DLF5-90-120-DIFFUSER),605,https://www.tms-lite.com/dlc-dlf-dls-45-60-dla-dlp-dlg-series.html,C:\Users\cxsun\Documents\Codex\2026-05-18\tms-lite-com-ai\data\raw\html\www.tms-lite.com_dlc-dlf-dls-45-60-dla-dlp-dlg-series.html_493a1920c8.html,https://www.tms-lite.com/image/cache/data/theme/Product%20Photos%20Master%20File_bk081021/Diffused%20Illumination/Diffused%20Illumination%20Square_Angular%20Series/f-dxx_200324114336-850x1301_0.png,F-DXX SERIES ( SQUARE ),main image id; zoom image; product photo path; title match; image extension,,pending_download,
IOO-F-DLP-90-100-1-RGBW,F-DLP-90-100-1-RGBW,606,https://www.tms-lite.com/dlc-dlf-dls-45-60-dla-dlp-dlg-series.html,C:\Users\cxsun\Documents\Codex\2026-05-18\tms-lite-com-ai\data\raw\html\www.tms-lite.com_dlc-dlf-dls-45-60-dla-dlp-dlg-series.html_493a1920c8.html,https://www.tms-lite.com/image/cache/data/theme/Product%20Photos%20Master%20File_bk081021/Diffused%20Illumination/Diffused%20Illumination%20Square_Angular%20Series/f-dxx_200324114336-850x1301_0.png,F-DXX SERIES ( SQUARE ),main image id; zoom image; product photo path; title match; image extension,,pending_download,
IOO-F-DLG-00-100-1-RGBW,F-DLG-00-100-1-RGBW,607,https://www.tms-lite.com/dlc-dlf-dls-45-60-dla-dlp-dlg-series.html,C:\Users\cxsun\Documents\Codex\2026-05-18\tms-lite-com-ai\data\raw\html\www.tms-lite.com_dlc-dlf-dls-45-60-dla-dlp-dlg-series.html_493a1920c8.html,https://www.tms-lite.com/image/cache/data/theme/Product%20Photos%20Master%20File_bk081021/Diffused%20Illumination/Diffused%20Illumination%20Square_Angular%20Series/f-dxx_200324114336-850x1301_0.png,F-DXX SERIES ( SQUARE ),main image id; zoom image; product photo path; title match; image extension,,pending_download,
IOO-F-DLA2-00-070-DIFFUSER,(F-DLA2-00-070-DIFFUSER),608,https://www.tms-lite.com/dlc-dlf-dls-45-60-dla-dlp-dlg-series.html,C:\Users\cxsun\Documents\Codex\2026-05-18\tms-lite-com-ai\data\raw\html\www.tms-lite.com_dlc-dlf-dls-45-60-dla-dlp-dlg-series.html_493a1920c8.html,https://www.tms-lite.com/image/cache/data/theme/Product%20Photos%20Master%20File_bk081021/Diffused%20Illumination/Diffused%20Illumination%20Square_Angular%20Series/f-dxx_200324114336-850x1301_0.png,F-DXX SERIES ( SQUARE ),main image id; zoom image; product photo path; title match; image extension,,pending_download,
IOO-F-DLA2-00-100-DIFFUSER,(F-DLA2-00-100-DIFFUSER),609,https://www.tms-lite.com/dlc-dlf-dls-45-60-dla-dlp-dlg-series.html,C:\Users\cxsun\Documents\Codex\2026-05-18\tms-lite-com-ai\data\raw\html\www.tms-lite.com_dlc-dlf-dls-45-60-dla-dlp-dlg-series.html_493a1920c8.html,https://www.tms-lite.com/image/cache/data/theme/Product%20Photos%20Master%20File_bk081021/Diffused%20Illumination/Diffused%20Illumination%20Square_Angular%20Series/f-dxx_200324114336-850x1301_0.png,F-DXX SERIES ( SQUARE ),main image id; zoom image; product photo path; title match; image extension,,pending_download,
IOO-DFR4-00-050-1-X,DFR4-00-050-1-X,610,https://www.tms-lite.com/dfr4-serie.html,C:\Users\cxsun\Documents\Codex\2026-05-18\tms-lite-com-ai\data\raw\html\www.tms-lite.com_dfr4-serie.html_bef8774455.html,https://www.tms-lite.com/image/cache/data/theme/Product%20Photos%20Master%20File/Diffused%20Illumination/Diffused%20Illumination%20Ring%20Series/DFR4/New/dfr4_110725110347-850x1301_0.png,DFR4 Series,main image id; zoom image; product photo path; title match; image extension,,pending_download,
IOO-DFR4-00-080-1-X,DFR4-00-080-1-X,611,https://www.tms-lite.com/dfr4-serie.html,C:\Users\cxsun\Documents\Codex\2026-05-18\tms-lite-com-ai\data\raw\html\www.tms-lite.com_dfr4-serie.html_bef8774455.html,https://www.tms-lite.com/image/cache/data/theme/Product%20Photos%20Master%20File/Diffused%20Illumination/Diffused%20Illumination%20Ring%20Series/DFR4/New/dfr4_110725110347-850x1301_0.png,DFR4 Series,main image id; zoom image; product photo path; title match; image extension,,pending_download,
IOO-DFR4-00-100-1-X,DFR4-00-100-1-X,612,https://www.tms-lite.com/dfr4-serie.html,C:\Users\cxsun\Documents\Codex\2026-05-18\tms-lite-com-ai\data\raw\html\www.tms-lite.com_dfr4-serie.html_bef8774455.html,https://www.tms-lite.com/image/cache/data/theme/Product%20Photos%20Master%20File/Diffused%20Illumination/Diffused%20Illumination%20Ring%20Series/DFR4/New/dfr4_110725110347-850x1301_0.png,DFR4 Series,main image id; zoom image; product photo path; title match; image extension,,pending_download,
IOO-DFR4-00-130-1-X,DFR4-00-130-1-X,613,https://www.tms-lite.com/dfr4-serie.html,C:\Users\cxsun\Documents\Codex\2026-05-18\tms-lite-com-ai\data\raw\html\www.tms-lite.com_dfr4-serie.html_bef8774455.html,https://www.tms-lite.com/image/cache/data/theme/Product%20Photos%20Master%20File/Diffused%20Illumination/Diffused%20Illumination%20Ring%20Series/DFR4/New/dfr4_110725110347-850x1301_0.png,DFR4 Series,main image id; zoom image; product photo path; title match; image extension,,pending_download,
IOO-DFR4-15-080-1-X,DFR4-15-080-1-X,614,https://www.tms-lite.com/dfr4-serie.html,C:\Users\cxsun\Documents\Codex\2026-05-18\tms-lite-com-ai\data\raw\html\www.tms-lite.com_dfr4-serie.html_bef8774455.html,https://www.tms-lite.com/image/cache/data/theme/Product%20Photos%20Master%20File/Diffused%20Illumination/Diffused%20Illumination%20Ring%20Series/DFR4/New/dfr4_110725110347-850x1301_0.png,DFR4 Series,main image id; zoom image; product photo path; title match; image extension,,pending_download,
IOO-DFR4-15-100-1-X,DFR4-15-100-1-X,615,https://www.tms-lite.com/dfr4-serie.html,C:\Users\cxsun\Documents\Codex\2026-05-18\tms-lite-com-ai\data\raw\html\www.tms-lite.com_dfr4-serie.html_bef8774455.html,https://www.tms-lite.com/image/cache/data/theme/Product%20Photos%20Master%20File/Diffused%20Illumination/Diffused%20Illumination%20Ring%20Series/DFR4/New/dfr4_110725110347-850x1301_0.png,DFR4 Series,main image id; zoom image; product photo path; title match; image extension,,pending_download,
IOO-DFR4-15-130-1-X,DFR4-15-130-1-X,616,https://www.tms-lite.com/dfr4-serie.html,C:\Users\cxsun\Documents\Codex\2026-05-18\tms-lite-com-ai\data\raw\html\www.tms-lite.com_dfr4-serie.html_bef8774455.html,https://www.tms-lite.com/image/cache/data/theme/Product%20Photos%20Master%20File/Diffused%20Illumination/Diffused%20Illumination%20Ring%20Series/DFR4/New/dfr4_110725110347-850x1301_0.png,DFR4 Series,main image id; zoom image; product photo path; title match; image extension,,pending_download,
IOO-DFR4-30-050-1-X,DFR4-30-050-1-X,617,https://www.tms-lite.com/dfr4-serie.html,C:\Users\cxsun\Documents\Codex\2026-05-18\tms-lite-com-ai\data\raw\html\www.tms-lite.com_dfr4-serie.html_bef8774455.html,https://www.tms-lite.com/image/cache/data/theme/Product%20Photos%20Master%20File/Diffused%20Illumination/Diffused%20Illumination%20Ring%20Series/DFR4/New/dfr4_110725110347-850x1301_0.png,DFR4 Series,main image id; zoom image; product photo path; title match; image extension,,pending_download,
IOO-DFR4-30-080-1-X,DFR4-30-080-1-X,618,https://www.tms-lite.com/dfr4-serie.html,C:\Users\cxsun\Documents\Codex\2026-05-18\tms-lite-com-ai\data\raw\html\www.tms-lite.com_dfr4-serie.html_bef8774455.html,https://www.tms-lite.com/image/cache/data/theme/Product%20Photos%20Master%20File/Diffused%20Illumination/Diffused%20Illumination%20Ring%20Series/DFR4/New/dfr4_110725110347-850x1301_0.png,DFR4 Series,main image id; zoom image; product photo path; title match; image extension,,pending_download,
IOO-DFR4-30-100-1-X,DFR4-30-100-1-X,619,https://www.tms-lite.com/dfr4-serie.html,C:\Users\cxsun\Documents\Codex\2026-05-18\tms-lite-com-ai\data\raw\html\www.tms-lite.com_dfr4-serie.html_bef8774455.html,https://www.tms-lite.com/image/cache/data/theme/Product%20Photos%20Master%20File/Diffused%20Illumination/Diffused%20Illumination%20Ring%20Series/DFR4/New/dfr4_110725110347-850x1301_0.png,DFR4 Series,main image id; zoom image; product photo path; title match; image extension,,pending_download,
IOO-DFR4-30-130-1-X,DFR4-30-130-1-X,620,https://www.tms-lite.com/dfr4-serie.html,C:\Users\cxsun\Documents\Codex\2026-05-18\tms-lite-com-ai\data\raw\html\www.tms-lite.com_dfr4-serie.html_bef8774455.html,https://www.tms-lite.com/image/cache/data/theme/Product%20Photos%20Master%20File/Diffused%20Illumination/Diffused%20Illumination%20Ring%20Series/DFR4/New/dfr4_110725110347-850x1301_0.png,DFR4 Series,main image id; zoom image; product photo path; title match; image extension,,pending_download,
IOO-DLC3-00-070-1-X,DLC3-00-070-1-X,621,https://www.tms-lite.com/dlc3-series.html,C:\Users\cxsun\Documents\Codex\2026-05-18\tms-lite-com-ai\data\raw\html\www.tms-lite.com_dlc3-series.html_a4cac0071b.html,https://www.tms-lite.com/image/cache/data/theme/Product%20Photos%20Master%20File/Diffused%20Illumination/Diffused%20Illumination%20Square_Angular%20Series/DLC/dlc-series_140622165029-850x1301_0.png,DLC3 Series,main image id; zoom image; product photo path; title match; image extension,,pending_download,
IOO-DLC3-00-100-1-X,DLC3-00-100-1-X,622,https://www.tms-lite.com/dlc3-series.html,C:\Users\cxsun\Documents\Codex\2026-05-18\tms-lite-com-ai\data\raw\html\www.tms-lite.com_dlc3-series.html_a4cac0071b.html,https://www.tms-lite.com/image/cache/data/theme/Product%20Photos%20Master%20File/Diffused%20Illumination/Diffused%20Illumination%20Square_Angular%20Series/DLC/dlc-series_140622165029-850x1301_0.png,DLC3 Series,main image id; zoom image; product photo path; title match; image extension,,pending_download,
IOO-DLC3-00-120-1-X,DLC3-00-120-1-X,623,https://www.tms-lite.com/dlc3-series.html,C:\Users\cxsun\Documents\Codex\2026-05-18\tms-lite-com-ai\data\raw\html\www.tms-lite.com_dlc3-series.html_a4cac0071b.html,https://www.tms-lite.com/image/cache/data/theme/Product%20Photos%20Master%20File/Diffused%20Illumination/Diffused%20Illumination%20Square_Angular%20Series/DLC/dlc-series_140622165029-850x1301_0.png,DLC3 Series,main image id; zoom image; product photo path; title match; image extension,,pending_download,
IOO-DLC3-00-070-1-RGBW,DLC3-00-070-1-RGBW,624,https://www.tms-lite.com/dlc3-series.html,C:\Users\cxsun\Documents\Codex\2026-05-18\tms-lite-com-ai\data\raw\html\www.tms-lite.com_dlc3-series.html_a4cac0071b.html,https://www.tms-lite.com/image/cache/data/theme/Product%20Photos%20Master%20File/Diffused%20Illumination/Diffused%20Illumination%20Square_Angular%20Series/DLC/dlc-series_140622165029-850x1301_0.png,DLC3 Series,main image id; zoom image; product photo path; title match; image extension,,pending_download,
IOO-DLC3-00-100-1-RGBW,DLC3-00-100-1-RGBW,625,https://www.tms-lite.com/dlc3-series.html,C:\Users\cxsun\Documents\Codex\2026-05-18\tms-lite-com-ai\data\raw\html\www.tms-lite.com_dlc3-series.html_a4cac0071b.html,https://www.tms-lite.com/image/cache/data/theme/Product%20Photos%20Master%20File/Diffused%20Illumination/Diffused%20Illumination%20Square_Angular%20Series/DLC/dlc-series_140622165029-850x1301_0.png,DLC3 Series,main image id; zoom image; product photo path; title match; image extension,,pending_download,
IOO-DLC3-00-120-1-RGBW,DLC3-00-120-1-RGBW,626,https://www.tms-lite.com/dlc3-series.html,C:\Users\cxsun\Documents\Codex\2026-05-18\tms-lite-com-ai\data\raw\html\www.tms-lite.com_dlc3-series.html_a4cac0071b.html,https://www.tms-lite.com/image/cache/data/theme/Product%20Photos%20Master%20File/Diffused%20Illumination/Diffused%20Illumination%20Square_Angular%20Series/DLC/dlc-series_140622165029-850x1301_0.png,DLC3 Series,main image id; zoom image; product photo path; title match; image extension,,pending_download,
IOO-DLF2-90-050-1-X,DLF2-90-050-1-X,627,https://www.tms-lite.com/dlf2-serie.html,C:\Users\cxsun\Documents\Codex\2026-05-18\tms-lite-com-ai\data\raw\html\www.tms-lite.com_dlf2-serie.html_cb1c5dff7a.html,https://www.tms-lite.com/image/cache/data/theme/Product%20Photos%20Master%20File/Diffused%20Illumination/Diffused%20Illumination%20Square_Angular%20Series/DLF2%20and%20DLF3/dlf2-series_140622165146-850x1301_0.png,DLF2 Series,main image id; zoom image; product photo path; title match; image extension,,pending_download,
IOO-DLF2-90-070-1-X,DLF2-90-070-1-X,628,https://www.tms-lite.com/dlf2-serie.html,C:\Users\cxsun\Documents\Codex\2026-05-18\tms-lite-com-ai\data\raw\html\www.tms-lite.com_dlf2-serie.html_cb1c5dff7a.html,https://www.tms-lite.com/image/cache/data/theme/Product%20Photos%20Master%20File/Diffused%20Illumination/Diffused%20Illumination%20Square_Angular%20Series/DLF2%20and%20DLF3/dlf2-series_140622165146-850x1301_0.png,DLF2 Series,main image id; zoom image; product photo path; title match; image extension,,pending_download,
IOO-DLF2-90-100-1-X,DLF2-90-100-1-X,629,https://www.tms-lite.com/dlf2-serie.html,C:\Users\cxsun\Documents\Codex\2026-05-18\tms-lite-com-ai\data\raw\html\www.tms-lite.com_dlf2-serie.html_cb1c5dff7a.html,https://www.tms-lite.com/image/cache/data/theme/Product%20Photos%20Master%20File/Diffused%20Illumination/Diffused%20Illumination%20Square_Angular%20Series/DLF2%20and%20DLF3/dlf2-series_140622165146-850x1301_0.png,DLF2 Series,main image id; zoom image; product photo path; title match; image extension,,pending_download,
IOO-DLQ2-90-030-1-X,DLQ2-90-030-1-X,630,https://www.tms-lite.com/dlq2-serie.html,C:\Users\cxsun\Documents\Codex\2026-05-18\tms-lite-com-ai\data\raw\html\www.tms-lite.com_dlq2-serie.html_035810ba29.html,https://www.tms-lite.com/image/cache/data/theme/Product%20Photos%20Master%20File/Diffused%20Illumination/Diffused%20Illumination%20Square_Angular%20Series/DLQ2/old/dlq2-series_140622165253-850x1301_0.png,DLQ2 Series,main image id; zoom image; product photo path; title match; image extension,,pending_download,
IOO-DLQ2-90-050-1-X,DLQ2-90-050-1-X,631,https://www.tms-lite.com/dlq2-serie.html,C:\Users\cxsun\Documents\Codex\2026-05-18\tms-lite-com-ai\data\raw\html\www.tms-lite.com_dlq2-serie.html_035810ba29.html,https://www.tms-lite.com/image/cache/data/theme/Product%20Photos%20Master%20File/Diffused%20Illumination/Diffused%20Illumination%20Square_Angular%20Series/DLQ2/old/dlq2-series_140622165253-850x1301_0.png,DLQ2 Series,main image id; zoom image; product photo path; title match; image extension,,pending_download,
IOO-DLQ2-90-070-1-X,DLQ2-90-070-1-X,632,https://www.tms-lite.com/dlq2-serie.html,C:\Users\cxsun\Documents\Codex\2026-05-18\tms-lite-com-ai\data\raw\html\www.tms-lite.com_dlq2-serie.html_035810ba29.html,https://www.tms-lite.com/image/cache/data/theme/Product%20Photos%20Master%20File/Diffused%20Illumination/Diffused%20Illumination%20Square_Angular%20Series/DLQ2/old/dlq2-series_140622165253-850x1301_0.png,DLQ2 Series,main image id; zoom image; product photo path; title match; image extension,,pending_download,
IOO-DLQ2-90-100-1-X,DLQ2-90-100-1-X,633,https://www.tms-lite.com/dlq2-serie.html,C:\Users\cxsun\Documents\Codex\2026-05-18\tms-lite-com-ai\data\raw\html\www.tms-lite.com_dlq2-serie.html_035810ba29.html,https://www.tms-lite.com/image/cache/data/theme/Product%20Photos%20Master%20File/Diffused%20Illumination/Diffused%20Illumination%20Square_Angular%20Series/DLQ2/old/dlq2-series_140622165253-850x1301_0.png,DLQ2 Series,main image id; zoom image; product photo path; title match; image extension,,pending_download,
IOO-DLW2-60-070-1-X,DLW2-60-070-1-X,634,https://www.tms-lite.com/dlw2-serie.html,C:\Users\cxsun\Documents\Codex\2026-05-18\tms-lite-com-ai\data\raw\html\www.tms-lite.com_dlw2-serie.html_ef845f2845.html,https://www.tms-lite.com/image/cache/data/theme/Product%20Photos%20Master%20File/Diffused%20Illumination/Diffused%20Illumination%20Square_Angular%20Series/DLW2/dlw2-white_140622165111-850x1301_0.png,DLW2 Series,main image id; zoom image; product photo path; title match; image extension,,pending_download,
IOO-DLW2-60-100-1-X,DLW2-60-100-1-X,635,https://www.tms-lite.com/dlw2-serie.html,C:\Users\cxsun\Documents\Codex\2026-05-18\tms-lite-com-ai\data\raw\html\www.tms-lite.com_dlw2-serie.html_ef845f2845.html,https://www.tms-lite.com/image/cache/data/theme/Product%20Photos%20Master%20File/Diffused%20Illumination/Diffused%20Illumination%20Square_Angular%20Series/DLW2/dlw2-white_140622165111-850x1301_0.png,DLW2 Series,main image id; zoom image; product photo path; title match; image extension,,pending_download,
IOO-DLS2-60-050-1-X,DLS2-60-050-1-X,636,https://www.tms-lite.com/dls2-serie.html,C:\Users\cxsun\Documents\Codex\2026-05-18\tms-lite-com-ai\data\raw\html\www.tms-lite.com_dls2-serie.html_8657365dc2.html,https://www.tms-lite.com/image/cache/data/theme/Product%20Photos%20Master%20File/Diffused%20Illumination/Diffused%20Illumination%20Square_Angular%20Series/DLS2/dls2--white_140622165003-850x1301_0.png,DLS2 Series,main image id; zoom image; product photo path; title match; image extension,,pending_download,
IOO-DLS2-60-070-1-X,DLS2-60-070-1-X,637,https://www.tms-lite.com/dls2-serie.html,C:\Users\cxsun\Documents\Codex\2026-05-18\tms-lite-com-ai\data\raw\html\www.tms-lite.com_dls2-serie.html_8657365dc2.html,https://www.tms-lite.com/image/cache/data/theme/Product%20Photos%20Master%20File/Diffused%20Illumination/Diffused%20Illumination%20Square_Angular%20Series/DLS2/dls2--white_140622165003-850x1301_0.png,DLS2 Series,main image id; zoom image; product photo path; title match; image extension,,pending_download,
IOO-DLS2-60-100-1-X,DLS2-60-100-1-X,638,https://www.tms-lite.com/dls2-serie.html,C:\Users\cxsun\Documents\Codex\2026-05-18\tms-lite-com-ai\data\raw\html\www.tms-lite.com_dls2-serie.html_8657365dc2.html,https://www.tms-lite.com/image/cache/data/theme/Product%20Photos%20Master%20File/Diffused%20Illumination/Diffused%20Illumination%20Square_Angular%20Series/DLS2/dls2--white_140622165003-850x1301_0.png,DLS2 Series,main image id; zoom image; product photo path; title match; image extension,,pending_download,
IOO-DLR3-45-050-1-X,DLR3-45-050-1-X,639,https://www.tms-lite.com/dlr3-serie.html,C:\Users\cxsun\Documents\Codex\2026-05-18\tms-lite-com-ai\data\raw\html\www.tms-lite.com_dlr3-serie.html_d874c0fe32.html,https://www.tms-lite.com/image/cache/data/theme/Product%20Photos%20Master%20File/Diffused%20Illumination/Diffused%20Illumination%20Ring%20Series/DLR3/New/dlr3_110725112400-850x1301_0.png,DLR3 Series,main image id; zoom image; product photo path; title match; image extension,,pending_download,
IOO-DLR3-45-080-1-X,DLR3-45-080-1-X,640,https://www.tms-lite.com/dlr3-serie.html,C:\Users\cxsun\Documents\Codex\2026-05-18\tms-lite-com-ai\data\raw\html\www.tms-lite.com_dlr3-serie.html_d874c0fe32.html,https://www.tms-lite.com/image/cache/data/theme/Product%20Photos%20Master%20File/Diffused%20Illumination/Diffused%20Illumination%20Ring%20Series/DLR3/New/dlr3_110725112400-850x1301_0.png,DLR3 Series,main image id; zoom image; product photo path; title match; image extension,,pending_download,
IOO-DLR3-45-100-1-X,DLR3-45-100-1-X,641,https://www.tms-lite.com/dlr3-serie.html,C:\Users\cxsun\Documents\Codex\2026-05-18\tms-lite-com-ai\data\raw\html\www.tms-lite.com_dlr3-serie.html_d874c0fe32.html,https://www.tms-lite.com/image/cache/data/theme/Product%20Photos%20Master%20File/Diffused%20Illumination/Diffused%20Illumination%20Ring%20Series/DLR3/New/dlr3_110725112400-850x1301_0.png,DLR3 Series,main image id; zoom image; product photo path; title match; image extension,,pending_download,
IOO-DLR3-45-130-1-X,DLR3-45-130-1-X,642,https://www.tms-lite.com/dlr3-serie.html,C:\Users\cxsun\Documents\Codex\2026-05-18\tms-lite-com-ai\data\raw\html\www.tms-lite.com_dlr3-serie.html_d874c0fe32.html,https://www.tms-lite.com/image/cache/data/theme/Product%20Photos%20Master%20File/Diffused%20Illumination/Diffused%20Illumination%20Ring%20Series/DLR3/New/dlr3_110725112400-850x1301_0.png,DLR3 Series,main image id; zoom image; product photo path; title match; image extension,,pending_download,
IOO-DLR3-60-050-1-X,DLR3-60-050-1-X,643,https://www.tms-lite.com/dlr3-serie.html,C:\Users\cxsun\Documents\Codex\2026-05-18\tms-lite-com-ai\data\raw\html\www.tms-lite.com_dlr3-serie.html_d874c0fe32.html,https://www.tms-lite.com/image/cache/data/theme/Product%20Photos%20Master%20File/Diffused%20Illumination/Diffused%20Illumination%20Ring%20Series/DLR3/New/dlr3_110725112400-850x1301_0.png,DLR3 Series,main image id; zoom image; product photo path; title match; image extension,,pending_download,
IOO-DLR3-60-080-1-X,DLR3-60-080-1-X,644,https://www.tms-lite.com/dlr3-serie.html,C:\Users\cxsun\Documents\Codex\2026-05-18\tms-lite-com-ai\data\raw\html\www.tms-lite.com_dlr3-serie.html_d874c0fe32.html,https://www.tms-lite.com/image/cache/data/theme/Product%20Photos%20Master%20File/Diffused%20Illumination/Diffused%20Illumination%20Ring%20Series/DLR3/New/dlr3_110725112400-850x1301_0.png,DLR3 Series,main image id; zoom image; product photo path; title match; image extension,,pending_download,
IOO-DLR3-60-100-1-X,DLR3-60-100-1-X,645,https://www.tms-lite.com/dlr3-serie.html,C:\Users\cxsun\Documents\Codex\2026-05-18\tms-lite-com-ai\data\raw\html\www.tms-lite.com_dlr3-serie.html_d874c0fe32.html,https://www.tms-lite.com/image/cache/data/theme/Product%20Photos%20Master%20File/Diffused%20Illumination/Diffused%20Illumination%20Ring%20Series/DLR3/New/dlr3_110725112400-850x1301_0.png,DLR3 Series,main image id; zoom image; product photo path; title match; image extension,,pending_download,
IOO-DLR3-60-130-1-X,DLR3-60-130-1-X,646,https://www.tms-lite.com/dlr3-serie.html,C:\Users\cxsun\Documents\Codex\2026-05-18\tms-lite-com-ai\data\raw\html\www.tms-lite.com_dlr3-serie.html_d874c0fe32.html,https://www.tms-lite.com/image/cache/data/theme/Product%20Photos%20Master%20File/Diffused%20Illumination/Diffused%20Illumination%20Ring%20Series/DLR3/New/dlr3_110725112400-850x1301_0.png,DLR3 Series,main image id; zoom image; product photo path; title match; image extension,,pending_download,
IOO-DLR3-45-100-1-RGBW,DLR3-45-100-1-RGBW,647,https://www.tms-lite.com/dlr3-serie.html,C:\Users\cxsun\Documents\Codex\2026-05-18\tms-lite-com-ai\data\raw\html\www.tms-lite.com_dlr3-serie.html_d874c0fe32.html,https://www.tms-lite.com/image/cache/data/theme/Product%20Photos%20Master%20File/Diffused%20Illumination/Diffused%20Illumination%20Ring%20Series/DLR3/New/dlr3_110725112400-850x1301_0.png,DLR3 Series,main image id; zoom image; product photo path; title match; image extension,,pending_download,
IOO-DLR3-60-100-1-RGBW,DLR3-60-100-1-RGBW,648,https://www.tms-lite.com/dlr3-serie.html,C:\Users\cxsun\Documents\Codex\2026-05-18\tms-lite-com-ai\data\raw\html\www.tms-lite.com_dlr3-serie.html_d874c0fe32.html,https://www.tms-lite.com/image/cache/data/theme/Product%20Photos%20Master%20File/Diffused%20Illumination/Diffused%20Illumination%20Ring%20Series/DLR3/New/dlr3_110725112400-850x1301_0.png,DLR3 Series,main image id; zoom image; product photo path; title match; image extension,,pending_download,
IOO-LLAC-90-100-1-X,LLAC-90-100-1-X,649,https://www.tms-lite.com/iddc-llac-lswc-series.html,C:\Users\cxsun\Documents\Codex\2026-05-18\tms-lite-com-ai\data\raw\html\www.tms-lite.com_iddc-llac-lswc-series.html_5bd3adaa14.html,https://www.tms-lite.com/image/cache/data/theme/New%20Products/IDDC-LLAC-LSWC/New/iddc-lswc-llac_110725104252-850x1301_0.png,"IDDC, LLAC, LSWC, DLRC Series",main image id; zoom image; title match; image extension,,pending_download,
IOO-LLAC-90-070-1-X,LLAC-90-070-1-X,650,https://www.tms-lite.com/iddc-llac-lswc-series.html,C:\Users\cxsun\Documents\Codex\2026-05-18\tms-lite-com-ai\data\raw\html\www.tms-lite.com_iddc-llac-lswc-series.html_5bd3adaa14.html,https://www.tms-lite.com/image/cache/data/theme/New%20Products/IDDC-LLAC-LSWC/New/iddc-lswc-llac_110725104252-850x1301_0.png,"IDDC, LLAC, LSWC, DLRC Series",main image id; zoom image; title match; image extension,,pending_download,
IOO-LLAC-60-070-2-X,LLAC-60-070-2-X,651,https://www.tms-lite.com/iddc-llac-lswc-series.html,C:\Users\cxsun\Documents\Codex\2026-05-18\tms-lite-com-ai\data\raw\html\www.tms-lite.com_iddc-llac-lswc-series.html_5bd3adaa14.html,https://www.tms-lite.com/image/cache/data/theme/New%20Products/IDDC-LLAC-LSWC/New/iddc-lswc-llac_110725104252-850x1301_0.png,"IDDC, LLAC, LSWC, DLRC Series",main image id; zoom image; title match; image extension,,pending_download,
IOO-LSWC-15-050-2-X,LSWC-15-050-2-X,652,https://www.tms-lite.com/iddc-llac-lswc-series.html,C:\Users\cxsun\Documents\Codex\2026-05-18\tms-lite-com-ai\data\raw\html\www.tms-lite.com_iddc-llac-lswc-series.html_5bd3adaa14.html,https://www.tms-lite.com/image/cache/data/theme/New%20Products/IDDC-LLAC-LSWC/New/iddc-lswc-llac_110725104252-850x1301_0.png,"IDDC, LLAC, LSWC, DLRC Series",main image id; zoom image; title match; image extension,,pending_download,
IOO-IDDC-00-080-9-RGB,IDDC-00-080-9-RGB,653,https://www.tms-lite.com/iddc-llac-lswc-series.html,C:\Users\cxsun\Documents\Codex\2026-05-18\tms-lite-com-ai\data\raw\html\www.tms-lite.com_iddc-llac-lswc-series.html_5bd3adaa14.html,https://www.tms-lite.com/image/cache/data/theme/New%20Products/IDDC-LLAC-LSWC/New/iddc-lswc-llac_110725104252-850x1301_0.png,"IDDC, LLAC, LSWC, DLRC Series",main image id; zoom image; title match; image extension,,pending_download,
IOO-DLRC-60-130-1-X-24V,DLRC-60-130-1-X-24V,654,https://www.tms-lite.com/iddc-llac-lswc-series.html,C:\Users\cxsun\Documents\Codex\2026-05-18\tms-lite-com-ai\data\raw\html\www.tms-lite.com_iddc-llac-lswc-series.html_5bd3adaa14.html,https://www.tms-lite.com/image/cache/data/theme/New%20Products/IDDC-LLAC-LSWC/New/iddc-lswc-llac_110725104252-850x1301_0.png,"IDDC, LLAC, LSWC, DLRC Series",main image id; zoom image; title match; image extension,,pending_download,
